[
    {
        "reposts_count": 3,
        "uid": 3074018475,
        "bi_followers_count": 8,
        "text": "今天新闻被江苏教育刷屏了，先放下雷硕士，说说江苏高考吧，江苏的孩子早上五点起，晚上十二睡，满分470要考到410才能上北大清华，北京孩子满分710也是400多分上北大，北京是皇子皇孙天下？江苏是庶子吗？你们孩子享受英式教育，我们孩子只能承受悲情人生？ ​",
        "user_description": "如果给我权力,我幻想一个治下的民主,廉政圈·",
        "user_avatar": "https://tva4.sinaimg.cn/crop.0.0.996.996.50/b739ccabjw8f2rr6gydepj20ro0rogom.jpg?KID=imgbed,tva&Expires=1584956196&ssig=f%2FdNx5ypvn",
        "id": "3974801985273514",
        "city": "3",
        "province": "32",
        "friends_count": 275,
        "user_location": "江苏 徐州",
        "mid": "3974801985273514",
        "verified_reason": "",
        "attitudes_count": 6,
        "followers_count": 112,
        "verified_type": -1,
        "statuses_count": 2992,
        "parent": null,
        "verified": false,
        "geo": null,
        "user_created_at": 1351469755,
        "favourites_count": 48,
        "screen_name": "正能压邪你信吗",
        "gender": "m",
        "user_geo_enabled": true,
        "username": "正能压邪你信吗",
        "comments_count": 17,
        "t": 1463150104,
        "video_status_count": 0,
        "urank": 20,
        "user_ability": 2097152,
        "credit_score": 80
    },
    {
        "reposts_count": 0,
        "uid": 2329506273,
        "bi_followers_count": 12,
        "text": "回复@冷再生机械租赁:有人的地方必然有利益冲突，有利益冲突必然带来不公平，你无法改变这点",
        "user_description": "幸运❤️幸福 温柔常伴",
        "user_avatar": "https://tvax4.sinaimg.cn/crop.0.0.1536.1536.50/8ad971e1ly8frk0bq2f7ej216o16o4an.jpg?KID=imgbed,tva&Expires=1584956196&ssig=Ba4XbMgQ7I",
        "id": "4004880659981051",
        "city": "2",
        "province": "11",
        "friends_count": 87,
        "user_location": "北京 西城区",
        "mid": "4004880659981051",
        "verified_reason": "",
        "attitudes_count": 0,
        "followers_count": 18,
        "verified_type": -1,
        "statuses_count": 225,
        "parent": "3974801985273514",
        "verified": false,
        "geo": null,
        "user_created_at": 1314574260,
        "favourites_count": 29,
        "screen_name": "就叫一棵大树",
        "gender": "m",
        "user_geo_enabled": true,
        "username": "就叫一棵大树",
        "comments_count": 0,
        "t": 1470321418,
        "video_status_count": 0,
        "urank": 36,
        "user_ability": 3407872,
        "credit_score": 80
    },
    {
        "reposts_count": 0,
        "uid": 3074018475,
        "bi_followers_count": 8,
        "text": "回复@没有影子最爱mayuyu:我是中国人我有义务改变这种不公平，向不公平说不！如果影响到你个人利益，请谅解。",
        "user_description": "如果给我权力,我幻想一个治下的民主,廉政圈·",
        "user_avatar": "https://tva4.sinaimg.cn/crop.0.0.996.996.50/b739ccabjw8f2rr6gydepj20ro0rogom.jpg?KID=imgbed,tva&Expires=1584956196&ssig=f%2FdNx5ypvn",
        "id": "4004876712904988",
        "city": "3",
        "province": "32",
        "friends_count": 276,
        "user_location": "江苏 徐州",
        "mid": "4004876712904988",
        "verified_reason": "",
        "attitudes_count": 0,
        "followers_count": 111,
        "verified_type": -1,
        "statuses_count": 2992,
        "parent": "3974801985273514",
        "verified": false,
        "geo": null,
        "user_created_at": 1351469755,
        "favourites_count": 48,
        "screen_name": "正能压邪你信吗",
        "gender": "m",
        "user_geo_enabled": true,
        "username": "正能压邪你信吗",
        "comments_count": 0,
        "t": 1470320478,
        "video_status_count": 0,
        "urank": 20,
        "user_ability": 2097152,
        "credit_score": 80
    },
    {
        "reposts_count": 0,
        "uid": 2329506273,
        "bi_followers_count": 12,
        "text": "回复@冷再生机械租赁:你要觉得国外公平你可以移民啊，去体验体验国外有多公平",
        "user_description": "幸运❤️幸福 温柔常伴",
        "user_avatar": "https://tvax4.sinaimg.cn/crop.0.0.1536.1536.50/8ad971e1ly8frk0bq2f7ej216o16o4an.jpg?KID=imgbed,tva&Expires=1584956196&ssig=Ba4XbMgQ7I",
        "id": "4004872452004326",
        "city": "2",
        "province": "11",
        "friends_count": 87,
        "user_location": "北京 西城区",
        "mid": "4004872452004326",
        "verified_reason": "",
        "attitudes_count": 0,
        "followers_count": 18,
        "verified_type": -1,
        "statuses_count": 225,
        "parent": "3974801985273514",
        "verified": false,
        "geo": null,
        "user_created_at": 1314574260,
        "favourites_count": 29,
        "screen_name": "就叫一棵大树",
        "gender": "m",
        "user_geo_enabled": true,
        "username": "就叫一棵大树",
        "comments_count": 0,
        "t": 1470319462,
        "video_status_count": 0,
        "urank": 36,
        "user_ability": 3407872,
        "credit_score": 80
    },
    {
        "reposts_count": 0,
        "uid": 3074018475,
        "bi_followers_count": 8,
        "text": "回复@没有影子最爱mayuyu:如果没人发声，永远都不会公平，也许你是北京户口，但是不能因为自己沾上体制的光就忘掉整个国家的公平。社会整体公平才能和谐，不然中国永远会走在维稳的道路上！",
        "user_description": "如果给我权力,我幻想一个治下的民主,廉政圈·",
        "user_avatar": "https://tva4.sinaimg.cn/crop.0.0.996.996.50/b739ccabjw8f2rr6gydepj20ro0rogom.jpg?KID=imgbed,tva&Expires=1584956196&ssig=f%2FdNx5ypvn",
        "id": "4004870480444430",
        "city": "3",
        "province": "32",
        "friends_count": 276,
        "user_location": "江苏 徐州",
        "mid": "4004870480444430",
        "verified_reason": "",
        "attitudes_count": 0,
        "followers_count": 111,
        "verified_type": -1,
        "statuses_count": 2992,
        "parent": "3974801985273514",
        "verified": false,
        "geo": null,
        "user_created_at": 1351469755,
        "favourites_count": 48,
        "screen_name": "正能压邪你信吗",
        "gender": "m",
        "user_geo_enabled": true,
        "username": "正能压邪你信吗",
        "comments_count": 0,
        "t": 1470318992,
        "video_status_count": 0,
        "urank": 20,
        "user_ability": 2097152,
        "credit_score": 80
    },
    {
        "reposts_count": 0,
        "uid": 2329506273,
        "bi_followers_count": 12,
        "text": "回复@冷再生机械租赁:教育不公？这个世界没有公平，想要公平就自己创造去",
        "user_description": "幸运❤️幸福 温柔常伴",
        "user_avatar": "https://tvax4.sinaimg.cn/crop.0.0.1536.1536.50/8ad971e1ly8frk0bq2f7ej216o16o4an.jpg?KID=imgbed,tva&Expires=1584956196&ssig=Ba4XbMgQ7I",
        "id": "4004865103964836",
        "city": "2",
        "province": "11",
        "friends_count": 87,
        "user_location": "北京 西城区",
        "mid": "4004865103964836",
        "verified_reason": "",
        "attitudes_count": 0,
        "followers_count": 18,
        "verified_type": -1,
        "statuses_count": 225,
        "parent": "3974801985273514",
        "verified": false,
        "geo": null,
        "user_created_at": 1314574260,
        "favourites_count": 29,
        "screen_name": "就叫一棵大树",
        "gender": "m",
        "user_geo_enabled": true,
        "username": "就叫一棵大树",
        "comments_count": 0,
        "t": 1470317709,
        "video_status_count": 0,
        "urank": 36,
        "user_ability": 3407872,
        "credit_score": 80
    },
    {
        "reposts_count": 0,
        "uid": 3074018475,
        "bi_followers_count": 8,
        "text": "回复@没有影子最爱mayuyu:要关注问题实质是北京与江苏教育的不公，不是他妈的找次要矛盾骂人，注意自己教养！",
        "user_description": "如果给我权力,我幻想一个治下的民主,廉政圈·",
        "user_avatar": "https://tva4.sinaimg.cn/crop.0.0.996.996.50/b739ccabjw8f2rr6gydepj20ro0rogom.jpg?KID=imgbed,tva&Expires=1584956196&ssig=f%2FdNx5ypvn",
        "id": "4004845868082533",
        "city": "3",
        "province": "32",
        "friends_count": 276,
        "user_location": "江苏 徐州",
        "mid": "4004845868082533",
        "verified_reason": "",
        "attitudes_count": 0,
        "followers_count": 111,
        "verified_type": -1,
        "statuses_count": 2992,
        "parent": "3974801985273514",
        "verified": false,
        "geo": null,
        "user_created_at": 1351469755,
        "favourites_count": 48,
        "screen_name": "正能压邪你信吗",
        "gender": "m",
        "user_geo_enabled": true,
        "username": "正能压邪你信吗",
        "comments_count": 0,
        "t": 1470313124,
        "video_status_count": 0,
        "urank": 20,
        "user_ability": 2097152,
        "credit_score": 80
    },
    {
        "reposts_count": 0,
        "uid": 1786248413,
        "bi_followers_count": 112,
        "text": "笑死我了，总分710你考的是不是幼升小啊。",
        "user_description": "",
        "user_avatar": "https://tva3.sinaimg.cn/crop.0.0.180.180.50/6a77fcddjw1e8qgp5bmzyj2050050aa8.jpg?KID=imgbed,tva&Expires=1584956196&ssig=UK8%2Bcu%2FX0M",
        "id": "4004678330742276",
        "city": "5",
        "province": "11",
        "friends_count": 272,
        "user_location": "北京 朝阳区",
        "mid": "4004678330742276",
        "verified_reason": "",
        "attitudes_count": 0,
        "followers_count": 200,
        "verified_type": -1,
        "statuses_count": 244,
        "parent": "3974801985273514",
        "verified": false,
        "geo": null,
        "user_created_at": 1297949798,
        "favourites_count": 97,
        "screen_name": "齐心123",
        "gender": "m",
        "user_geo_enabled": true,
        "username": "齐心123",
        "comments_count": 0,
        "t": 1470273181,
        "video_status_count": 0,
        "urank": 31,
        "user_ability": 2098176,
        "credit_score": 80
    },
    {
        "reposts_count": 0,
        "uid": 2329506273,
        "bi_followers_count": 12,
        "text": "你他妈考个400上个清华北大我看看！！！",
        "user_description": "幸运❤️幸福 温柔常伴",
        "user_avatar": "https://tvax4.sinaimg.cn/crop.0.0.1536.1536.50/8ad971e1ly8frk0bq2f7ej216o16o4an.jpg?KID=imgbed,tva&Expires=1584956196&ssig=Ba4XbMgQ7I",
        "id": "4004659011639613",
        "city": "2",
        "province": "11",
        "friends_count": 87,
        "user_location": "北京 西城区",
        "mid": "4004659011639613",
        "verified_reason": "",
        "attitudes_count": 0,
        "followers_count": 18,
        "verified_type": -1,
        "statuses_count": 225,
        "parent": "3974801985273514",
        "verified": false,
        "geo": null,
        "user_created_at": 1314574260,
        "favourites_count": 29,
        "screen_name": "就叫一棵大树",
        "gender": "m",
        "user_geo_enabled": true,
        "username": "就叫一棵大树",
        "comments_count": 0,
        "t": 1470268574,
        "video_status_count": 0,
        "urank": 36,
        "user_ability": 3407872,
        "credit_score": 80
    },
    {
        "reposts_count": 0,
        "uid": 3074018475,
        "bi_followers_count": 8,
        "text": "回复@KO_18:看看凤凰网全国高考难易程度，北京是稳居第一，还好意思说？河南同北京一个天上一个地下。生在北京就优先吗？",
        "user_description": "如果给我权力,我幻想一个治下的民主,廉政圈·",
        "user_avatar": "https://tva4.sinaimg.cn/crop.0.0.996.996.50/b739ccabjw8f2rr6gydepj20ro0rogom.jpg?KID=imgbed,tva&Expires=1584956196&ssig=f%2FdNx5ypvn",
        "id": "3975514064497668",
        "city": "3",
        "province": "32",
        "friends_count": 276,
        "user_location": "江苏 徐州",
        "mid": "3975514064497668",
        "verified_reason": "",
        "attitudes_count": 0,
        "followers_count": 111,
        "verified_type": -1,
        "statuses_count": 2992,
        "parent": "3974801985273514",
        "verified": false,
        "geo": null,
        "user_created_at": 1351469755,
        "favourites_count": 48,
        "screen_name": "正能压邪你信吗",
        "gender": "m",
        "user_geo_enabled": true,
        "username": "正能压邪你信吗",
        "comments_count": 0,
        "t": 1463319877,
        "video_status_count": 0,
        "urank": 20,
        "user_ability": 2097152,
        "credit_score": 80
    },
    {
        "reposts_count": 0,
        "uid": 1599306782,
        "bi_followers_count": 6,
        "text": "不好意思...今年北京总分750清华北大最低录取线694...趁还没多少人删博吧...真的是好心建议←_←",
        "user_description": "",
        "user_avatar": "https://tvax1.sinaimg.cn/crop.0.0.512.512.50/5f537c1ely8gcun98goouj20e80e8juz.jpg?KID=imgbed,tva&Expires=1584956196&ssig=7OcdRLV37g",
        "id": "3975449955041421",
        "city": "8",
        "province": "11",
        "friends_count": 143,
        "user_location": "北京 海淀区",
        "mid": "3975449955041421",
        "verified_reason": "",
        "attitudes_count": 0,
        "followers_count": 122,
        "verified_type": -1,
        "statuses_count": 13079,
        "parent": "3974801985273514",
        "verified": false,
        "geo": null,
        "user_created_at": 1285157267,
        "favourites_count": 1615,
        "screen_name": "_以八_",
        "gender": "f",
        "user_geo_enabled": true,
        "username": "_以八_",
        "comments_count": 0,
        "t": 1463304592,
        "video_status_count": 0,
        "urank": 41,
        "user_ability": 2098176,
        "credit_score": 80
    },
    {
        "reposts_count": 0,
        "uid": 3923945175,
        "bi_followers_count": 49,
        "text": "在北京的清华北大拼700[微笑]",
        "user_description": "All will bow to the FirstOrder.We have the power not the Force|Slytherin| rødt og hvidt,ja,vi er dem fra dannevang|",
        "user_avatar": "https://tva1.sinaimg.cn/crop.0.0.996.996.50/e9e2a6d7jw8f6cxzcqnt5j20ro0rpwhs.jpg?KID=imgbed,tva&Expires=1584956196&ssig=KA9yqtPJMQ",
        "id": "3975195662885174",
        "city": "16",
        "province": "400",
        "friends_count": 171,
        "user_location": "海外 其他",
        "mid": "3975195662885174",
        "verified_reason": "",
        "attitudes_count": 0,
        "followers_count": 126,
        "verified_type": -1,
        "statuses_count": 3042,
        "parent": "3974801985273514",
        "verified": false,
        "geo": null,
        "user_created_at": 1385775742,
        "favourites_count": 22,
        "screen_name": "欲无独",
        "gender": "f",
        "user_geo_enabled": true,
        "username": "欲无独",
        "comments_count": 0,
        "t": 1463243964,
        "video_status_count": 0,
        "urank": 30,
        "user_ability": 2097152,
        "credit_score": 80
    },
    {
        "reposts_count": 0,
        "uid": 1688965277,
        "bi_followers_count": 114,
        "text": "先百度一下分数线再说话好吗",
        "user_description": "爱比讨厌更有力量",
        "user_avatar": "https://tvax2.sinaimg.cn/crop.0.0.512.512.50/64ab909dly8g7x2wnj66dj20e80e8jrl.jpg?KID=imgbed,tva&Expires=1584956196&ssig=HO7hrBiQyl",
        "id": "3975130454009917",
        "city": "1",
        "province": "11",
        "friends_count": 532,
        "user_location": "北京 东城区",
        "mid": "3975130454009917",
        "verified_reason": "",
        "attitudes_count": 0,
        "followers_count": 1319,
        "verified_type": -1,
        "statuses_count": 545,
        "parent": "3974801985273514",
        "verified": false,
        "geo": null,
        "user_created_at": 1265113787,
        "favourites_count": 304,
        "screen_name": "追风赶月_飞鸟",
        "gender": "f",
        "user_geo_enabled": true,
        "username": "追风赶月_飞鸟",
        "comments_count": 0,
        "t": 1463228417,
        "video_status_count": 0,
        "urank": 40,
        "user_ability": 3408896,
        "credit_score": 80
    },
    {
        "reposts_count": 0,
        "uid": 5020598176,
        "bi_followers_count": 55,
        "text": "在北京清北录取分数将近700 多看看书宝贝 这都能信你白上学了？",
        "user_description": "A团黄担/wimper/现役jk 间歇性痴汉刷屏 慎关",
        "user_avatar": "https://tva2.sinaimg.cn/crop.0.0.1242.1242.50/005tLUVWjw8fcjcs90x0jj30yi0yimz8.jpg?KID=imgbed,tva&Expires=1584956196&ssig=FuiDLBOCUh",
        "id": "3975112561251120",
        "city": "1000",
        "province": "11",
        "friends_count": 300,
        "user_location": "北京",
        "mid": "3975112561251120",
        "verified_reason": "",
        "attitudes_count": 0,
        "followers_count": 159,
        "verified_type": -1,
        "statuses_count": 1453,
        "parent": "3974801985273514",
        "verified": false,
        "geo": null,
        "user_created_at": 1391314909,
        "favourites_count": 12,
        "screen_name": "二宫和也的STK",
        "gender": "f",
        "user_geo_enabled": true,
        "username": "二宫和也的STK",
        "comments_count": 0,
        "t": 1463224151,
        "video_status_count": 0,
        "urank": 22,
        "user_ability": 2098176,
        "credit_score": 80
    },
    {
        "reposts_count": 0,
        "uid": 2096860804,
        "bi_followers_count": 43,
        "text": "还什么庶子？简直是包衣！",
        "user_description": "",
        "user_avatar": "https://tva2.sinaimg.cn/crop.0.0.180.180.50/7cfb8e84jw1e8qgp5bmzyj2050050aa8.jpg?KID=imgbed,tva&Expires=1584956196&ssig=4GerDIRp%2Fo",
        "id": "3974821950072374",
        "city": "1000",
        "province": "32",
        "friends_count": 206,
        "user_location": "江苏",
        "mid": "3974821950072374",
        "verified_reason": "",
        "attitudes_count": 0,
        "followers_count": 206,
        "verified_type": -1,
        "statuses_count": 1577,
        "parent": "3974801985273514",
        "verified": false,
        "geo": null,
        "user_created_at": 1309246823,
        "favourites_count": 19,
        "screen_name": "love阡陌君",
        "gender": "f",
        "user_geo_enabled": true,
        "username": "love阡陌君",
        "comments_count": 0,
        "t": 1463154864,
        "video_status_count": 0,
        "urank": 25,
        "user_ability": 2097152,
        "credit_score": 80
    }
]