[
    {
        "reposts_count": 2,
        "uid": 1648448894,
        "bi_followers_count": 295,
        "text": "我高中就想去中科大 毕业想去中国科学院工作 我愿意为科学奉献青春 为中华科技崛起而奋斗 听说北京400分就能上清华北大 我觉得中科大应该给我一个解释 我六百五也没能进得去 我貌美如花难道就要被人歧视吗 美若天仙就丧失科研的能力了吗 沉鱼落雁闭月羞花就说明在智商上低人一等吗 我不懂 ​",
        "user_description": "过把瘾就死",
        "user_avatar": "https://tvax1.sinaimg.cn/crop.0.0.751.751.50/6241557ely8g9vo3o3tscj20kv0kvgmk.jpg?KID=imgbed,tva&Expires=1584956195&ssig=PIHwWFkl4%2B",
        "id": "3974975314050222",
        "city": "1000",
        "province": "11",
        "friends_count": 719,
        "user_location": "北京",
        "mid": "3974975314050222",
        "verified_reason": "",
        "attitudes_count": 9,
        "followers_count": 2291,
        "verified_type": -1,
        "statuses_count": 5760,
        "parent": null,
        "verified": false,
        "geo": null,
        "user_created_at": 1286198041,
        "favourites_count": 214,
        "screen_name": "有沢绘里",
        "gender": "f",
        "user_geo_enabled": false,
        "username": "有沢绘里",
        "comments_count": 25,
        "t": 1463191430,
        "video_status_count": 0,
        "urank": 48,
        "user_ability": 10748928,
        "credit_score": 80
    },
    {
        "reposts_count": 0,
        "uid": 1648448894,
        "bi_followers_count": 295,
        "text": "没想到这条好几个月前的微博会有这么多人看到 对于大家造成误解 在这里我先说声不好意思 我自己也是北京人 我很理解大家的心情 很理解大家都来骂我 这条微博我本身意思是想反讽那些说400分就能上清北的人 可能表达的不太清楚 造成了误会 在这里向大家道歉",
        "user_description": "过把瘾就死",
        "user_avatar": "https://tvax1.sinaimg.cn/crop.0.0.751.751.50/6241557ely8g9vo3o3tscj20kv0kvgmk.jpg?KID=imgbed,tva&Expires=1584956195&ssig=PIHwWFkl4%2B",
        "id": "4004749038149412",
        "city": "1000",
        "province": "11",
        "friends_count": 718,
        "user_location": "北京",
        "mid": "4004749038149412",
        "verified_reason": "",
        "attitudes_count": 0,
        "followers_count": 2293,
        "verified_type": -1,
        "statuses_count": 5759,
        "parent": "3974975314050222",
        "verified": false,
        "geo": null,
        "user_created_at": 1286198041,
        "favourites_count": 214,
        "screen_name": "有沢绘里",
        "gender": "f",
        "user_geo_enabled": false,
        "username": "有沢绘里",
        "comments_count": 0,
        "t": 1470290038,
        "video_status_count": 0,
        "urank": 48,
        "user_ability": 10748928,
        "credit_score": 80
    },
    {
        "reposts_count": 0,
        "uid": 3252030271,
        "bi_followers_count": 62,
        "text": "回复@Mokkii:你已构成诽谤，诽谤我骂你。p.s认为：对于毫无杀伤力并且还可能反而给wdb帮忙的猪队友，我是一样的态度[拜拜][拜拜]",
        "user_description": "",
        "user_avatar": "https://tva3.sinaimg.cn/crop.0.0.664.664.50/c1d60b3fjw8fa60xk1a3pj20ig0ig0tv.jpg?KID=imgbed,tva&Expires=1584956195&ssig=id%2F03lTXJk",
        "id": "4004726716659042",
        "city": "1000",
        "province": "100",
        "friends_count": 142,
        "user_location": "其他",
        "mid": "4004726716659042",
        "verified_reason": "",
        "attitudes_count": 0,
        "followers_count": 181,
        "verified_type": -1,
        "statuses_count": 4621,
        "parent": "3974975314050222",
        "verified": false,
        "geo": null,
        "user_created_at": 1364290454,
        "favourites_count": 3,
        "screen_name": "更好北京",
        "gender": "m",
        "user_geo_enabled": false,
        "username": "更好北京",
        "comments_count": 0,
        "t": 1470284716,
        "video_status_count": 0,
        "urank": 21,
        "user_ability": 1024,
        "credit_score": 80
    },
    {
        "reposts_count": 0,
        "uid": 1648448894,
        "bi_followers_count": 295,
        "text": "回复@手机用户3252030271:你够行了吧 骂我有意思吗 本来就是你先曲解我意思的好吗",
        "user_description": "过把瘾就死",
        "user_avatar": "https://tvax1.sinaimg.cn/crop.0.0.751.751.50/6241557ely8g9vo3o3tscj20kv0kvgmk.jpg?KID=imgbed,tva&Expires=1584956195&ssig=PIHwWFkl4%2B",
        "id": "4004725642700563",
        "city": "1000",
        "province": "11",
        "friends_count": 718,
        "user_location": "北京",
        "mid": "4004725642700563",
        "verified_reason": "",
        "attitudes_count": 0,
        "followers_count": 2293,
        "verified_type": -1,
        "statuses_count": 5759,
        "parent": "3974975314050222",
        "verified": false,
        "geo": null,
        "user_created_at": 1286198041,
        "favourites_count": 214,
        "screen_name": "有沢绘里",
        "gender": "f",
        "user_geo_enabled": false,
        "username": "有沢绘里",
        "comments_count": 0,
        "t": 1470284459,
        "video_status_count": 0,
        "urank": 48,
        "user_ability": 10748928,
        "credit_score": 80
    },
    {
        "reposts_count": 0,
        "uid": 3252030271,
        "bi_followers_count": 62,
        "text": "回复@Mokkii:别叫我大哥，我嫌你IQ值不够。",
        "user_description": "",
        "user_avatar": "https://tva3.sinaimg.cn/crop.0.0.664.664.50/c1d60b3fjw8fa60xk1a3pj20ig0ig0tv.jpg?KID=imgbed,tva&Expires=1584956195&ssig=id%2F03lTXJk",
        "id": "4004725235685845",
        "city": "1000",
        "province": "100",
        "friends_count": 142,
        "user_location": "其他",
        "mid": "4004725235685845",
        "verified_reason": "",
        "attitudes_count": 0,
        "followers_count": 181,
        "verified_type": -1,
        "statuses_count": 4621,
        "parent": "3974975314050222",
        "verified": false,
        "geo": null,
        "user_created_at": 1364290454,
        "favourites_count": 3,
        "screen_name": "更好北京",
        "gender": "m",
        "user_geo_enabled": false,
        "username": "更好北京",
        "comments_count": 0,
        "t": 1470284363,
        "video_status_count": 0,
        "urank": 21,
        "user_ability": 1024,
        "credit_score": 80
    },
    {
        "reposts_count": 0,
        "uid": 1648448894,
        "bi_followers_count": 295,
        "text": "回复@手机用户3252030271:我北京的大哥",
        "user_description": "过把瘾就死",
        "user_avatar": "https://tvax1.sinaimg.cn/crop.0.0.751.751.50/6241557ely8g9vo3o3tscj20kv0kvgmk.jpg?KID=imgbed,tva&Expires=1584956195&ssig=PIHwWFkl4%2B",
        "id": "4004725068127974",
        "city": "1000",
        "province": "11",
        "friends_count": 718,
        "user_location": "北京",
        "mid": "4004725068127974",
        "verified_reason": "",
        "attitudes_count": 0,
        "followers_count": 2293,
        "verified_type": -1,
        "statuses_count": 5759,
        "parent": "3974975314050222",
        "verified": false,
        "geo": null,
        "user_created_at": 1286198041,
        "favourites_count": 214,
        "screen_name": "有沢绘里",
        "gender": "f",
        "user_geo_enabled": false,
        "username": "有沢绘里",
        "comments_count": 0,
        "t": 1470284323,
        "video_status_count": 0,
        "urank": 48,
        "user_ability": 10748928,
        "credit_score": 80
    },
    {
        "reposts_count": 0,
        "uid": 3252030271,
        "bi_followers_count": 62,
        "text": "回复@Mokkii:这么低就有优越感了，是因为在你们县能成状元了吧。在北京还差好几十分上不了北大呢，而且近年小屁孩的卷子简单多了。",
        "user_description": "",
        "user_avatar": "https://tva3.sinaimg.cn/crop.0.0.664.664.50/c1d60b3fjw8fa60xk1a3pj20ig0ig0tv.jpg?KID=imgbed,tva&Expires=1584956195&ssig=id%2F03lTXJk",
        "id": "4004724493262585",
        "city": "1000",
        "province": "100",
        "friends_count": 142,
        "user_location": "其他",
        "mid": "4004724493262585",
        "verified_reason": "",
        "attitudes_count": 0,
        "followers_count": 181,
        "verified_type": -1,
        "statuses_count": 4621,
        "parent": "3974975314050222",
        "verified": false,
        "geo": null,
        "user_created_at": 1364290454,
        "favourites_count": 3,
        "screen_name": "更好北京",
        "gender": "m",
        "user_geo_enabled": false,
        "username": "更好北京",
        "comments_count": 0,
        "t": 1470284185,
        "video_status_count": 0,
        "urank": 21,
        "user_ability": 1024,
        "credit_score": 80
    },
    {
        "reposts_count": 0,
        "uid": 1648448894,
        "bi_followers_count": 295,
        "text": "回复@黄鹤立937:你这智商连嘲讽都看不出来 我看你还是别说我了",
        "user_description": "过把瘾就死",
        "user_avatar": "https://tvax1.sinaimg.cn/crop.0.0.751.751.50/6241557ely8g9vo3o3tscj20kv0kvgmk.jpg?KID=imgbed,tva&Expires=1584956195&ssig=PIHwWFkl4%2B",
        "id": "4004695389479113",
        "city": "1000",
        "province": "11",
        "friends_count": 718,
        "user_location": "北京",
        "mid": "4004695389479113",
        "verified_reason": "",
        "attitudes_count": 0,
        "followers_count": 2293,
        "verified_type": -1,
        "statuses_count": 5759,
        "parent": "3974975314050222",
        "verified": false,
        "geo": null,
        "user_created_at": 1286198041,
        "favourites_count": 214,
        "screen_name": "有沢绘里",
        "gender": "f",
        "user_geo_enabled": false,
        "username": "有沢绘里",
        "comments_count": 0,
        "t": 1470277247,
        "video_status_count": 0,
        "urank": 48,
        "user_ability": 10748928,
        "credit_score": 80
    },
    {
        "reposts_count": 0,
        "uid": 1648448894,
        "bi_followers_count": 295,
        "text": "回复@手机用户3252030271:[doge]不跟你这种连反讽都看不出来的学渣说话 我高考644谢谢",
        "user_description": "过把瘾就死",
        "user_avatar": "https://tvax1.sinaimg.cn/crop.0.0.751.751.50/6241557ely8g9vo3o3tscj20kv0kvgmk.jpg?KID=imgbed,tva&Expires=1584956195&ssig=PIHwWFkl4%2B",
        "id": "4004693564486633",
        "city": "1000",
        "province": "11",
        "friends_count": 718,
        "user_location": "北京",
        "mid": "4004693564486633",
        "verified_reason": "",
        "attitudes_count": 0,
        "followers_count": 2293,
        "verified_type": -1,
        "statuses_count": 5759,
        "parent": "3974975314050222",
        "verified": false,
        "geo": null,
        "user_created_at": 1286198041,
        "favourites_count": 214,
        "screen_name": "有沢绘里",
        "gender": "f",
        "user_geo_enabled": false,
        "username": "有沢绘里",
        "comments_count": 0,
        "t": 1470276812,
        "video_status_count": 0,
        "urank": 48,
        "user_ability": 10748928,
        "credit_score": 80
    },
    {
        "reposts_count": 0,
        "uid": 1244661441,
        "bi_followers_count": 98,
        "text": "回复@天才少年田源畅:我擦我就顾着挨个举了，没细看，大水冲了龙王庙哈哈[嘻嘻]",
        "user_description": "Little By Little......",
        "user_avatar": "https://tva3.sinaimg.cn/crop.0.0.480.480.50/4a3006c1jw8eno5f07vqfj20dc0dcgml.jpg?KID=imgbed,tva&Expires=1584956195&ssig=Kz3JQoIhNW",
        "id": "4004689416161334",
        "city": "1000",
        "province": "11",
        "friends_count": 513,
        "user_location": "北京",
        "mid": "4004689416161334",
        "verified_reason": "",
        "attitudes_count": 0,
        "followers_count": 310,
        "verified_type": 220,
        "statuses_count": 7088,
        "parent": "3974975314050222",
        "verified": false,
        "geo": null,
        "user_created_at": 1289963822,
        "favourites_count": 1791,
        "screen_name": "雙手插兜1030",
        "gender": "m",
        "user_geo_enabled": true,
        "username": "雙手插兜1030",
        "comments_count": 0,
        "t": 1470275823,
        "video_status_count": 0,
        "urank": 40,
        "user_ability": 3145728,
        "credit_score": 80
    },
    {
        "reposts_count": 0,
        "uid": 3252030271,
        "bi_followers_count": 62,
        "text": "但是博主你在北京也考不上一本啊[挖鼻][挖鼻]你还梦想北大呢？外地试卷我做过，分数和排名也能考上比在北京更好的学校，现实外地学生能力也不过如此，吹牛吹大发了。所以你这种都是考400分的学渣才能说出来的话，因为你根本就没看几张卷子～",
        "user_description": "",
        "user_avatar": "https://tva3.sinaimg.cn/crop.0.0.664.664.50/c1d60b3fjw8fa60xk1a3pj20ig0ig0tv.jpg?KID=imgbed,tva&Expires=1584956195&ssig=id%2F03lTXJk",
        "id": "4004688409615106",
        "city": "1000",
        "province": "100",
        "friends_count": 142,
        "user_location": "其他",
        "mid": "4004688409615106",
        "verified_reason": "",
        "attitudes_count": 0,
        "followers_count": 181,
        "verified_type": -1,
        "statuses_count": 4621,
        "parent": "3974975314050222",
        "verified": false,
        "geo": null,
        "user_created_at": 1364290454,
        "favourites_count": 3,
        "screen_name": "更好北京",
        "gender": "m",
        "user_geo_enabled": false,
        "username": "更好北京",
        "comments_count": 0,
        "t": 1470275583,
        "video_status_count": 0,
        "urank": 21,
        "user_ability": 1024,
        "credit_score": 80
    },
    {
        "reposts_count": 0,
        "uid": 2009956163,
        "bi_followers_count": 87,
        "text": "回复@雙手插兜1030:你脑子带了吗？看不出来是反讽啊😪",
        "user_description": "业余篮球和佛系健身的专业美食爱好者",
        "user_avatar": "https://tvax1.sinaimg.cn/crop.0.0.1080.1080.50/77cd7f43ly8g5mz97dhopj20u00u0adr.jpg?KID=imgbed,tva&Expires=1584956195&ssig=NMtX2O94Ms",
        "id": "4004687991255510",
        "city": "1000",
        "province": "11",
        "friends_count": 286,
        "user_location": "北京",
        "mid": "4004687991255510",
        "verified_reason": "",
        "attitudes_count": 0,
        "followers_count": 544,
        "verified_type": -1,
        "statuses_count": 304,
        "parent": "3974975314050222",
        "verified": false,
        "geo": null,
        "user_created_at": 1299403602,
        "favourites_count": 5,
        "screen_name": "带带小阿畅",
        "gender": "m",
        "user_geo_enabled": true,
        "username": "带带小阿畅",
        "comments_count": 0,
        "t": 1470275482,
        "video_status_count": 0,
        "urank": 38,
        "user_ability": 3146752,
        "credit_score": 80
    },
    {
        "reposts_count": 0,
        "uid": 1244661441,
        "bi_followers_count": 98,
        "text": "回复@天才少年田源畅:脑子带了么？智商充值了么？",
        "user_description": "Little By Little......",
        "user_avatar": "https://tva3.sinaimg.cn/crop.0.0.480.480.50/4a3006c1jw8eno5f07vqfj20dc0dcgml.jpg?KID=imgbed,tva&Expires=1584956195&ssig=Kz3JQoIhNW",
        "id": "4004687608549482",
        "city": "1000",
        "province": "11",
        "friends_count": 513,
        "user_location": "北京",
        "mid": "4004687608549482",
        "verified_reason": "",
        "attitudes_count": 0,
        "followers_count": 310,
        "verified_type": 220,
        "statuses_count": 7088,
        "parent": "3974975314050222",
        "verified": false,
        "geo": null,
        "user_created_at": 1289963822,
        "favourites_count": 1791,
        "screen_name": "雙手插兜1030",
        "gender": "m",
        "user_geo_enabled": true,
        "username": "雙手插兜1030",
        "comments_count": 0,
        "t": 1470275391,
        "video_status_count": 0,
        "urank": 40,
        "user_ability": 3145728,
        "credit_score": 80
    },
    {
        "reposts_count": 0,
        "uid": 2840756541,
        "bi_followers_count": 65,
        "text": "回复@齐心123:大哥人家是在嘲讽😂",
        "user_description": "",
        "user_avatar": "https://tva4.sinaimg.cn/crop.0.0.512.512.50/a952813djw8f90g6a69hwj20e80e8wf5.jpg?KID=imgbed,tva&Expires=1584956195&ssig=mI8XK2m1QD",
        "id": "4004687327965220",
        "city": "6",
        "province": "11",
        "friends_count": 403,
        "user_location": "北京 丰台区",
        "mid": "4004687327965220",
        "verified_reason": "",
        "attitudes_count": 0,
        "followers_count": 193,
        "verified_type": -1,
        "statuses_count": 27,
        "parent": "3974975314050222",
        "verified": false,
        "geo": null,
        "user_created_at": 1345552719,
        "favourites_count": 16,
        "screen_name": "传无敌先生666",
        "gender": "m",
        "user_geo_enabled": true,
        "username": "传无敌先生666",
        "comments_count": 0,
        "t": 1470275325,
        "video_status_count": 0,
        "urank": 23,
        "user_ability": 2097152,
        "credit_score": 80
    },
    {
        "reposts_count": 0,
        "uid": 3428293032,
        "bi_followers_count": 0,
        "text": "你这智商就别搞科研了",
        "user_description": "",
        "user_avatar": "https://tvax1.sinaimg.cn/default/images/default_avatar_male_50.gif?KID=imgbed,tva&Expires=1584956195&ssig=Tg4Q05a4eC",
        "id": "4004668805559917",
        "city": "1000",
        "province": "100",
        "friends_count": 86,
        "user_location": "其他",
        "mid": "4004668805559917",
        "verified_reason": "",
        "attitudes_count": 0,
        "followers_count": 9,
        "verified_type": -1,
        "statuses_count": 916,
        "parent": "3974975314050222",
        "verified": false,
        "geo": null,
        "user_created_at": 1376922904,
        "favourites_count": 0,
        "screen_name": "黄鹤立937",
        "gender": "m",
        "user_geo_enabled": true,
        "username": "黄鹤立937",
        "comments_count": 0,
        "t": 1470270909,
        "video_status_count": 0,
        "urank": 4,
        "user_ability": 0,
        "credit_score": 80
    },
    {
        "reposts_count": 0,
        "uid": 1648448894,
        "bi_followers_count": 295,
        "text": "Reply@天才少年田源畅:哈哈哈哈哈哈哈哈哈哈哈哈哈哈哈哈哈[害羞]",
        "user_description": "过把瘾就死",
        "user_avatar": "https://tvax1.sinaimg.cn/crop.0.0.751.751.50/6241557ely8g9vo3o3tscj20kv0kvgmk.jpg?KID=imgbed,tva&Expires=1584956195&ssig=PIHwWFkl4%2B",
        "id": "3975070445322452",
        "city": "1000",
        "province": "11",
        "friends_count": 718,
        "user_location": "北京",
        "mid": "3975070445322452",
        "verified_reason": "",
        "attitudes_count": 0,
        "followers_count": 2293,
        "verified_type": -1,
        "statuses_count": 5759,
        "parent": "3974975314050222",
        "verified": false,
        "geo": null,
        "user_created_at": 1286198041,
        "favourites_count": 214,
        "screen_name": "有沢绘里",
        "gender": "f",
        "user_geo_enabled": false,
        "username": "有沢绘里",
        "comments_count": 0,
        "t": 1463214110,
        "video_status_count": 0,
        "urank": 48,
        "user_ability": 10748928,
        "credit_score": 80
    },
    {
        "reposts_count": 0,
        "uid": 2009956163,
        "bi_followers_count": 87,
        "text": "回复@Mokkii:@神经病医院",
        "user_description": "业余篮球和佛系健身的专业美食爱好者",
        "user_avatar": "https://tvax1.sinaimg.cn/crop.0.0.1080.1080.50/77cd7f43ly8g5mz97dhopj20u00u0adr.jpg?KID=imgbed,tva&Expires=1584956195&ssig=NMtX2O94Ms",
        "id": "3975070323938785",
        "city": "1000",
        "province": "11",
        "friends_count": 286,
        "user_location": "北京",
        "mid": "3975070323938785",
        "verified_reason": "",
        "attitudes_count": 0,
        "followers_count": 544,
        "verified_type": -1,
        "statuses_count": 304,
        "parent": "3974975314050222",
        "verified": false,
        "geo": null,
        "user_created_at": 1299403602,
        "favourites_count": 5,
        "screen_name": "带带小阿畅",
        "gender": "m",
        "user_geo_enabled": true,
        "username": "带带小阿畅",
        "comments_count": 0,
        "t": 1463214081,
        "video_status_count": 0,
        "urank": 38,
        "user_ability": 3146752,
        "credit_score": 80
    },
    {
        "reposts_count": 0,
        "uid": 1648448894,
        "bi_followers_count": 295,
        "text": "Reply@天才少年田源畅:清华北大太垃圾了 我自学都比上学强",
        "user_description": "过把瘾就死",
        "user_avatar": "https://tvax1.sinaimg.cn/crop.0.0.751.751.50/6241557ely8g9vo3o3tscj20kv0kvgmk.jpg?KID=imgbed,tva&Expires=1584956195&ssig=PIHwWFkl4%2B",
        "id": "3975070000493467",
        "city": "1000",
        "province": "11",
        "friends_count": 718,
        "user_location": "北京",
        "mid": "3975070000493467",
        "verified_reason": "",
        "attitudes_count": 0,
        "followers_count": 2293,
        "verified_type": -1,
        "statuses_count": 5759,
        "parent": "3974975314050222",
        "verified": false,
        "geo": null,
        "user_created_at": 1286198041,
        "favourites_count": 214,
        "screen_name": "有沢绘里",
        "gender": "f",
        "user_geo_enabled": false,
        "username": "有沢绘里",
        "comments_count": 0,
        "t": 1463214004,
        "video_status_count": 0,
        "urank": 48,
        "user_ability": 10748928,
        "credit_score": 80
    },
    {
        "reposts_count": 0,
        "uid": 2009956163,
        "bi_followers_count": 87,
        "text": "[怒]北京考生   你们明明400分就能上清华北大   还跟微博这儿哭穷！",
        "user_description": "业余篮球和佛系健身的专业美食爱好者",
        "user_avatar": "https://tvax1.sinaimg.cn/crop.0.0.1080.1080.50/77cd7f43ly8g5mz97dhopj20u00u0adr.jpg?KID=imgbed,tva&Expires=1584956195&ssig=NMtX2O94Ms",
        "id": "3975069682019146",
        "city": "1000",
        "province": "11",
        "friends_count": 286,
        "user_location": "北京",
        "mid": "3975069682019146",
        "verified_reason": "",
        "attitudes_count": 0,
        "followers_count": 544,
        "verified_type": -1,
        "statuses_count": 304,
        "parent": "3974975314050222",
        "verified": false,
        "geo": null,
        "user_created_at": 1299403602,
        "favourites_count": 5,
        "screen_name": "带带小阿畅",
        "gender": "m",
        "user_geo_enabled": true,
        "username": "带带小阿畅",
        "comments_count": 0,
        "t": 1463213928,
        "video_status_count": 0,
        "urank": 38,
        "user_ability": 3146752,
        "credit_score": 80
    },
    {
        "reposts_count": 0,
        "uid": 1648448894,
        "bi_followers_count": 295,
        "text": "回复@青芜z:哈哈哈哈哈哈懂你啦 我也是这样 好像大家都觉得北京孩子考大学很容易 其实咱们付出的并不少 么么哒～[爱你][爱你]",
        "user_description": "过把瘾就死",
        "user_avatar": "https://tvax1.sinaimg.cn/crop.0.0.751.751.50/6241557ely8g9vo3o3tscj20kv0kvgmk.jpg?KID=imgbed,tva&Expires=1584956195&ssig=PIHwWFkl4%2B",
        "id": "3975004037200740",
        "city": "1000",
        "province": "11",
        "friends_count": 718,
        "user_location": "北京",
        "mid": "3975004037200740",
        "verified_reason": "",
        "attitudes_count": 0,
        "followers_count": 2293,
        "verified_type": -1,
        "statuses_count": 5759,
        "parent": "3974975314050222",
        "verified": false,
        "geo": null,
        "user_created_at": 1286198041,
        "favourites_count": 214,
        "screen_name": "有沢绘里",
        "gender": "f",
        "user_geo_enabled": false,
        "username": "有沢绘里",
        "comments_count": 0,
        "t": 1463198277,
        "video_status_count": 0,
        "urank": 48,
        "user_ability": 10748928,
        "credit_score": 80
    },
    {
        "reposts_count": 0,
        "uid": 1669401345,
        "bi_followers_count": 190,
        "text": "回复@Mokkii:😂啊抱歉  最近这些看多了  只要看到有人说我就回复了没仔细看  么么哒   不是想说你的  [泪]只是气不过别人说北京罢了",
        "user_description": "",
        "user_avatar": "https://tvax3.sinaimg.cn/crop.0.0.996.996.50/63810b01ly8g7rpqfewpjj20ro0roabd.jpg?KID=imgbed,tva&Expires=1584956195&ssig=8vmpwSxuoi",
        "id": "3974997087073797",
        "city": "1000",
        "province": "100",
        "friends_count": 570,
        "user_location": "其他",
        "mid": "3974997087073797",
        "verified_reason": "",
        "attitudes_count": 0,
        "followers_count": 1066,
        "verified_type": 220,
        "statuses_count": 583,
        "parent": "3974975314050222",
        "verified": false,
        "geo": null,
        "user_created_at": 1260603377,
        "favourites_count": 1684,
        "screen_name": "_林时",
        "gender": "f",
        "user_geo_enabled": true,
        "username": "_林时",
        "comments_count": 0,
        "t": 1463196620,
        "video_status_count": 0,
        "urank": 40,
        "user_ability": 3146752,
        "credit_score": 80
    },
    {
        "reposts_count": 0,
        "uid": 1648448894,
        "bi_followers_count": 295,
        "text": "回复@青芜z:我就北京的我能不知道？？[doge]",
        "user_description": "过把瘾就死",
        "user_avatar": "https://tvax1.sinaimg.cn/crop.0.0.751.751.50/6241557ely8g9vo3o3tscj20kv0kvgmk.jpg?KID=imgbed,tva&Expires=1584956195&ssig=PIHwWFkl4%2B",
        "id": "3974991693305570",
        "city": "1000",
        "province": "11",
        "friends_count": 718,
        "user_location": "北京",
        "mid": "3974991693305570",
        "verified_reason": "",
        "attitudes_count": 0,
        "followers_count": 2293,
        "verified_type": -1,
        "statuses_count": 5759,
        "parent": "3974975314050222",
        "verified": false,
        "geo": null,
        "user_created_at": 1286198041,
        "favourites_count": 214,
        "screen_name": "有沢绘里",
        "gender": "f",
        "user_geo_enabled": false,
        "username": "有沢绘里",
        "comments_count": 0,
        "t": 1463195334,
        "video_status_count": 0,
        "urank": 48,
        "user_ability": 10748928,
        "credit_score": 80
    },
    {
        "reposts_count": 0,
        "uid": 1648448894,
        "bi_followers_count": 295,
        "text": "回复@青芜z:没看出来我这是开玩笑在嘲讽那篇微信公众号写的文章吗......？",
        "user_description": "过把瘾就死",
        "user_avatar": "https://tvax1.sinaimg.cn/crop.0.0.751.751.50/6241557ely8g9vo3o3tscj20kv0kvgmk.jpg?KID=imgbed,tva&Expires=1584956195&ssig=PIHwWFkl4%2B",
        "id": "3974991487322260",
        "city": "1000",
        "province": "11",
        "friends_count": 718,
        "user_location": "北京",
        "mid": "3974991487322260",
        "verified_reason": "",
        "attitudes_count": 0,
        "followers_count": 2293,
        "verified_type": -1,
        "statuses_count": 5759,
        "parent": "3974975314050222",
        "verified": false,
        "geo": null,
        "user_created_at": 1286198041,
        "favourites_count": 214,
        "screen_name": "有沢绘里",
        "gender": "f",
        "user_geo_enabled": false,
        "username": "有沢绘里",
        "comments_count": 0,
        "t": 1463195286,
        "video_status_count": 0,
        "urank": 48,
        "user_ability": 10748928,
        "credit_score": 80
    },
    {
        "reposts_count": 0,
        "uid": 1669401345,
        "bi_followers_count": 190,
        "text": "能听说北京400分上清北而自己都不肯动手去查查分数线的人也没资格抱怨吧",
        "user_description": "",
        "user_avatar": "https://tvax3.sinaimg.cn/crop.0.0.996.996.50/63810b01ly8g7rpqfewpjj20ro0roabd.jpg?KID=imgbed,tva&Expires=1584956195&ssig=8vmpwSxuoi",
        "id": "3974988031786650",
        "city": "1000",
        "province": "100",
        "friends_count": 570,
        "user_location": "其他",
        "mid": "3974988031786650",
        "verified_reason": "",
        "attitudes_count": 0,
        "followers_count": 1066,
        "verified_type": 220,
        "statuses_count": 583,
        "parent": "3974975314050222",
        "verified": false,
        "geo": null,
        "user_created_at": 1260603377,
        "favourites_count": 1684,
        "screen_name": "_林时",
        "gender": "f",
        "user_geo_enabled": true,
        "username": "_林时",
        "comments_count": 0,
        "t": 1463194461,
        "video_status_count": 0,
        "urank": 40,
        "user_ability": 3146752,
        "credit_score": 80
    }
]