[
    {
        "reposts_count": 1,
        "uid": 2454691303,
        "bi_followers_count": 13,
        "text": "这种中国地方主义太多，比如北京人考北京大学400分招收，你广东人考520分北京大学也不收你，这北京看不起广东就像日本看不起恒大，这城里得看不起乡里的。这上海的大学就算你考多100分也不收你，广东一年收了多个清华北大的学生，每个地方的都优先录取本地人，何必呢？人人都靠关系，无语。[拜拜] ​",
        "user_description": "年少无知太仓促，和你走上不归路。",
        "user_avatar": "https://tvax4.sinaimg.cn/crop.0.0.1080.1080.50/924f9de7ly8gco3n2srloj20u00u077e.jpg?KID=imgbed,tva&Expires=1584956197&ssig=KTA8BWMfaj",
        "id": "3980605261747828",
        "city": "1000",
        "province": "100",
        "friends_count": 44,
        "user_location": "其他",
        "mid": "3980605261747828",
        "verified_reason": "",
        "attitudes_count": 0,
        "followers_count": 616,
        "verified_type": -1,
        "statuses_count": 1737,
        "parent": null,
        "verified": false,
        "geo": null,
        "user_created_at": 1320798495,
        "favourites_count": 0,
        "screen_name": "老年人的26岁",
        "gender": "f",
        "user_geo_enabled": true,
        "username": "老年人的26岁",
        "comments_count": 11,
        "t": 1464533713,
        "video_status_count": 0,
        "urank": 35,
        "user_ability": 2359296,
        "credit_score": 80
    },
    {
        "reposts_count": 0,
        "uid": 2454691303,
        "bi_followers_count": 13,
        "text": "回复@不回原座不改名:你等着我翻字典给你解释，",
        "user_description": "年少无知太仓促，和你走上不归路。",
        "user_avatar": "https://tvax4.sinaimg.cn/crop.0.0.1080.1080.50/924f9de7ly8gco3n2srloj20u00u077e.jpg?KID=imgbed,tva&Expires=1584956197&ssig=KTA8BWMfaj",
        "id": "4005244360479514",
        "city": "1000",
        "province": "100",
        "friends_count": 40,
        "user_location": "其他",
        "mid": "4005244360479514",
        "verified_reason": "",
        "attitudes_count": 0,
        "followers_count": 617,
        "verified_type": -1,
        "statuses_count": 1734,
        "parent": "3980605261747828",
        "verified": false,
        "geo": null,
        "user_created_at": 1320798495,
        "favourites_count": 0,
        "screen_name": "老年人的26岁",
        "gender": "f",
        "user_geo_enabled": true,
        "username": "老年人的26岁",
        "comments_count": 0,
        "t": 1470408132,
        "video_status_count": 0,
        "urank": 35,
        "user_ability": 2359296,
        "credit_score": 80
    },
    {
        "reposts_count": 0,
        "uid": 5453664626,
        "bi_followers_count": 39,
        "text": "回复@社会老腊肉:比如的前提不是真实么，你举例子要求真实的例子",
        "user_description": "",
        "user_avatar": "https://tva4.sinaimg.cn/crop.0.0.664.664.50/005X51iGjw8f6ulhkh3oyj30ig0ig0u9.jpg?KID=imgbed,tva&Expires=1584956197&ssig=2hYzObq7o2",
        "id": "4004995802596399",
        "city": "7",
        "province": "11",
        "friends_count": 272,
        "user_location": "北京 石景山区",
        "mid": "4004995802596399",
        "verified_reason": "",
        "attitudes_count": 0,
        "followers_count": 91,
        "verified_type": -1,
        "statuses_count": 22,
        "parent": "3980605261747828",
        "verified": false,
        "geo": null,
        "user_created_at": 1419847664,
        "favourites_count": 27,
        "screen_name": "不回原座不改名",
        "gender": "m",
        "user_geo_enabled": true,
        "username": "不回原座不改名",
        "comments_count": 0,
        "t": 1470348871,
        "video_status_count": 0,
        "urank": 15,
        "user_ability": 1024,
        "credit_score": 80
    },
    {
        "reposts_count": 0,
        "uid": 2454691303,
        "bi_followers_count": 13,
        "text": "回复@不回原座不改名:我是比如的意思好吗",
        "user_description": "年少无知太仓促，和你走上不归路。",
        "user_avatar": "https://tvax4.sinaimg.cn/crop.0.0.1080.1080.50/924f9de7ly8gco3n2srloj20u00u077e.jpg?KID=imgbed,tva&Expires=1584956197&ssig=KTA8BWMfaj",
        "id": "4004898217840964",
        "city": "1000",
        "province": "100",
        "friends_count": 40,
        "user_location": "其他",
        "mid": "4004898217840964",
        "verified_reason": "",
        "attitudes_count": 0,
        "followers_count": 617,
        "verified_type": -1,
        "statuses_count": 1734,
        "parent": "3980605261747828",
        "verified": false,
        "geo": null,
        "user_created_at": 1320798495,
        "favourites_count": 0,
        "screen_name": "老年人的26岁",
        "gender": "f",
        "user_geo_enabled": true,
        "username": "老年人的26岁",
        "comments_count": 0,
        "t": 1470325605,
        "video_status_count": 0,
        "urank": 35,
        "user_ability": 2359296,
        "credit_score": 80
    },
    {
        "reposts_count": 0,
        "uid": 5453664626,
        "bi_followers_count": 39,
        "text": "回复@社会老腊肉:你先吧400分的事儿给我说清楚",
        "user_description": "",
        "user_avatar": "https://tva4.sinaimg.cn/crop.0.0.664.664.50/005X51iGjw8f6ulhkh3oyj30ig0ig0u9.jpg?KID=imgbed,tva&Expires=1584956197&ssig=2hYzObq7o2",
        "id": "4004814428289380",
        "city": "7",
        "province": "11",
        "friends_count": 272,
        "user_location": "北京 石景山区",
        "mid": "4004814428289380",
        "verified_reason": "",
        "attitudes_count": 0,
        "followers_count": 91,
        "verified_type": -1,
        "statuses_count": 22,
        "parent": "3980605261747828",
        "verified": false,
        "geo": null,
        "user_created_at": 1419847664,
        "favourites_count": 27,
        "screen_name": "不回原座不改名",
        "gender": "m",
        "user_geo_enabled": true,
        "username": "不回原座不改名",
        "comments_count": 0,
        "t": 1470305627,
        "video_status_count": 0,
        "urank": 15,
        "user_ability": 1024,
        "credit_score": 80
    },
    {
        "reposts_count": 0,
        "uid": 2454691303,
        "bi_followers_count": 13,
        "text": "回复@嚯我才是圆球儿小公举:你他妈嘴巴干净一点",
        "user_description": "年少无知太仓促，和你走上不归路。",
        "user_avatar": "https://tvax4.sinaimg.cn/crop.0.0.1080.1080.50/924f9de7ly8gco3n2srloj20u00u077e.jpg?KID=imgbed,tva&Expires=1584956197&ssig=KTA8BWMfaj",
        "id": "4004811840042147",
        "city": "1000",
        "province": "100",
        "friends_count": 40,
        "user_location": "其他",
        "mid": "4004811840042147",
        "verified_reason": "",
        "attitudes_count": 0,
        "followers_count": 617,
        "verified_type": -1,
        "statuses_count": 1734,
        "parent": "3980605261747828",
        "verified": false,
        "geo": null,
        "user_created_at": 1320798495,
        "favourites_count": 0,
        "screen_name": "老年人的26岁",
        "gender": "f",
        "user_geo_enabled": true,
        "username": "老年人的26岁",
        "comments_count": 0,
        "t": 1470305011,
        "video_status_count": 0,
        "urank": 35,
        "user_ability": 2359296,
        "credit_score": 80
    },
    {
        "reposts_count": 0,
        "uid": 2454691303,
        "bi_followers_count": 13,
        "text": "回复@不回原座不改名:我是说例如，你敢说北京不是优先北京考生[拜拜]",
        "user_description": "年少无知太仓促，和你走上不归路。",
        "user_avatar": "https://tvax4.sinaimg.cn/crop.0.0.1080.1080.50/924f9de7ly8gco3n2srloj20u00u077e.jpg?KID=imgbed,tva&Expires=1584956197&ssig=KTA8BWMfaj",
        "id": "4004811383226567",
        "city": "1000",
        "province": "100",
        "friends_count": 40,
        "user_location": "其他",
        "mid": "4004811383226567",
        "verified_reason": "",
        "attitudes_count": 0,
        "followers_count": 617,
        "verified_type": -1,
        "statuses_count": 1734,
        "parent": "3980605261747828",
        "verified": false,
        "geo": null,
        "user_created_at": 1320798495,
        "favourites_count": 0,
        "screen_name": "老年人的26岁",
        "gender": "f",
        "user_geo_enabled": true,
        "username": "老年人的26岁",
        "comments_count": 0,
        "t": 1470304902,
        "video_status_count": 0,
        "urank": 35,
        "user_ability": 2359296,
        "credit_score": 80
    },
    {
        "reposts_count": 0,
        "uid": 2454691303,
        "bi_followers_count": 13,
        "text": "我是说例如。",
        "user_description": "年少无知太仓促，和你走上不归路。",
        "user_avatar": "https://tvax4.sinaimg.cn/crop.0.0.1080.1080.50/924f9de7ly8gco3n2srloj20u00u077e.jpg?KID=imgbed,tva&Expires=1584956197&ssig=KTA8BWMfaj",
        "id": "4004811156309199",
        "city": "1000",
        "province": "100",
        "friends_count": 40,
        "user_location": "其他",
        "mid": "4004811156309199",
        "verified_reason": "",
        "attitudes_count": 0,
        "followers_count": 617,
        "verified_type": -1,
        "statuses_count": 1734,
        "parent": "3980605261747828",
        "verified": false,
        "geo": null,
        "user_created_at": 1320798495,
        "favourites_count": 0,
        "screen_name": "老年人的26岁",
        "gender": "f",
        "user_geo_enabled": true,
        "username": "老年人的26岁",
        "comments_count": 0,
        "t": 1470304848,
        "video_status_count": 0,
        "urank": 35,
        "user_ability": 2359296,
        "credit_score": 80
    },
    {
        "reposts_count": 0,
        "uid": 5453664626,
        "bi_followers_count": 39,
        "text": "你要是能找着400 分上清华北大的，那你再来说这话，脑子是个好东西，真希望所有人都有",
        "user_description": "",
        "user_avatar": "https://tva4.sinaimg.cn/crop.0.0.664.664.50/005X51iGjw8f6ulhkh3oyj30ig0ig0u9.jpg?KID=imgbed,tva&Expires=1584956197&ssig=2hYzObq7o2",
        "id": "4004673549573638",
        "city": "7",
        "province": "11",
        "friends_count": 272,
        "user_location": "北京 石景山区",
        "mid": "4004673549573638",
        "verified_reason": "",
        "attitudes_count": 0,
        "followers_count": 91,
        "verified_type": -1,
        "statuses_count": 22,
        "parent": "3980605261747828",
        "verified": false,
        "geo": null,
        "user_created_at": 1419847664,
        "favourites_count": 27,
        "screen_name": "不回原座不改名",
        "gender": "m",
        "user_geo_enabled": true,
        "username": "不回原座不改名",
        "comments_count": 0,
        "t": 1470272039,
        "video_status_count": 0,
        "urank": 15,
        "user_ability": 1024,
        "credit_score": 80
    },
    {
        "reposts_count": 0,
        "uid": 2272646005,
        "bi_followers_count": 141,
        "text": "你给我找一个去",
        "user_description": "",
        "user_avatar": "https://tvax4.sinaimg.cn/crop.0.0.512.512.50/8775d375ly8fe0kjlzx98j20e80e874k.jpg?KID=imgbed,tva&Expires=1584956197&ssig=zuyCGdB9q8",
        "id": "4004661873266481",
        "city": "1000",
        "province": "11",
        "friends_count": 874,
        "user_location": "北京",
        "mid": "4004661873266481",
        "verified_reason": "",
        "attitudes_count": 0,
        "followers_count": 286,
        "verified_type": -1,
        "statuses_count": 736,
        "parent": "3980605261747828",
        "verified": false,
        "geo": null,
        "user_created_at": 1311777866,
        "favourites_count": 24,
        "screen_name": "等待轮回的我",
        "gender": "m",
        "user_geo_enabled": true,
        "username": "等待轮回的我",
        "comments_count": 0,
        "t": 1470269256,
        "video_status_count": 0,
        "urank": 26,
        "user_ability": 0,
        "credit_score": 79
    },
    {
        "reposts_count": 0,
        "uid": 2880482872,
        "bi_followers_count": 378,
        "text": "你他妈也就一块儿老腊肉吧[喵喵]",
        "user_description": "🍒北京南城妞儿 北京是我家✌🏻",
        "user_avatar": "https://tvax1.sinaimg.cn/crop.0.0.512.512.50/abb0ae38ly8gcvj2qaberj20e80e8gmz.jpg?KID=imgbed,tva&Expires=1584956197&ssig=HKh5xYpnFv",
        "id": "4004648626591378",
        "city": "1000",
        "province": "11",
        "friends_count": 735,
        "user_location": "北京",
        "mid": "4004648626591378",
        "verified_reason": "时尚美妆视频自媒体",
        "attitudes_count": 0,
        "followers_count": 2335,
        "verified_type": 0,
        "statuses_count": 6900,
        "parent": "3980605261747828",
        "verified": true,
        "geo": null,
        "user_created_at": 1343220327,
        "favourites_count": 32,
        "screen_name": "我是一枚皮卡球儿",
        "gender": "f",
        "user_geo_enabled": true,
        "username": "我是一枚皮卡球儿",
        "comments_count": 0,
        "t": 1470266099,
        "video_status_count": 0,
        "urank": 43,
        "user_ability": 2360320,
        "credit_score": 80
    },
    {
        "reposts_count": 0,
        "uid": 2454691303,
        "bi_followers_count": 13,
        "text": "说好的实力大于一切。",
        "user_description": "年少无知太仓促，和你走上不归路。",
        "user_avatar": "https://tvax4.sinaimg.cn/crop.0.0.1080.1080.50/924f9de7ly8gco3n2srloj20u00u077e.jpg?KID=imgbed,tva&Expires=1584956197&ssig=KTA8BWMfaj",
        "id": "3980605651520123",
        "city": "1000",
        "province": "100",
        "friends_count": 40,
        "user_location": "其他",
        "mid": "3980605651520123",
        "verified_reason": "",
        "attitudes_count": 0,
        "followers_count": 617,
        "verified_type": -1,
        "statuses_count": 1734,
        "parent": "3980605261747828",
        "verified": false,
        "geo": null,
        "user_created_at": 1320798495,
        "favourites_count": 0,
        "screen_name": "老年人的26岁",
        "gender": "f",
        "user_geo_enabled": true,
        "username": "老年人的26岁",
        "comments_count": 0,
        "t": 1464533806,
        "video_status_count": 0,
        "urank": 35,
        "user_ability": 2359296,
        "credit_score": 80
    }
]