[
    {
        "reposts_count": 1,
        "uid": 5863614301,
        "bi_followers_count": 0,
        "text": "贵州省务川县：昨天下午3点5分，一女性感染SB250病毒死亡，年龄19岁，在县医院参与抢救的医生已经被隔离，据悉此女是在菜市场买猪肉回家吃后发觉呕吐头晕送院，务川电视新闻已播出，暂时别吃猪肉，因务川有88个养猪场已感染。收到马上发给你关心的人，最好群发 ​",
        "user_description": "春暖花开",
        "user_avatar": "https://tva4.sinaimg.cn/crop.0.0.664.664.50/006oP7Wdjw8f16rmwtvj1j30ig0igwfh.jpg?KID=imgbed,tva&Expires=1584956202&ssig=KGs3V9bQp%2F",
        "id": "3986335704758627",
        "city": "1000",
        "province": "50",
        "friends_count": 58,
        "user_location": "重庆",
        "mid": "3986335704758627",
        "verified_reason": "",
        "attitudes_count": 0,
        "followers_count": 1,
        "verified_type": -1,
        "statuses_count": 39,
        "parent": null,
        "verified": false,
        "geo": null,
        "user_created_at": 1455882396,
        "favourites_count": 0,
        "screen_name": "蝴蝶记忆短",
        "gender": "m",
        "user_geo_enabled": true,
        "username": "蝴蝶记忆短",
        "comments_count": 3,
        "t": 1465899956,
        "video_status_count": 0,
        "urank": 4,
        "user_ability": 0,
        "credit_score": 80
    },
    {
        "reposts_count": 0,
        "uid": 5657719058,
        "bi_followers_count": 303,
        "text": "http://t.cn/R5XJFbx",
        "user_description": "遵义市青年文明号创建单位",
        "user_avatar": "https://tvax4.sinaimg.cn/crop.153.61.488.488.50/006aTdbcly8g5leo9utmaj30mr0of4a9.jpg?KID=imgbed,tva&Expires=1584956202&ssig=u0sxBg7%2FOa",
        "id": "3986566718751078",
        "city": "3",
        "province": "52",
        "friends_count": 1003,
        "user_location": "贵州 遵义",
        "mid": "3986566718751078",
        "verified_reason": "遵义市公安局网络安全保卫支队",
        "attitudes_count": 0,
        "followers_count": 26586,
        "verified_type": 1,
        "statuses_count": 4171,
        "parent": "3986335704758627",
        "verified": true,
        "geo": null,
        "user_created_at": 1437446315,
        "favourites_count": 9,
        "screen_name": "遵义网警巡查执法",
        "gender": "m",
        "user_geo_enabled": true,
        "username": "遵义网警巡查执法",
        "comments_count": 0,
        "t": 1465955035,
        "video_status_count": 0,
        "urank": 32,
        "user_ability": 10748936,
        "credit_score": 80
    },
    {
        "reposts_count": 0,
        "uid": 5657719058,
        "bi_followers_count": 303,
        "text": "根据刑法第二百九十一条，编造虚假的险情、疫情、灾情、警情，在信息网络或者其他媒体上传播，或者明知是上述虚假信息，故意在信息网络或者其他媒体上传播，严重扰乱社会秩序的，处3年以下有期徒刑、拘役或者管制；造成严重后果的，处3年以上7年以下有期徒刑。  请您立即删除该谣言信息。",
        "user_description": "遵义市青年文明号创建单位",
        "user_avatar": "https://tvax4.sinaimg.cn/crop.153.61.488.488.50/006aTdbcly8g5leo9utmaj30mr0of4a9.jpg?KID=imgbed,tva&Expires=1584956202&ssig=u0sxBg7%2FOa",
        "id": "3986566706084686",
        "city": "3",
        "province": "52",
        "friends_count": 1003,
        "user_location": "贵州 遵义",
        "mid": "3986566706084686",
        "verified_reason": "遵义市公安局网络安全保卫支队",
        "attitudes_count": 0,
        "followers_count": 26586,
        "verified_type": 1,
        "statuses_count": 4171,
        "parent": "3986335704758627",
        "verified": true,
        "geo": null,
        "user_created_at": 1437446315,
        "favourites_count": 9,
        "screen_name": "遵义网警巡查执法",
        "gender": "m",
        "user_geo_enabled": true,
        "username": "遵义网警巡查执法",
        "comments_count": 0,
        "t": 1465955031,
        "video_status_count": 0,
        "urank": 32,
        "user_ability": 10748936,
        "credit_score": 80
    },
    {
        "reposts_count": 0,
        "uid": 5657719058,
        "bi_followers_count": 303,
        "text": "您好！我是遵义市公安局网警，经查证，务川县近期没有发生人感染所谓“SB250病毒”的死亡事件，经了解，目前也没有发现有“SB250病毒”的存在，请网民切勿信谣传谣。警方提示：根据《计算机信息网络国际联网安全保护管理办法》，利用互联网制作、复制、传播不实信息等扰乱社会秩序的，都属于违法行为。",
        "user_description": "遵义市青年文明号创建单位",
        "user_avatar": "https://tvax4.sinaimg.cn/crop.153.61.488.488.50/006aTdbcly8g5leo9utmaj30mr0of4a9.jpg?KID=imgbed,tva&Expires=1584956202&ssig=u0sxBg7%2FOa",
        "id": "3986566315886620",
        "city": "3",
        "province": "52",
        "friends_count": 1003,
        "user_location": "贵州 遵义",
        "mid": "3986566315886620",
        "verified_reason": "遵义市公安局网络安全保卫支队",
        "attitudes_count": 0,
        "followers_count": 26586,
        "verified_type": 1,
        "statuses_count": 4171,
        "parent": "3986335704758627",
        "verified": true,
        "geo": null,
        "user_created_at": 1437446315,
        "favourites_count": 9,
        "screen_name": "遵义网警巡查执法",
        "gender": "m",
        "user_geo_enabled": true,
        "username": "遵义网警巡查执法",
        "comments_count": 0,
        "t": 1465954939,
        "video_status_count": 0,
        "urank": 32,
        "user_ability": 10748936,
        "credit_score": 80
    }
]