[
    {
        "reposts_count": 0,
        "uid": 3151140640,
        "bi_followers_count": 3,
        "text": "【大爱无疆】请告诉您的朋友及孩子们：在外面，找不到爸爸妈妈的时候，不要慌乱，去坐任意一辆公交车，告诉司机你找不到家人了，公交司机会联系你的家人的。7月1日起，全国公交正式成为中国失联儿童安全守护车！公交驾驶员就是失散儿童守护人！只要孩子上了公交车，即便暂时与家长失去联系，孩子也不会...全文： http://m.weibo.cn/3151140640/3993573294665088 ​",
        "user_description": "遙映人間冰雪樣，暗香幽浮曲臨江，遍識天下英雄路，俯首江左有梅郎。❄☔🌙☀",
        "user_avatar": "https://tva2.sinaimg.cn/crop.0.0.1144.1144.50/bbd29720jw8f6jz1so4m7j20vs0vsjwb.jpg?KID=imgbed,tva&Expires=1584956075&ssig=g8UGDk3g09",
        "id": "3993573294665088",
        "city": "1",
        "province": "61",
        "friends_count": 201,
        "user_location": "陕西 西安",
        "mid": "3993573294665088",
        "verified_reason": "",
        "attitudes_count": 0,
        "followers_count": 1352,
        "verified_type": -1,
        "statuses_count": 1876,
        "parent": null,
        "verified": false,
        "geo": null,
        "user_created_at": 1358495203,
        "favourites_count": 55,
        "screen_name": "阿豪-上海圓夢寶嬰童13720548095",
        "gender": "m",
        "user_geo_enabled": false,
        "username": "阿豪-上海圓夢寶嬰童13720548095",
        "comments_count": 2,
        "t": 1467625532,
        "video_status_count": 0,
        "urank": 14,
        "user_ability": 0,
        "credit_score": 80
    },
    {
        "reposts_count": 0,
        "uid": 5917088163,
        "bi_followers_count": 26,
        "text": "您好，我们是梅州网警。您发布的该微博信息存在不实之处，该信息已被多地警方公开辟谣。为避免不实信息的扩散，请你将微博自行删除。警方提示：根据《计算机信息网络国际联网安全保护管理办法》，利用互联网制作、复制、传播不实信息等扰乱社会秩序的，都属于违法行为。",
        "user_description": "",
        "user_avatar": "https://tvax2.sinaimg.cn/crop.3.0.476.476.50/006sruVRgy1ffhhsqmddij30dd0dbjtj.jpg?KID=imgbed,tva&Expires=1584956075&ssig=%2FbSVjDwtPE",
        "id": "4005132293578668",
        "city": "1000",
        "province": "44",
        "friends_count": 104,
        "user_location": "广东",
        "mid": "4005132293578668",
        "verified_reason": "广东省梅州市公安局网络警察支队官方微博",
        "attitudes_count": 0,
        "followers_count": 4221,
        "verified_type": 1,
        "statuses_count": 6080,
        "parent": "3993573294665088",
        "verified": true,
        "geo": null,
        "user_created_at": 1462324693,
        "favourites_count": 15,
        "screen_name": "梅州网警巡查执法",
        "gender": "m",
        "user_geo_enabled": true,
        "username": "梅州网警巡查执法",
        "comments_count": 0,
        "t": 1470381413,
        "video_status_count": 0,
        "urank": 14,
        "user_ability": 8650752,
        "credit_score": 80
    },
    {
        "reposts_count": 0,
        "uid": 1977889537,
        "bi_followers_count": 660,
        "text": "您好，我们是深圳网警。您发布的该微博信息存在不实之处，该信息已被多地警方公开辟谣。为避免不实信息的扩散，请你将微博自行删除。警方提示：根据《计算机信息网络国际联网安全保护管理办法》，利用互联网制作、复制、传播不实信息等扰乱社会秩序的，都属于违法行为。",
        "user_description": "深圳市公安局公共信息网络安全监察分局官方微博账号，维护网上治安秩序，共建文明、和谐、清朗的网络空间。",
        "user_avatar": "https://tva3.sinaimg.cn/crop.0.0.179.179.50/75e43301gw1eba6dtigdaj2051050t99.jpg?KID=imgbed,tva&Expires=1584956075&ssig=jOG9VehJ8s",
        "id": "3993831776537719",
        "city": "1000",
        "province": "44",
        "friends_count": 1516,
        "user_location": "广东",
        "mid": "3993831776537719",
        "verified_reason": "深圳市公安局公共信息网络安全监察分局官方微博",
        "attitudes_count": 0,
        "followers_count": 788770,
        "verified_type": 1,
        "statuses_count": 25322,
        "parent": "3993573294665088",
        "verified": true,
        "geo": null,
        "user_created_at": 1298343740,
        "favourites_count": 3133,
        "screen_name": "深圳网警",
        "gender": "m",
        "user_geo_enabled": false,
        "username": "深圳网警",
        "comments_count": 0,
        "t": 1467687161,
        "video_status_count": 0,
        "urank": 42,
        "user_ability": 11797000,
        "credit_score": 80
    }
]