[
    {
        "reposts_count": 3,
        "uid": 5155009438,
        "bi_followers_count": 23,
        "text": "太帅[赞]   7月15日北京打响第一枪，北京禁售苹果手机，大陆10月1日起全面禁售苹果手机。联通，移动，电信，2017年对苹果手机全面停网，也就是说拿个苹果手机只能看看电视！ ​",
        "user_description": "很遗憾，没能成为你的偏爱和例外，而你却成了我爱而不得的遗憾。",
        "user_avatar": "https://tvax3.sinaimg.cn/crop.0.0.996.996.50/005CRTrwly8fzv7ymxeqbj30ro0rowhl.jpg?KID=imgbed,tva&Expires=1584956205&ssig=XdZNyyWYzR",
        "id": "3998332890074779",
        "city": "1000",
        "province": "100",
        "friends_count": 258,
        "user_location": "其他",
        "mid": "3998332890074779",
        "verified_reason": "",
        "attitudes_count": 7,
        "followers_count": 138,
        "verified_type": -1,
        "statuses_count": 460,
        "parent": null,
        "verified": false,
        "geo": null,
        "user_created_at": 1401113177,
        "favourites_count": 8,
        "screen_name": "瘦小里",
        "gender": "f",
        "user_geo_enabled": true,
        "username": "瘦小里",
        "comments_count": 7,
        "t": 1468760309,
        "video_status_count": 0,
        "urank": 14,
        "user_ability": 2360320,
        "credit_score": 80
    },
    {
        "reposts_count": 0,
        "uid": 5833226751,
        "bi_followers_count": 3,
        "text": "上面的小黄条😂😂",
        "user_description": "KOP.You’ll never walk alone.",
        "user_avatar": "https://tvax3.sinaimg.cn/crop.0.0.512.512.50/006mLCKrly8gbgqzvft5tj30e80e8jrw.jpg?KID=imgbed,tva&Expires=1584956205&ssig=lXH%2FMWbgWN",
        "id": "4014287985523271",
        "city": "1000",
        "province": "81",
        "friends_count": 451,
        "user_location": "香港",
        "mid": "4014287985523271",
        "verified_reason": "",
        "attitudes_count": 0,
        "followers_count": 1269,
        "verified_type": -1,
        "statuses_count": 24,
        "parent": "3998332890074779",
        "verified": false,
        "geo": null,
        "user_created_at": 1453177749,
        "favourites_count": 57,
        "screen_name": "恆先森誒",
        "gender": "m",
        "user_geo_enabled": true,
        "username": "恆先森誒",
        "comments_count": 0,
        "t": 1472564300,
        "video_status_count": 0,
        "urank": 9,
        "user_ability": 2098176,
        "credit_score": 80
    },
    {
        "reposts_count": 0,
        "uid": 5376482641,
        "bi_followers_count": 1,
        "text": "一点没用p图行迹",
        "user_description": "介绍一下自己",
        "user_avatar": "https://tvax4.sinaimg.cn/crop.0.0.996.996.50/005RRaJXly8fxnhjnozyoj30ro0ro0tz.jpg?KID=imgbed,tva&Expires=1584956205&ssig=hYpyWT4ejY",
        "id": "4003660814539334",
        "city": "1000",
        "province": "100",
        "friends_count": 37,
        "user_location": "其他",
        "mid": "4003660814539334",
        "verified_reason": "",
        "attitudes_count": 0,
        "followers_count": 887,
        "verified_type": -1,
        "statuses_count": 2367,
        "parent": "3998332890074779",
        "verified": false,
        "geo": null,
        "user_created_at": 1418345519,
        "favourites_count": 4,
        "screen_name": "一小奶粉一",
        "gender": "f",
        "user_geo_enabled": true,
        "username": "一小奶粉一",
        "comments_count": 0,
        "t": 1470030584,
        "video_status_count": 0,
        "urank": 9,
        "user_ability": 2097152,
        "credit_score": 80
    },
    {
        "reposts_count": 0,
        "uid": 5442354930,
        "bi_followers_count": 22,
        "text": "你还信这个！无奈！",
        "user_description": "栩有所欣。",
        "user_avatar": "https://tvax1.sinaimg.cn/crop.0.0.996.996.50/005Wjz8ely8fnwuyil6qyj30ro0rojtg.jpg?KID=imgbed,tva&Expires=1584956205&ssig=cppR3OupNi",
        "id": "3999364042480587",
        "city": "1000",
        "province": "13",
        "friends_count": 123,
        "user_location": "河北",
        "mid": "3999364042480587",
        "verified_reason": "",
        "attitudes_count": 0,
        "followers_count": 71,
        "verified_type": -1,
        "statuses_count": 298,
        "parent": "3998332890074779",
        "verified": false,
        "geo": null,
        "user_created_at": 1419130269,
        "favourites_count": 3,
        "screen_name": "柳絮不会飞6",
        "gender": "m",
        "user_geo_enabled": true,
        "username": "柳絮不会飞6",
        "comments_count": 0,
        "t": 1469006155,
        "video_status_count": 0,
        "urank": 14,
        "user_ability": 1024,
        "credit_score": 80
    },
    {
        "reposts_count": 0,
        "uid": 3009400895,
        "bi_followers_count": 0,
        "text": "扯",
        "user_description": "所有真性情的人，想法总是与众不同。",
        "user_avatar": "https://tvax2.sinaimg.cn/crop.0.0.750.750.50/b35fd03fly8fex0oglyeej20ku0kumxv.jpg?KID=imgbed,tva&Expires=1584956205&ssig=EP7LqXoUNo",
        "id": "3998634493974250",
        "city": "7",
        "province": "37",
        "friends_count": 47,
        "user_location": "山东 潍坊",
        "mid": "3998634493974250",
        "verified_reason": "",
        "attitudes_count": 0,
        "followers_count": 31,
        "verified_type": -1,
        "statuses_count": 143,
        "parent": "3998332890074779",
        "verified": false,
        "geo": null,
        "user_created_at": 1375864008,
        "favourites_count": 133,
        "screen_name": "有朵花儿朝我笑",
        "gender": "f",
        "user_geo_enabled": false,
        "username": "有朵花儿朝我笑",
        "comments_count": 0,
        "t": 1468832217,
        "video_status_count": 0,
        "urank": 9,
        "user_ability": 35652608,
        "credit_score": 80
    },
    {
        "reposts_count": 0,
        "uid": 3566951830,
        "bi_followers_count": 107,
        "text": "p的也太差了",
        "user_description": "等你回来",
        "user_avatar": "https://tvax1.sinaimg.cn/crop.0.0.828.828.50/d49b5d96ly8g36quta57qj20n00n03ze.jpg?KID=imgbed,tva&Expires=1584956205&ssig=3FIWx9w7s%2F",
        "id": "3998569369706546",
        "city": "1000",
        "province": "100",
        "friends_count": 497,
        "user_location": "其他",
        "mid": "3998569369706546",
        "verified_reason": "",
        "attitudes_count": 0,
        "followers_count": 306,
        "verified_type": -1,
        "statuses_count": 737,
        "parent": "3998332890074779",
        "verified": false,
        "geo": null,
        "user_created_at": 1372720696,
        "favourites_count": 28,
        "screen_name": "昇炫的小迷妹w",
        "gender": "f",
        "user_geo_enabled": true,
        "username": "昇炫的小迷妹w",
        "comments_count": 0,
        "t": 1468816690,
        "video_status_count": 0,
        "urank": 28,
        "user_ability": 2360320,
        "credit_score": 80
    },
    {
        "reposts_count": 0,
        "uid": 5680215914,
        "bi_followers_count": 20,
        "text": "假的",
        "user_description": "别看今天闹得欢，小心将来拉清单。对市场的理解高于一切。",
        "user_avatar": "https://tvax1.sinaimg.cn/crop.16.34.283.283.50/006cpBDIly8fx5j0cqwhgj308c0agq32.jpg?KID=imgbed,tva&Expires=1584956205&ssig=7NQw91iAQK",
        "id": "3998372161431008",
        "city": "1000",
        "province": "37",
        "friends_count": 1203,
        "user_location": "山东",
        "mid": "3998372161431008",
        "verified_reason": "",
        "attitudes_count": 0,
        "followers_count": 579,
        "verified_type": -1,
        "statuses_count": 2967,
        "parent": "3998332890074779",
        "verified": false,
        "geo": null,
        "user_created_at": 1439948069,
        "favourites_count": 27,
        "screen_name": "平平淡淡真生活WYT168",
        "gender": "m",
        "user_geo_enabled": true,
        "username": "平平淡淡真生活WYT168",
        "comments_count": 0,
        "t": 1468769672,
        "video_status_count": 0,
        "urank": 9,
        "user_ability": 2097152,
        "credit_score": 80
    },
    {
        "reposts_count": 0,
        "uid": 2681407811,
        "bi_followers_count": 163,
        "text": "P图水平能不能好一点？",
        "user_description": "每时每刻都在想别人如何能活得更好，却不知道自己明天怎样生存",
        "user_avatar": "https://tva2.sinaimg.cn/crop.0.0.1080.1080.50/9fd30943jw8exkvs3ljaej20u00u0q4j.jpg?KID=imgbed,tva&Expires=1584956205&ssig=sXDgHfWwE8",
        "id": "3998339433342766",
        "city": "10",
        "province": "31",
        "friends_count": 636,
        "user_location": "上海 杨浦区",
        "mid": "3998339433342766",
        "verified_reason": "",
        "attitudes_count": 0,
        "followers_count": 557,
        "verified_type": -1,
        "statuses_count": 6510,
        "parent": "3998332890074779",
        "verified": false,
        "geo": null,
        "user_created_at": 1332657190,
        "favourites_count": 1986,
        "screen_name": "一条不死不活的鱼",
        "gender": "m",
        "user_geo_enabled": true,
        "username": "一条不死不活的鱼",
        "comments_count": 0,
        "t": 1468761869,
        "video_status_count": 0,
        "urank": 36,
        "user_ability": 2097152,
        "credit_score": 80
    }
]