[
    {
        "reposts_count": 0,
        "uid": 2709970134,
        "bi_followers_count": 93,
        "text": "上海市第三人民医院：昨天凌晨二点二十分，68名男女生感染sB250病毒死亡，最大的68岁，最小的5岁，参与抢敉的医生已被隔离，中央1台电视新闻己播岀，暂时别吃魚类，酸菜， http://t.cn/z8AIWqL ​",
        "user_description": "云付pos机，招代理，免费加入，安全，方便，可靠，微信753015184咨询加入",
        "user_avatar": "https://tvax3.sinaimg.cn/crop.0.0.664.664.50/a186dcd6ly8fmqkzqjnvvj20ig0ig0tr.jpg?KID=imgbed,tva&Expires=1584956201&ssig=Ykt2CXqC7Y",
        "id": "3999467881548178",
        "city": "2",
        "province": "61",
        "friends_count": 746,
        "user_location": "陕西 铜川",
        "mid": "3999467881548178",
        "verified_reason": "",
        "attitudes_count": 1,
        "followers_count": 252,
        "verified_type": -1,
        "statuses_count": 2948,
        "parent": null,
        "verified": false,
        "geo": {
            "type": "Point",
            "coordinates": [
                23.16143,
                113.267838
            ]
        },
        "user_created_at": 1328597570,
        "favourites_count": 5,
        "screen_name": "蔚蓝可儿",
        "gender": "m",
        "user_geo_enabled": true,
        "username": "蔚蓝可儿",
        "comments_count": 8,
        "t": 1469030912,
        "video_status_count": 0,
        "urank": 28,
        "user_ability": 2097152,
        "credit_score": 78
    },
    {
        "reposts_count": 0,
        "uid": 2709970134,
        "bi_followers_count": 93,
        "text": "回复@不知道叫啥名儿哎哟喂:没有啊！我也是转发别人的，不知道真假？",
        "user_description": "云付pos机，招代理，免费加入，安全，方便，可靠，微信753015184咨询加入",
        "user_avatar": "https://tvax3.sinaimg.cn/crop.0.0.664.664.50/a186dcd6ly8fmqkzqjnvvj20ig0ig0tr.jpg?KID=imgbed,tva&Expires=1584956201&ssig=Ykt2CXqC7Y",
        "id": "4012169920684110",
        "city": "2",
        "province": "61",
        "friends_count": 746,
        "user_location": "陕西 铜川",
        "mid": "4012169920684110",
        "verified_reason": "",
        "attitudes_count": 0,
        "followers_count": 252,
        "verified_type": -1,
        "statuses_count": 2948,
        "parent": "3999467881548178",
        "verified": false,
        "geo": {
            "type": "Point",
            "coordinates": [
                23.16143,
                113.267838
            ]
        },
        "user_created_at": 1328597570,
        "favourites_count": 5,
        "screen_name": "蔚蓝可儿",
        "gender": "m",
        "user_geo_enabled": true,
        "username": "蔚蓝可儿",
        "comments_count": 0,
        "t": 1472059314,
        "video_status_count": 0,
        "urank": 28,
        "user_ability": 2097152,
        "credit_score": 78
    },
    {
        "reposts_count": 0,
        "uid": 5360904698,
        "bi_followers_count": 0,
        "text": "传谣会遭报应的",
        "user_description": "",
        "user_avatar": "https://tvax3.sinaimg.cn/crop.0.0.512.512.50/005QNOcOly8g2yb9ej4zyj30e80e8dgb.jpg?KID=imgbed,tva&Expires=1584956201&ssig=iOolr58yAc",
        "id": "4008123267899527",
        "city": "1000",
        "province": "11",
        "friends_count": 76,
        "user_location": "北京",
        "mid": "4008123267899527",
        "verified_reason": "",
        "attitudes_count": 0,
        "followers_count": 20,
        "verified_type": -1,
        "statuses_count": 55,
        "parent": "3999467881548178",
        "verified": false,
        "geo": {
            "type": "Point",
            "coordinates": [
                23.16143,
                113.267838
            ]
        },
        "user_created_at": 1415327662,
        "favourites_count": 1,
        "screen_name": "灯光照的我有点亮",
        "gender": "f",
        "user_geo_enabled": true,
        "username": "灯光照的我有点亮",
        "comments_count": 0,
        "t": 1471094517,
        "video_status_count": 0,
        "urank": 14,
        "user_ability": 2097152,
        "credit_score": 80
    },
    {
        "reposts_count": 0,
        "uid": 2709970134,
        "bi_followers_count": 93,
        "text": "回复@佛山网警巡查执法:删了，怎么还有",
        "user_description": "云付pos机，招代理，免费加入，安全，方便，可靠，微信753015184咨询加入",
        "user_avatar": "https://tvax3.sinaimg.cn/crop.0.0.664.664.50/a186dcd6ly8fmqkzqjnvvj20ig0ig0tr.jpg?KID=imgbed,tva&Expires=1584956201&ssig=Ykt2CXqC7Y",
        "id": "4007641908984818",
        "city": "2",
        "province": "61",
        "friends_count": 746,
        "user_location": "陕西 铜川",
        "mid": "4007641908984818",
        "verified_reason": "",
        "attitudes_count": 0,
        "followers_count": 252,
        "verified_type": -1,
        "statuses_count": 2948,
        "parent": "3999467881548178",
        "verified": false,
        "geo": {
            "type": "Point",
            "coordinates": [
                23.16143,
                113.267838
            ]
        },
        "user_created_at": 1328597570,
        "favourites_count": 5,
        "screen_name": "蔚蓝可儿",
        "gender": "m",
        "user_geo_enabled": true,
        "username": "蔚蓝可儿",
        "comments_count": 0,
        "t": 1470979751,
        "video_status_count": 0,
        "urank": 28,
        "user_ability": 2097152,
        "credit_score": 78
    },
    {
        "reposts_count": 0,
        "uid": 5657403904,
        "bi_followers_count": 41,
        "text": "佛山网警提醒您：网络有风险，转发需谨慎！网络不是法外之地，切勿随意散布传播未经证实、可能造成群众恐慌的消息，不传谣、不信谣、不造谣！http://t.cn/Rq3eCdE",
        "user_description": "我们是佛山市公安局网警网上巡查执法账号，维护网上治安秩序，共建文明、和谐、清朗的网络空间。",
        "user_avatar": "https://tva2.sinaimg.cn/crop.0.0.836.836.50/006aRTc4jw8eua8j3nezfj30p20n8dju.jpg?KID=imgbed,tva&Expires=1584956201&ssig=HMTkL%2BjuLv",
        "id": "4007323745373695",
        "city": "1000",
        "province": "44",
        "friends_count": 732,
        "user_location": "广东",
        "mid": "4007323745373695",
        "verified_reason": "佛山市公安局网络安全保卫支队",
        "attitudes_count": 0,
        "followers_count": 10761,
        "verified_type": 1,
        "statuses_count": 10305,
        "parent": "3999467881548178",
        "verified": true,
        "geo": {
            "type": "Point",
            "coordinates": [
                23.16143,
                113.267838
            ]
        },
        "user_created_at": 1437439400,
        "favourites_count": 1,
        "screen_name": "佛山网警巡查执法",
        "gender": "m",
        "user_geo_enabled": true,
        "username": "佛山网警巡查执法",
        "comments_count": 0,
        "t": 1470903896,
        "video_status_count": 0,
        "urank": 35,
        "user_ability": 10747912,
        "credit_score": 80
    },
    {
        "reposts_count": 0,
        "uid": 2709970134,
        "bi_followers_count": 93,
        "text": "回复@rororukUo:删了？怎么还在",
        "user_description": "云付pos机，招代理，免费加入，安全，方便，可靠，微信753015184咨询加入",
        "user_avatar": "https://tvax3.sinaimg.cn/crop.0.0.664.664.50/a186dcd6ly8fmqkzqjnvvj20ig0ig0tr.jpg?KID=imgbed,tva&Expires=1584956201&ssig=Ykt2CXqC7Y",
        "id": "4006353532419003",
        "city": "2",
        "province": "61",
        "friends_count": 746,
        "user_location": "陕西 铜川",
        "mid": "4006353532419003",
        "verified_reason": "",
        "attitudes_count": 0,
        "followers_count": 252,
        "verified_type": -1,
        "statuses_count": 2948,
        "parent": "3999467881548178",
        "verified": false,
        "geo": {
            "type": "Point",
            "coordinates": [
                23.16143,
                113.267838
            ]
        },
        "user_created_at": 1328597570,
        "favourites_count": 5,
        "screen_name": "蔚蓝可儿",
        "gender": "m",
        "user_geo_enabled": true,
        "username": "蔚蓝可儿",
        "comments_count": 0,
        "t": 1470672579,
        "video_status_count": 0,
        "urank": 28,
        "user_ability": 2097152,
        "credit_score": 78
    },
    {
        "reposts_count": 0,
        "uid": 1990951351,
        "bi_followers_count": 353,
        "text": "明显被人耍了 SB250 这也叫病毒 智商呢",
        "user_description": "我家大宝贝宇宙第一",
        "user_avatar": "https://tva1.sinaimg.cn/crop.0.0.180.180.50/76ab81b7jw1e8qgp5bmzyj2050050aa8.jpg?KID=imgbed,tva&Expires=1584956201&ssig=mUahFd9s2R",
        "id": "4006236880440898",
        "city": "1000",
        "province": "22",
        "friends_count": 365,
        "user_location": "吉林",
        "mid": "4006236880440898",
        "verified_reason": "",
        "attitudes_count": 0,
        "followers_count": 707,
        "verified_type": -1,
        "statuses_count": 435,
        "parent": "3999467881548178",
        "verified": false,
        "geo": {
            "type": "Point",
            "coordinates": [
                23.16143,
                113.267838
            ]
        },
        "user_created_at": 1298617082,
        "favourites_count": 25,
        "screen_name": "周大怂",
        "gender": "m",
        "user_geo_enabled": false,
        "username": "周大怂",
        "comments_count": 0,
        "t": 1470644766,
        "video_status_count": 0,
        "urank": 23,
        "user_ability": 0,
        "credit_score": 69
    },
    {
        "reposts_count": 0,
        "uid": 3962945017,
        "bi_followers_count": 2,
        "text": "你倒是删啊",
        "user_description": "2019中央文件贫困头号人物",
        "user_avatar": "https://tvax1.sinaimg.cn/crop.0.0.512.512.50/ec35bdf9ly8fz33gj3oduj20e80e8aag.jpg?KID=imgbed,tva&Expires=1584956201&ssig=ipbhdyvYpN",
        "id": "4005462485151184",
        "city": "1000",
        "province": "400",
        "friends_count": 48,
        "user_location": "海外",
        "mid": "4005462485151184",
        "verified_reason": "",
        "attitudes_count": 0,
        "followers_count": 1493,
        "verified_type": -1,
        "statuses_count": 1,
        "parent": "3999467881548178",
        "verified": false,
        "geo": {
            "type": "Point",
            "coordinates": [
                23.16143,
                113.267838
            ]
        },
        "user_created_at": 1388398470,
        "favourites_count": 367,
        "screen_name": "某幻的小围裙",
        "gender": "f",
        "user_geo_enabled": true,
        "username": "某幻的小围裙",
        "comments_count": 0,
        "t": 1470460137,
        "video_status_count": 0,
        "urank": 25,
        "user_ability": 1024,
        "credit_score": 80
    },
    {
        "reposts_count": 0,
        "uid": 2709970134,
        "bi_followers_count": 93,
        "text": "回复@深圳网警:好，马上删除",
        "user_description": "云付pos机，招代理，免费加入，安全，方便，可靠，微信753015184咨询加入",
        "user_avatar": "https://tvax3.sinaimg.cn/crop.0.0.664.664.50/a186dcd6ly8fmqkzqjnvvj20ig0ig0tr.jpg?KID=imgbed,tva&Expires=1584956201&ssig=Ykt2CXqC7Y",
        "id": "4000192250427331",
        "city": "2",
        "province": "61",
        "friends_count": 746,
        "user_location": "陕西 铜川",
        "mid": "4000192250427331",
        "verified_reason": "",
        "attitudes_count": 0,
        "followers_count": 252,
        "verified_type": -1,
        "statuses_count": 2948,
        "parent": "3999467881548178",
        "verified": false,
        "geo": {
            "type": "Point",
            "coordinates": [
                23.16143,
                113.267838
            ]
        },
        "user_created_at": 1328597570,
        "favourites_count": 5,
        "screen_name": "蔚蓝可儿",
        "gender": "m",
        "user_geo_enabled": true,
        "username": "蔚蓝可儿",
        "comments_count": 0,
        "t": 1469203615,
        "video_status_count": 0,
        "urank": 28,
        "user_ability": 2097152,
        "credit_score": 78
    }
]