[
    {
        "reposts_count": 0,
        "uid": 5643051886,
        "bi_followers_count": 11,
        "text": "大半夜被#长沙解放西路群架# 刷到恶心！但是大长沙人民还真是看热闹不嫌事大啊！从盘口和地形分析，菲比左往右进攻，本来属于逆风进攻，虽说muse开盘让50人，但muse整体作战经验丰富且都有大型群架经验。反观菲比，虽然人多但大多属于年轻选手且打酱油居多，缺乏经验和士气。所以本场对决我买muse赢。 ​",
        "user_description": "逗逼无穷大，文艺比海深。",
        "user_avatar": "https://tva2.sinaimg.cn/crop.0.0.750.750.50/0069TFzUjw8eudwsw494qj30ku0kuab9.jpg?KID=imgbed,tva&Expires=1584956207&ssig=FiaMr5vm0U",
        "id": "4000937309874194",
        "city": "1",
        "province": "61",
        "friends_count": 223,
        "user_location": "陕西 西安",
        "mid": "4000937309874194",
        "verified_reason": "",
        "attitudes_count": 5,
        "followers_count": 78,
        "verified_type": -1,
        "statuses_count": 80,
        "parent": null,
        "verified": false,
        "geo": null,
        "user_created_at": 1435501486,
        "favourites_count": 2,
        "screen_name": "东苏木凉",
        "gender": "m",
        "user_geo_enabled": true,
        "username": "东苏木凉",
        "comments_count": 6,
        "t": 1469381250,
        "video_status_count": 0,
        "urank": 9,
        "user_ability": 0,
        "credit_score": 80
    },
    {
        "reposts_count": 0,
        "uid": 5841719324,
        "bi_followers_count": 1,
        "text": "您的发言已经被我们记录。根据我们 2016年1月1日最新出台的《互联网发言管理认证条例》，您的IP已经被我们锁定。有关部门目前正在组织网络技术相关人员进行对您的资料搜集以及相关惩罚措施的制订等工作。",
        "user_description": "无介绍",
        "user_avatar": "https://tvax2.sinaimg.cn/crop.0.0.996.996.50/006nlg3qly8feqxtoqcgvj30ro0rotbi.jpg?KID=imgbed,tva&Expires=1584956207&ssig=GxsBde1Bk3",
        "id": "4001403326432464",
        "city": "1000",
        "province": "100",
        "friends_count": 56,
        "user_location": "其他",
        "mid": "4001403326432464",
        "verified_reason": "",
        "attitudes_count": 0,
        "followers_count": 7,
        "verified_type": -1,
        "statuses_count": 3,
        "parent": "4000937309874194",
        "verified": false,
        "geo": null,
        "user_created_at": 1453903347,
        "favourites_count": 1,
        "screen_name": "hzjsmsns",
        "gender": "m",
        "user_geo_enabled": true,
        "username": "hzjsmsns",
        "comments_count": 0,
        "t": 1469492358,
        "video_status_count": 0,
        "urank": 9,
        "user_ability": 2098176,
        "credit_score": 80
    },
    {
        "reposts_count": 0,
        "uid": 2684116841,
        "bi_followers_count": 196,
        "text": "确定不是拍电影？",
        "user_description": "微信：2480169",
        "user_avatar": "https://tvax1.sinaimg.cn/crop.0.138.828.828.50/9ffc5f69ly8gc1uls0kkzj20n00uo0uz.jpg?KID=imgbed,tva&Expires=1584956207&ssig=FlSBwdONxE",
        "id": "4001116909277662",
        "city": "1000",
        "province": "11",
        "friends_count": 298,
        "user_location": "北京",
        "mid": "4001116909277662",
        "verified_reason": "北京诺达眼镜西直门店 职员",
        "attitudes_count": 0,
        "followers_count": 4922,
        "verified_type": 0,
        "statuses_count": 781,
        "parent": "4000937309874194",
        "verified": true,
        "geo": null,
        "user_created_at": 1332844647,
        "favourites_count": 20,
        "screen_name": "黄哥哥来啦",
        "gender": "m",
        "user_geo_enabled": true,
        "username": "黄哥哥来啦",
        "comments_count": 0,
        "t": 1469424071,
        "video_status_count": 0,
        "urank": 48,
        "user_ability": 2359296,
        "credit_score": 80
    },
    {
        "reposts_count": 0,
        "uid": 2047407825,
        "bi_followers_count": 97,
        "text": "图是假的 别散播了 看着好渗人",
        "user_description": "咕噜咕噜",
        "user_avatar": "https://tvax3.sinaimg.cn/crop.0.0.828.828.50/7a08f6d1ly8gbidd7yj04j20n00n0gmu.jpg?KID=imgbed,tva&Expires=1584956207&ssig=K%2BbU8S4roF",
        "id": "4001072105937133",
        "city": "1000",
        "province": "100",
        "friends_count": 162,
        "user_location": "其他",
        "mid": "4001072105937133",
        "verified_reason": "",
        "attitudes_count": 0,
        "followers_count": 591,
        "verified_type": 220,
        "statuses_count": 1113,
        "parent": "4000937309874194",
        "verified": false,
        "geo": null,
        "user_created_at": 1301137100,
        "favourites_count": 923,
        "screen_name": "hey大白云",
        "gender": "f",
        "user_geo_enabled": true,
        "username": "hey大白云",
        "comments_count": 0,
        "t": 1469413389,
        "video_status_count": 0,
        "urank": 36,
        "user_ability": 2360320,
        "credit_score": 80
    },
    {
        "reposts_count": 0,
        "uid": 3788126592,
        "bi_followers_count": 24,
        "text": "回复@逃课成瘾:还有魅力四射",
        "user_description": "小鸟虽小，可它玩得却是整个天空。",
        "user_avatar": "https://tva2.sinaimg.cn/crop.1.0.638.638.50/e1ca3980jw8fbtzl30o8uj20hs0hqq3z.jpg?KID=imgbed,tva&Expires=1584956207&ssig=wluRw3d14O",
        "id": "4001065147893922",
        "city": "1",
        "province": "43",
        "friends_count": 181,
        "user_location": "湖南 长沙",
        "mid": "4001065147893922",
        "verified_reason": "",
        "attitudes_count": 0,
        "followers_count": 74,
        "verified_type": -1,
        "statuses_count": 189,
        "parent": "4000937309874194",
        "verified": false,
        "geo": null,
        "user_created_at": 1378834680,
        "favourites_count": 1,
        "screen_name": "网瘾大舅",
        "gender": "m",
        "user_geo_enabled": true,
        "username": "网瘾大舅",
        "comments_count": 0,
        "t": 1469411730,
        "video_status_count": 0,
        "urank": 14,
        "user_ability": 33554432,
        "credit_score": 80
    },
    {
        "reposts_count": 0,
        "uid": 3801015982,
        "bi_followers_count": 50,
        "text": "[笑cry][笑cry]",
        "user_description": "古龙说过，爱笑的女孩运气都不会太差 ～",
        "user_avatar": "https://tvax2.sinaimg.cn/crop.0.0.1080.1080.50/e28ee6aely8g8nxx3ihu6j20u00u0god.jpg?KID=imgbed,tva&Expires=1584956207&ssig=gBBdt%2BhJ7m",
        "id": "4000956976278790",
        "city": "1",
        "province": "21",
        "friends_count": 223,
        "user_location": "辽宁 沈阳",
        "mid": "4000956976278790",
        "verified_reason": "",
        "attitudes_count": 0,
        "followers_count": 388,
        "verified_type": 220,
        "statuses_count": 407,
        "parent": "4000937309874194",
        "verified": false,
        "geo": null,
        "user_created_at": 1379248367,
        "favourites_count": 115,
        "screen_name": "争做世界好女儿",
        "gender": "f",
        "user_geo_enabled": true,
        "username": "争做世界好女儿",
        "comments_count": 0,
        "t": 1469385940,
        "video_status_count": 0,
        "urank": 26,
        "user_ability": 2360320,
        "credit_score": 80
    },
    {
        "reposts_count": 0,
        "uid": 2993883324,
        "bi_followers_count": 60,
        "text": "我买坡子街派出所跟湘雅医院赢",
        "user_description": "",
        "user_avatar": "https://tvax3.sinaimg.cn/crop.0.0.1080.1080.50/b27308bcly8g5enkjrroej20u00u0mz0.jpg?KID=imgbed,tva&Expires=1584956207&ssig=X9p19jxf60",
        "id": "4000937657349548",
        "city": "1000",
        "province": "43",
        "friends_count": 379,
        "user_location": "湖南",
        "mid": "4000937657349548",
        "verified_reason": "",
        "attitudes_count": 0,
        "followers_count": 1476,
        "verified_type": -1,
        "statuses_count": 0,
        "parent": "4000937309874194",
        "verified": false,
        "geo": null,
        "user_created_at": 1347079746,
        "favourites_count": 28,
        "screen_name": "逃课成瘾",
        "gender": "m",
        "user_geo_enabled": true,
        "username": "逃课成瘾",
        "comments_count": 0,
        "t": 1469381335,
        "video_status_count": 0,
        "urank": 28,
        "user_ability": 2097152,
        "credit_score": 75
    }
]