[
    {
        "reposts_count": 0,
        "uid": 5671456887,
        "bi_followers_count": 4,
        "text": "#长沙酒吧群架#打架之前想过你父母吗？想过你的妻儿吗？打架能证明你很男人？还是证明你比别人更有种？ ​",
        "user_description": "阳关道，独木桥，陌路相逢、客客气气已足够",
        "user_avatar": "https://tva3.sinaimg.cn/crop.0.0.750.750.50/006bOR15jw8f1999wofg7j30ku0kuaay.jpg?KID=imgbed,tva&Expires=1584956209&ssig=EmGaLqO1jV",
        "id": "4000996499499669",
        "city": "1",
        "province": "23",
        "friends_count": 190,
        "user_location": "黑龙江 哈尔滨",
        "mid": "4000996499499669",
        "verified_reason": "",
        "attitudes_count": 1,
        "followers_count": 1249,
        "verified_type": -1,
        "statuses_count": 47,
        "parent": null,
        "verified": false,
        "geo": null,
        "user_created_at": 1438976164,
        "favourites_count": 1,
        "screen_name": "Edison_Xiake",
        "gender": "f",
        "user_geo_enabled": true,
        "username": "Edison_Xiake",
        "comments_count": 6,
        "t": 1469395362,
        "video_status_count": 0,
        "urank": 9,
        "user_ability": 0,
        "credit_score": 80
    },
    {
        "reposts_count": 0,
        "uid": 5361811050,
        "bi_followers_count": 1,
        "text": "这些图片不是解放西路酒吧打架，是其他地方的事情。大家不要被那些所谓的现场所骗，去过解放西路的都知道那里是什么样子。只是动手打架没动刀更没打死人。",
        "user_description": "曾经沧海难为水，除却巫山不是云。取次花丛懒回顾，半缘修道半缘君。",
        "user_avatar": "https://tvax3.sinaimg.cn/crop.0.0.996.996.50/005QRBZoly8gaytma8ebfj30ro0ron09.jpg?KID=imgbed,tva&Expires=1584956209&ssig=%2FKzi%2BmR6v9",
        "id": "4001259348840822",
        "city": "9",
        "province": "43",
        "friends_count": 44,
        "user_location": "湖南 益阳",
        "mid": "4001259348840822",
        "verified_reason": "",
        "attitudes_count": 0,
        "followers_count": 54,
        "verified_type": -1,
        "statuses_count": 107,
        "parent": "4000996499499669",
        "verified": false,
        "geo": null,
        "user_created_at": 1415278401,
        "favourites_count": 1,
        "screen_name": "日曦之暮",
        "gender": "f",
        "user_geo_enabled": true,
        "username": "日曦之暮",
        "comments_count": 0,
        "t": 1469458030,
        "video_status_count": 0,
        "urank": 9,
        "user_ability": 2359296,
        "credit_score": 80
    },
    {
        "reposts_count": 0,
        "uid": 1821207817,
        "bi_followers_count": 54,
        "text": "这算不算黑社会",
        "user_description": "趁现在还来得及",
        "user_avatar": "https://tva3.sinaimg.cn/crop.0.0.139.139.50/6c8d6d09jw1eu0y4bh4yqj203w03wglo.jpg?KID=imgbed,tva&Expires=1584956209&ssig=9tfRbgX%2B2x",
        "id": "4001254478547260",
        "city": "10",
        "province": "41",
        "friends_count": 491,
        "user_location": "河南 许昌",
        "mid": "4001254478547260",
        "verified_reason": "",
        "attitudes_count": 0,
        "followers_count": 199,
        "verified_type": -1,
        "statuses_count": 347,
        "parent": "4000996499499669",
        "verified": false,
        "geo": null,
        "user_created_at": 1284798465,
        "favourites_count": 363,
        "screen_name": "心怀驴胎",
        "gender": "m",
        "user_geo_enabled": true,
        "username": "心怀驴胎",
        "comments_count": 0,
        "t": 1469456870,
        "video_status_count": 0,
        "urank": 27,
        "user_ability": 0,
        "credit_score": 80
    },
    {
        "reposts_count": 0,
        "uid": 5671456887,
        "bi_followers_count": 4,
        "text": "回复@小_铄:不管是不是长沙、打架就对了？父母不伤心？看你也不怎么孝顺啊、还骂人？狂说狂道的没你能得了是吧！就你这素质被人揍死、砍死也是早晚一天的事。别急",
        "user_description": "阳关道，独木桥，陌路相逢、客客气气已足够",
        "user_avatar": "https://tva3.sinaimg.cn/crop.0.0.750.750.50/006bOR15jw8f1999wofg7j30ku0kuaay.jpg?KID=imgbed,tva&Expires=1584956209&ssig=EmGaLqO1jV",
        "id": "4001161910169959",
        "city": "1",
        "province": "23",
        "friends_count": 190,
        "user_location": "黑龙江 哈尔滨",
        "mid": "4001161910169959",
        "verified_reason": "",
        "attitudes_count": 0,
        "followers_count": 1248,
        "verified_type": -1,
        "statuses_count": 47,
        "parent": "4000996499499669",
        "verified": false,
        "geo": null,
        "user_created_at": 1438976164,
        "favourites_count": 1,
        "screen_name": "Edison_Xiake",
        "gender": "f",
        "user_geo_enabled": true,
        "username": "Edison_Xiake",
        "comments_count": 0,
        "t": 1469434800,
        "video_status_count": 0,
        "urank": 9,
        "user_ability": 0,
        "credit_score": 80
    },
    {
        "reposts_count": 0,
        "uid": 1370089574,
        "bi_followers_count": 218,
        "text": "假的  傻X",
        "user_description": "明天.你好",
        "user_avatar": "https://tva4.sinaimg.cn/crop.0.0.750.750.50/51a9e866jw8fco86a9zxlj20ku0kumxv.jpg?KID=imgbed,tva&Expires=1584956209&ssig=%2BGSgvolqEg",
        "id": "4001141887075915",
        "city": "1000",
        "province": "100",
        "friends_count": 835,
        "user_location": "其他",
        "mid": "4001141887075915",
        "verified_reason": "",
        "attitudes_count": 0,
        "followers_count": 5371,
        "verified_type": 220,
        "statuses_count": 42,
        "parent": "4000996499499669",
        "verified": false,
        "geo": null,
        "user_created_at": 1298307825,
        "favourites_count": 545,
        "screen_name": "小_铄",
        "gender": "m",
        "user_geo_enabled": true,
        "username": "小_铄",
        "comments_count": 0,
        "t": 1469430026,
        "video_status_count": 0,
        "urank": 30,
        "user_ability": 0,
        "credit_score": 80
    },
    {
        "reposts_count": 0,
        "uid": 5159068823,
        "bi_followers_count": 2,
        "text": "这是假的   并非长沙",
        "user_description": "",
        "user_avatar": "https://tvax1.sinaimg.cn/default/images/default_avatar_male_50.gif?KID=imgbed,tva&Expires=1584956209&ssig=uEtpkItD%2FF",
        "id": "4001123247345291",
        "city": "1000",
        "province": "100",
        "friends_count": 142,
        "user_location": "其他",
        "mid": "4001123247345291",
        "verified_reason": "",
        "attitudes_count": 0,
        "followers_count": 23,
        "verified_type": -1,
        "statuses_count": 73,
        "parent": "4000996499499669",
        "verified": false,
        "geo": null,
        "user_created_at": 1401410474,
        "favourites_count": 0,
        "screen_name": "快看丶傻子一个",
        "gender": "m",
        "user_geo_enabled": true,
        "username": "快看丶傻子一个",
        "comments_count": 0,
        "t": 1469425581,
        "video_status_count": 0,
        "urank": 9,
        "user_ability": 1024,
        "credit_score": 80
    },
    {
        "reposts_count": 0,
        "uid": 2013531421,
        "bi_followers_count": 272,
        "text": "卧槽，这么惨烈",
        "user_description": "一只好多年好多年好多年的詹密",
        "user_avatar": "https://tvax3.sinaimg.cn/crop.0.0.1080.1080.50/78040d1dly8g7oyb8w3u1j20u00u0tde.jpg?KID=imgbed,tva&Expires=1584956209&ssig=kDYE%2FWuzcn",
        "id": "4001007169815536",
        "city": "1",
        "province": "43",
        "friends_count": 506,
        "user_location": "湖南 长沙",
        "mid": "4001007169815536",
        "verified_reason": "",
        "attitudes_count": 0,
        "followers_count": 826,
        "verified_type": 220,
        "statuses_count": 3081,
        "parent": "4000996499499669",
        "verified": false,
        "geo": null,
        "user_created_at": 1299562170,
        "favourites_count": 648,
        "screen_name": "丘三皮啊",
        "gender": "m",
        "user_geo_enabled": true,
        "username": "丘三皮啊",
        "comments_count": 0,
        "t": 1469397907,
        "video_status_count": 0,
        "urank": 38,
        "user_ability": 262144,
        "credit_score": 80
    }
]