[
    {
        "reposts_count": 5,
        "uid": 1951836243,
        "bi_followers_count": 492,
        "text": "【哏儿都关注】——长沙酒吧斗殴：据@长沙警事 通报:今晚20:40许，位于长沙解放西路的菲比酒吧与Muse酒吧因停车位问题发生纠纷，双方聚集人员较多并引发打斗。 http://t.cn/Rt45tlW ​",
        "user_description": "哏儿都WWW.GERDU.CN官方微博，好玩的、好吃的…只要是我大哏儿都的新鲜事，记得@我们呦~有合作意向请私信！",
        "user_avatar": "https://tva4.sinaimg.cn/crop.0.0.640.640.50/7456a853jw8evfxye4lg0j20hs0hsmxg.jpg?KID=imgbed,tva&Expires=1584956210&ssig=3tK7ZZeDzp",
        "id": "4000934029434162",
        "city": "4",
        "province": "12",
        "friends_count": 941,
        "user_location": "天津 南开区",
        "mid": "4000934029434162",
        "verified_reason": "本地资讯博主（天津）",
        "attitudes_count": 1,
        "followers_count": 194356,
        "verified_type": 0,
        "statuses_count": 14222,
        "parent": null,
        "verified": true,
        "geo": null,
        "user_created_at": 1296888203,
        "favourites_count": 108,
        "screen_name": "哏儿都微博",
        "gender": "f",
        "user_geo_enabled": true,
        "username": "哏儿都微博",
        "comments_count": 2,
        "t": 1469380469,
        "video_status_count": 0,
        "urank": 44,
        "user_ability": 10750476,
        "credit_score": 80
    },
    {
        "reposts_count": 0,
        "uid": 1849198121,
        "bi_followers_count": 111,
        "text": "神州处处上演暴力和事故。。。",
        "user_description": "有房就能贷，无房信用贷 长期短期都能贷 如有车子也能贷 房产二次抵押贷 垫资清尾办过户",
        "user_avatar": "https://tvax4.sinaimg.cn/crop.20.33.360.360.50/6e388629ly8g1d313o1m3j20b70aygly.jpg?KID=imgbed,tva&Expires=1584956210&ssig=%2FzFzZyvLFW",
        "id": "4000944410112632",
        "city": "3",
        "province": "12",
        "friends_count": 6116,
        "user_location": "天津 河西区",
        "mid": "4000944410112632",
        "verified_reason": "",
        "attitudes_count": 0,
        "followers_count": 1382,
        "verified_type": -1,
        "statuses_count": 2253,
        "parent": "4000934029434162",
        "verified": false,
        "geo": null,
        "user_created_at": 1289005335,
        "favourites_count": 3530,
        "screen_name": "天津房产抵押贷款信用贷款车贷",
        "gender": "m",
        "user_geo_enabled": false,
        "username": "天津房产抵押贷款信用贷款车贷",
        "comments_count": 0,
        "t": 1469382944,
        "video_status_count": 0,
        "urank": 35,
        "user_ability": 35651584,
        "credit_score": 80
    }
]