[
    {
        "reposts_count": 0,
        "uid": 2101539293,
        "bi_followers_count": 200,
        "text": "@姐妹 抢车位#幼儿园生活# ​",
        "user_description": "baby09090910或➕qiqi316933275",
        "user_avatar": "https://tvax4.sinaimg.cn/crop.0.0.512.512.50/7d42f1ddly8g1s47wc9mhj20e80e8dg9.jpg?KID=imgbed,tva&Expires=1584956214&ssig=1tJhTqL2Rg",
        "id": "4000952610825778",
        "city": "1",
        "province": "44",
        "friends_count": 1073,
        "user_location": "广东 广州",
        "mid": "4000952610825778",
        "verified_reason": "",
        "attitudes_count": 0,
        "followers_count": 449,
        "verified_type": -1,
        "statuses_count": 845,
        "parent": null,
        "verified": false,
        "geo": null,
        "user_created_at": 1303523006,
        "favourites_count": 0,
        "screen_name": "Deng_霞姐",
        "gender": "f",
        "user_geo_enabled": true,
        "username": "Deng_霞姐",
        "comments_count": 1,
        "t": 1469384897,
        "video_status_count": 0,
        "urank": 22,
        "user_ability": 35651584,
        "credit_score": 80
    },
    {
        "reposts_count": 0,
        "uid": 5978691176,
        "bi_followers_count": 0,
        "text": "黑的爽吗",
        "user_description": "",
        "user_avatar": "https://tva2.sinaimg.cn/crop.0.0.750.750.50/006wBYGQjw8f5ojwwe532j30ku0ku0u5.jpg?KID=imgbed,tva&Expires=1584956214&ssig=sAblKV7C1V",
        "id": "4001247193842330",
        "city": "1000",
        "province": "11",
        "friends_count": 40,
        "user_location": "北京",
        "mid": "4001247193842330",
        "verified_reason": "",
        "attitudes_count": 0,
        "followers_count": 4,
        "verified_type": -1,
        "statuses_count": 20,
        "parent": "4000952610825778",
        "verified": false,
        "geo": null,
        "user_created_at": 1468113858,
        "favourites_count": 0,
        "screen_name": "爱你的三两事",
        "gender": "f",
        "user_geo_enabled": true,
        "username": "爱你的三两事",
        "comments_count": 0,
        "t": 1469455132,
        "video_status_count": 0,
        "urank": 4,
        "user_ability": 0,
        "credit_score": 80
    }
]