[
    {
        "reposts_count": 0,
        "uid": 3702813825,
        "bi_followers_count": 0,
        "text": "#长沙解放西路群架#幸好没去浪 http://t.cn/zR2zRYL ​",
        "user_description": "",
        "user_avatar": "https://tva1.sinaimg.cn/crop.0.0.750.750.50/dcb47481jw8ezjtm0k35zj20ku0kvwf8.jpg?KID=imgbed,tva&Expires=1584956214&ssig=If5cTMz6Cs",
        "id": "4000940602942238",
        "city": "1",
        "province": "43",
        "friends_count": 153,
        "user_location": "湖南 长沙",
        "mid": "4000940602942238",
        "verified_reason": "",
        "attitudes_count": 8,
        "followers_count": 12,
        "verified_type": -1,
        "statuses_count": 53,
        "parent": null,
        "verified": false,
        "geo": {
            "type": "Point",
            "coordinates": [
                28.197033,
                112.970955
            ]
        },
        "user_created_at": 1375777672,
        "favourites_count": 0,
        "screen_name": "大大大勇_",
        "gender": "m",
        "user_geo_enabled": true,
        "username": "大大大勇_",
        "comments_count": 15,
        "t": 1469382036,
        "video_status_count": 0,
        "urank": 9,
        "user_ability": 33555456,
        "credit_score": 80
    },
    {
        "reposts_count": 0,
        "uid": 3203022835,
        "bi_followers_count": 9,
        "text": "解放西有这么黑吗？有这种夜宵摊吗？脑残哦。搞得人心慌慌的",
        "user_description": "",
        "user_avatar": "https://tva4.sinaimg.cn/crop.0.0.512.512.50/beea3ff3jw8eojv1o9rboj20e80e8t9q.jpg?KID=imgbed,tva&Expires=1584956214&ssig=%2FaH0DDahn%2B",
        "id": "4002209479501257",
        "city": "1",
        "province": "43",
        "friends_count": 83,
        "user_location": "湖南 长沙",
        "mid": "4002209479501257",
        "verified_reason": "",
        "attitudes_count": 0,
        "followers_count": 40,
        "verified_type": -1,
        "statuses_count": 1,
        "parent": "4000940602942238",
        "verified": false,
        "geo": {
            "type": "Point",
            "coordinates": [
                28.197033,
                112.970955
            ]
        },
        "user_created_at": 1356508064,
        "favourites_count": 8,
        "screen_name": "_____话不多",
        "gender": "m",
        "user_geo_enabled": true,
        "username": "_____话不多",
        "comments_count": 0,
        "t": 1469684561,
        "video_status_count": 0,
        "urank": 10,
        "user_ability": 0,
        "credit_score": 80
    },
    {
        "reposts_count": 0,
        "uid": 1859419992,
        "bi_followers_count": 111,
        "text": "这个很明显是夜宵摊边上的",
        "user_description": "双鱼座",
        "user_avatar": "https://tvax3.sinaimg.cn/crop.0.0.1080.1080.50/6ed47f58ly8g5y7nldzryj20u00u00z4.jpg?KID=imgbed,tva&Expires=1584956214&ssig=tL7E3tKAe%2B",
        "id": "4001126758591757",
        "city": "5",
        "province": "43",
        "friends_count": 204,
        "user_location": "湖南 邵阳",
        "mid": "4001126758591757",
        "verified_reason": "",
        "attitudes_count": 0,
        "followers_count": 1974,
        "verified_type": 220,
        "statuses_count": 56,
        "parent": "4000940602942238",
        "verified": false,
        "geo": {
            "type": "Point",
            "coordinates": [
                28.197033,
                112.970955
            ]
        },
        "user_created_at": 1303525221,
        "favourites_count": 19,
        "screen_name": "黎博1994",
        "gender": "m",
        "user_geo_enabled": true,
        "username": "黎博1994",
        "comments_count": 0,
        "t": 1469426419,
        "video_status_count": 0,
        "urank": 27,
        "user_ability": 2098176,
        "credit_score": 80
    },
    {
        "reposts_count": 0,
        "uid": 1636764807,
        "bi_followers_count": 363,
        "text": "回复@小狐狸妖妖:处理这种人",
        "user_description": "毕业于北大计算机专业  （青鸟）两字省略  爱测评工作室",
        "user_avatar": "https://tva4.sinaimg.cn/crop.0.0.996.996.50/618f0c87jw8fbhdgfkywtj20ro0rogmw.jpg?KID=imgbed,tva&Expires=1584956214&ssig=7%2BSjESEM4R",
        "id": "4001061477999443",
        "city": "1000",
        "province": "44",
        "friends_count": 698,
        "user_location": "广东",
        "mid": "4001061477999443",
        "verified_reason": "数码博主",
        "attitudes_count": 0,
        "followers_count": 1203,
        "verified_type": 0,
        "statuses_count": 10278,
        "parent": "4000940602942238",
        "verified": true,
        "geo": {
            "type": "Point",
            "coordinates": [
                28.197033,
                112.970955
            ]
        },
        "user_created_at": 1272294999,
        "favourites_count": 560,
        "screen_name": "愛德歡同學",
        "gender": "m",
        "user_geo_enabled": true,
        "username": "愛德歡同學",
        "comments_count": 0,
        "t": 1469410855,
        "video_status_count": 0,
        "urank": 43,
        "user_ability": 3147776,
        "credit_score": 80
    },
    {
        "reposts_count": 0,
        "uid": 1636764807,
        "bi_followers_count": 363,
        "text": "举报你",
        "user_description": "毕业于北大计算机专业  （青鸟）两字省略  爱测评工作室",
        "user_avatar": "https://tva4.sinaimg.cn/crop.0.0.996.996.50/618f0c87jw8fbhdgfkywtj20ro0rogmw.jpg?KID=imgbed,tva&Expires=1584956214&ssig=7%2BSjESEM4R",
        "id": "4001061271787074",
        "city": "1000",
        "province": "44",
        "friends_count": 698,
        "user_location": "广东",
        "mid": "4001061271787074",
        "verified_reason": "数码博主",
        "attitudes_count": 0,
        "followers_count": 1203,
        "verified_type": 0,
        "statuses_count": 10278,
        "parent": "4000940602942238",
        "verified": true,
        "geo": {
            "type": "Point",
            "coordinates": [
                28.197033,
                112.970955
            ]
        },
        "user_created_at": 1272294999,
        "favourites_count": 560,
        "screen_name": "愛德歡同學",
        "gender": "m",
        "user_geo_enabled": true,
        "username": "愛德歡同學",
        "comments_count": 0,
        "t": 1469410807,
        "video_status_count": 0,
        "urank": 43,
        "user_ability": 3147776,
        "credit_score": 80
    },
    {
        "reposts_count": 0,
        "uid": 5822978588,
        "bi_followers_count": 1,
        "text": "唯恐天下不乱，搞得人心惶惶",
        "user_description": "",
        "user_avatar": "https://tvax2.sinaimg.cn/crop.0.0.1080.1080.50/006m4CJuly8g8ykfr105nj30u00u0acv.jpg?KID=imgbed,tva&Expires=1584956214&ssig=xeeC%2Fbi3iK",
        "id": "4001059694922096",
        "city": "1000",
        "province": "43",
        "friends_count": 192,
        "user_location": "湖南",
        "mid": "4001059694922096",
        "verified_reason": "",
        "attitudes_count": 0,
        "followers_count": 60,
        "verified_type": -1,
        "statuses_count": 214,
        "parent": "4000940602942238",
        "verified": false,
        "geo": {
            "type": "Point",
            "coordinates": [
                28.197033,
                112.970955
            ]
        },
        "user_created_at": 1452000954,
        "favourites_count": 3,
        "screen_name": "岳麓不败",
        "gender": "m",
        "user_geo_enabled": true,
        "username": "岳麓不败",
        "comments_count": 0,
        "t": 1469410431,
        "video_status_count": 0,
        "urank": 9,
        "user_ability": 33554432,
        "credit_score": 80
    },
    {
        "reposts_count": 0,
        "uid": 5072045996,
        "bi_followers_count": 28,
        "text": "假图 辟谣",
        "user_description": "不善于交际 也没兴趣认识你",
        "user_avatar": "https://tvax3.sinaimg.cn/crop.0.0.996.996.50/005xfMRuly8fxn8dmb7ufj30ro0rote4.jpg?KID=imgbed,tva&Expires=1584956214&ssig=A8awJljn2l",
        "id": "4001057393083647",
        "city": "1",
        "province": "43",
        "friends_count": 62,
        "user_location": "湖南 长沙",
        "mid": "4001057393083647",
        "verified_reason": "",
        "attitudes_count": 0,
        "followers_count": 331,
        "verified_type": -1,
        "statuses_count": 21,
        "parent": "4000940602942238",
        "verified": false,
        "geo": {
            "type": "Point",
            "coordinates": [
                28.197033,
                112.970955
            ]
        },
        "user_created_at": 1394865763,
        "favourites_count": 0,
        "screen_name": "树袋熊inL",
        "gender": "f",
        "user_geo_enabled": true,
        "username": "树袋熊inL",
        "comments_count": 0,
        "t": 1469409881,
        "video_status_count": 0,
        "urank": 14,
        "user_ability": 34604032,
        "credit_score": 80
    },
    {
        "reposts_count": 0,
        "uid": 3227107865,
        "bi_followers_count": 46,
        "text": "假的啦，我现在看到这种都是见一个举报一个，并不觉得长沙因为这种事情上热门有什么值得自豪的，搞得好像长沙治安很差走大街上随时会被砍死似的",
        "user_description": "我是水做的。",
        "user_avatar": "https://tva1.sinaimg.cn/crop.0.8.496.496.50/c059c219jw8fcb3xuv4ksj20ds0e80t7.jpg?KID=imgbed,tva&Expires=1584956214&ssig=2voTBprAXd",
        "id": "4001057228761159",
        "city": "1",
        "province": "43",
        "friends_count": 98,
        "user_location": "湖南 长沙",
        "mid": "4001057228761159",
        "verified_reason": "",
        "attitudes_count": 0,
        "followers_count": 238,
        "verified_type": -1,
        "statuses_count": 137,
        "parent": "4000940602942238",
        "verified": false,
        "geo": {
            "type": "Point",
            "coordinates": [
                28.197033,
                112.970955
            ]
        },
        "user_created_at": 1359175484,
        "favourites_count": 213,
        "screen_name": "我才不是肉做的",
        "gender": "f",
        "user_geo_enabled": false,
        "username": "我才不是肉做的",
        "comments_count": 0,
        "t": 1469409841,
        "video_status_count": 0,
        "urank": 27,
        "user_ability": 35913728,
        "credit_score": 80
    },
    {
        "reposts_count": 0,
        "uid": 1552335251,
        "bi_followers_count": 7,
        "text": "你要把我吓死了[泪]",
        "user_description": "初恋这件小事",
        "user_avatar": "https://tvax4.sinaimg.cn/crop.0.0.640.640.50/5c86c193ly8fhwhf22cafj20hs0hsq3y.jpg?KID=imgbed,tva&Expires=1584956214&ssig=82TteRCan9",
        "id": "4001041777582906",
        "city": "1000",
        "province": "32",
        "friends_count": 504,
        "user_location": "江苏",
        "mid": "4001041777582906",
        "verified_reason": "",
        "attitudes_count": 0,
        "followers_count": 234,
        "verified_type": -1,
        "statuses_count": 230,
        "parent": "4000940602942238",
        "verified": false,
        "geo": {
            "type": "Point",
            "coordinates": [
                28.197033,
                112.970955
            ]
        },
        "user_created_at": 1277818680,
        "favourites_count": 4,
        "screen_name": "小南人的小日子",
        "gender": "m",
        "user_geo_enabled": true,
        "username": "小南人的小日子",
        "comments_count": 0,
        "t": 1469406158,
        "video_status_count": 0,
        "urank": 14,
        "user_ability": 35652608,
        "credit_score": 78
    },
    {
        "reposts_count": 0,
        "uid": 2283249105,
        "bi_followers_count": 26,
        "text": "@长沙网警巡查执法 @湖南网警巡查执法",
        "user_description": "展望未来，挣脱过去，当下使劲。",
        "user_avatar": "https://tva2.sinaimg.cn/crop.0.0.664.664.50/88179dd1jw8fajtlb4x0dj20ig0ig3zy.jpg?KID=imgbed,tva&Expires=1584956214&ssig=hP0uKkupcG",
        "id": "4001041144026491",
        "city": "1",
        "province": "43",
        "friends_count": 106,
        "user_location": "湖南 长沙",
        "mid": "4001041144026491",
        "verified_reason": "",
        "attitudes_count": 0,
        "followers_count": 182,
        "verified_type": 220,
        "statuses_count": 491,
        "parent": "4000940602942238",
        "verified": false,
        "geo": {
            "type": "Point",
            "coordinates": [
                28.197033,
                112.970955
            ]
        },
        "user_created_at": 1365771148,
        "favourites_count": 4,
        "screen_name": "采蘑菇的小姑娘是你装的吗",
        "gender": "m",
        "user_geo_enabled": true,
        "username": "采蘑菇的小姑娘是你装的吗",
        "comments_count": 0,
        "t": 1469406007,
        "video_status_count": 0,
        "urank": 13,
        "user_ability": 33555456,
        "credit_score": 80
    },
    {
        "reposts_count": 0,
        "uid": 3095472173,
        "bi_followers_count": 94,
        "text": "@长沙网警巡逻执法",
        "user_description": "🖤Brainy is the new SEXY .🍀",
        "user_avatar": "https://tvax3.sinaimg.cn/crop.0.0.1080.1080.50/b881282dly8g8ukzu87mkj20u00u078w.jpg?KID=imgbed,tva&Expires=1584956214&ssig=vBmCFeFayJ",
        "id": "4001034395152540",
        "city": "1",
        "province": "400",
        "friends_count": 1332,
        "user_location": "海外 美国",
        "mid": "4001034395152540",
        "verified_reason": "",
        "attitudes_count": 0,
        "followers_count": 349,
        "verified_type": -1,
        "statuses_count": 275,
        "parent": "4000940602942238",
        "verified": false,
        "geo": {
            "type": "Point",
            "coordinates": [
                28.197033,
                112.970955
            ]
        },
        "user_created_at": 1352197753,
        "favourites_count": 285,
        "screen_name": "狮子女大王-",
        "gender": "f",
        "user_geo_enabled": true,
        "username": "狮子女大王-",
        "comments_count": 0,
        "t": 1469404398,
        "video_status_count": 0,
        "urank": 25,
        "user_ability": 36700160,
        "credit_score": 80
    },
    {
        "reposts_count": 0,
        "uid": 5254537642,
        "bi_followers_count": 12,
        "text": "有流血的图都是假的，长沙的群架只受了点伤也没有人用刀，大家不要被谣言骗了",
        "user_description": "",
        "user_avatar": "https://tva2.sinaimg.cn/crop.0.0.996.996.50/005JBvh8jw8f870fvpkkhj30ro0rpwhd.jpg?KID=imgbed,tva&Expires=1584956214&ssig=9SHHz%2FNt5%2B",
        "id": "4001033539102960",
        "city": "1",
        "province": "33",
        "friends_count": 153,
        "user_location": "浙江 杭州",
        "mid": "4001033539102960",
        "verified_reason": "",
        "attitudes_count": 0,
        "followers_count": 45,
        "verified_type": -1,
        "statuses_count": 176,
        "parent": "4000940602942238",
        "verified": false,
        "geo": {
            "type": "Point",
            "coordinates": [
                28.197033,
                112.970955
            ]
        },
        "user_created_at": 1408954394,
        "favourites_count": 28,
        "screen_name": "傲娇不需要昵称",
        "gender": "f",
        "user_geo_enabled": true,
        "username": "傲娇不需要昵称",
        "comments_count": 0,
        "t": 1469404195,
        "video_status_count": 0,
        "urank": 14,
        "user_ability": 35652608,
        "credit_score": 80
    },
    {
        "reposts_count": 0,
        "uid": 5603715848,
        "bi_followers_count": 6,
        "text": "文不对图",
        "user_description": "",
        "user_avatar": "https://tvax3.sinaimg.cn/crop.0.0.750.750.50/0067eCtGly8fle38xpbpoj30ku0kujrs.jpg?KID=imgbed,tva&Expires=1584956214&ssig=p3MoAPWIbl",
        "id": "4001026875468532",
        "city": "1000",
        "province": "43",
        "friends_count": 259,
        "user_location": "湖南",
        "mid": "4001026875468532",
        "verified_reason": "",
        "attitudes_count": 0,
        "followers_count": 75,
        "verified_type": -1,
        "statuses_count": 216,
        "parent": "4000940602942238",
        "verified": false,
        "geo": {
            "type": "Point",
            "coordinates": [
                28.197033,
                112.970955
            ]
        },
        "user_created_at": 1435649001,
        "favourites_count": 2,
        "screen_name": "我喜欢大海而你确喜欢浪",
        "gender": "m",
        "user_geo_enabled": true,
        "username": "我喜欢大海而你确喜欢浪",
        "comments_count": 0,
        "t": 1469402605,
        "video_status_count": 0,
        "urank": 9,
        "user_ability": 1024,
        "credit_score": 80
    },
    {
        "reposts_count": 0,
        "uid": 1296313020,
        "bi_followers_count": 34,
        "text": "@长沙网警巡查执法",
        "user_description": "我磕的CP都是真的，别BB",
        "user_avatar": "https://tva4.sinaimg.cn/crop.0.0.1010.1010.50/4d442abcjw8f7qtz165e2j20s20s2t9u.jpg?KID=imgbed,tva&Expires=1584956214&ssig=aVezc%2FJqpk",
        "id": "4001026593384708",
        "city": "1000",
        "province": "100",
        "friends_count": 165,
        "user_location": "其他",
        "mid": "4001026593384708",
        "verified_reason": "",
        "attitudes_count": 0,
        "followers_count": 141,
        "verified_type": -1,
        "statuses_count": 1551,
        "parent": "4000940602942238",
        "verified": false,
        "geo": {
            "type": "Point",
            "coordinates": [
                28.197033,
                112.970955
            ]
        },
        "user_created_at": 1281535591,
        "favourites_count": 96,
        "screen_name": "小狐狸妖妖",
        "gender": "f",
        "user_geo_enabled": false,
        "username": "小狐狸妖妖",
        "comments_count": 0,
        "t": 1469402539,
        "video_status_count": 0,
        "urank": 24,
        "user_ability": 2097152,
        "credit_score": 80
    },
    {
        "reposts_count": 0,
        "uid": 5448807606,
        "bi_followers_count": 45,
        "text": "假图",
        "user_description": "",
        "user_avatar": "https://tvax2.sinaimg.cn/crop.0.0.828.828.50/005WKDLEly8gd19y1mmx4j30n00n0407.jpg?KID=imgbed,tva&Expires=1584956214&ssig=Wor13SFvDP",
        "id": "4000942682350048",
        "city": "1000",
        "province": "43",
        "friends_count": 269,
        "user_location": "湖南",
        "mid": "4000942682350048",
        "verified_reason": "",
        "attitudes_count": 0,
        "followers_count": 1142,
        "verified_type": -1,
        "statuses_count": 33,
        "parent": "4000940602942238",
        "verified": false,
        "geo": {
            "type": "Point",
            "coordinates": [
                28.197033,
                112.970955
            ]
        },
        "user_created_at": 1419734699,
        "favourites_count": 12,
        "screen_name": "伊泽男仆",
        "gender": "m",
        "user_geo_enabled": true,
        "username": "伊泽男仆",
        "comments_count": 0,
        "t": 1469382532,
        "video_status_count": 0,
        "urank": 30,
        "user_ability": 1024,
        "credit_score": 79
    }
]