[
    {
        "reposts_count": 6,
        "uid": 5642257495,
        "bi_followers_count": 9,
        "text": "#长沙酒吧##长沙菲比# 长沙圈⭕又乱了！第一新闻：长沙解放西缪斯酒吧和菲比酒吧因为停车位，百人互殴，现在已有警方干预，且丢了催泪瓦斯！现场难已控制 ​",
        "user_description": "中华区：微信18363230909  13581122450",
        "user_avatar": "https://tvax1.sinaimg.cn/crop.0.0.512.512.50/0069QkV9ly8g7ag4ibziqj30e80e8dg9.jpg?KID=imgbed,tva&Expires=1584956212&ssig=BlchY9AEFH",
        "id": "4000929327485003",
        "city": "1000",
        "province": "11",
        "friends_count": 353,
        "user_location": "北京",
        "mid": "4000929327485003",
        "verified_reason": "时尚博主",
        "attitudes_count": 27,
        "followers_count": 76452,
        "verified_type": 0,
        "statuses_count": 1270,
        "parent": null,
        "verified": true,
        "geo": null,
        "user_created_at": 1435478031,
        "favourites_count": 13,
        "screen_name": "泰国RAY芮一蚕丝面膜股东",
        "gender": "f",
        "user_geo_enabled": true,
        "username": "泰国RAY芮一蚕丝面膜股东",
        "comments_count": 33,
        "t": 1469379348,
        "video_status_count": 0,
        "urank": 33,
        "user_ability": 2359816,
        "credit_score": 80
    },
    {
        "reposts_count": 0,
        "uid": 5203774611,
        "bi_followers_count": 4,
        "text": "这还不实消息，明明就是真的，要不是老板什么的有点人脉的话是压不住的，都没上新闻这还算好的了",
        "user_description": "微博是我的秘密集中营",
        "user_avatar": "https://tva4.sinaimg.cn/crop.0.0.664.664.50/005Gavuzjw8f0lduc5z86j30ig0ig0sy.jpg?KID=imgbed,tva&Expires=1584956212&ssig=vomK2qDHIK",
        "id": "4010621345124905",
        "city": "5",
        "province": "43",
        "friends_count": 198,
        "user_location": "湖南 邵阳",
        "mid": "4010621345124905",
        "verified_reason": "",
        "attitudes_count": 0,
        "followers_count": 20,
        "verified_type": -1,
        "statuses_count": 128,
        "parent": "4000929327485003",
        "verified": false,
        "geo": null,
        "user_created_at": 1404460189,
        "favourites_count": 1,
        "screen_name": "Crystal梦Ni",
        "gender": "f",
        "user_geo_enabled": true,
        "username": "Crystal梦Ni",
        "comments_count": 0,
        "t": 1471690105,
        "video_status_count": 0,
        "urank": 9,
        "user_ability": 0,
        "credit_score": 80
    },
    {
        "reposts_count": 0,
        "uid": 5015998621,
        "bi_followers_count": 14,
        "text": "什么叫又乱了？举报",
        "user_description": "吃好喝好，长生不老🌟",
        "user_avatar": "https://tvax4.sinaimg.cn/crop.0.0.1080.1080.50/005tsCnzly8gciw2c6canj30u00u00wr.jpg?KID=imgbed,tva&Expires=1584956212&ssig=wMsThXRzv7",
        "id": "4001108865649764",
        "city": "1",
        "province": "33",
        "friends_count": 245,
        "user_location": "浙江 杭州",
        "mid": "4001108865649764",
        "verified_reason": "",
        "attitudes_count": 0,
        "followers_count": 569,
        "verified_type": -1,
        "statuses_count": 319,
        "parent": "4000929327485003",
        "verified": false,
        "geo": null,
        "user_created_at": 1390886545,
        "favourites_count": 46,
        "screen_name": "你又是哪个土豆",
        "gender": "f",
        "user_geo_enabled": true,
        "username": "你又是哪个土豆",
        "comments_count": 0,
        "t": 1469422153,
        "video_status_count": 0,
        "urank": 34,
        "user_ability": 2360320,
        "credit_score": 80
    },
    {
        "reposts_count": 0,
        "uid": 5310038743,
        "bi_followers_count": 8,
        "text": "@湖南网警巡查执法",
        "user_description": "",
        "user_avatar": "https://tva3.sinaimg.cn/crop.0.0.996.996.50/005NmnEbjw8farwbsfmsvj30ro0rogm0.jpg?KID=imgbed,tva&Expires=1584956212&ssig=k8QGg3Vn1%2B",
        "id": "4001083326144949",
        "city": "1",
        "province": "400",
        "friends_count": 373,
        "user_location": "海外 美国",
        "mid": "4001083326144949",
        "verified_reason": "",
        "attitudes_count": 0,
        "followers_count": 44,
        "verified_type": -1,
        "statuses_count": 5,
        "parent": "4000929327485003",
        "verified": false,
        "geo": null,
        "user_created_at": 1411968999,
        "favourites_count": 45,
        "screen_name": "acc05_56651",
        "gender": "m",
        "user_geo_enabled": true,
        "username": "acc05_56651",
        "comments_count": 0,
        "t": 1469416064,
        "video_status_count": 0,
        "urank": 9,
        "user_ability": 1024,
        "credit_score": 80
    },
    {
        "reposts_count": 0,
        "uid": 5620202648,
        "bi_followers_count": 3,
        "text": "[喵喵][喵喵]",
        "user_description": "各种浪，各种浪",
        "user_avatar": "https://tva4.sinaimg.cn/crop.0.0.100.100.50/0068lNrOjw8esl753rbtgj302s02smwy.jpg?KID=imgbed,tva&Expires=1584956212&ssig=7i5y7ndKsI",
        "id": "4001067358156877",
        "city": "3",
        "province": "44",
        "friends_count": 212,
        "user_location": "广东 深圳",
        "mid": "4001067358156877",
        "verified_reason": "",
        "attitudes_count": 0,
        "followers_count": 28,
        "verified_type": -1,
        "statuses_count": 60,
        "parent": "4000929327485003",
        "verified": false,
        "geo": null,
        "user_created_at": 1432887697,
        "favourites_count": 3,
        "screen_name": "黄阿鑫15614",
        "gender": "m",
        "user_geo_enabled": true,
        "username": "黄阿鑫15614",
        "comments_count": 0,
        "t": 1469412255,
        "video_status_count": 0,
        "urank": 9,
        "user_ability": 2098176,
        "credit_score": 80
    },
    {
        "reposts_count": 0,
        "uid": 1018003715,
        "bi_followers_count": 16,
        "text": "别忘记举报",
        "user_description": "日本产品一律直邮！V：gdl15999975",
        "user_avatar": "https://tvax1.sinaimg.cn/crop.0.26.1242.1242.50/3cad8103ly8fhv8qfh3sbj20yi0zy0v3.jpg?KID=imgbed,tva&Expires=1584956212&ssig=HWcCxQ0pgm",
        "id": "4001057988074072",
        "city": "1000",
        "province": "400",
        "friends_count": 412,
        "user_location": "海外",
        "mid": "4001057988074072",
        "verified_reason": "",
        "attitudes_count": 0,
        "followers_count": 8229,
        "verified_type": -1,
        "statuses_count": 4431,
        "parent": "4000929327485003",
        "verified": false,
        "geo": null,
        "user_created_at": 1393957160,
        "favourites_count": 11,
        "screen_name": "高端保养",
        "gender": "f",
        "user_geo_enabled": true,
        "username": "高端保养",
        "comments_count": 0,
        "t": 1469410022,
        "video_status_count": 0,
        "urank": 14,
        "user_ability": 2359296,
        "credit_score": 80
    },
    {
        "reposts_count": 0,
        "uid": 5533997542,
        "bi_followers_count": 1,
        "text": "图片评论 http://t.cn/Rt4pzPv",
        "user_description": "",
        "user_avatar": "https://tva3.sinaimg.cn/crop.0.1.750.750.50/0062w5ySjw8epkmwmn39sj30ku0kw0t7.jpg?KID=imgbed,tva&Expires=1584956212&ssig=DaKpnYLxE2",
        "id": "4001049906269955",
        "city": "1",
        "province": "65",
        "friends_count": 224,
        "user_location": "新疆 乌鲁木齐",
        "mid": "4001049906269955",
        "verified_reason": "",
        "attitudes_count": 0,
        "followers_count": 14,
        "verified_type": -1,
        "statuses_count": 0,
        "parent": "4000929327485003",
        "verified": false,
        "geo": null,
        "user_created_at": 1424774284,
        "favourites_count": 1,
        "screen_name": "_金小爷",
        "gender": "f",
        "user_geo_enabled": true,
        "username": "_金小爷",
        "comments_count": 0,
        "t": 1469408095,
        "video_status_count": 0,
        "urank": 9,
        "user_ability": 35652608,
        "credit_score": 80
    },
    {
        "reposts_count": 0,
        "uid": 2951702354,
        "bi_followers_count": 19,
        "text": "别有用心[拜拜]三段视频给剪一块了",
        "user_description": "Sometimes ever，sometimes never",
        "user_avatar": "https://tvax4.sinaimg.cn/crop.0.0.996.996.50/afef6752ly8fpnx12gm4aj20ro0ro77m.jpg?KID=imgbed,tva&Expires=1584956212&ssig=nbJL7nXRhP",
        "id": "4001031388243131",
        "city": "1000",
        "province": "35",
        "friends_count": 88,
        "user_location": "福建",
        "mid": "4001031388243131",
        "verified_reason": "",
        "attitudes_count": 0,
        "followers_count": 89,
        "verified_type": -1,
        "statuses_count": 197,
        "parent": "4000929327485003",
        "verified": false,
        "geo": null,
        "user_created_at": 1345028432,
        "favourites_count": 36,
        "screen_name": "南梦猇",
        "gender": "m",
        "user_geo_enabled": false,
        "username": "南梦猇",
        "comments_count": 0,
        "t": 1469403680,
        "video_status_count": 0,
        "urank": 14,
        "user_ability": 35913728,
        "credit_score": 80
    },
    {
        "reposts_count": 0,
        "uid": 5937005964,
        "bi_followers_count": 4,
        "text": "这都是真的吗？",
        "user_description": "宝宝们 你的手机在叫你给它们穿上衣服",
        "user_avatar": "https://tvax3.sinaimg.cn/crop.0.0.996.996.50/006tN4sIly8ffcvtdw1oij30ro0rptax.jpg?KID=imgbed,tva&Expires=1584956212&ssig=%2FWimm5hDoF",
        "id": "4001027415580240",
        "city": "1000",
        "province": "32",
        "friends_count": 420,
        "user_location": "江苏",
        "mid": "4001027415580240",
        "verified_reason": "",
        "attitudes_count": 0,
        "followers_count": 52,
        "verified_type": -1,
        "statuses_count": 595,
        "parent": "4000929327485003",
        "verified": false,
        "geo": null,
        "user_created_at": 1463879861,
        "favourites_count": 11,
        "screen_name": "现代limm",
        "gender": "f",
        "user_geo_enabled": true,
        "username": "现代limm",
        "comments_count": 0,
        "t": 1469402735,
        "video_status_count": 0,
        "urank": 9,
        "user_ability": 3408896,
        "credit_score": 80
    },
    {
        "reposts_count": 0,
        "uid": 5075914128,
        "bi_followers_count": 75,
        "text": "举报一波",
        "user_description": "走路不带风的运营男子！！！",
        "user_avatar": "https://tvax1.sinaimg.cn/crop.212.147.600.600.50/005xw18Ily8g06x9zwpg7j30tz0u0jtx.jpg?KID=imgbed,tva&Expires=1584956212&ssig=w0j8Wz9KeK",
        "id": "4001014330338978",
        "city": "16",
        "province": "31",
        "friends_count": 246,
        "user_location": "上海 金山区",
        "mid": "4001014330338978",
        "verified_reason": "",
        "attitudes_count": 0,
        "followers_count": 252,
        "verified_type": -1,
        "statuses_count": 685,
        "parent": "4000929327485003",
        "verified": false,
        "geo": null,
        "user_created_at": 1395143502,
        "favourites_count": 1,
        "screen_name": "努力努力奋斗华",
        "gender": "m",
        "user_geo_enabled": true,
        "username": "努力努力奋斗华",
        "comments_count": 0,
        "t": 1469399614,
        "video_status_count": 0,
        "urank": 31,
        "user_ability": 3407872,
        "credit_score": 78
    },
    {
        "reposts_count": 0,
        "uid": 1084525103,
        "bi_followers_count": 27,
        "text": "看了评论，博主真是乱来，带脑子里吗？",
        "user_description": "没有简介的简介",
        "user_avatar": "https://tvax2.sinaimg.cn/crop.0.10.750.750.50/40a48a2fly8fdx4w82kcxj20ku0lfmyn.jpg?KID=imgbed,tva&Expires=1584956212&ssig=C5S2dZXoAs",
        "id": "4001002841102865",
        "city": "1000",
        "province": "100",
        "friends_count": 578,
        "user_location": "其他",
        "mid": "4001002841102865",
        "verified_reason": "",
        "attitudes_count": 0,
        "followers_count": 260,
        "verified_type": -1,
        "statuses_count": 41,
        "parent": "4000929327485003",
        "verified": false,
        "geo": null,
        "user_created_at": 1335335302,
        "favourites_count": 6,
        "screen_name": "想弄个昵称怎么这么难呢",
        "gender": "f",
        "user_geo_enabled": true,
        "username": "想弄个昵称怎么这么难呢",
        "comments_count": 0,
        "t": 1469396876,
        "video_status_count": 0,
        "urank": 24,
        "user_ability": 2097152,
        "credit_score": 80
    },
    {
        "reposts_count": 0,
        "uid": 1772810610,
        "bi_followers_count": 269,
        "text": "@长沙网警巡查执法 [微笑]",
        "user_description": "分享我爱的港乐     ❤️ Love is Live ❤️",
        "user_avatar": "https://tvax3.sinaimg.cn/crop.0.13.750.750.50/69aaf172ly8fja026a1gnj20ku0lk3z3.jpg?KID=imgbed,tva&Expires=1584956212&ssig=Q5CxC%2Bg%2BPV",
        "id": "4000998559636063",
        "city": "1000",
        "province": "42",
        "friends_count": 514,
        "user_location": "湖北",
        "mid": "4000998559636063",
        "verified_reason": "音乐博主",
        "attitudes_count": 0,
        "followers_count": 3085,
        "verified_type": 0,
        "statuses_count": 805,
        "parent": "4000929327485003",
        "verified": true,
        "geo": null,
        "user_created_at": 1286031914,
        "favourites_count": 540,
        "screen_name": "Aspirin喵",
        "gender": "f",
        "user_geo_enabled": true,
        "username": "Aspirin喵",
        "comments_count": 0,
        "t": 1469395854,
        "video_status_count": 0,
        "urank": 48,
        "user_ability": 2359296,
        "credit_score": 80
    },
    {
        "reposts_count": 0,
        "uid": 5848327557,
        "bi_followers_count": 2,
        "text": "造谣可以死一死",
        "user_description": "专注自己玩",
        "user_avatar": "https://tva1.sinaimg.cn/crop.184.93.634.634.50/006nMZ9Pjw8f1jofuwif9j30sg0lcadx.jpg?KID=imgbed,tva&Expires=1584956212&ssig=6c6MzM9PpP",
        "id": "4000993433673256",
        "city": "5",
        "province": "31",
        "friends_count": 218,
        "user_location": "上海 长宁区",
        "mid": "4000993433673256",
        "verified_reason": "",
        "attitudes_count": 0,
        "followers_count": 39,
        "verified_type": -1,
        "statuses_count": 265,
        "parent": "4000929327485003",
        "verified": false,
        "geo": null,
        "user_created_at": 1454489459,
        "favourites_count": 74,
        "screen_name": "LH科科Theresa",
        "gender": "f",
        "user_geo_enabled": true,
        "username": "LH科科Theresa",
        "comments_count": 0,
        "t": 1469394632,
        "video_status_count": 0,
        "urank": 9,
        "user_ability": 2097152,
        "credit_score": 80
    },
    {
        "reposts_count": 0,
        "uid": 5848957301,
        "bi_followers_count": 1,
        "text": "第九张是重庆、今天重庆vs永昌",
        "user_description": "呵呵",
        "user_avatar": "https://tva3.sinaimg.cn/crop.0.0.750.750.50/006nPCYZjw8fcrp4jxmwyj30ku0kumy3.jpg?KID=imgbed,tva&Expires=1584956212&ssig=%2Fu6Xm1oRGy",
        "id": "4000988580507398",
        "city": "1000",
        "province": "50",
        "friends_count": 123,
        "user_location": "重庆",
        "mid": "4000988580507398",
        "verified_reason": "",
        "attitudes_count": 0,
        "followers_count": 16,
        "verified_type": -1,
        "statuses_count": 23,
        "parent": "4000929327485003",
        "verified": false,
        "geo": null,
        "user_created_at": 1454594934,
        "favourites_count": 1,
        "screen_name": "杨杨杨杨杨疯子疯子",
        "gender": "f",
        "user_geo_enabled": true,
        "username": "杨杨杨杨杨疯子疯子",
        "comments_count": 0,
        "t": 1469393476,
        "video_status_count": 0,
        "urank": 9,
        "user_ability": 1024,
        "credit_score": 80
    },
    {
        "reposts_count": 0,
        "uid": 3936196147,
        "bi_followers_count": 22,
        "text": "第八张是桃江好吗",
        "user_description": "可爱小选手",
        "user_avatar": "https://tvax4.sinaimg.cn/crop.10.0.492.492.50/ea9d9633ly8fkcfnvkba6j20e80doaae.jpg?KID=imgbed,tva&Expires=1584956212&ssig=sjvB1bDFy7",
        "id": "4000985682695493",
        "city": "1000",
        "province": "100",
        "friends_count": 167,
        "user_location": "其他",
        "mid": "4000985682695493",
        "verified_reason": "",
        "attitudes_count": 0,
        "followers_count": 6353,
        "verified_type": -1,
        "statuses_count": 62,
        "parent": "4000929327485003",
        "verified": false,
        "geo": null,
        "user_created_at": 1386490179,
        "favourites_count": 53,
        "screen_name": "口天羽廾女单w",
        "gender": "f",
        "user_geo_enabled": true,
        "username": "口天羽廾女单w",
        "comments_count": 0,
        "t": 1469392784,
        "video_status_count": 0,
        "urank": 14,
        "user_ability": 1024,
        "credit_score": 80
    },
    {
        "reposts_count": 0,
        "uid": 3814052655,
        "bi_followers_count": 4,
        "text": "假的，SB别造谣",
        "user_description": "……",
        "user_avatar": "https://tvax3.sinaimg.cn/crop.0.0.960.960.50/e355d32fly8fvvfvap76yj20qo0qotb8.jpg?KID=imgbed,tva&Expires=1584956212&ssig=uwFwvkz5eq",
        "id": "4000984218726629",
        "city": "1000",
        "province": "43",
        "friends_count": 86,
        "user_location": "湖南",
        "mid": "4000984218726629",
        "verified_reason": "",
        "attitudes_count": 0,
        "followers_count": 142,
        "verified_type": -1,
        "statuses_count": 29,
        "parent": "4000929327485003",
        "verified": false,
        "geo": null,
        "user_created_at": 1380033725,
        "favourites_count": 0,
        "screen_name": "龙阴港",
        "gender": "m",
        "user_geo_enabled": true,
        "username": "龙阴港",
        "comments_count": 0,
        "t": 1469392435,
        "video_status_count": 0,
        "urank": 28,
        "user_ability": 1024,
        "credit_score": 80
    },
    {
        "reposts_count": 0,
        "uid": 3483546577,
        "bi_followers_count": 6,
        "text": "不给共产党面子只能进号子",
        "user_description": "著名的精神病人",
        "user_avatar": "https://tva2.sinaimg.cn/crop.0.0.1241.1241.50/cfa2b3d1jw8fazedqaa83j20yi0yhjt9.jpg?KID=imgbed,tva&Expires=1584956212&ssig=p0SjbReaRr",
        "id": "4000982561605590",
        "city": "1000",
        "province": "100",
        "friends_count": 112,
        "user_location": "其他",
        "mid": "4000982561605590",
        "verified_reason": "",
        "attitudes_count": 0,
        "followers_count": 2107,
        "verified_type": -1,
        "statuses_count": 159,
        "parent": "4000929327485003",
        "verified": false,
        "geo": null,
        "user_created_at": 1369186033,
        "favourites_count": 160,
        "screen_name": "噗嗵噗呲噗噗",
        "gender": "m",
        "user_geo_enabled": true,
        "username": "噗嗵噗呲噗噗",
        "comments_count": 0,
        "t": 1469392040,
        "video_status_count": 0,
        "urank": 27,
        "user_ability": 262144,
        "credit_score": 80
    },
    {
        "reposts_count": 0,
        "uid": 1951847455,
        "bi_followers_count": 39,
        "text": "脑子秀逗的一帮人",
        "user_description": "生于安乐，死于忧患",
        "user_avatar": "https://tvax4.sinaimg.cn/crop.0.0.996.996.50/7456d41fly8fvcghz21u5j20ro0ro79p.jpg?KID=imgbed,tva&Expires=1584956212&ssig=jOdB4e2LjM",
        "id": "4000979932656532",
        "city": "1000",
        "province": "45",
        "friends_count": 993,
        "user_location": "广西",
        "mid": "4000979932656532",
        "verified_reason": "",
        "attitudes_count": 0,
        "followers_count": 308,
        "verified_type": -1,
        "statuses_count": 594,
        "parent": "4000929327485003",
        "verified": false,
        "geo": null,
        "user_created_at": 1296891887,
        "favourites_count": 93,
        "screen_name": "小猪蹄子配齐",
        "gender": "f",
        "user_geo_enabled": true,
        "username": "小猪蹄子配齐",
        "comments_count": 0,
        "t": 1469391413,
        "video_status_count": 0,
        "urank": 31,
        "user_ability": 2098176,
        "credit_score": 80
    },
    {
        "reposts_count": 0,
        "uid": 5124827008,
        "bi_followers_count": 14,
        "text": "大半夜看到一群防暴警察扔催泪弹，我还在想卧槽这人山人海清一色红衣服，酒吧群架这阵仗堪比足球闹事啊[doge]  朋友圈自行脑补11集电视剧，一群不在现场的到处喊话死了很多人。直到后来长沙网警的出现，我才知道脑子是个好东西，不是每个人都有[doge]",
        "user_description": "一路向北",
        "user_avatar": "https://tva1.sinaimg.cn/crop.0.2.1242.1242.50/005APfC8jw8f7n0egypskj30yi0ymac8.jpg?KID=imgbed,tva&Expires=1584956212&ssig=UPtzg%2FzdwO",
        "id": "4000968322135922",
        "city": "1",
        "province": "71",
        "friends_count": 88,
        "user_location": "台湾 台北市",
        "mid": "4000968322135922",
        "verified_reason": "",
        "attitudes_count": 0,
        "followers_count": 80,
        "verified_type": -1,
        "statuses_count": 2504,
        "parent": "4000929327485003",
        "verified": false,
        "geo": null,
        "user_created_at": 1407949733,
        "favourites_count": 2,
        "screen_name": "_周杰伦__",
        "gender": "f",
        "user_geo_enabled": false,
        "username": "_周杰伦__",
        "comments_count": 0,
        "t": 1469388645,
        "video_status_count": 0,
        "urank": 33,
        "user_ability": 35651584,
        "credit_score": 80
    },
    {
        "reposts_count": 0,
        "uid": 2051184737,
        "bi_followers_count": 66,
        "text": "造谣是要负责的，请核实信息再发！",
        "user_description": "为人民服务。",
        "user_avatar": "https://tvax1.sinaimg.cn/crop.0.0.1010.1010.50/7a429861ly8fvrmrtjqyjj20s20s2myu.jpg?KID=imgbed,tva&Expires=1584956212&ssig=JcWipEbWpJ",
        "id": "4000966741321026",
        "city": "12",
        "province": "45",
        "friends_count": 195,
        "user_location": "广西 河池",
        "mid": "4000966741321026",
        "verified_reason": "",
        "attitudes_count": 0,
        "followers_count": 346,
        "verified_type": -1,
        "statuses_count": 370,
        "parent": "4000929327485003",
        "verified": false,
        "geo": null,
        "user_created_at": 1301375009,
        "favourites_count": 29,
        "screen_name": "淡档",
        "gender": "m",
        "user_geo_enabled": true,
        "username": "淡档",
        "comments_count": 0,
        "t": 1469388268,
        "video_status_count": 0,
        "urank": 30,
        "user_ability": 262144,
        "credit_score": 80
    },
    {
        "reposts_count": 0,
        "uid": 1601107232,
        "bi_followers_count": 20,
        "text": "图后三张不是的。没人死亡没人重伤。谢谢",
        "user_description": "听说，你曾来过。",
        "user_avatar": "https://tvax2.sinaimg.cn/crop.0.0.996.996.50/5f6ef520ly8ftg6icrh21j20ro0rotb6.jpg?KID=imgbed,tva&Expires=1584956212&ssig=B0cnsrEpED",
        "id": "4000966233129746",
        "city": "1",
        "province": "43",
        "friends_count": 92,
        "user_location": "湖南 长沙",
        "mid": "4000966233129746",
        "verified_reason": "",
        "attitudes_count": 0,
        "followers_count": 2474,
        "verified_type": -1,
        "statuses_count": 186,
        "parent": "4000929327485003",
        "verified": false,
        "geo": null,
        "user_created_at": 1304244527,
        "favourites_count": 1,
        "screen_name": "珠珠珠珠珠珠珠_-",
        "gender": "f",
        "user_geo_enabled": true,
        "username": "珠珠珠珠珠珠珠_-",
        "comments_count": 0,
        "t": 1469388148,
        "video_status_count": 0,
        "urank": 29,
        "user_ability": 2097152,
        "credit_score": 80
    },
    {
        "reposts_count": 0,
        "uid": 2607613261,
        "bi_followers_count": 29,
        "text": "@蘑菇二蛋mgl 图八那是肉雕吧",
        "user_description": "",
        "user_avatar": "https://tvax3.sinaimg.cn/crop.0.0.1080.1080.50/9b6d054dly8g6y78ng3z1j20u00u00uj.jpg?KID=imgbed,tva&Expires=1584956212&ssig=0x9%2B40xEs5",
        "id": "4000966116505210",
        "city": "2",
        "province": "37",
        "friends_count": 48,
        "user_location": "山东 青岛",
        "mid": "4000966116505210",
        "verified_reason": "",
        "attitudes_count": 0,
        "followers_count": 3634,
        "verified_type": -1,
        "statuses_count": 13,
        "parent": "4000929327485003",
        "verified": false,
        "geo": null,
        "user_created_at": 1327539554,
        "favourites_count": 476,
        "screen_name": "周杰伦的琪琪",
        "gender": "f",
        "user_geo_enabled": false,
        "username": "周杰伦的琪琪",
        "comments_count": 0,
        "t": 1469388119,
        "video_status_count": 0,
        "urank": 31,
        "user_ability": 2097152,
        "credit_score": 80
    },
    {
        "reposts_count": 0,
        "uid": 2447885984,
        "bi_followers_count": 87,
        "text": "图八还能活？",
        "user_description": "彻底变了",
        "user_avatar": "https://tvax4.sinaimg.cn/crop.0.0.751.751.50/91e7c6a0ly8g7fpm6xs46j20kv0kvt9l.jpg?KID=imgbed,tva&Expires=1584956212&ssig=W0jSsPd4pw",
        "id": "4000965541388227",
        "city": "1",
        "province": "52",
        "friends_count": 98,
        "user_location": "贵州 贵阳",
        "mid": "4000965541388227",
        "verified_reason": "",
        "attitudes_count": 0,
        "followers_count": 486,
        "verified_type": -1,
        "statuses_count": 329,
        "parent": "4000929327485003",
        "verified": false,
        "geo": null,
        "user_created_at": 1317814033,
        "favourites_count": 22,
        "screen_name": "2020准备买房的小杨",
        "gender": "m",
        "user_geo_enabled": true,
        "username": "2020准备买房的小杨",
        "comments_count": 0,
        "t": 1469387982,
        "video_status_count": 0,
        "urank": 32,
        "user_ability": 33817600,
        "credit_score": 80
    },
    {
        "reposts_count": 0,
        "uid": 2445339567,
        "bi_followers_count": 191,
        "text": "有些图片是同晚重庆比石家庄足球打昌狗事件，以讹传讹",
        "user_description": "老衲的法名叫灏子，任务是专门偷别人的心，每次都让别人痛得死去活来，自己却是没心没肺地洒然一笑！",
        "user_avatar": "https://tvax1.sinaimg.cn/crop.0.0.1242.1242.50/91c0ebafly8ft54plmtcaj20yi0yidiu.jpg?KID=imgbed,tva&Expires=1584956212&ssig=fzUy8%2FyEnV",
        "id": "4000960718692310",
        "city": "1",
        "province": "44",
        "friends_count": 915,
        "user_location": "广东 广州",
        "mid": "4000960718692310",
        "verified_reason": "",
        "attitudes_count": 0,
        "followers_count": 582,
        "verified_type": 220,
        "statuses_count": 1537,
        "parent": "4000929327485003",
        "verified": false,
        "geo": null,
        "user_created_at": 1320382036,
        "favourites_count": 115,
        "screen_name": "七爷主持北理珠话题",
        "gender": "m",
        "user_geo_enabled": true,
        "username": "七爷主持北理珠话题",
        "comments_count": 0,
        "t": 1469386832,
        "video_status_count": 0,
        "urank": 24,
        "user_ability": 35651584,
        "credit_score": 80
    },
    {
        "reposts_count": 0,
        "uid": 2106956950,
        "bi_followers_count": 88,
        "text": "最后一张是重庆奥体足球保卫战  倒数第二张是重庆丈夫抓小三捍卫战",
        "user_description": "留给最爱的说话。",
        "user_avatar": "https://tvax4.sinaimg.cn/crop.0.0.996.996.50/7d959c96ly8g6pndjoqujj20ro0ro0vl.jpg?KID=imgbed,tva&Expires=1584956212&ssig=kJL5pW2HsR",
        "id": "4000940602474889",
        "city": "82",
        "province": "50",
        "friends_count": 281,
        "user_location": "重庆 合川区",
        "mid": "4000940602474889",
        "verified_reason": "",
        "attitudes_count": 0,
        "followers_count": 3925,
        "verified_type": 220,
        "statuses_count": 242,
        "parent": "4000929327485003",
        "verified": false,
        "geo": null,
        "user_created_at": 1303280596,
        "favourites_count": 33,
        "screen_name": "努力做好自己rkbqndrqcs",
        "gender": "f",
        "user_geo_enabled": true,
        "username": "努力做好自己rkbqndrqcs",
        "comments_count": 0,
        "t": 1469382036,
        "video_status_count": 0,
        "urank": 27,
        "user_ability": 262144,
        "credit_score": 80
    },
    {
        "reposts_count": 0,
        "uid": 1226345313,
        "bi_followers_count": 146,
        "text": "【辟谣】最后一张是球迷视频截图。",
        "user_description": "明天会怎么?做好现在眀天和今天没有什么差别，不一样的是你的心变了。",
        "user_avatar": "https://tva4.sinaimg.cn/crop.0.0.180.180.50/49188b61jw1e8qgp5bmzyj2050050aa8.jpg?KID=imgbed,tva&Expires=1584956212&ssig=cGUtfJiLRq",
        "id": "4000936534154963",
        "city": "3",
        "province": "44",
        "friends_count": 1147,
        "user_location": "广东 深圳",
        "mid": "4000936534154963",
        "verified_reason": "",
        "attitudes_count": 0,
        "followers_count": 2176,
        "verified_type": -1,
        "statuses_count": 34476,
        "parent": "4000929327485003",
        "verified": false,
        "geo": null,
        "user_created_at": 1253638249,
        "favourites_count": 503,
        "screen_name": "黑哥骑行音乐",
        "gender": "m",
        "user_geo_enabled": true,
        "username": "黑哥骑行音乐",
        "comments_count": 0,
        "t": 1469381066,
        "video_status_count": 0,
        "urank": 42,
        "user_ability": 8650752,
        "credit_score": 80
    },
    {
        "reposts_count": 0,
        "uid": 1726595173,
        "bi_followers_count": 2697,
        "text": "图片评论 http://t.cn/Rt4Mj7q",
        "user_description": "资深自媒体人",
        "user_avatar": "https://tvax4.sinaimg.cn/crop.0.0.200.200.50/66e9c065ly8ftssn72qbyj205k05kaac.jpg?KID=imgbed,tva&Expires=1584956212&ssig=G2aRYvLyew",
        "id": "4000934708772941",
        "city": "1",
        "province": "11",
        "friends_count": 4010,
        "user_location": "北京 东城区",
        "mid": "4000934708772941",
        "verified_reason": "互联网资讯博主 微博原创视频博主",
        "attitudes_count": 0,
        "followers_count": 1321915,
        "verified_type": 0,
        "statuses_count": 31633,
        "parent": "4000929327485003",
        "verified": true,
        "geo": null,
        "user_created_at": 1270646208,
        "favourites_count": 46,
        "screen_name": "江枫时评",
        "gender": "m",
        "user_geo_enabled": false,
        "username": "江枫时评",
        "comments_count": 0,
        "t": 1469380632,
        "video_status_count": 0,
        "urank": 38,
        "user_ability": 11799048,
        "credit_score": 78
    },
    {
        "reposts_count": 0,
        "uid": 3170150290,
        "bi_followers_count": 68,
        "text": "可怕",
        "user_description": "喜欢太廉价了。",
        "user_avatar": "https://tvax3.sinaimg.cn/crop.0.0.512.512.50/bcf4a792ly8g3v2vgatrpj20e80e874r.jpg?KID=imgbed,tva&Expires=1584956212&ssig=xwnaXF0yS6",
        "id": "4000934550139148",
        "city": "3",
        "province": "35",
        "friends_count": 953,
        "user_location": "福建 莆田",
        "mid": "4000934550139148",
        "verified_reason": "",
        "attitudes_count": 0,
        "followers_count": 329,
        "verified_type": -1,
        "statuses_count": 1869,
        "parent": "4000929327485003",
        "verified": false,
        "geo": null,
        "user_created_at": 1360940305,
        "favourites_count": 61,
        "screen_name": "赛男-Esther",
        "gender": "f",
        "user_geo_enabled": true,
        "username": "赛男-Esther",
        "comments_count": 0,
        "t": 1469380593,
        "video_status_count": 0,
        "urank": 34,
        "user_ability": 2360320,
        "credit_score": 80
    },
    {
        "reposts_count": 0,
        "uid": 1226345313,
        "bi_followers_count": 146,
        "text": "喷的是干粉灭火器[哈哈]",
        "user_description": "明天会怎么?做好现在眀天和今天没有什么差别，不一样的是你的心变了。",
        "user_avatar": "https://tva4.sinaimg.cn/crop.0.0.180.180.50/49188b61jw1e8qgp5bmzyj2050050aa8.jpg?KID=imgbed,tva&Expires=1584956212&ssig=cGUtfJiLRq",
        "id": "4000933115589828",
        "city": "3",
        "province": "44",
        "friends_count": 1147,
        "user_location": "广东 深圳",
        "mid": "4000933115589828",
        "verified_reason": "",
        "attitudes_count": 0,
        "followers_count": 2176,
        "verified_type": -1,
        "statuses_count": 34476,
        "parent": "4000929327485003",
        "verified": false,
        "geo": null,
        "user_created_at": 1253638249,
        "favourites_count": 503,
        "screen_name": "黑哥骑行音乐",
        "gender": "m",
        "user_geo_enabled": true,
        "username": "黑哥骑行音乐",
        "comments_count": 0,
        "t": 1469380251,
        "video_status_count": 0,
        "urank": 42,
        "user_ability": 8650752,
        "credit_score": 80
    },
    {
        "reposts_count": 0,
        "uid": 3914929263,
        "bi_followers_count": 32,
        "text": "坐等明天新闻报道",
        "user_description": "大鹏一日同风起，扶摇直上九万里。",
        "user_avatar": "https://tvax4.sinaimg.cn/crop.0.0.1002.1002.50/e959146fly8g7r1lnfqplj20ru0rudgr.jpg?KID=imgbed,tva&Expires=1584956212&ssig=OY5Y2sOHG%2F",
        "id": "4000931886985487",
        "city": "15",
        "province": "11",
        "friends_count": 230,
        "user_location": "北京 大兴区",
        "mid": "4000931886985487",
        "verified_reason": "",
        "attitudes_count": 0,
        "followers_count": 263,
        "verified_type": -1,
        "statuses_count": 1172,
        "parent": "4000929327485003",
        "verified": false,
        "geo": null,
        "user_created_at": 1385115299,
        "favourites_count": 82,
        "screen_name": "Roc_Ren928",
        "gender": "m",
        "user_geo_enabled": true,
        "username": "Roc_Ren928",
        "comments_count": 0,
        "t": 1469379957,
        "video_status_count": 0,
        "urank": 14,
        "user_ability": 2359296,
        "credit_score": 80
    },
    {
        "reposts_count": 0,
        "uid": 5621231518,
        "bi_followers_count": 39,
        "text": "砍人滴照片就是假滴[怒]搞清楚真正来源再发！",
        "user_description": "对你许久不见     我心心念念",
        "user_avatar": "https://tvax2.sinaimg.cn/crop.0.0.1008.1008.50/0068q76uly8gcd0t49om2j30s00s0764.jpg?KID=imgbed,tva&Expires=1584956212&ssig=Ty4QWLKwUR",
        "id": "4000930023812500",
        "city": "1",
        "province": "43",
        "friends_count": 249,
        "user_location": "湖南 长沙",
        "mid": "4000930023812500",
        "verified_reason": "",
        "attitudes_count": 0,
        "followers_count": 419,
        "verified_type": -1,
        "statuses_count": 190,
        "parent": "4000929327485003",
        "verified": false,
        "geo": null,
        "user_created_at": 1432954484,
        "favourites_count": 1,
        "screen_name": "二五八撒",
        "gender": "m",
        "user_geo_enabled": true,
        "username": "二五八撒",
        "comments_count": 0,
        "t": 1469379514,
        "video_status_count": 0,
        "urank": 14,
        "user_ability": 34866176,
        "credit_score": 80
    }
]