[
    {
        "reposts_count": 0,
        "uid": 5533927503,
        "bi_followers_count": 38,
        "text": "长沙火拼 muse承包了地下停车场，不让菲比停车，菲比搞了五台名车，停在muse门口，muse的人喊菲比的来移车，一言不合就开搞。伤亡好像还是比较严重#长沙##长沙解放西路群架##长沙酒吧# ​",
        "user_description": "蔻辰三十样产品全部现货 办理公司授权 所有产品支持混批！招商合作加✍️工作号 ：yanyan-6789 微博不更新状态！",
        "user_avatar": "https://tvax3.sinaimg.cn/crop.0.0.1080.1080.50/0062vNldly8g0s7mje4mjj30u00u079t.jpg?KID=imgbed,tva&Expires=1584956214&ssig=1U3WcOL%2F%2F9",
        "id": "4000975444437895",
        "city": "4",
        "province": "44",
        "friends_count": 263,
        "user_location": "广东 珠海",
        "mid": "4000975444437895",
        "verified_reason": "",
        "attitudes_count": 2,
        "followers_count": 7085,
        "verified_type": -1,
        "statuses_count": 3390,
        "parent": null,
        "verified": false,
        "geo": null,
        "user_created_at": 1424869340,
        "favourites_count": 1498,
        "screen_name": "蔻辰正品corzen集团",
        "gender": "f",
        "user_geo_enabled": true,
        "username": "蔻辰正品corzen集团",
        "comments_count": 6,
        "t": 1469390343,
        "video_status_count": 0,
        "urank": 38,
        "user_ability": 2359296,
        "credit_score": 80
    },
    {
        "reposts_count": 0,
        "uid": 3227107865,
        "bi_followers_count": 46,
        "text": "已举报",
        "user_description": "我是水做的。",
        "user_avatar": "https://tva1.sinaimg.cn/crop.0.8.496.496.50/c059c219jw8fcb3xuv4ksj20ds0e80t7.jpg?KID=imgbed,tva&Expires=1584956214&ssig=2voTBprAXd",
        "id": "4001058684950659",
        "city": "1",
        "province": "43",
        "friends_count": 98,
        "user_location": "湖南 长沙",
        "mid": "4001058684950659",
        "verified_reason": "",
        "attitudes_count": 0,
        "followers_count": 238,
        "verified_type": -1,
        "statuses_count": 137,
        "parent": "4000975444437895",
        "verified": false,
        "geo": null,
        "user_created_at": 1359175484,
        "favourites_count": 213,
        "screen_name": "我才不是肉做的",
        "gender": "f",
        "user_geo_enabled": false,
        "username": "我才不是肉做的",
        "comments_count": 0,
        "t": 1469410188,
        "video_status_count": 0,
        "urank": 27,
        "user_ability": 35913728,
        "credit_score": 80
    },
    {
        "reposts_count": 0,
        "uid": 5618901649,
        "bi_followers_count": 290,
        "text": "您好，您的本条微博存在不实之处，为避免不实信息的扩散，请您将该微博自行删除。湖南网警提示：根据《计算机信息网络国际联网安全保护管理办法》，利用互联网制作、复制、传播不实信息等扰乱社会秩序的，都属于违法行为。",
        "user_description": "湖南省公安厅网络安全保卫与技术侦察总队。网警巡查执法",
        "user_avatar": "https://tvax3.sinaimg.cn/crop.6.0.807.807.50/0068gkZXly8fqpshqo1grj30mr0mrgrj.jpg?KID=imgbed,tva&Expires=1584956214&ssig=0APF0JrWA5",
        "id": "4001047867463718",
        "city": "1000",
        "province": "43",
        "friends_count": 461,
        "user_location": "湖南",
        "mid": "4001047867463718",
        "verified_reason": "湖南省公安厅网络安全保卫与技术侦察总队",
        "attitudes_count": 0,
        "followers_count": 101931,
        "verified_type": 1,
        "statuses_count": 9231,
        "parent": "4000975444437895",
        "verified": true,
        "geo": null,
        "user_created_at": 1437643255,
        "favourites_count": 135,
        "screen_name": "湖南网警巡查执法",
        "gender": "f",
        "user_geo_enabled": true,
        "username": "湖南网警巡查执法",
        "comments_count": 0,
        "t": 1469407610,
        "video_status_count": 0,
        "urank": 38,
        "user_ability": 547618824,
        "credit_score": 80
    },
    {
        "reposts_count": 0,
        "uid": 5254537642,
        "bi_followers_count": 12,
        "text": "有流血断手脚的图都是假的，长沙的群架只受了点伤也没有人用刀，大家不要被谣言骗了",
        "user_description": "",
        "user_avatar": "https://tva2.sinaimg.cn/crop.0.0.996.996.50/005JBvh8jw8f870fvpkkhj30ro0rpwhd.jpg?KID=imgbed,tva&Expires=1584956214&ssig=9SHHz%2FNt5%2B",
        "id": "4001034542036963",
        "city": "1",
        "province": "33",
        "friends_count": 153,
        "user_location": "浙江 杭州",
        "mid": "4001034542036963",
        "verified_reason": "",
        "attitudes_count": 0,
        "followers_count": 45,
        "verified_type": -1,
        "statuses_count": 176,
        "parent": "4000975444437895",
        "verified": false,
        "geo": null,
        "user_created_at": 1408954394,
        "favourites_count": 28,
        "screen_name": "傲娇不需要昵称",
        "gender": "f",
        "user_geo_enabled": true,
        "username": "傲娇不需要昵称",
        "comments_count": 0,
        "t": 1469404433,
        "video_status_count": 0,
        "urank": 14,
        "user_ability": 35652608,
        "credit_score": 80
    },
    {
        "reposts_count": 0,
        "uid": 5717898719,
        "bi_followers_count": 3,
        "text": "@湖南网警巡查执法",
        "user_description": "",
        "user_avatar": "https://tva4.sinaimg.cn/crop.0.0.750.750.50/006eXIETjw8f5sj5a91cpj30ku0kudhq.jpg?KID=imgbed,tva&Expires=1584956214&ssig=0pZyhYqe3U",
        "id": "4001007392281675",
        "city": "1000",
        "province": "100",
        "friends_count": 285,
        "user_location": "其他",
        "mid": "4001007392281675",
        "verified_reason": "",
        "attitudes_count": 0,
        "followers_count": 37,
        "verified_type": -1,
        "statuses_count": 0,
        "parent": "4000975444437895",
        "verified": false,
        "geo": null,
        "user_created_at": 1443935507,
        "favourites_count": 3,
        "screen_name": "爱吃草莓的小CC",
        "gender": "f",
        "user_geo_enabled": true,
        "username": "爱吃草莓的小CC",
        "comments_count": 0,
        "t": 1469397960,
        "video_status_count": 0,
        "urank": 9,
        "user_ability": 1024,
        "credit_score": 80
    }
]