[
    {
        "reposts_count": 0,
        "uid": 5880285800,
        "bi_followers_count": 5,
        "text": "河南洛阳高铁爆炸 http://t.cn/Rt6W2Dx . ​",
        "user_description": "微d375872166",
        "user_avatar": "https://tva2.sinaimg.cn/crop.12.0.1511.1511.50/006pX4Xmjw8f8nj40w6erj316o15zwh3.jpg?KID=imgbed,tva&Expires=1584956194&ssig=u6llIRFp5Y",
        "id": "4004491499874868",
        "city": "15",
        "province": "37",
        "friends_count": 39,
        "user_location": "山东 聊城",
        "mid": "4004491499874868",
        "verified_reason": "",
        "attitudes_count": 0,
        "followers_count": 75,
        "verified_type": -1,
        "statuses_count": 45,
        "parent": null,
        "verified": false,
        "geo": null,
        "user_created_at": 1457865441,
        "favourites_count": 1,
        "screen_name": "十元开店精致女神皮肤顾问",
        "gender": "f",
        "user_geo_enabled": true,
        "username": "十元开店精致女神皮肤顾问",
        "comments_count": 2,
        "t": 1470228636,
        "video_status_count": 0,
        "urank": 9,
        "user_ability": 0,
        "credit_score": 80
    },
    {
        "reposts_count": 0,
        "uid": 5889494288,
        "bi_followers_count": 32,
        "text": "[傻眼]假的，删了把[傻眼]",
        "user_description": "一只设计.师",
        "user_avatar": "https://tvax2.sinaimg.cn/crop.0.0.1006.1006.50/006qzIvmly8g5v2wkun46j30ry0ryaao.jpg?KID=imgbed,tva&Expires=1584956194&ssig=8A%2B%2FvkYaEv",
        "id": "4004756521874590",
        "city": "6",
        "province": "32",
        "friends_count": 1368,
        "user_location": "江苏 南通",
        "mid": "4004756521874590",
        "verified_reason": "",
        "attitudes_count": 0,
        "followers_count": 437,
        "verified_type": -1,
        "statuses_count": 1025,
        "parent": "4004491499874868",
        "verified": false,
        "geo": null,
        "user_created_at": 1459144232,
        "favourites_count": 290,
        "screen_name": "zA早",
        "gender": "m",
        "user_geo_enabled": true,
        "username": "zA早",
        "comments_count": 0,
        "t": 1470291821,
        "video_status_count": 0,
        "urank": 25,
        "user_ability": 35651584,
        "credit_score": 80
    },
    {
        "reposts_count": 0,
        "uid": 2629046861,
        "bi_followers_count": 23,
        "text": "帮你上500吧，不用谢我",
        "user_description": "人生如梦",
        "user_avatar": "https://tva2.sinaimg.cn/crop.0.0.640.640.50/9cb4124djw8f10a3pgn99j20hs0hsjrs.jpg?KID=imgbed,tva&Expires=1584956194&ssig=JqWwxoPCJM",
        "id": "4004749646959054",
        "city": "3",
        "province": "51",
        "friends_count": 420,
        "user_location": "四川 自贡",
        "mid": "4004749646959054",
        "verified_reason": "",
        "attitudes_count": 0,
        "followers_count": 156,
        "verified_type": -1,
        "statuses_count": 162,
        "parent": "4004491499874868",
        "verified": false,
        "geo": null,
        "user_created_at": 1330070054,
        "favourites_count": 10,
        "screen_name": "路边捡到一角钱",
        "gender": "m",
        "user_geo_enabled": true,
        "username": "路边捡到一角钱",
        "comments_count": 0,
        "t": 1470290183,
        "video_status_count": 0,
        "urank": 27,
        "user_ability": 0,
        "credit_score": 80
    }
]