[
    {
        "reposts_count": 2,
        "uid": 1827431580,
        "bi_followers_count": 112,
        "text": "就是口口声声说保护老百姓的人！打老百姓时候一点也没有手下留情！外地的朋友，请你们帮帮忙！让全国人民都知道！连云港的老百姓只是为了保护自己的家园不被核废料污染，却遭到政府如此对待！http://weibo.com/u/1827431580 ​",
        "user_description": "",
        "user_avatar": "https://tvax1.sinaimg.cn/crop.0.0.664.664.50/6cec649cly8fqxzrsmsvwj20ig0iggmu.jpg?KID=imgbed,tva&Expires=1584956184&ssig=rhrmFLd9%2FW",
        "id": "4005995392674731",
        "city": "1000",
        "province": "37",
        "friends_count": 414,
        "user_location": "山东",
        "mid": "4005995392674731",
        "verified_reason": "",
        "attitudes_count": 11,
        "followers_count": 249,
        "verified_type": -1,
        "statuses_count": 483,
        "parent": null,
        "verified": false,
        "geo": null,
        "user_created_at": 1285323787,
        "favourites_count": 14,
        "screen_name": "灵魂没了宇宙",
        "gender": "f",
        "user_geo_enabled": true,
        "username": "灵魂没了宇宙",
        "comments_count": 7,
        "t": 1470587192,
        "video_status_count": 0,
        "urank": 18,
        "user_ability": 0,
        "credit_score": 78
    },
    {
        "reposts_count": 0,
        "uid": 1827431580,
        "bi_followers_count": 112,
        "text": "回复@盛京王的堂弟:不在连云港就算完美",
        "user_description": "",
        "user_avatar": "https://tvax1.sinaimg.cn/crop.0.0.664.664.50/6cec649cly8fqxzrsmsvwj20ig0iggmu.jpg?KID=imgbed,tva&Expires=1584956184&ssig=rhrmFLd9%2FW",
        "id": "4006243696025575",
        "city": "1000",
        "province": "37",
        "friends_count": 414,
        "user_location": "山东",
        "mid": "4006243696025575",
        "verified_reason": "",
        "attitudes_count": 0,
        "followers_count": 249,
        "verified_type": -1,
        "statuses_count": 483,
        "parent": "4005995392674731",
        "verified": false,
        "geo": null,
        "user_created_at": 1285323787,
        "favourites_count": 14,
        "screen_name": "灵魂没了宇宙",
        "gender": "f",
        "user_geo_enabled": true,
        "username": "灵魂没了宇宙",
        "comments_count": 0,
        "t": 1470646392,
        "video_status_count": 0,
        "urank": 18,
        "user_ability": 0,
        "credit_score": 78
    },
    {
        "reposts_count": 0,
        "uid": 5794330281,
        "bi_followers_count": 1,
        "text": "回复@灵魂没了宇宙:不知者无罪啦！希望这次事件会有一个好的结果[许愿]",
        "user_description": "",
        "user_avatar": "https://tva1.sinaimg.cn/crop.0.0.50.50.50/006k8q01jw8ez14fwnk4sj301e01e3y9.jpg?KID=imgbed,tva&Expires=1584956184&ssig=1dF2ozSh%2FQ",
        "id": "4006233567087476",
        "city": "1",
        "province": "21",
        "friends_count": 67,
        "user_location": "辽宁 沈阳",
        "mid": "4006233567087476",
        "verified_reason": "",
        "attitudes_count": 0,
        "followers_count": 2,
        "verified_type": -1,
        "statuses_count": 7,
        "parent": "4005995392674731",
        "verified": false,
        "geo": null,
        "user_created_at": 1450220099,
        "favourites_count": 0,
        "screen_name": "盛京王的堂弟",
        "gender": "m",
        "user_geo_enabled": true,
        "username": "盛京王的堂弟",
        "comments_count": 0,
        "t": 1470643977,
        "video_status_count": 0,
        "urank": 9,
        "user_ability": 1024,
        "credit_score": 80
    },
    {
        "reposts_count": 0,
        "uid": 5984601892,
        "bi_followers_count": 5,
        "text": "要这样的真服有什膜用 悲哀",
        "user_description": "",
        "user_avatar": "https://tvax4.sinaimg.cn/crop.0.0.1242.1242.50/006x0MkYly8fmg27jhj8jj30yi0yin0j.jpg?KID=imgbed,tva&Expires=1584956184&ssig=X%2FZ4a4nI8A",
        "id": "4006013184811350",
        "city": "1",
        "province": "32",
        "friends_count": 138,
        "user_location": "江苏 南京",
        "mid": "4006013184811350",
        "verified_reason": "",
        "attitudes_count": 0,
        "followers_count": 26,
        "verified_type": -1,
        "statuses_count": 40,
        "parent": "4005995392674731",
        "verified": false,
        "geo": null,
        "user_created_at": 1468773474,
        "favourites_count": 3,
        "screen_name": "未见你离开",
        "gender": "m",
        "user_geo_enabled": true,
        "username": "未见你离开",
        "comments_count": 0,
        "t": 1470591434,
        "video_status_count": 0,
        "urank": 9,
        "user_ability": 0,
        "credit_score": 80
    },
    {
        "reposts_count": 0,
        "uid": 1827431580,
        "bi_followers_count": 112,
        "text": "回复@盛京王的堂弟:我刚知道那张照片是假的[哼]",
        "user_description": "",
        "user_avatar": "https://tvax1.sinaimg.cn/crop.0.0.664.664.50/6cec649cly8fqxzrsmsvwj20ig0iggmu.jpg?KID=imgbed,tva&Expires=1584956184&ssig=rhrmFLd9%2FW",
        "id": "4006004192980586",
        "city": "1000",
        "province": "37",
        "friends_count": 414,
        "user_location": "山东",
        "mid": "4006004192980586",
        "verified_reason": "",
        "attitudes_count": 0,
        "followers_count": 249,
        "verified_type": -1,
        "statuses_count": 483,
        "parent": "4005995392674731",
        "verified": false,
        "geo": null,
        "user_created_at": 1285323787,
        "favourites_count": 14,
        "screen_name": "灵魂没了宇宙",
        "gender": "f",
        "user_geo_enabled": true,
        "username": "灵魂没了宇宙",
        "comments_count": 0,
        "t": 1470589290,
        "video_status_count": 0,
        "urank": 18,
        "user_ability": 0,
        "credit_score": 78
    },
    {
        "reposts_count": 0,
        "uid": 5794330281,
        "bi_followers_count": 1,
        "text": "美女，这是14年的老图片，爱家乡可以理解，未经证实的消息还是别随便发的好[微笑] http://t.cn/Rt9zcUZ",
        "user_description": "",
        "user_avatar": "https://tva1.sinaimg.cn/crop.0.0.50.50.50/006k8q01jw8ez14fwnk4sj301e01e3y9.jpg?KID=imgbed,tva&Expires=1584956184&ssig=1dF2ozSh%2FQ",
        "id": "4006002409985704",
        "city": "1",
        "province": "21",
        "friends_count": 67,
        "user_location": "辽宁 沈阳",
        "mid": "4006002409985704",
        "verified_reason": "",
        "attitudes_count": 0,
        "followers_count": 2,
        "verified_type": -1,
        "statuses_count": 7,
        "parent": "4005995392674731",
        "verified": false,
        "geo": null,
        "user_created_at": 1450220099,
        "favourites_count": 0,
        "screen_name": "盛京王的堂弟",
        "gender": "m",
        "user_geo_enabled": true,
        "username": "盛京王的堂弟",
        "comments_count": 0,
        "t": 1470588864,
        "video_status_count": 0,
        "urank": 9,
        "user_ability": 1024,
        "credit_score": 80
    },
    {
        "reposts_count": 0,
        "uid": 1827431580,
        "bi_followers_count": 112,
        "text": "回复@林大师有大鱼:哦",
        "user_description": "",
        "user_avatar": "https://tvax1.sinaimg.cn/crop.0.0.664.664.50/6cec649cly8fqxzrsmsvwj20ig0iggmu.jpg?KID=imgbed,tva&Expires=1584956184&ssig=rhrmFLd9%2FW",
        "id": "4005997896697098",
        "city": "1000",
        "province": "37",
        "friends_count": 414,
        "user_location": "山东",
        "mid": "4005997896697098",
        "verified_reason": "",
        "attitudes_count": 0,
        "followers_count": 249,
        "verified_type": -1,
        "statuses_count": 483,
        "parent": "4005995392674731",
        "verified": false,
        "geo": null,
        "user_created_at": 1285323787,
        "favourites_count": 14,
        "screen_name": "灵魂没了宇宙",
        "gender": "f",
        "user_geo_enabled": true,
        "username": "灵魂没了宇宙",
        "comments_count": 0,
        "t": 1470587789,
        "video_status_count": 0,
        "urank": 18,
        "user_ability": 0,
        "credit_score": 78
    },
    {
        "reposts_count": 0,
        "uid": 1948067381,
        "bi_followers_count": 35,
        "text": "这个星什么的是我小学同学。。",
        "user_description": "Change it. For good.",
        "user_avatar": "https://tvax1.sinaimg.cn/crop.0.0.1080.1080.50/741d2635ly8g9qrmhylcpj20u00u0djf.jpg?KID=imgbed,tva&Expires=1584956184&ssig=l86mDFJq9h",
        "id": "4005997653137361",
        "city": "1000",
        "province": "400",
        "friends_count": 365,
        "user_location": "海外",
        "mid": "4005997653137361",
        "verified_reason": "",
        "attitudes_count": 0,
        "followers_count": 182,
        "verified_type": -1,
        "statuses_count": 1581,
        "parent": "4005995392674731",
        "verified": false,
        "geo": null,
        "user_created_at": 1296663131,
        "favourites_count": 25,
        "screen_name": "PeasPeas_",
        "gender": "f",
        "user_geo_enabled": true,
        "username": "PeasPeas_",
        "comments_count": 0,
        "t": 1470587732,
        "video_status_count": 0,
        "urank": 17,
        "user_ability": 11535360,
        "credit_score": 80
    }
]