[
    {
        "reposts_count": 2,
        "uid": 5514978900,
        "bi_followers_count": 6,
        "text": "求朋友们帮我转起来！连云港核废料处理事件带来的影响持续升温，晚上游行继而发生暴乱，刑警特警看到民众，不分老少妇孺，上来就打，甚至对手无缚鸡之力的女人拔枪相向！已有民众在今晚的暴乱中失去了生命！各种网络新闻都已经封锁消息，希望大家帮我们把消息扩散出去，引起高层领导重视！谢谢大家！ ​",
        "user_description": "不忘初心   方得始终",
        "user_avatar": "https://tva3.sinaimg.cn/crop.0.0.996.996.50/0061ehWAjw8ez61w0xi6nj30ro0rptah.jpg?KID=imgbed,tva&Expires=1584956183&ssig=r93u5K%2F8bz",
        "id": "4006109835075489",
        "city": "1000",
        "province": "100",
        "friends_count": 74,
        "user_location": "其他",
        "mid": "4006109835075489",
        "verified_reason": "",
        "attitudes_count": 4,
        "followers_count": 12,
        "verified_type": -1,
        "statuses_count": 137,
        "parent": null,
        "verified": false,
        "geo": null,
        "user_created_at": 1423473587,
        "favourites_count": 305,
        "screen_name": "Smile98315",
        "gender": "m",
        "user_geo_enabled": true,
        "username": "Smile98315",
        "comments_count": 4,
        "t": 1470614477,
        "video_status_count": 0,
        "urank": 9,
        "user_ability": 1024,
        "credit_score": 80
    },
    {
        "reposts_count": 0,
        "uid": 5625636509,
        "bi_followers_count": 12,
        "text": "被举报了[吃惊]",
        "user_description": "话说多了会饿、",
        "user_avatar": "https://tva4.sinaimg.cn/crop.0.3.640.640.50/0068IB2Jjw8f6y1od81jfj30hs0hzdgj.jpg?KID=imgbed,tva&Expires=1584956183&ssig=Rqlf08QmcV",
        "id": "4008805089933148",
        "city": "7",
        "province": "32",
        "friends_count": 132,
        "user_location": "江苏 连云港",
        "mid": "4008805089933148",
        "verified_reason": "",
        "attitudes_count": 0,
        "followers_count": 42,
        "verified_type": -1,
        "statuses_count": 70,
        "parent": "4006109835075489",
        "verified": false,
        "geo": null,
        "user_created_at": 1433499168,
        "favourites_count": 37,
        "screen_name": "流浪的12",
        "gender": "m",
        "user_geo_enabled": true,
        "username": "流浪的12",
        "comments_count": 0,
        "t": 1471257076,
        "video_status_count": 0,
        "urank": 13,
        "user_ability": 1024,
        "credit_score": 80
    },
    {
        "reposts_count": 0,
        "uid": 5514978900,
        "bi_followers_count": 6,
        "text": "回复@吃货球球的妈妈:谢谢",
        "user_description": "不忘初心   方得始终",
        "user_avatar": "https://tva3.sinaimg.cn/crop.0.0.996.996.50/0061ehWAjw8ez61w0xi6nj30ro0rptah.jpg?KID=imgbed,tva&Expires=1584956183&ssig=r93u5K%2F8bz",
        "id": "4006148229790031",
        "city": "1000",
        "province": "100",
        "friends_count": 74,
        "user_location": "其他",
        "mid": "4006148229790031",
        "verified_reason": "",
        "attitudes_count": 0,
        "followers_count": 11,
        "verified_type": -1,
        "statuses_count": 137,
        "parent": "4006109835075489",
        "verified": false,
        "geo": null,
        "user_created_at": 1423473587,
        "favourites_count": 305,
        "screen_name": "Smile98315",
        "gender": "m",
        "user_geo_enabled": true,
        "username": "Smile98315",
        "comments_count": 0,
        "t": 1470623631,
        "video_status_count": 0,
        "urank": 9,
        "user_ability": 1024,
        "credit_score": 80
    },
    {
        "reposts_count": 0,
        "uid": 1827640821,
        "bi_followers_count": 24,
        "text": "必须转发",
        "user_description": "空间设计师，水彩爱好者，师从水彩画家黄有维先生，清华美院水彩高研班。",
        "user_avatar": "https://tvax2.sinaimg.cn/crop.0.0.996.996.50/6cef95f5ly8g13wwj7dfkj20ro0roq4i.jpg?KID=imgbed,tva&Expires=1584956183&ssig=JE13OW9QiT",
        "id": "4006143389299211",
        "city": "8",
        "province": "11",
        "friends_count": 149,
        "user_location": "北京 海淀区",
        "mid": "4006143389299211",
        "verified_reason": "",
        "attitudes_count": 0,
        "followers_count": 190,
        "verified_type": -1,
        "statuses_count": 912,
        "parent": "4006109835075489",
        "verified": false,
        "geo": null,
        "user_created_at": 1293775061,
        "favourites_count": 171,
        "screen_name": "墨绘美水彩",
        "gender": "f",
        "user_geo_enabled": true,
        "username": "墨绘美水彩",
        "comments_count": 0,
        "t": 1470622477,
        "video_status_count": 0,
        "urank": 13,
        "user_ability": 2359296,
        "credit_score": 80
    },
    {
        "reposts_count": 0,
        "uid": 1769668943,
        "bi_followers_count": 17,
        "text": "任何渠道都看不到这些信息啊。。。帮你转一个吧。。。",
        "user_description": "人生若只如初见。",
        "user_avatar": "https://tvax4.sinaimg.cn/crop.0.7.640.640.50/697b014fly8fgs39eyra2j20hs0i7wf3.jpg?KID=imgbed,tva&Expires=1584956183&ssig=o0msCcYOka",
        "id": "4006143200567023",
        "city": "9",
        "province": "32",
        "friends_count": 104,
        "user_location": "江苏 盐城",
        "mid": "4006143200567023",
        "verified_reason": "",
        "attitudes_count": 0,
        "followers_count": 333,
        "verified_type": -1,
        "statuses_count": 354,
        "parent": "4006109835075489",
        "verified": false,
        "geo": null,
        "user_created_at": 1278468049,
        "favourites_count": 1,
        "screen_name": "随遇而安的她呀",
        "gender": "f",
        "user_geo_enabled": false,
        "username": "随遇而安的她呀",
        "comments_count": 0,
        "t": 1470622432,
        "video_status_count": 0,
        "urank": 28,
        "user_ability": 33554432,
        "credit_score": 80
    }
]