[
    {
        "reposts_count": 7,
        "uid": 5083532961,
        "bi_followers_count": 854,
        "text": "#连云港身边事#【“警察拖行殴打群众并致死”实为谣言 图片两年前就出现】8月7日晚，在微信朋友圈等网络上有传播关于警察拖行殴打群众并致一名群众死亡的消息，经调查确认，该图片于2014年9月便在互联网上传播，消息是谣言。希望广大市民不信谣、不传谣。附该照片原始网页截图。（via@平安连云港 ） ​",
        "user_description": "此号非官方，个人拥有，接受一切连云港地区新闻爆料，求助信息，服务港城人民！",
        "user_avatar": "https://tvax1.sinaimg.cn/crop.0.0.1002.1002.50/005y1Z97ly8g71lpjl64oj30ru0rugn2.jpg?KID=imgbed,tva&Expires=1584956176&ssig=DLfz4SQHB0",
        "id": "4006128008822296",
        "city": "1000",
        "province": "32",
        "friends_count": 929,
        "user_location": "江苏",
        "mid": "4006128008822296",
        "verified_reason": "本地资讯博主（连云港）",
        "attitudes_count": 12,
        "followers_count": 135691,
        "verified_type": 0,
        "statuses_count": 5134,
        "parent": null,
        "verified": true,
        "geo": null,
        "user_created_at": 1395660137,
        "favourites_count": 22,
        "screen_name": "连云港报哥",
        "gender": "m",
        "user_geo_enabled": true,
        "username": "连云港报哥",
        "comments_count": 63,
        "t": 1470618809,
        "video_status_count": 0,
        "urank": 44,
        "user_ability": 3411468,
        "credit_score": 80
    },
    {
        "reposts_count": 0,
        "uid": 5774674541,
        "bi_followers_count": 1,
        "text": "先不说死没死人      打人这是真的  许多人都直播了   还有我们都在路上看着",
        "user_description": "生于夏季 喜夏厌冬📷",
        "user_avatar": "https://tva3.sinaimg.cn/crop.0.0.664.664.50/006iNWDXjw8f6oos956hpj30ig0ig0tz.jpg?KID=imgbed,tva&Expires=1584956176&ssig=VL56NfzZd3",
        "id": "4006940990839875",
        "city": "7",
        "province": "32",
        "friends_count": 57,
        "user_location": "江苏 连云港",
        "mid": "4006940990839875",
        "verified_reason": "",
        "attitudes_count": 0,
        "followers_count": 2,
        "verified_type": -1,
        "statuses_count": 1,
        "parent": "4006128008822296",
        "verified": false,
        "geo": null,
        "user_created_at": 1448723231,
        "favourites_count": 0,
        "screen_name": "Aaaaa一半",
        "gender": "f",
        "user_geo_enabled": true,
        "username": "Aaaaa一半",
        "comments_count": 0,
        "t": 1470812639,
        "video_status_count": 0,
        "urank": 9,
        "user_ability": 1024,
        "credit_score": 80
    },
    {
        "reposts_count": 0,
        "uid": 5774674541,
        "bi_followers_count": 1,
        "text": "连云港有4大药厂，老百姓买药便宜一分钱了？有核电站，用电便宜一分钱了？GDP关老百姓毛事？连云港全中国前14个开放港口之一，倒数第一，历届市长上台就TM会一件事，想要富先修路，这NM好不容易来一个不修路的，跑连云港来拍电影了，生化危机终结篇么？",
        "user_description": "生于夏季 喜夏厌冬📷",
        "user_avatar": "https://tva3.sinaimg.cn/crop.0.0.664.664.50/006iNWDXjw8f6oos956hpj30ig0ig0tz.jpg?KID=imgbed,tva&Expires=1584956176&ssig=VL56NfzZd3",
        "id": "4006937043846002",
        "city": "7",
        "province": "32",
        "friends_count": 57,
        "user_location": "江苏 连云港",
        "mid": "4006937043846002",
        "verified_reason": "",
        "attitudes_count": 0,
        "followers_count": 2,
        "verified_type": -1,
        "statuses_count": 1,
        "parent": "4006128008822296",
        "verified": false,
        "geo": null,
        "user_created_at": 1448723231,
        "favourites_count": 0,
        "screen_name": "Aaaaa一半",
        "gender": "f",
        "user_geo_enabled": true,
        "username": "Aaaaa一半",
        "comments_count": 0,
        "t": 1470811698,
        "video_status_count": 0,
        "urank": 9,
        "user_ability": 1024,
        "credit_score": 80
    },
    {
        "reposts_count": 0,
        "uid": 5774674541,
        "bi_followers_count": 1,
        "text": "真搞笑    那么多人看着人 当我们眼瞎？    满满的嘲讽",
        "user_description": "生于夏季 喜夏厌冬📷",
        "user_avatar": "https://tva3.sinaimg.cn/crop.0.0.664.664.50/006iNWDXjw8f6oos956hpj30ig0ig0tz.jpg?KID=imgbed,tva&Expires=1584956176&ssig=VL56NfzZd3",
        "id": "4006936989239804",
        "city": "7",
        "province": "32",
        "friends_count": 57,
        "user_location": "江苏 连云港",
        "mid": "4006936989239804",
        "verified_reason": "",
        "attitudes_count": 0,
        "followers_count": 2,
        "verified_type": -1,
        "statuses_count": 1,
        "parent": "4006128008822296",
        "verified": false,
        "geo": null,
        "user_created_at": 1448723231,
        "favourites_count": 0,
        "screen_name": "Aaaaa一半",
        "gender": "f",
        "user_geo_enabled": true,
        "username": "Aaaaa一半",
        "comments_count": 0,
        "t": 1470811686,
        "video_status_count": 0,
        "urank": 9,
        "user_ability": 1024,
        "credit_score": 80
    },
    {
        "reposts_count": 0,
        "uid": 5969477483,
        "bi_followers_count": 3,
        "text": "看第二张图片的字，又打死了人，就算这条造谣吧还是打死了人[微笑]",
        "user_description": "可",
        "user_avatar": "https://tvax3.sinaimg.cn/crop.0.0.750.750.50/006vZjMTly8frf2sbp02sj30ku0kugmc.jpg?KID=imgbed,tva&Expires=1584956176&ssig=%2F%2FO%2FrMZ7gw",
        "id": "4006614077754668",
        "city": "1000",
        "province": "32",
        "friends_count": 20,
        "user_location": "江苏",
        "mid": "4006614077754668",
        "verified_reason": "",
        "attitudes_count": 0,
        "followers_count": 9,
        "verified_type": -1,
        "statuses_count": 12,
        "parent": "4006128008822296",
        "verified": false,
        "geo": null,
        "user_created_at": 1466793959,
        "favourites_count": 0,
        "screen_name": "MeYuniwenbie",
        "gender": "m",
        "user_geo_enabled": true,
        "username": "MeYuniwenbie",
        "comments_count": 0,
        "t": 1470734697,
        "video_status_count": 0,
        "urank": 9,
        "user_ability": 1024,
        "credit_score": 80
    },
    {
        "reposts_count": 0,
        "uid": 2930095132,
        "bi_followers_count": 6,
        "text": "你能把事情搬出来在辟谣吗，谢谢",
        "user_description": "",
        "user_avatar": "https://tva2.sinaimg.cn/crop.0.0.996.996.50/aea5b41cjw8f2m9yuylamj20ro0rp406.jpg?KID=imgbed,tva&Expires=1584956176&ssig=KpDOq%2BYeU3",
        "id": "4006590925813620",
        "city": "7",
        "province": "32",
        "friends_count": 179,
        "user_location": "江苏 连云港",
        "mid": "4006590925813620",
        "verified_reason": "",
        "attitudes_count": 0,
        "followers_count": 28,
        "verified_type": -1,
        "statuses_count": 204,
        "parent": "4006128008822296",
        "verified": false,
        "geo": null,
        "user_created_at": 1344481302,
        "favourites_count": 1,
        "screen_name": "时间错了哎CW",
        "gender": "m",
        "user_geo_enabled": true,
        "username": "时间错了哎CW",
        "comments_count": 0,
        "t": 1470729177,
        "video_status_count": 0,
        "urank": 14,
        "user_ability": 2097152,
        "credit_score": 80
    },
    {
        "reposts_count": 0,
        "uid": 2313601553,
        "bi_followers_count": 36,
        "text": "回复@L-_-Ll:我呵呵呵呵呵呵呵！",
        "user_description": "",
        "user_avatar": "https://tva1.sinaimg.cn/crop.0.0.180.180.50/89e6c211jw1e8qgp5bmzyj2050050aa8.jpg?KID=imgbed,tva&Expires=1584956176&ssig=EccXIwfeOT",
        "id": "4006559741046216",
        "city": "1000",
        "province": "32",
        "friends_count": 763,
        "user_location": "江苏",
        "mid": "4006559741046216",
        "verified_reason": "",
        "attitudes_count": 0,
        "followers_count": 113,
        "verified_type": -1,
        "statuses_count": 601,
        "parent": "4006128008822296",
        "verified": false,
        "geo": null,
        "user_created_at": 1313844677,
        "favourites_count": 86,
        "screen_name": "绿语轻盈",
        "gender": "f",
        "user_geo_enabled": true,
        "username": "绿语轻盈",
        "comments_count": 0,
        "t": 1470721743,
        "video_status_count": 0,
        "urank": 14,
        "user_ability": 0,
        "credit_score": 80
    },
    {
        "reposts_count": 0,
        "uid": 5769886564,
        "bi_followers_count": 5,
        "text": "意思是其他的都是真的喽",
        "user_description": "",
        "user_avatar": "https://tva1.sinaimg.cn/crop.0.1.184.184.50/006itR4wjw8eyayigjp3sj305k05kmxd.jpg?KID=imgbed,tva&Expires=1584956176&ssig=v%2FcNbEmTTE",
        "id": "4006515805092198",
        "city": "7",
        "province": "32",
        "friends_count": 149,
        "user_location": "江苏 连云港",
        "mid": "4006515805092198",
        "verified_reason": "",
        "attitudes_count": 0,
        "followers_count": 47,
        "verified_type": -1,
        "statuses_count": 73,
        "parent": "4006128008822296",
        "verified": false,
        "geo": null,
        "user_created_at": 1448255780,
        "favourites_count": 2,
        "screen_name": "回忆过去式的快乐生活",
        "gender": "f",
        "user_geo_enabled": true,
        "username": "回忆过去式的快乐生活",
        "comments_count": 0,
        "t": 1470711268,
        "video_status_count": 0,
        "urank": 9,
        "user_ability": 1049600,
        "credit_score": 80
    },
    {
        "reposts_count": 0,
        "uid": 5993859423,
        "bi_followers_count": 1,
        "text": "放屁。 就是死了人的。污蔑事实。 有本事。你们都别删视屏啊。让连云港上头条啊。[怒][怒骂]",
        "user_description": "",
        "user_avatar": "https://tvax2.sinaimg.cn/crop.0.9.640.640.50/006xDCDZly8feho616y8yj30hs0iaab5.jpg?KID=imgbed,tva&Expires=1584956176&ssig=gqt%2FQ%2FQAch",
        "id": "4006507265622285",
        "city": "7",
        "province": "32",
        "friends_count": 517,
        "user_location": "江苏 连云港",
        "mid": "4006507265622285",
        "verified_reason": "",
        "attitudes_count": 0,
        "followers_count": 32,
        "verified_type": -1,
        "statuses_count": 896,
        "parent": "4006128008822296",
        "verified": false,
        "geo": null,
        "user_created_at": 1469887878,
        "favourites_count": 2,
        "screen_name": "MYPAP酱",
        "gender": "f",
        "user_geo_enabled": true,
        "username": "MYPAP酱",
        "comments_count": 0,
        "t": 1470709232,
        "video_status_count": 0,
        "urank": 9,
        "user_ability": 2098176,
        "credit_score": 80
    },
    {
        "reposts_count": 0,
        "uid": 2546630191,
        "bi_followers_count": 15,
        "text": "回复@小鲸鱼要喝粥biubiu:能说你这种话的人最没有素质[怒骂]，刁民？请问你是个什么东西？！",
        "user_description": "开开心心的过好每一天",
        "user_avatar": "https://tva4.sinaimg.cn/crop.0.0.1010.1010.50/97ca7e2fjw8f6mu5wleb0j20s20s2din.jpg?KID=imgbed,tva&Expires=1584956176&ssig=I0LuWgvIXX",
        "id": "4006367729845579",
        "city": "7",
        "province": "32",
        "friends_count": 270,
        "user_location": "江苏 连云港",
        "mid": "4006367729845579",
        "verified_reason": "",
        "attitudes_count": 0,
        "followers_count": 97,
        "verified_type": -1,
        "statuses_count": 193,
        "parent": "4006128008822296",
        "verified": false,
        "geo": null,
        "user_created_at": 1324527950,
        "favourites_count": 6,
        "screen_name": "Xiaxinxin果果",
        "gender": "f",
        "user_geo_enabled": true,
        "username": "Xiaxinxin果果",
        "comments_count": 0,
        "t": 1470675964,
        "video_status_count": 0,
        "urank": 14,
        "user_ability": 0,
        "credit_score": 80
    },
    {
        "reposts_count": 0,
        "uid": 5590584363,
        "bi_followers_count": 0,
        "text": "政府的狗腿子  操你妈逼的能不能报道真实的",
        "user_description": "",
        "user_avatar": "https://tvax1.sinaimg.cn/crop.10.0.492.492.50/0066lwnxly8fsqmvmeg45j30e80doq3g.jpg?KID=imgbed,tva&Expires=1584956176&ssig=9uKXpGV7S8",
        "id": "4006341913513257",
        "city": "1000",
        "province": "100",
        "friends_count": 120,
        "user_location": "其他",
        "mid": "4006341913513257",
        "verified_reason": "",
        "attitudes_count": 0,
        "followers_count": 18,
        "verified_type": -1,
        "statuses_count": 0,
        "parent": "4006128008822296",
        "verified": false,
        "geo": null,
        "user_created_at": 1429369986,
        "favourites_count": 0,
        "screen_name": "稚怀Gg",
        "gender": "m",
        "user_geo_enabled": true,
        "username": "稚怀Gg",
        "comments_count": 0,
        "t": 1470669809,
        "video_status_count": 0,
        "urank": 4,
        "user_ability": 1024,
        "credit_score": 80
    },
    {
        "reposts_count": 0,
        "uid": 5527186989,
        "bi_followers_count": 13,
        "text": "呵呵，今天8号杨省事面对死者亲人的质问连回答的勇气都没有？",
        "user_description": "爱自己,爱生活～",
        "user_avatar": "https://tvax2.sinaimg.cn/crop.0.0.996.996.50/00623vPfly8fj8y3p70szj30ro0romzj.jpg?KID=imgbed,tva&Expires=1584956176&ssig=o2IvEsa2ls",
        "id": "4006321064186692",
        "city": "1",
        "province": "32",
        "friends_count": 142,
        "user_location": "江苏 南京",
        "mid": "4006321064186692",
        "verified_reason": "",
        "attitudes_count": 0,
        "followers_count": 36,
        "verified_type": -1,
        "statuses_count": 44,
        "parent": "4006128008822296",
        "verified": false,
        "geo": null,
        "user_created_at": 1424273488,
        "favourites_count": 2,
        "screen_name": "幻想终不是现实",
        "gender": "m",
        "user_geo_enabled": true,
        "username": "幻想终不是现实",
        "comments_count": 0,
        "t": 1470664838,
        "video_status_count": 0,
        "urank": 9,
        "user_ability": 33554432,
        "credit_score": 80
    },
    {
        "reposts_count": 0,
        "uid": 5997891901,
        "bi_followers_count": 3,
        "text": "好意思乱拿图来说话？",
        "user_description": "",
        "user_avatar": "https://tvax1.sinaimg.cn/crop.0.0.996.996.50/006xUxFXly8ffd6kjbgb9j30ro0rogo4.jpg?KID=imgbed,tva&Expires=1584956176&ssig=YKRq1CCC6V",
        "id": "4006299690135211",
        "city": "7",
        "province": "32",
        "friends_count": 72,
        "user_location": "江苏 连云港",
        "mid": "4006299690135211",
        "verified_reason": "",
        "attitudes_count": 0,
        "followers_count": 18,
        "verified_type": -1,
        "statuses_count": 47,
        "parent": "4006128008822296",
        "verified": false,
        "geo": null,
        "user_created_at": 1470658344,
        "favourites_count": 1,
        "screen_name": "惜梦619",
        "gender": "m",
        "user_geo_enabled": true,
        "username": "惜梦619",
        "comments_count": 0,
        "t": 1470659741,
        "video_status_count": 0,
        "urank": 7,
        "user_ability": 2097152,
        "credit_score": 80
    },
    {
        "reposts_count": 0,
        "uid": 3972913272,
        "bi_followers_count": 42,
        "text": "你竟然被举报了，这是一条辟谣消息又不是造谣消息，网警也不仔细看看？！心疼你。不在其位不谋其政，我们连云港人更要理性，别让愤怒冲过了头@连云港人",
        "user_description": "先为不可胜，待敌之可胜",
        "user_avatar": "https://tvax3.sinaimg.cn/crop.0.0.996.996.50/eccdd878ly8fn8hnmxluxj20ro0rotao.jpg?KID=imgbed,tva&Expires=1584956176&ssig=E9Ti7cfBXo",
        "id": "4006284707734342",
        "city": "1",
        "province": "32",
        "friends_count": 320,
        "user_location": "江苏 南京",
        "mid": "4006284707734342",
        "verified_reason": "",
        "attitudes_count": 0,
        "followers_count": 216,
        "verified_type": -1,
        "statuses_count": 639,
        "parent": "4006128008822296",
        "verified": false,
        "geo": null,
        "user_created_at": 1394243584,
        "favourites_count": 154,
        "screen_name": "春秋师叔",
        "gender": "m",
        "user_geo_enabled": true,
        "username": "春秋师叔",
        "comments_count": 0,
        "t": 1470656170,
        "video_status_count": 0,
        "urank": 29,
        "user_ability": 35914752,
        "credit_score": 80
    },
    {
        "reposts_count": 0,
        "uid": 2657233035,
        "bi_followers_count": 123,
        "text": "快报你辟谣都被骂，真心疼啊。",
        "user_description": "我负责一米八，emmmm，你负责美貌如花吧",
        "user_avatar": "https://tvax3.sinaimg.cn/crop.0.0.996.996.50/9e62288bly8fm14vompm0j20ro0ro0vz.jpg?KID=imgbed,tva&Expires=1584956176&ssig=62kyCgl5AF",
        "id": "4006280613809928",
        "city": "1000",
        "province": "100",
        "friends_count": 392,
        "user_location": "其他",
        "mid": "4006280613809928",
        "verified_reason": "",
        "attitudes_count": 0,
        "followers_count": 546,
        "verified_type": -1,
        "statuses_count": 8415,
        "parent": "4006128008822296",
        "verified": false,
        "geo": null,
        "user_created_at": 1331172165,
        "favourites_count": 201,
        "screen_name": "陈一七八儿",
        "gender": "f",
        "user_geo_enabled": false,
        "username": "陈一七八儿",
        "comments_count": 0,
        "t": 1470655194,
        "video_status_count": 0,
        "urank": 39,
        "user_ability": 2359296,
        "credit_score": 80
    },
    {
        "reposts_count": 0,
        "uid": 1945841464,
        "bi_followers_count": 6,
        "text": "回复@北城以北向北走:因为在普通百姓看来，医生、警察、教师道德标准都得超高，一点点“把柄”都要抓住使劲地诋毁！",
        "user_description": "宅、腐。",
        "user_avatar": "https://tva3.sinaimg.cn/crop.0.0.996.996.50/73fb2f38jw8f63u29cl4vj20ro0ro401.jpg?KID=imgbed,tva&Expires=1584956176&ssig=u0VUlI1Jdv",
        "id": "4006279418728475",
        "city": "7",
        "province": "32",
        "friends_count": 45,
        "user_location": "江苏 连云港",
        "mid": "4006279418728475",
        "verified_reason": "",
        "attitudes_count": 0,
        "followers_count": 80,
        "verified_type": -1,
        "statuses_count": 48,
        "parent": "4006128008822296",
        "verified": false,
        "geo": null,
        "user_created_at": 1341232986,
        "favourites_count": 6,
        "screen_name": "晚茶君",
        "gender": "f",
        "user_geo_enabled": true,
        "username": "晚茶君",
        "comments_count": 0,
        "t": 1470654909,
        "video_status_count": 0,
        "urank": 14,
        "user_ability": 0,
        "credit_score": 80
    },
    {
        "reposts_count": 0,
        "uid": 2208080812,
        "bi_followers_count": 259,
        "text": "回复@北城以北向北走:辛苦 就让他们bb去吧 估计就会造谣了吧[微笑]",
        "user_description": "简单介绍一下:年轻貌美",
        "user_avatar": "https://tvax1.sinaimg.cn/crop.0.0.1080.1080.50/839ca3acly8gcs4ijgroqj20u00u040r.jpg?KID=imgbed,tva&Expires=1584956176&ssig=bQ6pjmrL%2Fb",
        "id": "4006262335845168",
        "city": "1000",
        "province": "32",
        "friends_count": 806,
        "user_location": "江苏",
        "mid": "4006262335845168",
        "verified_reason": "情感博主",
        "attitudes_count": 0,
        "followers_count": 1905,
        "verified_type": 0,
        "statuses_count": 4438,
        "parent": "4006128008822296",
        "verified": true,
        "geo": null,
        "user_created_at": 1309499567,
        "favourites_count": 369,
        "screen_name": "別煩小张了",
        "gender": "f",
        "user_geo_enabled": false,
        "username": "別煩小张了",
        "comments_count": 0,
        "t": 1470650836,
        "video_status_count": 0,
        "urank": 44,
        "user_ability": 3410944,
        "credit_score": 80
    },
    {
        "reposts_count": 0,
        "uid": 1957502803,
        "bi_followers_count": 57,
        "text": "闹着取关的人。有脑子吗？",
        "user_description": "一蓑烟雨任平生，也无风雨也无晴。  ​​​",
        "user_avatar": "https://tvax1.sinaimg.cn/crop.0.0.512.512.50/74ad1f53ly8g7k4c6qjd3j20e80e8q3v.jpg?KID=imgbed,tva&Expires=1584956176&ssig=7kyEQ8YCyi",
        "id": "4006262071124919",
        "city": "7",
        "province": "32",
        "friends_count": 206,
        "user_location": "江苏 连云港",
        "mid": "4006262071124919",
        "verified_reason": "",
        "attitudes_count": 0,
        "followers_count": 587,
        "verified_type": -1,
        "statuses_count": 337,
        "parent": "4006128008822296",
        "verified": false,
        "geo": null,
        "user_created_at": 1297165304,
        "favourites_count": 133,
        "screen_name": "琥珀扣",
        "gender": "f",
        "user_geo_enabled": true,
        "username": "琥珀扣",
        "comments_count": 0,
        "t": 1470650773,
        "video_status_count": 0,
        "urank": 45,
        "user_ability": 2098176,
        "credit_score": 80
    },
    {
        "reposts_count": 0,
        "uid": 1990951351,
        "bi_followers_count": 353,
        "text": "一群傻比，人家都把谣言证据都发出来了，还和傻比一样团结去吧。",
        "user_description": "我家大宝贝宇宙第一",
        "user_avatar": "https://tva1.sinaimg.cn/crop.0.0.180.180.50/76ab81b7jw1e8qgp5bmzyj2050050aa8.jpg?KID=imgbed,tva&Expires=1584956176&ssig=mePHUFJlXz",
        "id": "4006234518405401",
        "city": "1000",
        "province": "22",
        "friends_count": 365,
        "user_location": "吉林",
        "mid": "4006234518405401",
        "verified_reason": "",
        "attitudes_count": 0,
        "followers_count": 707,
        "verified_type": -1,
        "statuses_count": 435,
        "parent": "4006128008822296",
        "verified": false,
        "geo": null,
        "user_created_at": 1298617082,
        "favourites_count": 25,
        "screen_name": "周大怂",
        "gender": "m",
        "user_geo_enabled": false,
        "username": "周大怂",
        "comments_count": 0,
        "t": 1470644204,
        "video_status_count": 0,
        "urank": 23,
        "user_ability": 0,
        "credit_score": 69
    },
    {
        "reposts_count": 0,
        "uid": 5210389223,
        "bi_followers_count": 13,
        "text": "一个巴掌拍不响",
        "user_description": "岁月漫长  心地要善良……",
        "user_avatar": "https://tvax1.sinaimg.cn/crop.0.0.1242.1242.50/005GCgfRly8fczkjjyx9gj30yi0yiacw.jpg?KID=imgbed,tva&Expires=1584956176&ssig=t4JigOdwb%2F",
        "id": "4006211047282477",
        "city": "1",
        "province": "32",
        "friends_count": 94,
        "user_location": "江苏 南京",
        "mid": "4006211047282477",
        "verified_reason": "",
        "attitudes_count": 0,
        "followers_count": 1859,
        "verified_type": -1,
        "statuses_count": 142,
        "parent": "4006128008822296",
        "verified": false,
        "geo": null,
        "user_created_at": 1404832949,
        "favourites_count": 2,
        "screen_name": "庄星星星星星",
        "gender": "m",
        "user_geo_enabled": true,
        "username": "庄星星星星星",
        "comments_count": 0,
        "t": 1470638607,
        "video_status_count": 0,
        "urank": 9,
        "user_ability": 0,
        "credit_score": 80
    },
    {
        "reposts_count": 0,
        "uid": 5326222906,
        "bi_followers_count": 26,
        "text": "不会在关注你了，你家人都不住在连云港吗，你没有父母后代吗？？严重鄙视你这种人。赶紧滚蛋。",
        "user_description": "。。。",
        "user_avatar": "https://tva3.sinaimg.cn/crop.0.0.996.996.50/005OshT4jw8ezakaxj8xnj30ro0rpab9.jpg?KID=imgbed,tva&Expires=1584956176&ssig=LJNCo5PF0i",
        "id": "4006207326375720",
        "city": "7",
        "province": "32",
        "friends_count": 293,
        "user_location": "江苏 连云港",
        "mid": "4006207326375720",
        "verified_reason": "",
        "attitudes_count": 0,
        "followers_count": 61,
        "verified_type": -1,
        "statuses_count": 112,
        "parent": "4006128008822296",
        "verified": false,
        "geo": null,
        "user_created_at": 1413020474,
        "favourites_count": 3,
        "screen_name": "曹敏10025",
        "gender": "f",
        "user_geo_enabled": true,
        "username": "曹敏10025",
        "comments_count": 0,
        "t": 1470637721,
        "video_status_count": 0,
        "urank": 14,
        "user_ability": 2098176,
        "credit_score": 80
    },
    {
        "reposts_count": 0,
        "uid": 5326222906,
        "bi_followers_count": 26,
        "text": "回复@啊z澈:赞同",
        "user_description": "。。。",
        "user_avatar": "https://tva3.sinaimg.cn/crop.0.0.996.996.50/005OshT4jw8ezakaxj8xnj30ro0rpab9.jpg?KID=imgbed,tva&Expires=1584956176&ssig=LJNCo5PF0i",
        "id": "4006206395913291",
        "city": "7",
        "province": "32",
        "friends_count": 293,
        "user_location": "江苏 连云港",
        "mid": "4006206395913291",
        "verified_reason": "",
        "attitudes_count": 0,
        "followers_count": 61,
        "verified_type": -1,
        "statuses_count": 112,
        "parent": "4006128008822296",
        "verified": false,
        "geo": null,
        "user_created_at": 1413020474,
        "favourites_count": 3,
        "screen_name": "曹敏10025",
        "gender": "f",
        "user_geo_enabled": true,
        "username": "曹敏10025",
        "comments_count": 0,
        "t": 1470637498,
        "video_status_count": 0,
        "urank": 14,
        "user_ability": 2098176,
        "credit_score": 80
    },
    {
        "reposts_count": 0,
        "uid": 5326222906,
        "bi_followers_count": 26,
        "text": "回复@末了丶__:还举报我，绝对是怕封杀了。",
        "user_description": "。。。",
        "user_avatar": "https://tva3.sinaimg.cn/crop.0.0.996.996.50/005OshT4jw8ezakaxj8xnj30ro0rpab9.jpg?KID=imgbed,tva&Expires=1584956176&ssig=LJNCo5PF0i",
        "id": "4006206336574366",
        "city": "7",
        "province": "32",
        "friends_count": 293,
        "user_location": "江苏 连云港",
        "mid": "4006206336574366",
        "verified_reason": "",
        "attitudes_count": 0,
        "followers_count": 61,
        "verified_type": -1,
        "statuses_count": 112,
        "parent": "4006128008822296",
        "verified": false,
        "geo": null,
        "user_created_at": 1413020474,
        "favourites_count": 3,
        "screen_name": "曹敏10025",
        "gender": "f",
        "user_geo_enabled": true,
        "username": "曹敏10025",
        "comments_count": 0,
        "t": 1470637485,
        "video_status_count": 0,
        "urank": 14,
        "user_ability": 2098176,
        "credit_score": 80
    },
    {
        "reposts_count": 0,
        "uid": 5326222906,
        "bi_followers_count": 26,
        "text": "你举报我干嘛！！痴呆吗",
        "user_description": "。。。",
        "user_avatar": "https://tva3.sinaimg.cn/crop.0.0.996.996.50/005OshT4jw8ezakaxj8xnj30ro0rpab9.jpg?KID=imgbed,tva&Expires=1584956176&ssig=LJNCo5PF0i",
        "id": "4006206136041231",
        "city": "7",
        "province": "32",
        "friends_count": 293,
        "user_location": "江苏 连云港",
        "mid": "4006206136041231",
        "verified_reason": "",
        "attitudes_count": 0,
        "followers_count": 61,
        "verified_type": -1,
        "statuses_count": 112,
        "parent": "4006128008822296",
        "verified": false,
        "geo": null,
        "user_created_at": 1413020474,
        "favourites_count": 3,
        "screen_name": "曹敏10025",
        "gender": "f",
        "user_geo_enabled": true,
        "username": "曹敏10025",
        "comments_count": 0,
        "t": 1470637436,
        "video_status_count": 0,
        "urank": 14,
        "user_ability": 2098176,
        "credit_score": 80
    },
    {
        "reposts_count": 0,
        "uid": 2757265302,
        "bi_followers_count": 0,
        "text": "死了一个小孩。真的",
        "user_description": "",
        "user_avatar": "https://tvax1.sinaimg.cn/crop.0.0.996.996.50/a4588796ly8fe0fdncmr1j20ro0rp3z6.jpg?KID=imgbed,tva&Expires=1584956176&ssig=cD5xk1zKey",
        "id": "4006195084097629",
        "city": "7",
        "province": "32",
        "friends_count": 59,
        "user_location": "江苏 连云港",
        "mid": "4006195084097629",
        "verified_reason": "",
        "attitudes_count": 0,
        "followers_count": 41,
        "verified_type": -1,
        "statuses_count": 138,
        "parent": "4006128008822296",
        "verified": false,
        "geo": null,
        "user_created_at": 1334374770,
        "favourites_count": 4,
        "screen_name": "yy98161",
        "gender": "m",
        "user_geo_enabled": true,
        "username": "yy98161",
        "comments_count": 0,
        "t": 1470634801,
        "video_status_count": 0,
        "urank": 9,
        "user_ability": 1311744,
        "credit_score": 80
    },
    {
        "reposts_count": 0,
        "uid": 1752286671,
        "bi_followers_count": 141,
        "text": "回复@北城以北向北走:卧槽！要没看错那是三菱刺啊！放血神器啊！太歹毒了！",
        "user_description": "没啥",
        "user_avatar": "https://tvax3.sinaimg.cn/crop.0.0.512.512.50/6871c5cfly8g6e5l5bi8cj20e80e8q36.jpg?KID=imgbed,tva&Expires=1584956176&ssig=n0%2FAerbZSX",
        "id": "4006177170355456",
        "city": "8",
        "province": "11",
        "friends_count": 479,
        "user_location": "北京 海淀区",
        "mid": "4006177170355456",
        "verified_reason": "",
        "attitudes_count": 0,
        "followers_count": 1013,
        "verified_type": -1,
        "statuses_count": 3411,
        "parent": "4006128008822296",
        "verified": false,
        "geo": null,
        "user_created_at": 1275915779,
        "favourites_count": 7018,
        "screen_name": "lili不睡觉",
        "gender": "f",
        "user_geo_enabled": true,
        "username": "lili不睡觉",
        "comments_count": 0,
        "t": 1470630531,
        "video_status_count": 0,
        "urank": 39,
        "user_ability": 2097152,
        "credit_score": 80
    },
    {
        "reposts_count": 0,
        "uid": 1660817887,
        "bi_followers_count": 44,
        "text": "妈个鸡 评论里都什么人啊 再说了快报君又不是电视台的人 人家辟个谣都被骂 敢情传播谣言侮辱警察就是爱连云港了？？你他妈那么有见解怎么不竞选当市长啊？？？能不能理性看待问题 其他不说 就说这抗议示威 有多少人是抱着看热闹不嫌事大有多少混进去做违法的事情以泄私愤的难道你们看不出来？？",
        "user_description": "( ˙˘˙ )要一直开心",
        "user_avatar": "https://tvax4.sinaimg.cn/crop.0.0.996.996.50/62fe11dfly8g30fu83qgij20ro0roq4n.jpg?KID=imgbed,tva&Expires=1584956176&ssig=ZX0O1hUAPk",
        "id": "4006177135794761",
        "city": "1000",
        "province": "100",
        "friends_count": 143,
        "user_location": "其他",
        "mid": "4006177135794761",
        "verified_reason": "",
        "attitudes_count": 0,
        "followers_count": 198,
        "verified_type": 220,
        "statuses_count": 7815,
        "parent": "4006128008822296",
        "verified": false,
        "geo": null,
        "user_created_at": 1281929367,
        "favourites_count": 758,
        "screen_name": "是超级喜欢呀",
        "gender": "f",
        "user_geo_enabled": true,
        "username": "是超级喜欢呀",
        "comments_count": 0,
        "t": 1470630524,
        "video_status_count": 0,
        "urank": 46,
        "user_ability": 3408896,
        "credit_score": 80
    },
    {
        "reposts_count": 0,
        "uid": 1036434517,
        "bi_followers_count": 14,
        "text": "你个垃圾，取关",
        "user_description": "这个人好懒",
        "user_avatar": "https://tvax3.sinaimg.cn/crop.0.0.1242.1242.50/3dc6bc55ly8ftcrvdl9zqj20yi0yiac7.jpg?KID=imgbed,tva&Expires=1584956176&ssig=RyGLQn1%2Frz",
        "id": "4006173059008243",
        "city": "1000",
        "province": "32",
        "friends_count": 160,
        "user_location": "江苏",
        "mid": "4006173059008243",
        "verified_reason": "",
        "attitudes_count": 0,
        "followers_count": 57,
        "verified_type": -1,
        "statuses_count": 42,
        "parent": "4006128008822296",
        "verified": false,
        "geo": null,
        "user_created_at": 1393976915,
        "favourites_count": 3,
        "screen_name": "我爱马大美",
        "gender": "f",
        "user_geo_enabled": true,
        "username": "我爱马大美",
        "comments_count": 0,
        "t": 1470629552,
        "video_status_count": 0,
        "urank": 14,
        "user_ability": 1024,
        "credit_score": 79
    },
    {
        "reposts_count": 0,
        "uid": 3191395593,
        "bi_followers_count": 48,
        "text": "[握手]",
        "user_description": "",
        "user_avatar": "https://tvax2.sinaimg.cn/crop.0.0.996.996.50/be38d509ly8fzb3klep9lj20ro0rotav.jpg?KID=imgbed,tva&Expires=1584956176&ssig=NPZY5XiXCC",
        "id": "4006170022491743",
        "city": "1",
        "province": "51",
        "friends_count": 122,
        "user_location": "四川 成都",
        "mid": "4006170022491743",
        "verified_reason": "",
        "attitudes_count": 0,
        "followers_count": 759,
        "verified_type": -1,
        "statuses_count": 96,
        "parent": "4006128008822296",
        "verified": false,
        "geo": null,
        "user_created_at": 1355540257,
        "favourites_count": 2,
        "screen_name": "捡个大大西瓜",
        "gender": "m",
        "user_geo_enabled": true,
        "username": "捡个大大西瓜",
        "comments_count": 0,
        "t": 1470628826,
        "video_status_count": 0,
        "urank": 26,
        "user_ability": 2098176,
        "credit_score": 80
    },
    {
        "reposts_count": 0,
        "uid": 5816328313,
        "bi_followers_count": 2,
        "text": "回复@小鲸鱼要喝粥biubiu:就看你跟个人一样网上说个不停？",
        "user_description": "",
        "user_avatar": "https://tva4.sinaimg.cn/crop.9.0.494.494.50/006lCIGZjw8f8630i9h3xj30e80dq0th.jpg?KID=imgbed,tva&Expires=1584956176&ssig=qC2HngfSYa",
        "id": "4006166612599183",
        "city": "2",
        "province": "32",
        "friends_count": 60,
        "user_location": "江苏 无锡",
        "mid": "4006166612599183",
        "verified_reason": "",
        "attitudes_count": 0,
        "followers_count": 5,
        "verified_type": -1,
        "statuses_count": 2,
        "parent": "4006128008822296",
        "verified": false,
        "geo": null,
        "user_created_at": 1451551141,
        "favourites_count": 0,
        "screen_name": "Sake凌凌凌",
        "gender": "m",
        "user_geo_enabled": true,
        "username": "Sake凌凌凌",
        "comments_count": 0,
        "t": 1470628014,
        "video_status_count": 0,
        "urank": 8,
        "user_ability": 1024,
        "credit_score": 80
    },
    {
        "reposts_count": 0,
        "uid": 5737576877,
        "bi_followers_count": 6,
        "text": "这个图片是假  但昨天特警打人是真！  我问一个在现场的同学 说 反正是逮着人就打",
        "user_description": "",
        "user_avatar": "https://tva3.sinaimg.cn/crop.0.0.996.996.50/006gihQxjw8fcayzamgnjj30ro0rowgh.jpg?KID=imgbed,tva&Expires=1584956176&ssig=QIM9h98u6x",
        "id": "4006158492289509",
        "city": "7",
        "province": "32",
        "friends_count": 634,
        "user_location": "江苏 连云港",
        "mid": "4006158492289509",
        "verified_reason": "",
        "attitudes_count": 0,
        "followers_count": 107,
        "verified_type": -1,
        "statuses_count": 92,
        "parent": "4006128008822296",
        "verified": false,
        "geo": null,
        "user_created_at": 1445691926,
        "favourites_count": 3,
        "screen_name": "初不改",
        "gender": "f",
        "user_geo_enabled": true,
        "username": "初不改",
        "comments_count": 0,
        "t": 1470626078,
        "video_status_count": 0,
        "urank": 9,
        "user_ability": 2098176,
        "credit_score": 80
    },
    {
        "reposts_count": 0,
        "uid": 5231457629,
        "bi_followers_count": 6,
        "text": "那你跟踪调查啊  没那胆量就别唧唧歪歪  搞清楚  你也是连云港人  你也生活在那座城市  就算是老百姓先打人  那也要看清楚为什么  难道真的只是老百姓睡不着觉跑过去打警察玩？搞笑",
        "user_description": "得之我幸，不得我命，仅此而已。",
        "user_avatar": "https://tvax3.sinaimg.cn/crop.0.0.996.996.50/005I2F6Rly8fo4cf2broyj30ro0roq57.jpg?KID=imgbed,tva&Expires=1584956176&ssig=ZlEbU7SPJq",
        "id": "4006151673082509",
        "city": "7",
        "province": "32",
        "friends_count": 66,
        "user_location": "江苏 连云港",
        "mid": "4006151673082509",
        "verified_reason": "",
        "attitudes_count": 0,
        "followers_count": 125,
        "verified_type": -1,
        "statuses_count": 308,
        "parent": "4006128008822296",
        "verified": false,
        "geo": null,
        "user_created_at": 1406272577,
        "favourites_count": 0,
        "screen_name": "另刂言兑又寸bu走己",
        "gender": "m",
        "user_geo_enabled": true,
        "username": "另刂言兑又寸bu走己",
        "comments_count": 0,
        "t": 1470624452,
        "video_status_count": 0,
        "urank": 14,
        "user_ability": 2098176,
        "credit_score": 80
    },
    {
        "reposts_count": 0,
        "uid": 2128105704,
        "bi_followers_count": 42,
        "text": "打人是事实，这已经惹怒人民了。",
        "user_description": "你若不肯低下头    谁能为你戴上桂冠",
        "user_avatar": "https://tvax3.sinaimg.cn/crop.0.0.996.996.50/7ed850e8ly8fyinl85tfmj20ro0rowfi.jpg?KID=imgbed,tva&Expires=1584956176&ssig=uKkdXSCx1j",
        "id": "4006149734636519",
        "city": "7",
        "province": "32",
        "friends_count": 212,
        "user_location": "江苏 连云港",
        "mid": "4006149734636519",
        "verified_reason": "",
        "attitudes_count": 0,
        "followers_count": 265,
        "verified_type": -1,
        "statuses_count": 196,
        "parent": "4006128008822296",
        "verified": false,
        "geo": null,
        "user_created_at": 1304332495,
        "favourites_count": 28,
        "screen_name": "赚钱养家的男人最帅",
        "gender": "m",
        "user_geo_enabled": true,
        "username": "赚钱养家的男人最帅",
        "comments_count": 0,
        "t": 1470623989,
        "video_status_count": 0,
        "urank": 36,
        "user_ability": 2098176,
        "credit_score": 80
    },
    {
        "reposts_count": 0,
        "uid": 3210583183,
        "bi_followers_count": 45,
        "text": "搞不懂你们这种公众号，这种大家亲眼看到的事实你们不敢报道，天天瞎发些屁大点事的事情，取关[拜拜]",
        "user_description": "你好呀👋",
        "user_avatar": "https://tvax3.sinaimg.cn/crop.0.0.1080.1080.50/bf5d9c8fly8gcghss13ynj20u00u0gni.jpg?KID=imgbed,tva&Expires=1584956176&ssig=PiMvTFZGo4",
        "id": "4006148002852413",
        "city": "1000",
        "province": "32",
        "friends_count": 100,
        "user_location": "江苏",
        "mid": "4006148002852413",
        "verified_reason": "",
        "attitudes_count": 0,
        "followers_count": 123,
        "verified_type": -1,
        "statuses_count": 11,
        "parent": "4006128008822296",
        "verified": false,
        "geo": null,
        "user_created_at": 1357000841,
        "favourites_count": 10,
        "screen_name": "打篮球的小孙",
        "gender": "m",
        "user_geo_enabled": true,
        "username": "打篮球的小孙",
        "comments_count": 0,
        "t": 1470623576,
        "video_status_count": 0,
        "urank": 24,
        "user_ability": 263168,
        "credit_score": 80
    },
    {
        "reposts_count": 0,
        "uid": 5997139633,
        "bi_followers_count": 0,
        "text": "真当群众的眼镜瞎吗。你们会遭报应的，现在没有，是因为时候未到罢了",
        "user_description": "",
        "user_avatar": "https://tva4.sinaimg.cn/crop.0.0.960.960.50/006xRnYBjw8f6loo9w629j30qo0qoac2.jpg?KID=imgbed,tva&Expires=1584956176&ssig=4Zre2625LE",
        "id": "4006140725412712",
        "city": "7",
        "province": "32",
        "friends_count": 9,
        "user_location": "江苏 连云港",
        "mid": "4006140725412712",
        "verified_reason": "",
        "attitudes_count": 0,
        "followers_count": 0,
        "verified_type": -1,
        "statuses_count": 2,
        "parent": "4006128008822296",
        "verified": false,
        "geo": null,
        "user_created_at": 1470589916,
        "favourites_count": 0,
        "screen_name": "2000胖嘟嘟",
        "gender": "f",
        "user_geo_enabled": true,
        "username": "2000胖嘟嘟",
        "comments_count": 0,
        "t": 1470621842,
        "video_status_count": 0,
        "urank": 4,
        "user_ability": 1024,
        "credit_score": 80
    },
    {
        "reposts_count": 0,
        "uid": 1531335042,
        "bi_followers_count": 12,
        "text": "你们看视频里面管理者都在明确说明社会秩序，而一些本地死逼泼妇无赖在乱叫",
        "user_description": "",
        "user_avatar": "https://tva1.sinaimg.cn/crop.0.0.1080.1080.50/5b465182jw8eoqs9yskcoj20u00u0n24.jpg?KID=imgbed,tva&Expires=1584956176&ssig=SFSJ7xjHz8",
        "id": "4006140481719554",
        "city": "1",
        "province": "11",
        "friends_count": 569,
        "user_location": "北京 东城区",
        "mid": "4006140481719554",
        "verified_reason": "",
        "attitudes_count": 0,
        "followers_count": 68,
        "verified_type": -1,
        "statuses_count": 966,
        "parent": "4006128008822296",
        "verified": false,
        "geo": null,
        "user_created_at": 1353660294,
        "favourites_count": 26,
        "screen_name": "湖畔长椅",
        "gender": "m",
        "user_geo_enabled": true,
        "username": "湖畔长椅",
        "comments_count": 0,
        "t": 1470621784,
        "video_status_count": 0,
        "urank": 13,
        "user_ability": 2097152,
        "credit_score": 80
    },
    {
        "reposts_count": 0,
        "uid": 1531335042,
        "bi_followers_count": 12,
        "text": "说实话，把这群游行的全抓起来查一查，没有学历超过初中毕业的，工资没有超过1500的，对于这些文盲愚蠢的群体，你跟他们讲道理是讲不通的，按连云港土话叫不要脸就照你不要脸待，上次肯德基那帮蠢货现在升级了，开始搞核工程项目了，一个个饭都吃不饱懂什么叫核垃圾啊，自己懒惰对社会不满正好找机会一",
        "user_description": "",
        "user_avatar": "https://tva1.sinaimg.cn/crop.0.0.1080.1080.50/5b465182jw8eoqs9yskcoj20u00u0n24.jpg?KID=imgbed,tva&Expires=1584956176&ssig=SFSJ7xjHz8",
        "id": "4006139929269194",
        "city": "1",
        "province": "11",
        "friends_count": 569,
        "user_location": "北京 东城区",
        "mid": "4006139929269194",
        "verified_reason": "",
        "attitudes_count": 0,
        "followers_count": 68,
        "verified_type": -1,
        "statuses_count": 966,
        "parent": "4006128008822296",
        "verified": false,
        "geo": null,
        "user_created_at": 1353660294,
        "favourites_count": 26,
        "screen_name": "湖畔长椅",
        "gender": "m",
        "user_geo_enabled": true,
        "username": "湖畔长椅",
        "comments_count": 0,
        "t": 1470621652,
        "video_status_count": 0,
        "urank": 13,
        "user_ability": 2097152,
        "credit_score": 80
    },
    {
        "reposts_count": 0,
        "uid": 5997139633,
        "bi_followers_count": 0,
        "text": "真是无赖，敢做不敢承认啊，有了警力不去对抗外国用来压自己的国人，这就是你们口中的保卫祖国，就没把你们伤害老百姓的视频全部传上去。这两天有多少人死在你们手里，伤的伤亡的亡，你们就没有一点人性吗。你们有考虑过后果吗，一旦核废料建立了，连云港就成了死城。",
        "user_description": "",
        "user_avatar": "https://tva4.sinaimg.cn/crop.0.0.960.960.50/006xRnYBjw8f6loo9w629j30qo0qoac2.jpg?KID=imgbed,tva&Expires=1584956176&ssig=4Zre2625LE",
        "id": "4006139476010194",
        "city": "7",
        "province": "32",
        "friends_count": 9,
        "user_location": "江苏 连云港",
        "mid": "4006139476010194",
        "verified_reason": "",
        "attitudes_count": 0,
        "followers_count": 0,
        "verified_type": -1,
        "statuses_count": 2,
        "parent": "4006128008822296",
        "verified": false,
        "geo": null,
        "user_created_at": 1470589916,
        "favourites_count": 0,
        "screen_name": "2000胖嘟嘟",
        "gender": "f",
        "user_geo_enabled": true,
        "username": "2000胖嘟嘟",
        "comments_count": 0,
        "t": 1470621544,
        "video_status_count": 0,
        "urank": 4,
        "user_ability": 1024,
        "credit_score": 80
    },
    {
        "reposts_count": 0,
        "uid": 5627156224,
        "bi_followers_count": 0,
        "text": "恶心，没有人民你能有饭碗？白养了一群吃里扒外的走狗！祝福连云港某些贪官坏人在这段时间的暴乱里不小心给暗杀了。",
        "user_description": "",
        "user_avatar": "https://tva4.sinaimg.cn/crop.0.15.641.641.50/0068OYogjw8f6wzvdt96wj30ht0inab1.jpg?KID=imgbed,tva&Expires=1584956176&ssig=qnWtlNMdzS",
        "id": "4006138103825220",
        "city": "7",
        "province": "32",
        "friends_count": 50,
        "user_location": "江苏 连云港",
        "mid": "4006138103825220",
        "verified_reason": "",
        "attitudes_count": 0,
        "followers_count": 8,
        "verified_type": -1,
        "statuses_count": 44,
        "parent": "4006128008822296",
        "verified": false,
        "geo": null,
        "user_created_at": 1433833938,
        "favourites_count": 2,
        "screen_name": "竹板贴",
        "gender": "f",
        "user_geo_enabled": true,
        "username": "竹板贴",
        "comments_count": 0,
        "t": 1470621217,
        "video_status_count": 0,
        "urank": 4,
        "user_ability": 1024,
        "credit_score": 80
    },
    {
        "reposts_count": 0,
        "uid": 5461684802,
        "bi_followers_count": 21,
        "text": "回复@六根C:这根本就不是一人说算得，国家安排在这，哪个领导能不听？",
        "user_description": "到头来才发现，自己身边真的一个人都没有！",
        "user_avatar": "https://tvax2.sinaimg.cn/crop.0.0.512.512.50/005XCFImly8fy50hlgv9yj30e80e80t7.jpg?KID=imgbed,tva&Expires=1584956176&ssig=M2lQZAi1kC",
        "id": "4006137629702774",
        "city": "7",
        "province": "32",
        "friends_count": 241,
        "user_location": "江苏 连云港",
        "mid": "4006137629702774",
        "verified_reason": "",
        "attitudes_count": 0,
        "followers_count": 192,
        "verified_type": -1,
        "statuses_count": 174,
        "parent": "4006128008822296",
        "verified": false,
        "geo": null,
        "user_created_at": 1420355780,
        "favourites_count": 14,
        "screen_name": "北城以北向北走",
        "gender": "m",
        "user_geo_enabled": true,
        "username": "北城以北向北走",
        "comments_count": 0,
        "t": 1470621104,
        "video_status_count": 0,
        "urank": 14,
        "user_ability": 2098176,
        "credit_score": 80
    },
    {
        "reposts_count": 0,
        "uid": 5410463558,
        "bi_followers_count": 4,
        "text": "回复@北城以北向北走:这个就是他们的不对了",
        "user_description": "",
        "user_avatar": "https://tvax4.sinaimg.cn/crop.0.0.1080.1080.50/005U9KJgly8fxasx93krxj30u00u0gn6.jpg?KID=imgbed,tva&Expires=1584956176&ssig=OaJETmGVln",
        "id": "4006137533536472",
        "city": "2",
        "province": "32",
        "friends_count": 9,
        "user_location": "江苏 无锡",
        "mid": "4006137533536472",
        "verified_reason": "",
        "attitudes_count": 0,
        "followers_count": 119,
        "verified_type": -1,
        "statuses_count": 6,
        "parent": "4006128008822296",
        "verified": false,
        "geo": null,
        "user_created_at": 1418308331,
        "favourites_count": 19,
        "screen_name": "依旧九七",
        "gender": "m",
        "user_geo_enabled": true,
        "username": "依旧九七",
        "comments_count": 0,
        "t": 1470621080,
        "video_status_count": 0,
        "urank": 9,
        "user_ability": 1024,
        "credit_score": 80
    },
    {
        "reposts_count": 0,
        "uid": 5461684802,
        "bi_followers_count": 21,
        "text": "回复@六根C:第一天游行，我们管的吗？昨天一些混混喝酒闹事，偷东西，带管制刀具，对，我们抓了你们起哄说我们打人，不抓说警察不干事，怎么做都是错！站着让你们打就是好警察，你知道多少特警受伤吗？有特警肚子被划开了你懂吗？",
        "user_description": "到头来才发现，自己身边真的一个人都没有！",
        "user_avatar": "https://tvax2.sinaimg.cn/crop.0.0.512.512.50/005XCFImly8fy50hlgv9yj30e80e80t7.jpg?KID=imgbed,tva&Expires=1584956176&ssig=M2lQZAi1kC",
        "id": "4006137194382682",
        "city": "7",
        "province": "32",
        "friends_count": 241,
        "user_location": "江苏 连云港",
        "mid": "4006137194382682",
        "verified_reason": "",
        "attitudes_count": 0,
        "followers_count": 192,
        "verified_type": -1,
        "statuses_count": 174,
        "parent": "4006128008822296",
        "verified": false,
        "geo": null,
        "user_created_at": 1420355780,
        "favourites_count": 14,
        "screen_name": "北城以北向北走",
        "gender": "m",
        "user_geo_enabled": true,
        "username": "北城以北向北走",
        "comments_count": 0,
        "t": 1470621000,
        "video_status_count": 0,
        "urank": 14,
        "user_ability": 2098176,
        "credit_score": 80
    },
    {
        "reposts_count": 0,
        "uid": 5461684802,
        "bi_followers_count": 21,
        "text": "回复@六根C:你怎么知道我不是本地人？",
        "user_description": "到头来才发现，自己身边真的一个人都没有！",
        "user_avatar": "https://tvax2.sinaimg.cn/crop.0.0.512.512.50/005XCFImly8fy50hlgv9yj30e80e80t7.jpg?KID=imgbed,tva&Expires=1584956176&ssig=M2lQZAi1kC",
        "id": "4006136283751686",
        "city": "7",
        "province": "32",
        "friends_count": 241,
        "user_location": "江苏 连云港",
        "mid": "4006136283751686",
        "verified_reason": "",
        "attitudes_count": 0,
        "followers_count": 192,
        "verified_type": -1,
        "statuses_count": 174,
        "parent": "4006128008822296",
        "verified": false,
        "geo": null,
        "user_created_at": 1420355780,
        "favourites_count": 14,
        "screen_name": "北城以北向北走",
        "gender": "m",
        "user_geo_enabled": true,
        "username": "北城以北向北走",
        "comments_count": 0,
        "t": 1470620783,
        "video_status_count": 0,
        "urank": 14,
        "user_ability": 2098176,
        "credit_score": 80
    },
    {
        "reposts_count": 0,
        "uid": 5461684802,
        "bi_followers_count": 21,
        "text": "回复@六根C:我连云港人，不在我家乡？打警察算什么，警察也是本地人，打杨省世去啊！啥都不懂就会跟风",
        "user_description": "到头来才发现，自己身边真的一个人都没有！",
        "user_avatar": "https://tvax2.sinaimg.cn/crop.0.0.512.512.50/005XCFImly8fy50hlgv9yj30e80e80t7.jpg?KID=imgbed,tva&Expires=1584956176&ssig=M2lQZAi1kC",
        "id": "4006136091061592",
        "city": "7",
        "province": "32",
        "friends_count": 241,
        "user_location": "江苏 连云港",
        "mid": "4006136091061592",
        "verified_reason": "",
        "attitudes_count": 0,
        "followers_count": 192,
        "verified_type": -1,
        "statuses_count": 174,
        "parent": "4006128008822296",
        "verified": false,
        "geo": null,
        "user_created_at": 1420355780,
        "favourites_count": 14,
        "screen_name": "北城以北向北走",
        "gender": "m",
        "user_geo_enabled": true,
        "username": "北城以北向北走",
        "comments_count": 0,
        "t": 1470620737,
        "video_status_count": 0,
        "urank": 14,
        "user_ability": 2098176,
        "credit_score": 80
    },
    {
        "reposts_count": 0,
        "uid": 5410463558,
        "bi_followers_count": 4,
        "text": "回复@L-_-Ll:图片应该是假的，但是反抗建造px是真的",
        "user_description": "",
        "user_avatar": "https://tvax4.sinaimg.cn/crop.0.0.1080.1080.50/005U9KJgly8fxasx93krxj30u00u0gn6.jpg?KID=imgbed,tva&Expires=1584956176&ssig=OaJETmGVln",
        "id": "4006136007332456",
        "city": "2",
        "province": "32",
        "friends_count": 9,
        "user_location": "江苏 无锡",
        "mid": "4006136007332456",
        "verified_reason": "",
        "attitudes_count": 0,
        "followers_count": 119,
        "verified_type": -1,
        "statuses_count": 6,
        "parent": "4006128008822296",
        "verified": false,
        "geo": null,
        "user_created_at": 1418308331,
        "favourites_count": 19,
        "screen_name": "依旧九七",
        "gender": "m",
        "user_geo_enabled": true,
        "username": "依旧九七",
        "comments_count": 0,
        "t": 1470620717,
        "video_status_count": 0,
        "urank": 9,
        "user_ability": 1024,
        "credit_score": 80
    },
    {
        "reposts_count": 0,
        "uid": 5673067036,
        "bi_followers_count": 10,
        "text": "回复@六根C:我们说了不算，都三天了",
        "user_description": "",
        "user_avatar": "https://tva2.sinaimg.cn/crop.0.0.664.664.50/006bVBTejw8f3u2ukl3ibj30ig0iggmy.jpg?KID=imgbed,tva&Expires=1584956176&ssig=MHtVxCTaqI",
        "id": "4006135239617590",
        "city": "7",
        "province": "32",
        "friends_count": 57,
        "user_location": "江苏 连云港",
        "mid": "4006135239617590",
        "verified_reason": "",
        "attitudes_count": 0,
        "followers_count": 17,
        "verified_type": -1,
        "statuses_count": 38,
        "parent": "4006128008822296",
        "verified": false,
        "geo": null,
        "user_created_at": 1439126773,
        "favourites_count": 0,
        "screen_name": "L-_-Ll",
        "gender": "f",
        "user_geo_enabled": true,
        "username": "L-_-Ll",
        "comments_count": 0,
        "t": 1470620534,
        "video_status_count": 0,
        "urank": 9,
        "user_ability": 0,
        "credit_score": 80
    },
    {
        "reposts_count": 0,
        "uid": 5461684802,
        "bi_followers_count": 21,
        "text": "回复@六根C:搁战争时期，你就是汉奸！",
        "user_description": "到头来才发现，自己身边真的一个人都没有！",
        "user_avatar": "https://tvax2.sinaimg.cn/crop.0.0.512.512.50/005XCFImly8fy50hlgv9yj30e80e80t7.jpg?KID=imgbed,tva&Expires=1584956176&ssig=M2lQZAi1kC",
        "id": "4006134891579871",
        "city": "7",
        "province": "32",
        "friends_count": 241,
        "user_location": "江苏 连云港",
        "mid": "4006134891579871",
        "verified_reason": "",
        "attitudes_count": 0,
        "followers_count": 192,
        "verified_type": -1,
        "statuses_count": 174,
        "parent": "4006128008822296",
        "verified": false,
        "geo": null,
        "user_created_at": 1420355780,
        "favourites_count": 14,
        "screen_name": "北城以北向北走",
        "gender": "m",
        "user_geo_enabled": true,
        "username": "北城以北向北走",
        "comments_count": 0,
        "t": 1470620450,
        "video_status_count": 0,
        "urank": 14,
        "user_ability": 2098176,
        "credit_score": 80
    },
    {
        "reposts_count": 0,
        "uid": 5461684802,
        "bi_followers_count": 21,
        "text": "这就是你们说的老百姓 http://t.cn/Rt9ohng",
        "user_description": "到头来才发现，自己身边真的一个人都没有！",
        "user_avatar": "https://tvax2.sinaimg.cn/crop.0.0.512.512.50/005XCFImly8fy50hlgv9yj30e80e80t7.jpg?KID=imgbed,tva&Expires=1584956176&ssig=M2lQZAi1kC",
        "id": "4006133112969220",
        "city": "7",
        "province": "32",
        "friends_count": 241,
        "user_location": "江苏 连云港",
        "mid": "4006133112969220",
        "verified_reason": "",
        "attitudes_count": 0,
        "followers_count": 192,
        "verified_type": -1,
        "statuses_count": 174,
        "parent": "4006128008822296",
        "verified": false,
        "geo": null,
        "user_created_at": 1420355780,
        "favourites_count": 14,
        "screen_name": "北城以北向北走",
        "gender": "m",
        "user_geo_enabled": true,
        "username": "北城以北向北走",
        "comments_count": 0,
        "t": 1470620026,
        "video_status_count": 0,
        "urank": 14,
        "user_ability": 2098176,
        "credit_score": 80
    },
    {
        "reposts_count": 0,
        "uid": 5671903007,
        "bi_followers_count": 18,
        "text": "继续赚钱吧。舔舔舔",
        "user_description": "",
        "user_avatar": "https://tva1.sinaimg.cn/crop.0.0.1328.1328.50/006bQJ4zjw8f2nv7jofw9j310w10wgqw.jpg?KID=imgbed,tva&Expires=1584956176&ssig=Bsl6X8657z",
        "id": "4006132303304155",
        "city": "1000",
        "province": "32",
        "friends_count": 125,
        "user_location": "江苏",
        "mid": "4006132303304155",
        "verified_reason": "",
        "attitudes_count": 0,
        "followers_count": 73,
        "verified_type": -1,
        "statuses_count": 46,
        "parent": "4006128008822296",
        "verified": false,
        "geo": null,
        "user_created_at": 1439029301,
        "favourites_count": 4,
        "screen_name": "米歇尔懒懒的天",
        "gender": "m",
        "user_geo_enabled": true,
        "username": "米歇尔懒懒的天",
        "comments_count": 0,
        "t": 1470619834,
        "video_status_count": 0,
        "urank": 13,
        "user_ability": 2098176,
        "credit_score": 80
    },
    {
        "reposts_count": 0,
        "uid": 5263289776,
        "bi_followers_count": 1,
        "text": "果断取消关注",
        "user_description": "阳光下的泡沫是彩色的  就像被骗得我   是幸福的",
        "user_avatar": "https://tva3.sinaimg.cn/crop.0.0.540.540.50/005Kce6Ajw8ekkboo3gukj30f00f0js1.jpg?KID=imgbed,tva&Expires=1584956176&ssig=%2FxrRFm%2FQju",
        "id": "4006131455791368",
        "city": "7",
        "province": "32",
        "friends_count": 230,
        "user_location": "江苏 连云港",
        "mid": "4006131455791368",
        "verified_reason": "",
        "attitudes_count": 0,
        "followers_count": 12,
        "verified_type": -1,
        "statuses_count": 29,
        "parent": "4006128008822296",
        "verified": false,
        "geo": null,
        "user_created_at": 1408622425,
        "favourites_count": 2,
        "screen_name": "Rainbow眸",
        "gender": "f",
        "user_geo_enabled": true,
        "username": "Rainbow眸",
        "comments_count": 0,
        "t": 1470619631,
        "video_status_count": 0,
        "urank": 9,
        "user_ability": 0,
        "credit_score": 80
    },
    {
        "reposts_count": 0,
        "uid": 5673067036,
        "bi_followers_count": 10,
        "text": "他们意思是说，昨晚撒都没发生，我就呵呵了",
        "user_description": "",
        "user_avatar": "https://tva2.sinaimg.cn/crop.0.0.664.664.50/006bVBTejw8f3u2ukl3ibj30ig0iggmy.jpg?KID=imgbed,tva&Expires=1584956176&ssig=MHtVxCTaqI",
        "id": "4006130780558862",
        "city": "7",
        "province": "32",
        "friends_count": 57,
        "user_location": "江苏 连云港",
        "mid": "4006130780558862",
        "verified_reason": "",
        "attitudes_count": 0,
        "followers_count": 17,
        "verified_type": -1,
        "statuses_count": 38,
        "parent": "4006128008822296",
        "verified": false,
        "geo": null,
        "user_created_at": 1439126773,
        "favourites_count": 0,
        "screen_name": "L-_-Ll",
        "gender": "f",
        "user_geo_enabled": true,
        "username": "L-_-Ll",
        "comments_count": 0,
        "t": 1470619471,
        "video_status_count": 0,
        "urank": 9,
        "user_ability": 0,
        "credit_score": 80
    },
    {
        "reposts_count": 0,
        "uid": 5746097375,
        "bi_followers_count": 3,
        "text": "为什么不报道报道人民为何聚众闹事",
        "user_description": "",
        "user_avatar": "https://tvax4.sinaimg.cn/crop.0.0.996.996.50/006gS2pVly8g0nrlv59r9j30ro0rodja.jpg?KID=imgbed,tva&Expires=1584956176&ssig=9r4UeoeOMy",
        "id": "4006130730578214",
        "city": "7",
        "province": "32",
        "friends_count": 75,
        "user_location": "江苏 连云港",
        "mid": "4006130730578214",
        "verified_reason": "",
        "attitudes_count": 0,
        "followers_count": 16,
        "verified_type": -1,
        "statuses_count": 10,
        "parent": "4006128008822296",
        "verified": false,
        "geo": null,
        "user_created_at": 1446253231,
        "favourites_count": 2,
        "screen_name": "任小蹄儿",
        "gender": "m",
        "user_geo_enabled": true,
        "username": "任小蹄儿",
        "comments_count": 0,
        "t": 1470619459,
        "video_status_count": 0,
        "urank": 9,
        "user_ability": 2360320,
        "credit_score": 80
    },
    {
        "reposts_count": 0,
        "uid": 5594470466,
        "bi_followers_count": 7,
        "text": "你个垃圾，取消对你的关注，正面的事你不报道，你难道不住连云港？",
        "user_description": "互粉",
        "user_avatar": "https://tvax2.sinaimg.cn/crop.0.0.996.996.50/0066BPkCly8g40reaga07j30ro0ro40a.jpg?KID=imgbed,tva&Expires=1584956176&ssig=LIDeQAtglO",
        "id": "4006130709023590",
        "city": "1000",
        "province": "32",
        "friends_count": 123,
        "user_location": "江苏",
        "mid": "4006130709023590",
        "verified_reason": "",
        "attitudes_count": 0,
        "followers_count": 47,
        "verified_type": -1,
        "statuses_count": 35,
        "parent": "4006128008822296",
        "verified": false,
        "geo": null,
        "user_created_at": 1429922915,
        "favourites_count": 0,
        "screen_name": "啊z澈",
        "gender": "f",
        "user_geo_enabled": true,
        "username": "啊z澈",
        "comments_count": 0,
        "t": 1470619454,
        "video_status_count": 0,
        "urank": 9,
        "user_ability": 262144,
        "credit_score": 80
    },
    {
        "reposts_count": 0,
        "uid": 5569727604,
        "bi_followers_count": 59,
        "text": "图片评论 http://t.cn/Rt9SKIv",
        "user_description": "琴声辽阔，不烈不弱",
        "user_avatar": "https://tvax3.sinaimg.cn/crop.0.0.996.996.50/0064W0Acly8fj1lo3y2vqj30ro0rodhq.jpg?KID=imgbed,tva&Expires=1584956176&ssig=9i74gs3mY6",
        "id": "4006130563293945",
        "city": "5",
        "province": "32",
        "friends_count": 208,
        "user_location": "江苏 苏州",
        "mid": "4006130563293945",
        "verified_reason": "",
        "attitudes_count": 0,
        "followers_count": 1482,
        "verified_type": -1,
        "statuses_count": 1693,
        "parent": "4006128008822296",
        "verified": false,
        "geo": null,
        "user_created_at": 1427078104,
        "favourites_count": 607,
        "screen_name": "不烈不弱i",
        "gender": "f",
        "user_geo_enabled": false,
        "username": "不烈不弱i",
        "comments_count": 0,
        "t": 1470619419,
        "video_status_count": 0,
        "urank": 39,
        "user_ability": 35914752,
        "credit_score": 80
    },
    {
        "reposts_count": 0,
        "uid": 5489159071,
        "bi_followers_count": 169,
        "text": "[心][心]传递信息是社会的责任。",
        "user_description": "生活还是要继续，不然咋整",
        "user_avatar": "https://tvax2.sinaimg.cn/crop.0.0.1010.1010.50/005ZtX1Jly8gc5qwo99atj30s20s2q4r.jpg?KID=imgbed,tva&Expires=1584956176&ssig=DZ06DjAJvw",
        "id": "4006130470856342",
        "city": "1000",
        "province": "32",
        "friends_count": 1076,
        "user_location": "江苏",
        "mid": "4006130470856342",
        "verified_reason": "",
        "attitudes_count": 0,
        "followers_count": 98225,
        "verified_type": -1,
        "statuses_count": 15303,
        "parent": "4006128008822296",
        "verified": false,
        "geo": null,
        "user_created_at": 1421823380,
        "favourites_count": 40,
        "screen_name": "二更常州",
        "gender": "f",
        "user_geo_enabled": true,
        "username": "二更常州",
        "comments_count": 0,
        "t": 1470619396,
        "video_status_count": 0,
        "urank": 38,
        "user_ability": 3410444,
        "credit_score": 76
    },
    {
        "reposts_count": 0,
        "uid": 5569727604,
        "bi_followers_count": 59,
        "text": "难做。心疼你。但又觉得，被骂也是合情合理。",
        "user_description": "琴声辽阔，不烈不弱",
        "user_avatar": "https://tvax3.sinaimg.cn/crop.0.0.996.996.50/0064W0Acly8fj1lo3y2vqj30ro0rodhq.jpg?KID=imgbed,tva&Expires=1584956176&ssig=9i74gs3mY6",
        "id": "4006130218880461",
        "city": "5",
        "province": "32",
        "friends_count": 208,
        "user_location": "江苏 苏州",
        "mid": "4006130218880461",
        "verified_reason": "",
        "attitudes_count": 0,
        "followers_count": 1482,
        "verified_type": -1,
        "statuses_count": 1693,
        "parent": "4006128008822296",
        "verified": false,
        "geo": null,
        "user_created_at": 1427078104,
        "favourites_count": 607,
        "screen_name": "不烈不弱i",
        "gender": "f",
        "user_geo_enabled": false,
        "username": "不烈不弱i",
        "comments_count": 0,
        "t": 1470619337,
        "video_status_count": 0,
        "urank": 39,
        "user_ability": 35914752,
        "credit_score": 80
    },
    {
        "reposts_count": 0,
        "uid": 2543434794,
        "bi_followers_count": 15,
        "text": "那你们电视台就该事实就是的报道，听听老百姓的声音，而不是一味的只听命于政府领导，说好的民主呢？？？",
        "user_description": "",
        "user_avatar": "https://tva3.sinaimg.cn/crop.0.0.180.180.50/9799bc2ajw1e8qgp5bmzyj2050050aa8.jpg?KID=imgbed,tva&Expires=1584956176&ssig=NNMeoKQAJ5",
        "id": "4006129937363585",
        "city": "2",
        "province": "32",
        "friends_count": 193,
        "user_location": "江苏 无锡",
        "mid": "4006129937363585",
        "verified_reason": "",
        "attitudes_count": 0,
        "followers_count": 64,
        "verified_type": -1,
        "statuses_count": 60,
        "parent": "4006128008822296",
        "verified": false,
        "geo": null,
        "user_created_at": 1321612912,
        "favourites_count": 239,
        "screen_name": "Blingbling撒",
        "gender": "f",
        "user_geo_enabled": false,
        "username": "Blingbling撒",
        "comments_count": 0,
        "t": 1470619270,
        "video_status_count": 0,
        "urank": 14,
        "user_ability": 35651584,
        "credit_score": 80
    },
    {
        "reposts_count": 0,
        "uid": 5626515500,
        "bi_followers_count": 10,
        "text": "哟！那意思就说，政府没打人呗",
        "user_description": "02-09-18-22-31+04-11",
        "user_avatar": "https://tvax3.sinaimg.cn/crop.0.0.996.996.50/0068MhI0ly8g5yrz2gj4cj30ro0rowf2.jpg?KID=imgbed,tva&Expires=1584956176&ssig=D7RbsKhFvr",
        "id": "4006129036065409",
        "city": "1000",
        "province": "32",
        "friends_count": 317,
        "user_location": "江苏",
        "mid": "4006129036065409",
        "verified_reason": "",
        "attitudes_count": 0,
        "followers_count": 86,
        "verified_type": -1,
        "statuses_count": 786,
        "parent": "4006128008822296",
        "verified": false,
        "geo": null,
        "user_created_at": 1433745671,
        "favourites_count": 2,
        "screen_name": "永远爱我中华520",
        "gender": "f",
        "user_geo_enabled": true,
        "username": "永远爱我中华520",
        "comments_count": 0,
        "t": 1470619055,
        "video_status_count": 0,
        "urank": 9,
        "user_ability": 2360320,
        "credit_score": 80
    },
    {
        "reposts_count": 0,
        "uid": 5873505044,
        "bi_followers_count": 0,
        "text": "报道一下最近民众的心声呗。报道这些有个卵用",
        "user_description": "",
        "user_avatar": "https://tva4.sinaimg.cn/crop.0.0.996.996.50/006puCYkjw8f6gprhvhbkj30ro0rp405.jpg?KID=imgbed,tva&Expires=1584956176&ssig=5y2VI4%2FpF0",
        "id": "4006129031859335",
        "city": "1000",
        "province": "100",
        "friends_count": 14,
        "user_location": "其他",
        "mid": "4006129031859335",
        "verified_reason": "",
        "attitudes_count": 0,
        "followers_count": 16,
        "verified_type": -1,
        "statuses_count": 25,
        "parent": "4006128008822296",
        "verified": false,
        "geo": null,
        "user_created_at": 1457365429,
        "favourites_count": 8,
        "screen_name": "我是农村长大滴",
        "gender": "f",
        "user_geo_enabled": true,
        "username": "我是农村长大滴",
        "comments_count": 0,
        "t": 1470619053,
        "video_status_count": 0,
        "urank": 4,
        "user_ability": 0,
        "credit_score": 80
    },
    {
        "reposts_count": 0,
        "uid": 1141583191,
        "bi_followers_count": 4,
        "text": "好避重就轻的辟谣，你咋不说清楚发生了什么事呢？连云港发生这么大的事情，公众号怎么都不敢提呢",
        "user_description": "毒液1毒液2电影定档",
        "user_avatar": "https://tvax1.sinaimg.cn/crop.0.0.512.512.50/440b2d57ly8gc8oqvlmm3j20e80e83yn.jpg?KID=imgbed,tva&Expires=1584956176&ssig=nXxWEHKelD",
        "id": "4006128839361519",
        "city": "7",
        "province": "32",
        "friends_count": 246,
        "user_location": "江苏 连云港",
        "mid": "4006128839361519",
        "verified_reason": "",
        "attitudes_count": 0,
        "followers_count": 25,
        "verified_type": -1,
        "statuses_count": 268,
        "parent": "4006128008822296",
        "verified": false,
        "geo": null,
        "user_created_at": 1373005993,
        "favourites_count": 0,
        "screen_name": "毒液2电影",
        "gender": "f",
        "user_geo_enabled": true,
        "username": "毒液2电影",
        "comments_count": 0,
        "t": 1470619008,
        "video_status_count": 0,
        "urank": 9,
        "user_ability": 2097152,
        "credit_score": 80
    },
    {
        "reposts_count": 0,
        "uid": 2924235321,
        "bi_followers_count": 1,
        "text": "你tm就知道辟谣，事实你怎么不敢报道，就是条狗",
        "user_description": "",
        "user_avatar": "https://tva3.sinaimg.cn/crop.14.0.1213.1213.50/ae4c4a39jw8f6m2lz94x0j20yi0xptcs.jpg?KID=imgbed,tva&Expires=1584956176&ssig=v0HY9QFPDs",
        "id": "4006128793009139",
        "city": "7",
        "province": "32",
        "friends_count": 98,
        "user_location": "江苏 连云港",
        "mid": "4006128793009139",
        "verified_reason": "",
        "attitudes_count": 0,
        "followers_count": 44,
        "verified_type": -1,
        "statuses_count": 23,
        "parent": "4006128008822296",
        "verified": false,
        "geo": null,
        "user_created_at": 1345253768,
        "favourites_count": 1,
        "screen_name": "言言小狗蛋11",
        "gender": "m",
        "user_geo_enabled": true,
        "username": "言言小狗蛋11",
        "comments_count": 0,
        "t": 1470618997,
        "video_status_count": 0,
        "urank": 9,
        "user_ability": 0,
        "credit_score": 80
    }
]