[
    {
        "reposts_count": 0,
        "uid": 5488312506,
        "bi_followers_count": 1,
        "text": "一个几岁大的孩子，跟着爸妈一起抗议，结果被武警推倒在地，已经去世了，然后武警又拿着枪去对着去世孩子的爸妈，这个社会到底怎么了，我们只是一群想让家人平平安安的在连云港度过接下来的每一天，别再伤害我们了好吗，大家把我这段话转发，谢谢 不管哪里帮忙转发，这么大的事没有一家电视新闻报道的 ​",
        "user_description": "",
        "user_avatar": "https://tva1.sinaimg.cn/crop.0.0.1328.1328.50/005ZqoNsjw8f41diaznpxj310w10wn1a.jpg?KID=imgbed,tva&Expires=1584956159&ssig=mzA1vV1zTA",
        "id": "4006005064949924",
        "city": "1000",
        "province": "32",
        "friends_count": 15,
        "user_location": "江苏",
        "mid": "4006005064949924",
        "verified_reason": "",
        "attitudes_count": 1,
        "followers_count": 16,
        "verified_type": -1,
        "statuses_count": 11,
        "parent": null,
        "verified": false,
        "geo": null,
        "user_created_at": 1421775120,
        "favourites_count": 0,
        "screen_name": "馨语200802",
        "gender": "f",
        "user_geo_enabled": true,
        "username": "馨语200802",
        "comments_count": 4,
        "t": 1470589498,
        "video_status_count": 0,
        "urank": 9,
        "user_ability": 0,
        "credit_score": 68
    },
    {
        "reposts_count": 0,
        "uid": 5502012906,
        "bi_followers_count": 92,
        "text": "脑子是个好东西，希望你有[微笑][微笑]",
        "user_description": "",
        "user_avatar": "https://tvax1.sinaimg.cn/crop.0.0.996.996.50/0060lSTEly8gbsauju1xtj30ro0rp0ug.jpg?KID=imgbed,tva&Expires=1584956159&ssig=IT4htrPI9U",
        "id": "4017775560988850",
        "city": "1000",
        "province": "100",
        "friends_count": 986,
        "user_location": "其他",
        "mid": "4017775560988850",
        "verified_reason": "",
        "attitudes_count": 0,
        "followers_count": 151,
        "verified_type": -1,
        "statuses_count": 2861,
        "parent": "4006005064949924",
        "verified": false,
        "geo": null,
        "user_created_at": 1422682477,
        "favourites_count": 1067,
        "screen_name": "用户124842810694",
        "gender": "m",
        "user_geo_enabled": true,
        "username": "用户124842810694",
        "comments_count": 0,
        "t": 1473395803,
        "video_status_count": 0,
        "urank": 25,
        "user_ability": 0,
        "credit_score": 80
    },
    {
        "reposts_count": 0,
        "uid": 5597132509,
        "bi_followers_count": 0,
        "text": "臭不要脸的，造谣可耻死一户口本",
        "user_description": "",
        "user_avatar": "https://tva1.sinaimg.cn/crop.133.123.188.188.50/0066MZQNjw8f5wwvdlbraj30af0dwwg6.jpg?KID=imgbed,tva&Expires=1584956159&ssig=ualbKAiyIy",
        "id": "4017756103476088",
        "city": "1000",
        "province": "100",
        "friends_count": 60,
        "user_location": "其他",
        "mid": "4017756103476088",
        "verified_reason": "",
        "attitudes_count": 0,
        "followers_count": 0,
        "verified_type": -1,
        "statuses_count": 8,
        "parent": "4006005064949924",
        "verified": false,
        "geo": null,
        "user_created_at": 1430115743,
        "favourites_count": 0,
        "screen_name": "李旭峰40706",
        "gender": "m",
        "user_geo_enabled": true,
        "username": "李旭峰40706",
        "comments_count": 0,
        "t": 1473391165,
        "video_status_count": 0,
        "urank": 4,
        "user_ability": 0,
        "credit_score": 80
    },
    {
        "reposts_count": 0,
        "uid": 2275652754,
        "bi_followers_count": 25,
        "text": "臭不要脸",
        "user_description": "吓死你吼",
        "user_avatar": "https://tva3.sinaimg.cn/crop.0.1.640.640.50/87a3b492jw8euygc9kxwtj20hs0hudi3.jpg?KID=imgbed,tva&Expires=1584956159&ssig=hLLoVWuHaI",
        "id": "4017533046788888",
        "city": "1000",
        "province": "14",
        "friends_count": 510,
        "user_location": "山西",
        "mid": "4017533046788888",
        "verified_reason": "",
        "attitudes_count": 0,
        "followers_count": 114,
        "verified_type": -1,
        "statuses_count": 961,
        "parent": "4006005064949924",
        "verified": false,
        "geo": null,
        "user_created_at": 1311945972,
        "favourites_count": 46,
        "screen_name": "来都来了不如",
        "gender": "m",
        "user_geo_enabled": true,
        "username": "来都来了不如",
        "comments_count": 0,
        "t": 1473337983,
        "video_status_count": 0,
        "urank": 31,
        "user_ability": 262144,
        "credit_score": 78
    },
    {
        "reposts_count": 0,
        "uid": 1592585855,
        "bi_followers_count": 42,
        "text": "脑子在哪里？？",
        "user_description": "",
        "user_avatar": "https://tvax1.sinaimg.cn/crop.0.0.480.480.50/5eecee7fly8fsn6t1n71hj20dc0dcjs7.jpg?KID=imgbed,tva&Expires=1584956159&ssig=%2Fb71Zip96H",
        "id": "4017525052189553",
        "city": "1",
        "province": "35",
        "friends_count": 273,
        "user_location": "福建 福州",
        "mid": "4017525052189553",
        "verified_reason": "",
        "attitudes_count": 0,
        "followers_count": 93,
        "verified_type": -1,
        "statuses_count": 287,
        "parent": "4006005064949924",
        "verified": false,
        "geo": null,
        "user_created_at": 1372226532,
        "favourites_count": 26,
        "screen_name": "Animo特昂唐",
        "gender": "m",
        "user_geo_enabled": true,
        "username": "Animo特昂唐",
        "comments_count": 0,
        "t": 1473336077,
        "video_status_count": 0,
        "urank": 24,
        "user_ability": 33555456,
        "credit_score": 80
    }
]