[
    {
        "reposts_count": 0,
        "uid": 3434382464,
        "bi_followers_count": 14,
        "text": "一个几岁大的孩子，跟着爸妈一起抗议，结果被武警推倒在地，已经去世了，然后武警又拿着枪去对着去世孩子的爸妈，这个社会到底怎么了，我们只是一群想让家人平平安安的在连云港度过接下来的每一天，别再伤害我们了好吗，大家把我这段话转发，谢谢 不管哪里帮忙转发，这么大的事没有一家电视新闻报道的 ​",
        "user_description": "把所有的不快给昨天，把所有的希望给明天，把所有的努力给今天。",
        "user_avatar": "https://tva2.sinaimg.cn/crop.0.0.996.996.50/ccb48480jw8eykiwbs88ij20ro0rpn0y.jpg?KID=imgbed,tva&Expires=1584956158&ssig=H3FPyuhg2C",
        "id": "4006106424446390",
        "city": "7",
        "province": "32",
        "friends_count": 183,
        "user_location": "江苏 连云港",
        "mid": "4006106424446390",
        "verified_reason": "",
        "attitudes_count": 0,
        "followers_count": 55,
        "verified_type": -1,
        "statuses_count": 241,
        "parent": null,
        "verified": false,
        "geo": null,
        "user_created_at": 1367996733,
        "favourites_count": 2,
        "screen_name": "倩倩_58580",
        "gender": "f",
        "user_geo_enabled": true,
        "username": "倩倩_58580",
        "comments_count": 2,
        "t": 1470613664,
        "video_status_count": 0,
        "urank": 9,
        "user_ability": 0,
        "credit_score": 80
    },
    {
        "reposts_count": 0,
        "uid": 5593221515,
        "bi_followers_count": 150,
        "text": "2014年的图片",
        "user_description": "冻鳗博主/幼稚的理想主义者/无病呻吟",
        "user_avatar": "https://tvax1.sinaimg.cn/crop.0.0.1080.1080.50/0066wAqfly8gcqyy3m68tj30u00u078d.jpg?KID=imgbed,tva&Expires=1584956158&ssig=n%2B3bt7H6MM",
        "id": "4006896044598306",
        "city": "1000",
        "province": "35",
        "friends_count": 1058,
        "user_location": "福建",
        "mid": "4006896044598306",
        "verified_reason": "",
        "attitudes_count": 0,
        "followers_count": 747,
        "verified_type": -1,
        "statuses_count": 3634,
        "parent": "4006106424446390",
        "verified": false,
        "geo": null,
        "user_created_at": 1433479025,
        "favourites_count": 7,
        "screen_name": "硫铵磷",
        "gender": "m",
        "user_geo_enabled": true,
        "username": "硫铵磷",
        "comments_count": 0,
        "t": 1470801924,
        "video_status_count": 0,
        "urank": 41,
        "user_ability": 2360320,
        "credit_score": 80
    },
    {
        "reposts_count": 0,
        "uid": 3949330929,
        "bi_followers_count": 28,
        "text": "最后一张图是两年前广西发生的，",
        "user_description": "人不为己天诛地灭",
        "user_avatar": "https://tva2.sinaimg.cn/crop.0.0.720.720.50/eb6601f1jw8elvombj8b9j20k00k0gnd.jpg?KID=imgbed,tva&Expires=1584956158&ssig=O5fZcASA67",
        "id": "4006469177616422",
        "city": "1000",
        "province": "32",
        "friends_count": 600,
        "user_location": "江苏",
        "mid": "4006469177616422",
        "verified_reason": "",
        "attitudes_count": 0,
        "followers_count": 224,
        "verified_type": -1,
        "statuses_count": 344,
        "parent": "4006106424446390",
        "verified": false,
        "geo": null,
        "user_created_at": 1387291022,
        "favourites_count": 361,
        "screen_name": "王医生给我看一哈儿呗",
        "gender": "m",
        "user_geo_enabled": true,
        "username": "王医生给我看一哈儿呗",
        "comments_count": 0,
        "t": 1470700151,
        "video_status_count": 0,
        "urank": 14,
        "user_ability": 1024,
        "credit_score": 80
    }
]