[
    {
        "reposts_count": 0,
        "uid": 5177556353,
        "bi_followers_count": 10,
        "text": "一个几岁大的孩子，跟着爸妈一起抗议，结果被武警推倒在地，已经去世了，然后武警又拿着枪去对着去世孩子的爸妈，这个社会到底怎么了，我们只是一群想让家人平平安安的在连云港度过接下来的每一天，别再伤害我们了好吗，大家把我这段话转发，谢谢 不管哪里帮忙转发，这么大的事没有一家电视新闻报道的[ ​",
        "user_description": "",
        "user_avatar": "https://tva2.sinaimg.cn/crop.0.0.750.750.50/005EouVrjw8ezsfmdehmgj30ku0kv75l.jpg?KID=imgbed,tva&Expires=1584956185&ssig=xjyERyVhBT",
        "id": "4006024548162531",
        "city": "7",
        "province": "32",
        "friends_count": 88,
        "user_location": "江苏 连云港",
        "mid": "4006024548162531",
        "verified_reason": "",
        "attitudes_count": 0,
        "followers_count": 64,
        "verified_type": -1,
        "statuses_count": 50,
        "parent": null,
        "verified": false,
        "geo": null,
        "user_created_at": 1402618099,
        "favourites_count": 0,
        "screen_name": "佳茵益生菌女人的知音",
        "gender": "f",
        "user_geo_enabled": true,
        "username": "佳茵益生菌女人的知音",
        "comments_count": 5,
        "t": 1470594142,
        "video_status_count": 0,
        "urank": 8,
        "user_ability": 0,
        "credit_score": 80
    },
    {
        "reposts_count": 0,
        "uid": 1933018537,
        "bi_followers_count": 62,
        "text": "回复@乱码神经:特警天天训练，我们跟他们对起来明显吃亏。希望这事快点解决。",
        "user_description": "别看了，我是一个没有感情的转发机器人🤖️",
        "user_avatar": "https://tvax1.sinaimg.cn/crop.0.0.512.512.50/733785a9ly8fu76fjmurij20e80e8gm5.jpg?KID=imgbed,tva&Expires=1584956185&ssig=KQtjrdA1BY",
        "id": "4006049599900398",
        "city": "16",
        "province": "400",
        "friends_count": 340,
        "user_location": "海外 其他",
        "mid": "4006049599900398",
        "verified_reason": "",
        "attitudes_count": 0,
        "followers_count": 225,
        "verified_type": -1,
        "statuses_count": 193,
        "parent": "4006024548162531",
        "verified": false,
        "geo": null,
        "user_created_at": 1295855361,
        "favourites_count": 918,
        "screen_name": "喜欢唱跳还有rap",
        "gender": "f",
        "user_geo_enabled": false,
        "username": "喜欢唱跳还有rap",
        "comments_count": 0,
        "t": 1470600116,
        "video_status_count": 0,
        "urank": 35,
        "user_ability": 2098176,
        "credit_score": 80
    },
    {
        "reposts_count": 0,
        "uid": 1771430392,
        "bi_followers_count": 161,
        "text": "回复@乱码神经:那就发真的上来啊 传谣算什么？",
        "user_description": "◎ 全年无休恋爱专家",
        "user_avatar": "https://tvax1.sinaimg.cn/crop.0.0.512.512.50/6995e1f8ly8gbadovr53ej20e80e8mxv.jpg?KID=imgbed,tva&Expires=1584956185&ssig=B6TzkaO6%2Bg",
        "id": "4006041509597407",
        "city": "1000",
        "province": "31",
        "friends_count": 796,
        "user_location": "上海",
        "mid": "4006041509597407",
        "verified_reason": "",
        "attitudes_count": 0,
        "followers_count": 1046,
        "verified_type": 220,
        "statuses_count": 10974,
        "parent": "4006024548162531",
        "verified": false,
        "geo": null,
        "user_created_at": 1279961964,
        "favourites_count": 3111,
        "screen_name": "吃肉会长瘦吗",
        "gender": "f",
        "user_geo_enabled": false,
        "username": "吃肉会长瘦吗",
        "comments_count": 0,
        "t": 1470598187,
        "video_status_count": 0,
        "urank": 48,
        "user_ability": 2360320,
        "credit_score": 80
    },
    {
        "reposts_count": 0,
        "uid": 1933018537,
        "bi_followers_count": 62,
        "text": "回复@乱码神经:我知道特警打人了，可是民众也打特警了不是么。我家这边前几年也有抗议化工厂的游行集会，大家去政府化工厂静坐、游行，那时来了许多特警，也没发生什么冲突，真的需要理性一些。",
        "user_description": "别看了，我是一个没有感情的转发机器人🤖️",
        "user_avatar": "https://tvax1.sinaimg.cn/crop.0.0.512.512.50/733785a9ly8fu76fjmurij20e80e8gm5.jpg?KID=imgbed,tva&Expires=1584956185&ssig=KQtjrdA1BY",
        "id": "4006038191301678",
        "city": "16",
        "province": "400",
        "friends_count": 340,
        "user_location": "海外 其他",
        "mid": "4006038191301678",
        "verified_reason": "",
        "attitudes_count": 0,
        "followers_count": 225,
        "verified_type": -1,
        "statuses_count": 193,
        "parent": "4006024548162531",
        "verified": false,
        "geo": null,
        "user_created_at": 1295855361,
        "favourites_count": 918,
        "screen_name": "喜欢唱跳还有rap",
        "gender": "f",
        "user_geo_enabled": false,
        "username": "喜欢唱跳还有rap",
        "comments_count": 0,
        "t": 1470597396,
        "video_status_count": 0,
        "urank": 35,
        "user_ability": 2098176,
        "credit_score": 80
    },
    {
        "reposts_count": 0,
        "uid": 1933018537,
        "bi_followers_count": 62,
        "text": "这是14年的新闻……转发前也请核实来源。不造谣不传谣不信谣😊 http://t.cn/Rt9VtBb",
        "user_description": "别看了，我是一个没有感情的转发机器人🤖️",
        "user_avatar": "https://tvax1.sinaimg.cn/crop.0.0.512.512.50/733785a9ly8fu76fjmurij20e80e8gm5.jpg?KID=imgbed,tva&Expires=1584956185&ssig=KQtjrdA1BY",
        "id": "4006034471303382",
        "city": "16",
        "province": "400",
        "friends_count": 340,
        "user_location": "海外 其他",
        "mid": "4006034471303382",
        "verified_reason": "",
        "attitudes_count": 0,
        "followers_count": 225,
        "verified_type": -1,
        "statuses_count": 193,
        "parent": "4006024548162531",
        "verified": false,
        "geo": null,
        "user_created_at": 1295855361,
        "favourites_count": 918,
        "screen_name": "喜欢唱跳还有rap",
        "gender": "f",
        "user_geo_enabled": false,
        "username": "喜欢唱跳还有rap",
        "comments_count": 0,
        "t": 1470596509,
        "video_status_count": 0,
        "urank": 35,
        "user_ability": 2098176,
        "credit_score": 80
    }
]