[
    {
        "reposts_count": 3,
        "uid": 1111082282,
        "bi_followers_count": 13,
        "text": "有1000亿来建祸害百姓的核废料处理厂，没钱管穷苦的老百姓❓❗️到底是怎样无能的政府才能做出这种伤天害理的事情❗️❗️我们不求政府让我们摆脱穷苦生活，至少拿着百姓的血汗钱要做对得起百姓的事情❗️这里是我们赖以生存的家园，谁都不能破坏我们的家❗️我们的后代还要在这里生活❗️ ​",
        "user_description": "我不想做人了。",
        "user_avatar": "https://tvax2.sinaimg.cn/crop.0.0.750.750.50/4239c52aly8feyqszf3myj20ku0kuq40.jpg?KID=imgbed,tva&Expires=1584956178&ssig=He6SGaDNdz",
        "id": "4006219461312040",
        "city": "1000",
        "province": "32",
        "friends_count": 240,
        "user_location": "江苏",
        "mid": "4006219461312040",
        "verified_reason": "",
        "attitudes_count": 1,
        "followers_count": 87,
        "verified_type": -1,
        "statuses_count": 238,
        "parent": null,
        "verified": false,
        "geo": null,
        "user_created_at": 1303520959,
        "favourites_count": 1,
        "screen_name": "李易峰请到我梦里来",
        "gender": "f",
        "user_geo_enabled": true,
        "username": "李易峰请到我梦里来",
        "comments_count": 17,
        "t": 1470640614,
        "video_status_count": 0,
        "urank": 14,
        "user_ability": 1024,
        "credit_score": 78
    },
    {
        "reposts_count": 0,
        "uid": 1111082282,
        "bi_followers_count": 13,
        "text": "回复@Sunshine粉丝团首席祭司:没关系到你自身安全[微笑]你这么能，那你申请建你们家那好了[微笑]不妨碍国家建设[微笑]国家会给你颁奖的[微笑]",
        "user_description": "我不想做人了。",
        "user_avatar": "https://tvax2.sinaimg.cn/crop.0.0.750.750.50/4239c52aly8feyqszf3myj20ku0kuq40.jpg?KID=imgbed,tva&Expires=1584956178&ssig=He6SGaDNdz",
        "id": "4006227027610738",
        "city": "1000",
        "province": "32",
        "friends_count": 240,
        "user_location": "江苏",
        "mid": "4006227027610738",
        "verified_reason": "",
        "attitudes_count": 0,
        "followers_count": 87,
        "verified_type": -1,
        "statuses_count": 238,
        "parent": "4006219461312040",
        "verified": false,
        "geo": null,
        "user_created_at": 1303520959,
        "favourites_count": 1,
        "screen_name": "李易峰请到我梦里来",
        "gender": "f",
        "user_geo_enabled": true,
        "username": "李易峰请到我梦里来",
        "comments_count": 0,
        "t": 1470642418,
        "video_status_count": 0,
        "urank": 14,
        "user_ability": 1024,
        "credit_score": 78
    },
    {
        "reposts_count": 0,
        "uid": 3628144251,
        "bi_followers_count": 2,
        "text": "回复@李易峰请到我梦里来:偷换概念",
        "user_description": "",
        "user_avatar": "https://tvax4.sinaimg.cn/crop.0.0.996.996.50/d841167bly8feovdnsfloj20ro0rogoq.jpg?KID=imgbed,tva&Expires=1584956178&ssig=MC14g9MUqB",
        "id": "4006226708184320",
        "city": "1000",
        "province": "11",
        "friends_count": 1409,
        "user_location": "北京",
        "mid": "4006226708184320",
        "verified_reason": "",
        "attitudes_count": 0,
        "followers_count": 469,
        "verified_type": -1,
        "statuses_count": 1186,
        "parent": "4006219461312040",
        "verified": false,
        "geo": null,
        "user_created_at": 1381922818,
        "favourites_count": 1566,
        "screen_name": "xlwbsgm",
        "gender": "m",
        "user_geo_enabled": true,
        "username": "xlwbsgm",
        "comments_count": 0,
        "t": 1470642342,
        "video_status_count": 0,
        "urank": 31,
        "user_ability": 2098176,
        "credit_score": 80
    },
    {
        "reposts_count": 0,
        "uid": 1111082282,
        "bi_followers_count": 13,
        "text": "回复@Sunshine粉丝团首席祭司:哦，国家天天给我们连云港搞建设了[微笑]我们一米一粒都是国家建设的[微笑]没有政府的建设我们早都死了[微笑]",
        "user_description": "我不想做人了。",
        "user_avatar": "https://tvax2.sinaimg.cn/crop.0.0.750.750.50/4239c52aly8feyqszf3myj20ku0kuq40.jpg?KID=imgbed,tva&Expires=1584956178&ssig=He6SGaDNdz",
        "id": "4006226415211272",
        "city": "1000",
        "province": "32",
        "friends_count": 240,
        "user_location": "江苏",
        "mid": "4006226415211272",
        "verified_reason": "",
        "attitudes_count": 0,
        "followers_count": 87,
        "verified_type": -1,
        "statuses_count": 238,
        "parent": "4006219461312040",
        "verified": false,
        "geo": null,
        "user_created_at": 1303520959,
        "favourites_count": 1,
        "screen_name": "李易峰请到我梦里来",
        "gender": "f",
        "user_geo_enabled": true,
        "username": "李易峰请到我梦里来",
        "comments_count": 0,
        "t": 1470642272,
        "video_status_count": 0,
        "urank": 14,
        "user_ability": 1024,
        "credit_score": 78
    },
    {
        "reposts_count": 0,
        "uid": 3628144251,
        "bi_followers_count": 2,
        "text": "回复@李易峰请到我梦里来:弱智干扰国家建设不收拾你收拾谁？",
        "user_description": "",
        "user_avatar": "https://tvax4.sinaimg.cn/crop.0.0.996.996.50/d841167bly8feovdnsfloj20ro0rogoq.jpg?KID=imgbed,tva&Expires=1584956178&ssig=MC14g9MUqB",
        "id": "4006225806492953",
        "city": "1000",
        "province": "11",
        "friends_count": 1409,
        "user_location": "北京",
        "mid": "4006225806492953",
        "verified_reason": "",
        "attitudes_count": 0,
        "followers_count": 469,
        "verified_type": -1,
        "statuses_count": 1186,
        "parent": "4006219461312040",
        "verified": false,
        "geo": null,
        "user_created_at": 1381922818,
        "favourites_count": 1566,
        "screen_name": "xlwbsgm",
        "gender": "m",
        "user_geo_enabled": true,
        "username": "xlwbsgm",
        "comments_count": 0,
        "t": 1470642127,
        "video_status_count": 0,
        "urank": 31,
        "user_ability": 2098176,
        "credit_score": 80
    },
    {
        "reposts_count": 0,
        "uid": 1111082282,
        "bi_followers_count": 13,
        "text": "回复@Sunshine粉丝团首席祭司:既然你都说打了，还说谣言，不是水军我自己都不信[微笑]有多远滚多远，垃圾",
        "user_description": "我不想做人了。",
        "user_avatar": "https://tvax2.sinaimg.cn/crop.0.0.750.750.50/4239c52aly8feyqszf3myj20ku0kuq40.jpg?KID=imgbed,tva&Expires=1584956178&ssig=He6SGaDNdz",
        "id": "4006225039844807",
        "city": "1000",
        "province": "32",
        "friends_count": 240,
        "user_location": "江苏",
        "mid": "4006225039844807",
        "verified_reason": "",
        "attitudes_count": 0,
        "followers_count": 87,
        "verified_type": -1,
        "statuses_count": 238,
        "parent": "4006219461312040",
        "verified": false,
        "geo": null,
        "user_created_at": 1303520959,
        "favourites_count": 1,
        "screen_name": "李易峰请到我梦里来",
        "gender": "f",
        "user_geo_enabled": true,
        "username": "李易峰请到我梦里来",
        "comments_count": 0,
        "t": 1470641944,
        "video_status_count": 0,
        "urank": 14,
        "user_ability": 1024,
        "credit_score": 78
    },
    {
        "reposts_count": 0,
        "uid": 3628144251,
        "bi_followers_count": 2,
        "text": "打的就是你们这一帮弱智。好好工作比什么不强。",
        "user_description": "",
        "user_avatar": "https://tvax4.sinaimg.cn/crop.0.0.996.996.50/d841167bly8feovdnsfloj20ro0rogoq.jpg?KID=imgbed,tva&Expires=1584956178&ssig=MC14g9MUqB",
        "id": "4006224569402270",
        "city": "1000",
        "province": "11",
        "friends_count": 1409,
        "user_location": "北京",
        "mid": "4006224569402270",
        "verified_reason": "",
        "attitudes_count": 0,
        "followers_count": 469,
        "verified_type": -1,
        "statuses_count": 1186,
        "parent": "4006219461312040",
        "verified": false,
        "geo": null,
        "user_created_at": 1381922818,
        "favourites_count": 1566,
        "screen_name": "xlwbsgm",
        "gender": "m",
        "user_geo_enabled": true,
        "username": "xlwbsgm",
        "comments_count": 0,
        "t": 1470641832,
        "video_status_count": 0,
        "urank": 31,
        "user_ability": 2098176,
        "credit_score": 80
    },
    {
        "reposts_count": 0,
        "uid": 3628144251,
        "bi_followers_count": 2,
        "text": "唉，这帮弱智还抗争呢，笑死个人了。初中物理再学学吧。别被坏逼忽悠了，屁大个事。市委不和你们在一块土地上？出了事领导还做不做了？",
        "user_description": "",
        "user_avatar": "https://tvax4.sinaimg.cn/crop.0.0.996.996.50/d841167bly8feovdnsfloj20ro0rogoq.jpg?KID=imgbed,tva&Expires=1584956178&ssig=MC14g9MUqB",
        "id": "4006224296966050",
        "city": "1000",
        "province": "11",
        "friends_count": 1409,
        "user_location": "北京",
        "mid": "4006224296966050",
        "verified_reason": "",
        "attitudes_count": 0,
        "followers_count": 469,
        "verified_type": -1,
        "statuses_count": 1186,
        "parent": "4006219461312040",
        "verified": false,
        "geo": null,
        "user_created_at": 1381922818,
        "favourites_count": 1566,
        "screen_name": "xlwbsgm",
        "gender": "m",
        "user_geo_enabled": true,
        "username": "xlwbsgm",
        "comments_count": 0,
        "t": 1470641767,
        "video_status_count": 0,
        "urank": 31,
        "user_ability": 2098176,
        "credit_score": 80
    },
    {
        "reposts_count": 0,
        "uid": 3628144251,
        "bi_followers_count": 2,
        "text": "回复@李易峰请到我梦里来:图片评论 http://t.cn/Rt91kxo",
        "user_description": "",
        "user_avatar": "https://tvax4.sinaimg.cn/crop.0.0.996.996.50/d841167bly8feovdnsfloj20ro0rogoq.jpg?KID=imgbed,tva&Expires=1584956178&ssig=MC14g9MUqB",
        "id": "4006223973723909",
        "city": "1000",
        "province": "11",
        "friends_count": 1409,
        "user_location": "北京",
        "mid": "4006223973723909",
        "verified_reason": "",
        "attitudes_count": 0,
        "followers_count": 469,
        "verified_type": -1,
        "statuses_count": 1186,
        "parent": "4006219461312040",
        "verified": false,
        "geo": null,
        "user_created_at": 1381922818,
        "favourites_count": 1566,
        "screen_name": "xlwbsgm",
        "gender": "m",
        "user_geo_enabled": true,
        "username": "xlwbsgm",
        "comments_count": 0,
        "t": 1470641690,
        "video_status_count": 0,
        "urank": 31,
        "user_ability": 2098176,
        "credit_score": 80
    },
    {
        "reposts_count": 0,
        "uid": 1111082282,
        "bi_followers_count": 13,
        "text": "回复@Sunshine粉丝团首席祭司:你亲眼看到了么[微笑]有什么资格瞎BB",
        "user_description": "我不想做人了。",
        "user_avatar": "https://tvax2.sinaimg.cn/crop.0.0.750.750.50/4239c52aly8feyqszf3myj20ku0kuq40.jpg?KID=imgbed,tva&Expires=1584956178&ssig=He6SGaDNdz",
        "id": "4006223449351997",
        "city": "1000",
        "province": "32",
        "friends_count": 240,
        "user_location": "江苏",
        "mid": "4006223449351997",
        "verified_reason": "",
        "attitudes_count": 0,
        "followers_count": 87,
        "verified_type": -1,
        "statuses_count": 238,
        "parent": "4006219461312040",
        "verified": false,
        "geo": null,
        "user_created_at": 1303520959,
        "favourites_count": 1,
        "screen_name": "李易峰请到我梦里来",
        "gender": "f",
        "user_geo_enabled": true,
        "username": "李易峰请到我梦里来",
        "comments_count": 0,
        "t": 1470641565,
        "video_status_count": 0,
        "urank": 14,
        "user_ability": 1024,
        "credit_score": 78
    },
    {
        "reposts_count": 0,
        "uid": 3628144251,
        "bi_followers_count": 2,
        "text": "都证实是谣言了还瞎鸡巴传",
        "user_description": "",
        "user_avatar": "https://tvax4.sinaimg.cn/crop.0.0.996.996.50/d841167bly8feovdnsfloj20ro0rogoq.jpg?KID=imgbed,tva&Expires=1584956178&ssig=MC14g9MUqB",
        "id": "4006223138910903",
        "city": "1000",
        "province": "11",
        "friends_count": 1409,
        "user_location": "北京",
        "mid": "4006223138910903",
        "verified_reason": "",
        "attitudes_count": 0,
        "followers_count": 469,
        "verified_type": -1,
        "statuses_count": 1186,
        "parent": "4006219461312040",
        "verified": false,
        "geo": null,
        "user_created_at": 1381922818,
        "favourites_count": 1566,
        "screen_name": "xlwbsgm",
        "gender": "m",
        "user_geo_enabled": true,
        "username": "xlwbsgm",
        "comments_count": 0,
        "t": 1470641490,
        "video_status_count": 0,
        "urank": 31,
        "user_ability": 2098176,
        "credit_score": 80
    },
    {
        "reposts_count": 0,
        "uid": 1111082282,
        "bi_followers_count": 13,
        "text": "回复@喵果果爱汪泽泽:看看微博热搜里面，哪里有连云港的，真是太可笑了",
        "user_description": "我不想做人了。",
        "user_avatar": "https://tvax2.sinaimg.cn/crop.0.0.750.750.50/4239c52aly8feyqszf3myj20ku0kuq40.jpg?KID=imgbed,tva&Expires=1584956178&ssig=He6SGaDNdz",
        "id": "4006223122760237",
        "city": "1000",
        "province": "32",
        "friends_count": 240,
        "user_location": "江苏",
        "mid": "4006223122760237",
        "verified_reason": "",
        "attitudes_count": 0,
        "followers_count": 87,
        "verified_type": -1,
        "statuses_count": 238,
        "parent": "4006219461312040",
        "verified": false,
        "geo": null,
        "user_created_at": 1303520959,
        "favourites_count": 1,
        "screen_name": "李易峰请到我梦里来",
        "gender": "f",
        "user_geo_enabled": true,
        "username": "李易峰请到我梦里来",
        "comments_count": 0,
        "t": 1470641486,
        "video_status_count": 0,
        "urank": 14,
        "user_ability": 1024,
        "credit_score": 78
    },
    {
        "reposts_count": 0,
        "uid": 3628144251,
        "bi_followers_count": 2,
        "text": "弱智。",
        "user_description": "",
        "user_avatar": "https://tvax4.sinaimg.cn/crop.0.0.996.996.50/d841167bly8feovdnsfloj20ro0rogoq.jpg?KID=imgbed,tva&Expires=1584956178&ssig=MC14g9MUqB",
        "id": "4006223004666322",
        "city": "1000",
        "province": "11",
        "friends_count": 1409,
        "user_location": "北京",
        "mid": "4006223004666322",
        "verified_reason": "",
        "attitudes_count": 0,
        "followers_count": 469,
        "verified_type": -1,
        "statuses_count": 1186,
        "parent": "4006219461312040",
        "verified": false,
        "geo": null,
        "user_created_at": 1381922818,
        "favourites_count": 1566,
        "screen_name": "xlwbsgm",
        "gender": "m",
        "user_geo_enabled": true,
        "username": "xlwbsgm",
        "comments_count": 0,
        "t": 1470641458,
        "video_status_count": 0,
        "urank": 31,
        "user_ability": 2098176,
        "credit_score": 80
    },
    {
        "reposts_count": 0,
        "uid": 5019873984,
        "bi_followers_count": 35,
        "text": "滚～",
        "user_description": "",
        "user_avatar": "https://tva4.sinaimg.cn/crop.0.0.638.638.50/005tISxqjw8ed3t2hm3iej30hq0hqgn1.jpg?KID=imgbed,tva&Expires=1584956178&ssig=qONeS3xgGb",
        "id": "4006222924958537",
        "city": "1000",
        "province": "62",
        "friends_count": 653,
        "user_location": "甘肃",
        "mid": "4006222924958537",
        "verified_reason": "",
        "attitudes_count": 0,
        "followers_count": 108,
        "verified_type": -1,
        "statuses_count": 242,
        "parent": "4006219461312040",
        "verified": false,
        "geo": null,
        "user_created_at": 1391231680,
        "favourites_count": 4,
        "screen_name": "等待戈多ff4",
        "gender": "m",
        "user_geo_enabled": true,
        "username": "等待戈多ff4",
        "comments_count": 0,
        "t": 1470641439,
        "video_status_count": 0,
        "urank": 14,
        "user_ability": 0,
        "credit_score": 80
    },
    {
        "reposts_count": 0,
        "uid": 1104515870,
        "bi_followers_count": 35,
        "text": "这一百亿工程里面的黑幕腐败，不是普通人能想象到的[怒]",
        "user_description": "欲界天",
        "user_avatar": "https://tva1.sinaimg.cn/crop.0.0.1124.1124.50/41d5931ejw8f5bfyyuff3j20v90v8tbe.jpg?KID=imgbed,tva&Expires=1584956178&ssig=5MuQW8UlKL",
        "id": "4006222758376828",
        "city": "1000",
        "province": "400",
        "friends_count": 5861,
        "user_location": "海外",
        "mid": "4006222758376828",
        "verified_reason": "",
        "attitudes_count": 0,
        "followers_count": 516,
        "verified_type": -1,
        "statuses_count": 3739,
        "parent": "4006219461312040",
        "verified": false,
        "geo": null,
        "user_created_at": 1341676294,
        "favourites_count": 34,
        "screen_name": "拈花不再微笑",
        "gender": "m",
        "user_geo_enabled": false,
        "username": "拈花不再微笑",
        "comments_count": 0,
        "t": 1470641400,
        "video_status_count": 0,
        "urank": 40,
        "user_ability": 2097152,
        "credit_score": 75
    },
    {
        "reposts_count": 0,
        "uid": 1215767511,
        "bi_followers_count": 20,
        "text": "转发微博",
        "user_description": "",
        "user_avatar": "https://tva3.sinaimg.cn/crop.580.227.1137.1137.50/487723d7jw8fd1rh0jnryj21kw1ekgqj.jpg?KID=imgbed,tva&Expires=1584956178&ssig=dc%2BPuHh8nc",
        "id": "4006222255025740",
        "city": "3",
        "province": "21",
        "friends_count": 31,
        "user_location": "辽宁 鞍山",
        "mid": "4006222255025740",
        "verified_reason": "",
        "attitudes_count": 0,
        "followers_count": 258,
        "verified_type": -1,
        "statuses_count": 6773,
        "parent": "4006219461312040",
        "verified": false,
        "geo": null,
        "user_created_at": 1347211629,
        "favourites_count": 35,
        "screen_name": "fisherliu8",
        "gender": "m",
        "user_geo_enabled": true,
        "username": "fisherliu8",
        "comments_count": 0,
        "t": 1470641279,
        "video_status_count": 0,
        "urank": 22,
        "user_ability": 0,
        "credit_score": 80
    },
    {
        "reposts_count": 0,
        "uid": 5631281001,
        "bi_followers_count": 1,
        "text": "看了视频了，有人在市政府门口哭着喊着被拦在门外，这个时候还没有媒体发声，明星下个蛋也报道半天，这个时候都死了一样",
        "user_description": "糖豆大BOSS",
        "user_avatar": "https://tvax1.sinaimg.cn/crop.0.0.1080.1080.50/00696hqVly8gcn21ptp88j30u00u0dhu.jpg?KID=imgbed,tva&Expires=1584956178&ssig=f7ShziVnDC",
        "id": "4006222229425212",
        "city": "1000",
        "province": "31",
        "friends_count": 37,
        "user_location": "上海",
        "mid": "4006222229425212",
        "verified_reason": "",
        "attitudes_count": 0,
        "followers_count": 66,
        "verified_type": -1,
        "statuses_count": 29,
        "parent": "4006219461312040",
        "verified": false,
        "geo": null,
        "user_created_at": 1434276551,
        "favourites_count": 1,
        "screen_name": "小白兔奶糖biubiu",
        "gender": "f",
        "user_geo_enabled": true,
        "username": "小白兔奶糖biubiu",
        "comments_count": 0,
        "t": 1470641274,
        "video_status_count": 0,
        "urank": 9,
        "user_ability": 2098176,
        "credit_score": 80
    }
]