[
    {
        "reposts_count": 7,
        "uid": 3444482124,
        "bi_followers_count": 1,
        "text": "这个人叫杨省世，连云港市委书记，昨晚让警察对民众动手了，昨晚到现在为止，已经有40多人被打，多数为女人，现在又调动部队前来对民众动手，让民众寒心，市政府屠杀百姓，有视频为证，http://t.cn/Rt9lU8j ​",
        "user_description": "有影响",
        "user_avatar": "https://tvax3.sinaimg.cn/crop.0.0.996.996.50/cd4ea04cly8fglld8eb31j20ro0rotbr.jpg?KID=imgbed,tva&Expires=1584956180&ssig=%2F5D%2Br%2FW6P3",
        "id": "4006172346115902",
        "city": "1000",
        "province": "32",
        "friends_count": 101,
        "user_location": "江苏",
        "mid": "4006172346115902",
        "verified_reason": "",
        "attitudes_count": 6,
        "followers_count": 22,
        "verified_type": -1,
        "statuses_count": 109,
        "parent": null,
        "verified": false,
        "geo": null,
        "user_created_at": 1370483898,
        "favourites_count": 5,
        "screen_name": "突围L",
        "gender": "m",
        "user_geo_enabled": true,
        "username": "突围L",
        "comments_count": 7,
        "t": 1470629381,
        "video_status_count": 0,
        "urank": 14,
        "user_ability": 0,
        "credit_score": 80
    },
    {
        "reposts_count": 0,
        "uid": 3444482124,
        "bi_followers_count": 1,
        "text": "回复@____小宝____:那你倒是转啊",
        "user_description": "有影响",
        "user_avatar": "https://tvax3.sinaimg.cn/crop.0.0.996.996.50/cd4ea04cly8fglld8eb31j20ro0rotbr.jpg?KID=imgbed,tva&Expires=1584956180&ssig=%2F5D%2Br%2FW6P3",
        "id": "4006334750229708",
        "city": "1000",
        "province": "32",
        "friends_count": 101,
        "user_location": "江苏",
        "mid": "4006334750229708",
        "verified_reason": "",
        "attitudes_count": 0,
        "followers_count": 21,
        "verified_type": -1,
        "statuses_count": 109,
        "parent": "4006172346115902",
        "verified": false,
        "geo": null,
        "user_created_at": 1370483898,
        "favourites_count": 5,
        "screen_name": "突围L",
        "gender": "m",
        "user_geo_enabled": true,
        "username": "突围L",
        "comments_count": 0,
        "t": 1470668101,
        "video_status_count": 0,
        "urank": 14,
        "user_ability": 0,
        "credit_score": 80
    },
    {
        "reposts_count": 0,
        "uid": 2019044212,
        "bi_followers_count": 11,
        "text": "回复@取名字什么的神烦:帮博主@平安连云港 ，赶快转过500次送博主去坐牢。",
        "user_description": "不吃水果的理科男经常落枕",
        "user_avatar": "https://tvax1.sinaimg.cn/crop.0.420.1080.1080.50/78582b74ly8g4y1aj28kfj20u01hc4i2.jpg?KID=imgbed,tva&Expires=1584956180&ssig=d8YVPbTFJe",
        "id": "4006329880011437",
        "city": "5",
        "province": "11",
        "friends_count": 262,
        "user_location": "北京 朝阳区",
        "mid": "4006329880011437",
        "verified_reason": "",
        "attitudes_count": 0,
        "followers_count": 691,
        "verified_type": 220,
        "statuses_count": 2537,
        "parent": "4006172346115902",
        "verified": false,
        "geo": null,
        "user_created_at": 1305811772,
        "favourites_count": 2810,
        "screen_name": "____小宝____",
        "gender": "m",
        "user_geo_enabled": false,
        "username": "____小宝____",
        "comments_count": 0,
        "t": 1470666940,
        "video_status_count": 0,
        "urank": 22,
        "user_ability": 1024,
        "credit_score": 80
    },
    {
        "reposts_count": 0,
        "uid": 5565293602,
        "bi_followers_count": 155,
        "text": "别瞎说。昨晚没死人。我们不说假话，也不玩制造舆论。 http://t.cn/Rt9Tqsz",
        "user_description": "可遇不可求",
        "user_avatar": "https://tvax2.sinaimg.cn/crop.0.0.996.996.50/0064Dp62ly8fvyuajk1jaj30ro0rotbh.jpg?KID=imgbed,tva&Expires=1584956180&ssig=pA4t3zdqlC",
        "id": "4006177785808862",
        "city": "7",
        "province": "32",
        "friends_count": 176,
        "user_location": "江苏 连云港",
        "mid": "4006177785808862",
        "verified_reason": "",
        "attitudes_count": 0,
        "followers_count": 1686,
        "verified_type": -1,
        "statuses_count": 471,
        "parent": "4006172346115902",
        "verified": false,
        "geo": null,
        "user_created_at": 1426942422,
        "favourites_count": 5,
        "screen_name": "孤僻EVERY",
        "gender": "m",
        "user_geo_enabled": true,
        "username": "孤僻EVERY",
        "comments_count": 0,
        "t": 1470630679,
        "video_status_count": 0,
        "urank": 25,
        "user_ability": 2359296,
        "credit_score": 80
    },
    {
        "reposts_count": 0,
        "uid": 1835619950,
        "bi_followers_count": 51,
        "text": "不造谣！不传谣！我就在连云港，并没有打死人，是有人打砸抢，砸店，砸小学，戴着刀袭警，警察打的都是这些暴徒，人民当然有抗议的权益，但是要请合法抗议，星期六的时候就有游行了，也是那么多人，那么多警察有碰游行的人一下吗？真的要这些乘积行凶的暴徒砸光小学你们才开心吗？ http://t.cn/Rt9Y8Zi",
        "user_description": "缺德常乐",
        "user_avatar": "https://tvax4.sinaimg.cn/crop.0.0.996.996.50/6d69566ely8gb0ghdh5onj20ro0rodiv.jpg?KID=imgbed,tva&Expires=1584956180&ssig=oAr%2FL6JTqO",
        "id": "4006175483501045",
        "city": "1000",
        "province": "32",
        "friends_count": 336,
        "user_location": "江苏",
        "mid": "4006175483501045",
        "verified_reason": "",
        "attitudes_count": 0,
        "followers_count": 273,
        "verified_type": -1,
        "statuses_count": 6995,
        "parent": "4006172346115902",
        "verified": false,
        "geo": null,
        "user_created_at": 1285766800,
        "favourites_count": 700,
        "screen_name": "今天我叫二狗子",
        "gender": "f",
        "user_geo_enabled": true,
        "username": "今天我叫二狗子",
        "comments_count": 0,
        "t": 1470630128,
        "video_status_count": 0,
        "urank": 43,
        "user_ability": 2359296,
        "credit_score": 78
    }
]