[
    {
        "reposts_count": 44,
        "uid": 1248369912,
        "bi_followers_count": 789,
        "text": "#里约奥运#美国国旗掉落，围观群众哄笑鼓掌。 http://t.cn/RtWStRE ​",
        "user_description": "【慈能生慧，心乃妙觉；明明有月，了了无痕】《文言赏析与教学》课程发明人，延陵网站长。",
        "user_avatar": "https://tva2.sinaimg.cn/crop.464.734.720.720.50/4a689cf8jw8f43cnag7a2j21hs200aql.jpg?KID=imgbed,tva&Expires=1584956153&ssig=CF0TlQKNLW",
        "id": "4007702063412816",
        "city": "1000",
        "province": "32",
        "friends_count": 2085,
        "user_location": "江苏",
        "mid": "4007702063412816",
        "verified_reason": "豆瓣阅读作者 头条文章作者",
        "attitudes_count": 64,
        "followers_count": 43732,
        "verified_type": 0,
        "statuses_count": 112645,
        "parent": null,
        "verified": true,
        "geo": null,
        "user_created_at": 1277173748,
        "favourites_count": 1139,
        "screen_name": "徐梵筂",
        "gender": "m",
        "user_geo_enabled": true,
        "username": "徐梵筂",
        "comments_count": 19,
        "t": 1470994093,
        "video_status_count": 0,
        "urank": 48,
        "user_ability": 10488328,
        "credit_score": 80
    },
    {
        "reposts_count": 0,
        "uid": 1870247407,
        "bi_followers_count": 75,
        "text": "这是2012伦敦奥运会 http://t.cn/Rtj52z4",
        "user_description": "啥事儿都好说，但是谁要说我胖我跟谁急！",
        "user_avatar": "https://tvax2.sinaimg.cn/crop.0.0.512.512.50/6f79b5efly8g5rfz8d9kkj20e80e83yj.jpg?KID=imgbed,tva&Expires=1584956153&ssig=FGxVA1x4oa",
        "id": "4008123532011542",
        "city": "1000",
        "province": "12",
        "friends_count": 129,
        "user_location": "天津",
        "mid": "4008123532011542",
        "verified_reason": "",
        "attitudes_count": 0,
        "followers_count": 302,
        "verified_type": -1,
        "statuses_count": 2351,
        "parent": "4007702063412816",
        "verified": false,
        "geo": null,
        "user_created_at": 1290395142,
        "favourites_count": 14,
        "screen_name": "灵魂瘦子张可爱",
        "gender": "f",
        "user_geo_enabled": true,
        "username": "灵魂瘦子张可爱",
        "comments_count": 0,
        "t": 1471094580,
        "video_status_count": 0,
        "urank": 31,
        "user_ability": 2097152,
        "credit_score": 80
    },
    {
        "reposts_count": 0,
        "uid": 5520432873,
        "bi_followers_count": 7,
        "text": "做的好",
        "user_description": "哎呀被你发现了",
        "user_avatar": "https://tvax2.sinaimg.cn/crop.0.0.996.996.50/0061BaLTly8gceg90oo9uj30ro0roac1.jpg?KID=imgbed,tva&Expires=1584956153&ssig=sfUIUhvY0F",
        "id": "4008114112476160",
        "city": "1000",
        "province": "400",
        "friends_count": 58,
        "user_location": "海外",
        "mid": "4008114112476160",
        "verified_reason": "",
        "attitudes_count": 0,
        "followers_count": 118,
        "verified_type": -1,
        "statuses_count": 787,
        "parent": "4007702063412816",
        "verified": false,
        "geo": null,
        "user_created_at": 1423992353,
        "favourites_count": 6,
        "screen_name": "我要想一个流弊的名字",
        "gender": "f",
        "user_geo_enabled": true,
        "username": "我要想一个流弊的名字",
        "comments_count": 0,
        "t": 1471092333,
        "video_status_count": 0,
        "urank": 9,
        "user_ability": 2360320,
        "credit_score": 80
    },
    {
        "reposts_count": 0,
        "uid": 2941710603,
        "bi_followers_count": 25,
        "text": "星条旗落了~",
        "user_description": "今夜酒醒何处",
        "user_avatar": "https://tva1.sinaimg.cn/crop.0.0.180.180.50/af56f10bjw1e8qgp5bmzyj2050050aa8.jpg?KID=imgbed,tva&Expires=1584956153&ssig=bGcIXqSzh1",
        "id": "4007993965643301",
        "city": "3",
        "province": "41",
        "friends_count": 425,
        "user_location": "河南 洛阳",
        "mid": "4007993965643301",
        "verified_reason": "",
        "attitudes_count": 0,
        "followers_count": 204,
        "verified_type": -1,
        "statuses_count": 1875,
        "parent": "4007702063412816",
        "verified": false,
        "geo": null,
        "user_created_at": 1347062590,
        "favourites_count": 19,
        "screen_name": "大行德广7",
        "gender": "m",
        "user_geo_enabled": true,
        "username": "大行德广7",
        "comments_count": 0,
        "t": 1471063690,
        "video_status_count": 0,
        "urank": 31,
        "user_ability": 35651584,
        "credit_score": 80
    },
    {
        "reposts_count": 0,
        "uid": 2668997393,
        "bi_followers_count": 10,
        "text": "这应该是伦敦奥运会吧！",
        "user_description": "神经粗，心大，理性到冷血，冲动到爆血的矛盾体～～>﹏<",
        "user_avatar": "https://tva4.sinaimg.cn/crop.0.0.1080.1080.50/9f15ab11jw8f44jq2p1zqj20u00u0wkb.jpg?KID=imgbed,tva&Expires=1584956153&ssig=5rj3jSMTr6",
        "id": "4007807688576660",
        "city": "1",
        "province": "53",
        "friends_count": 252,
        "user_location": "云南 昆明",
        "mid": "4007807688576660",
        "verified_reason": "",
        "attitudes_count": 0,
        "followers_count": 93,
        "verified_type": -1,
        "statuses_count": 416,
        "parent": "4007702063412816",
        "verified": false,
        "geo": null,
        "user_created_at": 1331981872,
        "favourites_count": 169,
        "screen_name": "糖葫芦LY",
        "gender": "f",
        "user_geo_enabled": true,
        "username": "糖葫芦LY",
        "comments_count": 0,
        "t": 1471019277,
        "video_status_count": 0,
        "urank": 16,
        "user_ability": 33554432,
        "credit_score": 80
    },
    {
        "reposts_count": 0,
        "uid": 1747535004,
        "bi_followers_count": 39,
        "text": "高处不胜寒啊",
        "user_description": "Beauty is to fight for rather than to wait for.",
        "user_avatar": "https://tva1.sinaimg.cn/crop.0.0.180.180.50/6829449cjw1e8qgp5bmzyj2050050aa8.jpg?KID=imgbed,tva&Expires=1584956153&ssig=P4lWFhinBq",
        "id": "4007805566969793",
        "city": "1000",
        "province": "33",
        "friends_count": 259,
        "user_location": "浙江",
        "mid": "4007805566969793",
        "verified_reason": "",
        "attitudes_count": 0,
        "followers_count": 272,
        "verified_type": -1,
        "statuses_count": 573,
        "parent": "4007702063412816",
        "verified": false,
        "geo": null,
        "user_created_at": 1274953653,
        "favourites_count": 1559,
        "screen_name": "思懿_Matilda",
        "gender": "f",
        "user_geo_enabled": true,
        "username": "思懿_Matilda",
        "comments_count": 0,
        "t": 1471018771,
        "video_status_count": 0,
        "urank": 30,
        "user_ability": 2097152,
        "credit_score": 80
    },
    {
        "reposts_count": 0,
        "uid": 1248369912,
        "bi_followers_count": 789,
        "text": "回复@鹿野隆深:不心疼啊，挺好。",
        "user_description": "【慈能生慧，心乃妙觉；明明有月，了了无痕】《文言赏析与教学》课程发明人，延陵网站长。",
        "user_avatar": "https://tva2.sinaimg.cn/crop.464.734.720.720.50/4a689cf8jw8f43cnag7a2j21hs200aql.jpg?KID=imgbed,tva&Expires=1584956153&ssig=CF0TlQKNLW",
        "id": "4007774969592410",
        "city": "1000",
        "province": "32",
        "friends_count": 2085,
        "user_location": "江苏",
        "mid": "4007774969592410",
        "verified_reason": "豆瓣阅读作者 头条文章作者",
        "attitudes_count": 0,
        "followers_count": 43734,
        "verified_type": 0,
        "statuses_count": 112645,
        "parent": "4007702063412816",
        "verified": true,
        "geo": null,
        "user_created_at": 1277173748,
        "favourites_count": 1139,
        "screen_name": "徐梵筂",
        "gender": "m",
        "user_geo_enabled": true,
        "username": "徐梵筂",
        "comments_count": 0,
        "t": 1471011476,
        "video_status_count": 0,
        "urank": 48,
        "user_ability": 10488328,
        "credit_score": 80
    },
    {
        "reposts_count": 0,
        "uid": 2207617453,
        "bi_followers_count": 18,
        "text": "👏👏👏",
        "user_description": "没有比脚更长的路，没有比人更高的山！阿弥陀佛……",
        "user_avatar": "https://tva2.sinaimg.cn/crop.0.0.540.540.50/839591adjw8ejf9m8iapxj20f00f0q3i.jpg?KID=imgbed,tva&Expires=1584956153&ssig=G4DrwynToa",
        "id": "4007774817848203",
        "city": "9",
        "province": "13",
        "friends_count": 418,
        "user_location": "河北 沧州",
        "mid": "4007774817848203",
        "verified_reason": "",
        "attitudes_count": 0,
        "followers_count": 1625,
        "verified_type": -1,
        "statuses_count": 6345,
        "parent": "4007702063412816",
        "verified": false,
        "geo": null,
        "user_created_at": 1309345205,
        "favourites_count": 25,
        "screen_name": "super李亮",
        "gender": "m",
        "user_geo_enabled": true,
        "username": "super李亮",
        "comments_count": 0,
        "t": 1471011440,
        "video_status_count": 0,
        "urank": 33,
        "user_ability": 2359296,
        "credit_score": 80
    },
    {
        "reposts_count": 0,
        "uid": 2279515322,
        "bi_followers_count": 10,
        "text": "落的好[哈哈]",
        "user_description": "前半生拼命，后半生医病。难道这就是永恒？",
        "user_avatar": "https://tva4.sinaimg.cn/crop.0.0.807.807.50/87dea4bajw8f76itklijjj20mf0mfab6.jpg?KID=imgbed,tva&Expires=1584956153&ssig=KE1Vz8j8xy",
        "id": "4007774776079628",
        "city": "5",
        "province": "33",
        "friends_count": 129,
        "user_location": "浙江 湖州",
        "mid": "4007774776079628",
        "verified_reason": "",
        "attitudes_count": 0,
        "followers_count": 107,
        "verified_type": -1,
        "statuses_count": 190,
        "parent": "4007702063412816",
        "verified": false,
        "geo": null,
        "user_created_at": 1338944802,
        "favourites_count": 2,
        "screen_name": "那我取什么好呢",
        "gender": "m",
        "user_geo_enabled": true,
        "username": "那我取什么好呢",
        "comments_count": 0,
        "t": 1471011429,
        "video_status_count": 0,
        "urank": 9,
        "user_ability": 0,
        "credit_score": 80
    },
    {
        "reposts_count": 0,
        "uid": 3809766184,
        "bi_followers_count": 21,
        "text": "回复@徐梵筂:卧槽，你有他心通啊！还是跑偏的[挖鼻]",
        "user_description": "诸法起时  刹那圆满",
        "user_avatar": "https://tvax3.sinaimg.cn/crop.0.0.480.480.50/e3146b28ly8flj2chdvsdj20dc0dc0t7.jpg?KID=imgbed,tva&Expires=1584956153&ssig=5lEcc30u%2BG",
        "id": "4007774633527929",
        "city": "1000",
        "province": "100",
        "friends_count": 469,
        "user_location": "其他",
        "mid": "4007774633527929",
        "verified_reason": "",
        "attitudes_count": 0,
        "followers_count": 170,
        "verified_type": -1,
        "statuses_count": 500,
        "parent": "4007702063412816",
        "verified": false,
        "geo": null,
        "user_created_at": 1379927566,
        "favourites_count": 646,
        "screen_name": "隆不二君",
        "gender": "f",
        "user_geo_enabled": true,
        "username": "隆不二君",
        "comments_count": 0,
        "t": 1471011395,
        "video_status_count": 0,
        "urank": 9,
        "user_ability": 2097152,
        "credit_score": 80
    },
    {
        "reposts_count": 0,
        "uid": 1248369912,
        "bi_followers_count": 789,
        "text": "回复@鹿野隆深:看你心疼的",
        "user_description": "【慈能生慧，心乃妙觉；明明有月，了了无痕】《文言赏析与教学》课程发明人，延陵网站长。",
        "user_avatar": "https://tva2.sinaimg.cn/crop.464.734.720.720.50/4a689cf8jw8f43cnag7a2j21hs200aql.jpg?KID=imgbed,tva&Expires=1584956153&ssig=CF0TlQKNLW",
        "id": "4007771353191226",
        "city": "1000",
        "province": "32",
        "friends_count": 2085,
        "user_location": "江苏",
        "mid": "4007771353191226",
        "verified_reason": "豆瓣阅读作者 头条文章作者",
        "attitudes_count": 0,
        "followers_count": 43734,
        "verified_type": 0,
        "statuses_count": 112645,
        "parent": "4007702063412816",
        "verified": true,
        "geo": null,
        "user_created_at": 1277173748,
        "favourites_count": 1139,
        "screen_name": "徐梵筂",
        "gender": "m",
        "user_geo_enabled": true,
        "username": "徐梵筂",
        "comments_count": 0,
        "t": 1471010614,
        "video_status_count": 0,
        "urank": 48,
        "user_ability": 10488328,
        "credit_score": 80
    },
    {
        "reposts_count": 0,
        "uid": 3167577494,
        "bi_followers_count": 267,
        "text": "回复@亚历山大埃尔德:这个是2012年的伦敦奥运会！",
        "user_description": "该长大了。",
        "user_avatar": "https://tva3.sinaimg.cn/crop.0.1.640.640.50/bccd6596jw8ejsigrla27j20hs0hut9z.jpg?KID=imgbed,tva&Expires=1584956153&ssig=8dk3hQthZp",
        "id": "4007770632116461",
        "city": "52",
        "province": "44",
        "friends_count": 283,
        "user_location": "广东 揭阳",
        "mid": "4007770632116461",
        "verified_reason": "",
        "attitudes_count": 0,
        "followers_count": 582,
        "verified_type": -1,
        "statuses_count": 75,
        "parent": "4007702063412816",
        "verified": false,
        "geo": null,
        "user_created_at": 1364834796,
        "favourites_count": 45,
        "screen_name": "czy-泽艺",
        "gender": "f",
        "user_geo_enabled": true,
        "username": "czy-泽艺",
        "comments_count": 0,
        "t": 1471010442,
        "video_status_count": 0,
        "urank": 22,
        "user_ability": 1311744,
        "credit_score": 80
    },
    {
        "reposts_count": 0,
        "uid": 3809766184,
        "bi_followers_count": 21,
        "text": "鼓掌是因为有人把掉落的国旗捡起来撑开了好嘛[doge]……",
        "user_description": "诸法起时  刹那圆满",
        "user_avatar": "https://tvax3.sinaimg.cn/crop.0.0.480.480.50/e3146b28ly8flj2chdvsdj20dc0dc0t7.jpg?KID=imgbed,tva&Expires=1584956153&ssig=5lEcc30u%2BG",
        "id": "4007768816415663",
        "city": "1000",
        "province": "100",
        "friends_count": 469,
        "user_location": "其他",
        "mid": "4007768816415663",
        "verified_reason": "",
        "attitudes_count": 0,
        "followers_count": 170,
        "verified_type": -1,
        "statuses_count": 500,
        "parent": "4007702063412816",
        "verified": false,
        "geo": null,
        "user_created_at": 1379927566,
        "favourites_count": 646,
        "screen_name": "隆不二君",
        "gender": "f",
        "user_geo_enabled": true,
        "username": "隆不二君",
        "comments_count": 0,
        "t": 1471010009,
        "video_status_count": 0,
        "urank": 9,
        "user_ability": 2097152,
        "credit_score": 80
    },
    {
        "reposts_count": 0,
        "uid": 5680170554,
        "bi_followers_count": 13,
        "text": "都在鼓掌笑[笑cry]",
        "user_description": "每天很充实~",
        "user_avatar": "https://tvax4.sinaimg.cn/crop.0.0.828.828.50/006cppQ6ly8gd0r7t3r0tj30n00n0q4j.jpg?KID=imgbed,tva&Expires=1584956153&ssig=JOEfiPMH7v",
        "id": "4007740327703455",
        "city": "18",
        "province": "34",
        "friends_count": 39,
        "user_location": "安徽 宣城",
        "mid": "4007740327703455",
        "verified_reason": "",
        "attitudes_count": 0,
        "followers_count": 113,
        "verified_type": -1,
        "statuses_count": 3665,
        "parent": "4007702063412816",
        "verified": false,
        "geo": null,
        "user_created_at": 1439915630,
        "favourites_count": 201,
        "screen_name": "鄙人茶叶蛋cyd",
        "gender": "f",
        "user_geo_enabled": true,
        "username": "鄙人茶叶蛋cyd",
        "comments_count": 0,
        "t": 1471003217,
        "video_status_count": 0,
        "urank": 25,
        "user_ability": 2360320,
        "credit_score": 80
    },
    {
        "reposts_count": 0,
        "uid": 2773129355,
        "bi_followers_count": 24,
        "text": "我看到后面那个美国人看到国旗掉的时候马上就把手里的国旗举起来了",
        "user_description": "",
        "user_avatar": "https://tvax1.sinaimg.cn/crop.0.0.996.996.50/a54a988bly8fkxph0v1jnj20ro0rojtt.jpg?KID=imgbed,tva&Expires=1584956153&ssig=MlBIV3cPqR",
        "id": "4007736620057157",
        "city": "1000",
        "province": "46",
        "friends_count": 130,
        "user_location": "海南",
        "mid": "4007736620057157",
        "verified_reason": "",
        "attitudes_count": 0,
        "followers_count": 67,
        "verified_type": -1,
        "statuses_count": 241,
        "parent": "4007702063412816",
        "verified": false,
        "geo": null,
        "user_created_at": 1337383865,
        "favourites_count": 36,
        "screen_name": "夏娜女神",
        "gender": "f",
        "user_geo_enabled": true,
        "username": "夏娜女神",
        "comments_count": 0,
        "t": 1471002333,
        "video_status_count": 0,
        "urank": 14,
        "user_ability": 3146752,
        "credit_score": 80
    },
    {
        "reposts_count": 0,
        "uid": 5991110118,
        "bi_followers_count": 0,
        "text": "有什么好笑的啊。。。",
        "user_description": "哥哥弟弟的女孩必须优秀",
        "user_avatar": "https://tvax3.sinaimg.cn/crop.0.0.1002.1002.50/006xs5qmly8gb1nk6thzij30ru0ruwgh.jpg?KID=imgbed,tva&Expires=1584956153&ssig=kDegKub7ev",
        "id": "4007722595216190",
        "city": "1",
        "province": "61",
        "friends_count": 16,
        "user_location": "陕西 西安",
        "mid": "4007722595216190",
        "verified_reason": "",
        "attitudes_count": 0,
        "followers_count": 3,
        "verified_type": -1,
        "statuses_count": 6,
        "parent": "4007702063412816",
        "verified": false,
        "geo": null,
        "user_created_at": 1469692131,
        "favourites_count": 1,
        "screen_name": "烧饼srz",
        "gender": "f",
        "user_geo_enabled": true,
        "username": "烧饼srz",
        "comments_count": 0,
        "t": 1470998989,
        "video_status_count": 0,
        "urank": 4,
        "user_ability": 35913728,
        "credit_score": 80
    },
    {
        "reposts_count": 0,
        "uid": 1914362004,
        "bi_followers_count": 318,
        "text": "里约奥运到处漏水，问题不断。这种国家组织能力太差了，难怪美国会放心。",
        "user_description": "",
        "user_avatar": "https://tva2.sinaimg.cn/crop.0.0.664.664.50/721ad894jw8f6ladmsg6fj20ig0igq3k.jpg?KID=imgbed,tva&Expires=1584956153&ssig=7kGCWqltDq",
        "id": "4007713677474874",
        "city": "1",
        "province": "35",
        "friends_count": 1152,
        "user_location": "福建 福州",
        "mid": "4007713677474874",
        "verified_reason": "",
        "attitudes_count": 0,
        "followers_count": 3197,
        "verified_type": -1,
        "statuses_count": 95655,
        "parent": "4007702063412816",
        "verified": false,
        "geo": null,
        "user_created_at": 1294190641,
        "favourites_count": 263,
        "screen_name": "亚历山大埃尔德",
        "gender": "m",
        "user_geo_enabled": false,
        "username": "亚历山大埃尔德",
        "comments_count": 0,
        "t": 1470996862,
        "video_status_count": 0,
        "urank": 46,
        "user_ability": 2097152,
        "credit_score": 80
    },
    {
        "reposts_count": 0,
        "uid": 3537051812,
        "bi_followers_count": 24,
        "text": "来自世界深深的恶意",
        "user_description": "我的地盘我做主！指手画脚妈如土！性别不固定，时而仙女，时而肥宅。",
        "user_avatar": "https://tvax1.sinaimg.cn/crop.0.0.1080.1080.50/d2d320a4ly8gd2qn6ju7lj20u00u0myn.jpg?KID=imgbed,tva&Expires=1584956153&ssig=4L18PhtqUW",
        "id": "4007707595316419",
        "city": "1000",
        "province": "100",
        "friends_count": 666,
        "user_location": "其他",
        "mid": "4007707595316419",
        "verified_reason": "",
        "attitudes_count": 0,
        "followers_count": 3739,
        "verified_type": -1,
        "statuses_count": 80,
        "parent": "4007702063412816",
        "verified": false,
        "geo": null,
        "user_created_at": 1371189203,
        "favourites_count": 1720,
        "screen_name": "美甲少年哲令",
        "gender": "m",
        "user_geo_enabled": false,
        "username": "美甲少年哲令",
        "comments_count": 0,
        "t": 1470995412,
        "video_status_count": 0,
        "urank": 42,
        "user_ability": 3408896,
        "credit_score": 80
    },
    {
        "reposts_count": 0,
        "uid": 1248369912,
        "bi_followers_count": 789,
        "text": "回复@薏苡仁丸子:纠正",
        "user_description": "【慈能生慧，心乃妙觉；明明有月，了了无痕】《文言赏析与教学》课程发明人，延陵网站长。",
        "user_avatar": "https://tva2.sinaimg.cn/crop.464.734.720.720.50/4a689cf8jw8f43cnag7a2j21hs200aql.jpg?KID=imgbed,tva&Expires=1584956153&ssig=CF0TlQKNLW",
        "id": "4007705804557724",
        "city": "1000",
        "province": "32",
        "friends_count": 2085,
        "user_location": "江苏",
        "mid": "4007705804557724",
        "verified_reason": "豆瓣阅读作者 头条文章作者",
        "attitudes_count": 0,
        "followers_count": 43734,
        "verified_type": 0,
        "statuses_count": 112645,
        "parent": "4007702063412816",
        "verified": true,
        "geo": null,
        "user_created_at": 1277173748,
        "favourites_count": 1139,
        "screen_name": "徐梵筂",
        "gender": "m",
        "user_geo_enabled": true,
        "username": "徐梵筂",
        "comments_count": 0,
        "t": 1470994986,
        "video_status_count": 0,
        "urank": 48,
        "user_ability": 10488328,
        "credit_score": 80
    },
    {
        "reposts_count": 0,
        "uid": 2523923942,
        "bi_followers_count": 51,
        "text": "这不是里约奥运，是2012伦敦奥运会",
        "user_description": "不在天长地久 只在曾经拥有 ralp",
        "user_avatar": "https://tvax1.sinaimg.cn/crop.0.0.996.996.50/967005e6ly8gclpj8sfocj20ro0ron2i.jpg?KID=imgbed,tva&Expires=1584956153&ssig=2GfIl%2B1Z%2FF",
        "id": "4007704211372892",
        "city": "1000",
        "province": "100",
        "friends_count": 263,
        "user_location": "其他",
        "mid": "4007704211372892",
        "verified_reason": "",
        "attitudes_count": 0,
        "followers_count": 195,
        "verified_type": -1,
        "statuses_count": 992,
        "parent": "4007702063412816",
        "verified": false,
        "geo": null,
        "user_created_at": 1320822101,
        "favourites_count": 4395,
        "screen_name": "薏苡仁丸子",
        "gender": "f",
        "user_geo_enabled": false,
        "username": "薏苡仁丸子",
        "comments_count": 0,
        "t": 1470994606,
        "video_status_count": 0,
        "urank": 33,
        "user_ability": 2359296,
        "credit_score": 80
    }
]