[
    {
        "reposts_count": 58,
        "uid": 1221684892,
        "bi_followers_count": 22,
        "text": "里约奥运会放错美国国歌不算啥！此视频美国国旗直接掉在地上！全场哗然！ #趣闻局长# http://t.cn/RtWStRE ​",
        "user_description": "精选全网热点，喜欢请加关注",
        "user_avatar": "https://tvax4.sinaimg.cn/crop.0.0.1010.1010.50/48d16e9cly8g7gov9io80j20s20s2t9l.jpg?KID=imgbed,tva&Expires=1584956153&ssig=KsPNn0DYOb",
        "id": "4008100761360727",
        "city": "1000",
        "province": "32",
        "friends_count": 43,
        "user_location": "江苏",
        "mid": "4008100761360727",
        "verified_reason": "知名搞笑幽默博主 搞笑视频自媒体",
        "attitudes_count": 71,
        "followers_count": 1950190,
        "verified_type": 0,
        "statuses_count": 25712,
        "parent": null,
        "verified": true,
        "geo": null,
        "user_created_at": 1274004584,
        "favourites_count": 22,
        "screen_name": "何等奇葩",
        "gender": "f",
        "user_geo_enabled": true,
        "username": "何等奇葩",
        "comments_count": 63,
        "t": 1471089151,
        "video_status_count": 0,
        "urank": 48,
        "user_ability": 3410442,
        "credit_score": 78
    },
    {
        "reposts_count": 0,
        "uid": 2683733964,
        "bi_followers_count": 22,
        "text": "回复@Triumphal_Song:ta理解能力有问题[笑cry]",
        "user_description": "",
        "user_avatar": "https://tva3.sinaimg.cn/crop.0.0.180.180.50/9ff687ccjw8f3m0ydm59bj2050050jr8.jpg?KID=imgbed,tva&Expires=1584956153&ssig=PKw2y66fO6",
        "id": "4008771304800227",
        "city": "5",
        "province": "44",
        "friends_count": 207,
        "user_location": "广东 汕头",
        "mid": "4008771304800227",
        "verified_reason": "",
        "attitudes_count": 0,
        "followers_count": 1064,
        "verified_type": -1,
        "statuses_count": 7,
        "parent": "4008100761360727",
        "verified": false,
        "geo": null,
        "user_created_at": 1327422507,
        "favourites_count": 36,
        "screen_name": "换一个wsm搜不到的名字",
        "gender": "f",
        "user_geo_enabled": true,
        "username": "换一个wsm搜不到的名字",
        "comments_count": 0,
        "t": 1471249021,
        "video_status_count": 0,
        "urank": 14,
        "user_ability": 1024,
        "credit_score": 80
    },
    {
        "reposts_count": 0,
        "uid": 1886632111,
        "bi_followers_count": 76,
        "text": "不管哪届的，干得好",
        "user_description": "喜欢旅行，喜欢潜水。",
        "user_avatar": "https://tvax2.sinaimg.cn/crop.0.0.751.751.50/7073b8afly8fzuu2r75b6j20kv0kvmzq.jpg?KID=imgbed,tva&Expires=1584956153&ssig=0pFZfWs8cV",
        "id": "4008648365511326",
        "city": "1",
        "province": "23",
        "friends_count": 145,
        "user_location": "黑龙江 哈尔滨",
        "mid": "4008648365511326",
        "verified_reason": "",
        "attitudes_count": 0,
        "followers_count": 413,
        "verified_type": 200,
        "statuses_count": 4971,
        "parent": "4008100761360727",
        "verified": false,
        "geo": null,
        "user_created_at": 1291809600,
        "favourites_count": 212,
        "screen_name": "潮sir小喇叭",
        "gender": "m",
        "user_geo_enabled": true,
        "username": "潮sir小喇叭",
        "comments_count": 0,
        "t": 1471219710,
        "video_status_count": 0,
        "urank": 38,
        "user_ability": 35651588,
        "credit_score": 80
    },
    {
        "reposts_count": 0,
        "uid": 5667830065,
        "bi_followers_count": 10,
        "text": "回复@罗罗罗罗罗风:你难道是智障吗？",
        "user_description": "这个人很懒，什么都没留下。",
        "user_avatar": "https://tvax3.sinaimg.cn/crop.0.0.996.996.50/006bzDvXly8gbsxbpnycwj30ro0ro40l.jpg?KID=imgbed,tva&Expires=1584956153&ssig=BftoXy8EjP",
        "id": "4008560818614157",
        "city": "1000",
        "province": "400",
        "friends_count": 191,
        "user_location": "海外",
        "mid": "4008560818614157",
        "verified_reason": "",
        "attitudes_count": 0,
        "followers_count": 167,
        "verified_type": -1,
        "statuses_count": 4,
        "parent": "4008100761360727",
        "verified": false,
        "geo": null,
        "user_created_at": 1438594825,
        "favourites_count": 57,
        "screen_name": "油条豆浆有没有",
        "gender": "m",
        "user_geo_enabled": true,
        "username": "油条豆浆有没有",
        "comments_count": 0,
        "t": 1471198837,
        "video_status_count": 0,
        "urank": 9,
        "user_ability": 1024,
        "credit_score": 80
    },
    {
        "reposts_count": 0,
        "uid": 5111745847,
        "bi_followers_count": 2,
        "text": "回复@擁侑妳嘚緈諨:第一句说的是里约奥运会的事，第二句说的是这个视频里的事。两码事的兄弟[微笑]",
        "user_description": "想一千次，不如去做一次。华丽的跌倒，胜过无谓的徘徊。",
        "user_avatar": "https://tva2.sinaimg.cn/crop.0.0.199.199.50/005zWmBFtw1efrvuu7lmyj305k05kq33.jpg?KID=imgbed,tva&Expires=1584956153&ssig=WOrcXjfWyg",
        "id": "4008537892465345",
        "city": "11",
        "province": "37",
        "friends_count": 75,
        "user_location": "山东 日照",
        "mid": "4008537892465345",
        "verified_reason": "",
        "attitudes_count": 0,
        "followers_count": 19,
        "verified_type": -1,
        "statuses_count": 7,
        "parent": "4008100761360727",
        "verified": false,
        "geo": null,
        "user_created_at": 1397531325,
        "favourites_count": 0,
        "screen_name": "品世丶",
        "gender": "m",
        "user_geo_enabled": true,
        "username": "品世丶",
        "comments_count": 0,
        "t": 1471193371,
        "video_status_count": 0,
        "urank": 9,
        "user_ability": 1024,
        "credit_score": 80
    },
    {
        "reposts_count": 0,
        "uid": 1769463985,
        "bi_followers_count": 46,
        "text": "图片评论 http://t.cn/RtYnRvp",
        "user_description": "",
        "user_avatar": "https://tva3.sinaimg.cn/crop.0.0.199.199.50/6977e0b1gw1erud0dw8ldj205k05kt8t.jpg?KID=imgbed,tva&Expires=1584956153&ssig=N%2Bh%2FK41n9g",
        "id": "4008534637782097",
        "city": "1000",
        "province": "12",
        "friends_count": 985,
        "user_location": "天津",
        "mid": "4008534637782097",
        "verified_reason": "  浙江建院建筑规划设计院 城乡规划师 助理工程师",
        "attitudes_count": 0,
        "followers_count": 175,
        "verified_type": 0,
        "statuses_count": 847,
        "parent": "4008100761360727",
        "verified": true,
        "geo": null,
        "user_created_at": 1304919022,
        "favourites_count": 461,
        "screen_name": "Mao_G",
        "gender": "f",
        "user_geo_enabled": true,
        "username": "Mao_G",
        "comments_count": 0,
        "t": 1471192595,
        "video_status_count": 0,
        "urank": 27,
        "user_ability": 10748928,
        "credit_score": 80
    },
    {
        "reposts_count": 0,
        "uid": 1248284073,
        "bi_followers_count": 32,
        "text": "@Claire_e在格村",
        "user_description": "一个人",
        "user_avatar": "https://tva1.sinaimg.cn/crop.0.0.750.750.50/4a674da9jw8f1ef06yhjzj20ku0ku0tl.jpg?KID=imgbed,tva&Expires=1584956153&ssig=QDLZZmlhso",
        "id": "4008422556796018",
        "city": "1000",
        "province": "400",
        "friends_count": 82,
        "user_location": "海外",
        "mid": "4008422556796018",
        "verified_reason": "",
        "attitudes_count": 0,
        "followers_count": 269,
        "verified_type": -1,
        "statuses_count": 1438,
        "parent": "4008100761360727",
        "verified": false,
        "geo": null,
        "user_created_at": 1313039668,
        "favourites_count": 293,
        "screen_name": "Human--Being",
        "gender": "m",
        "user_geo_enabled": true,
        "username": "Human--Being",
        "comments_count": 0,
        "t": 1471165872,
        "video_status_count": 0,
        "urank": 35,
        "user_ability": 2359296,
        "credit_score": 80
    },
    {
        "reposts_count": 0,
        "uid": 5077929647,
        "bi_followers_count": 1,
        "text": "上帝在预示着什么？",
        "user_description": "我默默的看着你!希望你幸福!",
        "user_avatar": "https://tva4.sinaimg.cn/crop.0.0.480.480.50/005xEtt5jw8efy2bxejk4j30dc0dcgmw.jpg?KID=imgbed,tva&Expires=1584956153&ssig=BFCoseSnuc",
        "id": "4008403476633660",
        "city": "1000",
        "province": "100",
        "friends_count": 64,
        "user_location": "其他",
        "mid": "4008403476633660",
        "verified_reason": "",
        "attitudes_count": 0,
        "followers_count": 12,
        "verified_type": -1,
        "statuses_count": 119,
        "parent": "4008100761360727",
        "verified": false,
        "geo": null,
        "user_created_at": 1395253180,
        "favourites_count": 8,
        "screen_name": "错而盼望",
        "gender": "m",
        "user_geo_enabled": true,
        "username": "错而盼望",
        "comments_count": 0,
        "t": 1471161324,
        "video_status_count": 0,
        "urank": 5,
        "user_ability": 0,
        "credit_score": 80
    },
    {
        "reposts_count": 0,
        "uid": 5592877869,
        "bi_followers_count": 10,
        "text": "从里约奥运会开始到现在的种种行为可以看出，巴西的贪污腐败比以往国内贪污还要厉害！[笑cry][笑cry][笑cry]",
        "user_description": "得之坦然，失之淡然，争其必然，顺其自然 and  春有百花秋有月，夏有凉风冬有雪。若无闲事挂心头，便是人间好时节。",
        "user_avatar": "https://tva4.sinaimg.cn/crop.0.0.300.300.50/0066v91zjw8erfep71zkzj308c08c74k.jpg?KID=imgbed,tva&Expires=1584956153&ssig=y9%2FjWpeJeS",
        "id": "4008392319894561",
        "city": "1",
        "province": "42",
        "friends_count": 131,
        "user_location": "湖北 武汉",
        "mid": "4008392319894561",
        "verified_reason": "",
        "attitudes_count": 0,
        "followers_count": 109,
        "verified_type": -1,
        "statuses_count": 1331,
        "parent": "4008100761360727",
        "verified": false,
        "geo": null,
        "user_created_at": 1429764494,
        "favourites_count": 29,
        "screen_name": "非正常精神病肚兜",
        "gender": "m",
        "user_geo_enabled": true,
        "username": "非正常精神病肚兜",
        "comments_count": 0,
        "t": 1471158664,
        "video_status_count": 0,
        "urank": 20,
        "user_ability": 0,
        "credit_score": 80
    },
    {
        "reposts_count": 0,
        "uid": 1960793364,
        "bi_followers_count": 95,
        "text": "[笑cry]星条旗永不落",
        "user_description": "I'm not a liar",
        "user_avatar": "https://tvax3.sinaimg.cn/crop.0.0.512.512.50/74df5514ly8gcfubb69hqj20e80e8q6c.jpg?KID=imgbed,tva&Expires=1584956153&ssig=06pZSATieL",
        "id": "4008376368811258",
        "city": "29",
        "province": "15",
        "friends_count": 303,
        "user_location": "内蒙古 阿拉善盟",
        "mid": "4008376368811258",
        "verified_reason": "",
        "attitudes_count": 0,
        "followers_count": 443,
        "verified_type": -1,
        "statuses_count": 117,
        "parent": "4008100761360727",
        "verified": false,
        "geo": null,
        "user_created_at": 1298549451,
        "favourites_count": 2119,
        "screen_name": "我是没事儿呀",
        "gender": "m",
        "user_geo_enabled": true,
        "username": "我是没事儿呀",
        "comments_count": 0,
        "t": 1471154861,
        "video_status_count": 0,
        "urank": 33,
        "user_ability": 2097152,
        "credit_score": 80
    },
    {
        "reposts_count": 0,
        "uid": 3210434065,
        "bi_followers_count": 167,
        "text": "可以可以这波很霍顿。",
        "user_description": "",
        "user_avatar": "https://tvax2.sinaimg.cn/crop.0.0.1242.1242.50/bf5b5611ly8frjgbedhu1j20yi0yitcv.jpg?KID=imgbed,tva&Expires=1584956153&ssig=HGdyYmT6lu",
        "id": "4008339711141381",
        "city": "1000",
        "province": "12",
        "friends_count": 542,
        "user_location": "天津",
        "mid": "4008339711141381",
        "verified_reason": "",
        "attitudes_count": 0,
        "followers_count": 615,
        "verified_type": -1,
        "statuses_count": 324,
        "parent": "4008100761360727",
        "verified": false,
        "geo": null,
        "user_created_at": 1357114617,
        "favourites_count": 3,
        "screen_name": "L沐昕哥哥",
        "gender": "m",
        "user_geo_enabled": true,
        "username": "L沐昕哥哥",
        "comments_count": 0,
        "t": 1471146121,
        "video_status_count": 0,
        "urank": 37,
        "user_ability": 263168,
        "credit_score": 80
    },
    {
        "reposts_count": 0,
        "uid": 1565220263,
        "bi_followers_count": 8,
        "text": "转发微博",
        "user_description": "A股混混",
        "user_avatar": "https://tva4.sinaimg.cn/crop.0.25.93.93.50/5d4b5da7tw1e7am94uqrqj204b04cmxc.jpg?KID=imgbed,tva&Expires=1584956153&ssig=6fxLrN5egV",
        "id": "4008325299269578",
        "city": "1",
        "province": "42",
        "friends_count": 69,
        "user_location": "湖北 武汉",
        "mid": "4008325299269578",
        "verified_reason": "",
        "attitudes_count": 0,
        "followers_count": 1338,
        "verified_type": -1,
        "statuses_count": 5071,
        "parent": "4008100761360727",
        "verified": false,
        "geo": null,
        "user_created_at": 1308801497,
        "favourites_count": 873,
        "screen_name": "八月那风",
        "gender": "m",
        "user_geo_enabled": true,
        "username": "八月那风",
        "comments_count": 0,
        "t": 1471142684,
        "video_status_count": 0,
        "urank": 40,
        "user_ability": 0,
        "credit_score": 80
    },
    {
        "reposts_count": 0,
        "uid": 3215500405,
        "bi_followers_count": 124,
        "text": "天灭美利坚[偷笑]",
        "user_description": "",
        "user_avatar": "https://tvax3.sinaimg.cn/crop.0.0.996.996.50/bfa8a475ly8gck4e5kacxj20ro0romyu.jpg?KID=imgbed,tva&Expires=1584956153&ssig=xNHM2%2FuMCF",
        "id": "4008296844627322",
        "city": "1000",
        "province": "100",
        "friends_count": 5065,
        "user_location": "其他",
        "mid": "4008296844627322",
        "verified_reason": "",
        "attitudes_count": 0,
        "followers_count": 919,
        "verified_type": -1,
        "statuses_count": 15311,
        "parent": "4008100761360727",
        "verified": false,
        "geo": null,
        "user_created_at": 1357646961,
        "favourites_count": 18392,
        "screen_name": "WX时空",
        "gender": "m",
        "user_geo_enabled": true,
        "username": "WX时空",
        "comments_count": 0,
        "t": 1471135902,
        "video_status_count": 0,
        "urank": 28,
        "user_ability": 2360320,
        "credit_score": 80
    },
    {
        "reposts_count": 0,
        "uid": 2151591484,
        "bi_followers_count": 156,
        "text": "好了。。中国省事了。。放开牵狗绳的时候到了。。[笑cry][笑cry][笑cry]",
        "user_description": "有一种提高生活质量的方法，就是定期丢掉不要的“东西”。。",
        "user_avatar": "https://tva2.sinaimg.cn/crop.0.0.180.180.50/803eae3cjw1e8qgp5bmzyj2050050aa8.jpg?KID=imgbed,tva&Expires=1584956153&ssig=OueT%2BnYb5T",
        "id": "4008244932159466",
        "city": "1000",
        "province": "52",
        "friends_count": 227,
        "user_location": "贵州",
        "mid": "4008244932159466",
        "verified_reason": "",
        "attitudes_count": 0,
        "followers_count": 639,
        "verified_type": 220,
        "statuses_count": 16368,
        "parent": "4008100761360727",
        "verified": false,
        "geo": null,
        "user_created_at": 1306796285,
        "favourites_count": 2,
        "screen_name": "暴走小磊哥",
        "gender": "m",
        "user_geo_enabled": true,
        "username": "暴走小磊哥",
        "comments_count": 0,
        "t": 1471123524,
        "video_status_count": 0,
        "urank": 42,
        "user_ability": 33554432,
        "credit_score": 79
    },
    {
        "reposts_count": 0,
        "uid": 2215390015,
        "bi_followers_count": 15,
        "text": "打倒美帝",
        "user_description": "做自己",
        "user_avatar": "https://tva1.sinaimg.cn/crop.0.0.1080.1080.50/840c2b3fjw8ecoa1ocs1fj20u00u0juh.jpg?KID=imgbed,tva&Expires=1584956153&ssig=eFgw%2FdJwbT",
        "id": "4008219221414376",
        "city": "1000",
        "province": "45",
        "friends_count": 768,
        "user_location": "广西",
        "mid": "4008219221414376",
        "verified_reason": "",
        "attitudes_count": 0,
        "followers_count": 338,
        "verified_type": -1,
        "statuses_count": 1671,
        "parent": "4008100761360727",
        "verified": false,
        "geo": null,
        "user_created_at": 1309656447,
        "favourites_count": 275,
        "screen_name": "贱伊人",
        "gender": "f",
        "user_geo_enabled": true,
        "username": "贱伊人",
        "comments_count": 0,
        "t": 1471117394,
        "video_status_count": 0,
        "urank": 34,
        "user_ability": 2097152,
        "credit_score": 80
    },
    {
        "reposts_count": 0,
        "uid": 5683368860,
        "bi_followers_count": 5,
        "text": "哈哈，我忍不住[嘻嘻]",
        "user_description": "",
        "user_avatar": "https://tva2.sinaimg.cn/crop.0.0.1080.1080.50/006cCPRGjw8evqry3pn37j30u00u0wf0.jpg?KID=imgbed,tva&Expires=1584956153&ssig=QVYTVDur4G",
        "id": "4008207263294253",
        "city": "1000",
        "province": "400",
        "friends_count": 421,
        "user_location": "海外",
        "mid": "4008207263294253",
        "verified_reason": "",
        "attitudes_count": 0,
        "followers_count": 17,
        "verified_type": -1,
        "statuses_count": 1832,
        "parent": "4008100761360727",
        "verified": false,
        "geo": null,
        "user_created_at": 1440232253,
        "favourites_count": 393,
        "screen_name": "IIbing",
        "gender": "m",
        "user_geo_enabled": true,
        "username": "IIbing",
        "comments_count": 0,
        "t": 1471114543,
        "video_status_count": 0,
        "urank": 9,
        "user_ability": 2098176,
        "credit_score": 80
    },
    {
        "reposts_count": 0,
        "uid": 1745330612,
        "bi_followers_count": 39,
        "text": "有些人真的理解能力有问题，看评论一股智商优越感油然而生。",
        "user_description": "",
        "user_avatar": "https://tva3.sinaimg.cn/crop.0.0.640.640.50/6807a1b4jw8ekmm8b0jdwj20hs0hsjrp.jpg?KID=imgbed,tva&Expires=1584956153&ssig=8Ia8Nk7iRr",
        "id": "4008184148726967",
        "city": "1",
        "province": "43",
        "friends_count": 290,
        "user_location": "湖南 长沙",
        "mid": "4008184148726967",
        "verified_reason": "",
        "attitudes_count": 0,
        "followers_count": 250,
        "verified_type": 200,
        "statuses_count": 909,
        "parent": "4008100761360727",
        "verified": false,
        "geo": null,
        "user_created_at": 1274516507,
        "favourites_count": 42,
        "screen_name": "该昵称已被自动注销",
        "gender": "m",
        "user_geo_enabled": true,
        "username": "该昵称已被自动注销",
        "comments_count": 0,
        "t": 1471109031,
        "video_status_count": 0,
        "urank": 24,
        "user_ability": 33555456,
        "credit_score": 80
    },
    {
        "reposts_count": 0,
        "uid": 2395299057,
        "bi_followers_count": 1,
        "text": "里约：我不是针对谁，而是在坐的都是垃圾！",
        "user_description": "",
        "user_avatar": "https://tva1.sinaimg.cn/crop.0.0.996.996.50/8ec55cf1jw8f0hfmzdmf9j20ro0ro0v7.jpg?KID=imgbed,tva&Expires=1584956153&ssig=cPTPxEok0t",
        "id": "4008180918591797",
        "city": "1000",
        "province": "32",
        "friends_count": 95,
        "user_location": "江苏",
        "mid": "4008180918591797",
        "verified_reason": "",
        "attitudes_count": 0,
        "followers_count": 12,
        "verified_type": -1,
        "statuses_count": 295,
        "parent": "4008100761360727",
        "verified": false,
        "geo": null,
        "user_created_at": 1329218939,
        "favourites_count": 1,
        "screen_name": "疯狂的左勾拳",
        "gender": "m",
        "user_geo_enabled": true,
        "username": "疯狂的左勾拳",
        "comments_count": 0,
        "t": 1471108262,
        "video_status_count": 0,
        "urank": 9,
        "user_ability": 1024,
        "credit_score": 80
    },
    {
        "reposts_count": 0,
        "uid": 1929112693,
        "bi_followers_count": 1,
        "text": "回复@Kellycisa:你的粉丝怎么这么多",
        "user_description": "此号不再使用",
        "user_avatar": "https://tva4.sinaimg.cn/crop.0.0.511.511.50/72fbec75jw8f5n0t6o2y7j20e70e8ab3.jpg?KID=imgbed,tva&Expires=1584956153&ssig=oXFCsGN0V7",
        "id": "4008162350432410",
        "city": "1000",
        "province": "100",
        "friends_count": 6,
        "user_location": "其他",
        "mid": "4008162350432410",
        "verified_reason": "",
        "attitudes_count": 0,
        "followers_count": 185,
        "verified_type": -1,
        "statuses_count": 0,
        "parent": "4008100761360727",
        "verified": false,
        "geo": null,
        "user_created_at": 1295534014,
        "favourites_count": 1,
        "screen_name": "此号已丢创建新号",
        "gender": "m",
        "user_geo_enabled": false,
        "username": "此号已丢创建新号",
        "comments_count": 0,
        "t": 1471103835,
        "video_status_count": 0,
        "urank": 14,
        "user_ability": 0,
        "credit_score": 80
    },
    {
        "reposts_count": 0,
        "uid": 2208860073,
        "bi_followers_count": 15,
        "text": "回复@Acair丶凯:伦敦奥运会",
        "user_description": "呵呵呵呵呵。",
        "user_avatar": "https://tva3.sinaimg.cn/crop.0.0.180.180.50/83a887a9jw1e8qgp5bmzyj2050050aa8.jpg?KID=imgbed,tva&Expires=1584956153&ssig=gRrwwUbkrb",
        "id": "4008155069911321",
        "city": "1",
        "province": "61",
        "friends_count": 71,
        "user_location": "陕西 西安",
        "mid": "4008155069911321",
        "verified_reason": "",
        "attitudes_count": 0,
        "followers_count": 242,
        "verified_type": -1,
        "statuses_count": 84,
        "parent": "4008100761360727",
        "verified": false,
        "geo": null,
        "user_created_at": 1309399950,
        "favourites_count": 93,
        "screen_name": "李李李李李李李李李李李李伟",
        "gender": "m",
        "user_geo_enabled": true,
        "username": "李李李李李李李李李李李李伟",
        "comments_count": 0,
        "t": 1471102099,
        "video_status_count": 0,
        "urank": 29,
        "user_ability": 35651584,
        "credit_score": 80
    },
    {
        "reposts_count": 0,
        "uid": 2275835673,
        "bi_followers_count": 209,
        "text": "回复@此号已丢创建新号:自我催眠",
        "user_description": "既想自由又爱归属",
        "user_avatar": "https://tvax4.sinaimg.cn/crop.0.0.1080.1080.50/87a67f19ly8g21jha7o70j20u00u0tac.jpg?KID=imgbed,tva&Expires=1584956153&ssig=GwFeCO9dPZ",
        "id": "4008154004059331",
        "city": "1000",
        "province": "50",
        "friends_count": 906,
        "user_location": "重庆",
        "mid": "4008154004059331",
        "verified_reason": "",
        "attitudes_count": 0,
        "followers_count": 3705,
        "verified_type": -1,
        "statuses_count": 104,
        "parent": "4008100761360727",
        "verified": false,
        "geo": null,
        "user_created_at": 1311953162,
        "favourites_count": 2021,
        "screen_name": "Kellycisa",
        "gender": "f",
        "user_geo_enabled": true,
        "username": "Kellycisa",
        "comments_count": 0,
        "t": 1471101845,
        "video_status_count": 0,
        "urank": 39,
        "user_ability": 2097156,
        "credit_score": 80
    },
    {
        "reposts_count": 0,
        "uid": 2164458211,
        "bi_followers_count": 71,
        "text": "伦敦奥运会，网球小威拿冠军时候。",
        "user_description": "生死有命富贵在天？",
        "user_avatar": "https://tva3.sinaimg.cn/crop.0.0.1080.1080.50/810302e3jw8etpp59093mj20u00u0myk.jpg?KID=imgbed,tva&Expires=1584956153&ssig=E2ywxc6Yyp",
        "id": "4008153190825280",
        "city": "1",
        "province": "41",
        "friends_count": 124,
        "user_location": "河南 郑州",
        "mid": "4008153190825280",
        "verified_reason": "",
        "attitudes_count": 0,
        "followers_count": 243,
        "verified_type": -1,
        "statuses_count": 11,
        "parent": "4008100761360727",
        "verified": false,
        "geo": null,
        "user_created_at": 1307367565,
        "favourites_count": 77,
        "screen_name": "花神鸣泣",
        "gender": "m",
        "user_geo_enabled": false,
        "username": "花神鸣泣",
        "comments_count": 0,
        "t": 1471101650,
        "video_status_count": 0,
        "urank": 27,
        "user_ability": 33555456,
        "credit_score": 80
    },
    {
        "reposts_count": 0,
        "uid": 3302185061,
        "bi_followers_count": 4,
        "text": "最后的欢呼声和掌声是什么意思[嘻嘻]",
        "user_description": "相信自己，创造奇迹！",
        "user_avatar": "https://tva2.sinaimg.cn/crop.0.0.996.996.50/c4d35865jw8f91z08exhcj20ro0rptc6.jpg?KID=imgbed,tva&Expires=1584956153&ssig=OrsdoqCFng",
        "id": "4008151500074041",
        "city": "4",
        "province": "41",
        "friends_count": 174,
        "user_location": "河南 平顶山",
        "mid": "4008151500074041",
        "verified_reason": "",
        "attitudes_count": 0,
        "followers_count": 14,
        "verified_type": -1,
        "statuses_count": 2,
        "parent": "4008100761360727",
        "verified": false,
        "geo": null,
        "user_created_at": 1368360952,
        "favourites_count": 0,
        "screen_name": "段鹏飞宝丰",
        "gender": "m",
        "user_geo_enabled": true,
        "username": "段鹏飞宝丰",
        "comments_count": 0,
        "t": 1471101248,
        "video_status_count": 0,
        "urank": 5,
        "user_ability": 2097152,
        "credit_score": 80
    },
    {
        "reposts_count": 0,
        "uid": 3091783375,
        "bi_followers_count": 15,
        "text": "博主哪个字说这是里约奥运会了？各种网友长点心！",
        "user_description": "一直都在努力的路上。",
        "user_avatar": "https://tvax3.sinaimg.cn/crop.0.0.750.750.50/b848decfly8g49hsh95ajj20ku0kugms.jpg?KID=imgbed,tva&Expires=1584956153&ssig=kL5gHn3t4L",
        "id": "4008147871408537",
        "city": "2",
        "province": "35",
        "friends_count": 63,
        "user_location": "福建 厦门",
        "mid": "4008147871408537",
        "verified_reason": "",
        "attitudes_count": 0,
        "followers_count": 92,
        "verified_type": -1,
        "statuses_count": 185,
        "parent": "4008100761360727",
        "verified": false,
        "geo": null,
        "user_created_at": 1352214403,
        "favourites_count": 92,
        "screen_name": "如如如如如如风",
        "gender": "m",
        "user_geo_enabled": true,
        "username": "如如如如如如风",
        "comments_count": 0,
        "t": 1471100383,
        "video_status_count": 0,
        "urank": 26,
        "user_ability": 35652608,
        "credit_score": 80
    },
    {
        "reposts_count": 0,
        "uid": 5826383892,
        "bi_followers_count": 6,
        "text": "我就想知道里约是怎么成功申奥的？",
        "user_description": "",
        "user_avatar": "https://tvax3.sinaimg.cn/crop.0.0.996.996.50/006miUBKly8fdt8cic5khj30ro0rogxa.jpg?KID=imgbed,tva&Expires=1584956153&ssig=s9MhCT1vIx",
        "id": "4008144944115356",
        "city": "1",
        "province": "41",
        "friends_count": 532,
        "user_location": "河南 郑州",
        "mid": "4008144944115356",
        "verified_reason": "",
        "attitudes_count": 0,
        "followers_count": 140,
        "verified_type": -1,
        "statuses_count": 41,
        "parent": "4008100761360727",
        "verified": false,
        "geo": null,
        "user_created_at": 1452427808,
        "favourites_count": 0,
        "screen_name": "城市股事",
        "gender": "m",
        "user_geo_enabled": true,
        "username": "城市股事",
        "comments_count": 0,
        "t": 1471099685,
        "video_status_count": 0,
        "urank": 9,
        "user_ability": 33555456,
        "credit_score": 80
    },
    {
        "reposts_count": 0,
        "uid": 5024585789,
        "bi_followers_count": 85,
        "text": "这是伦敦的奥运会",
        "user_description": "",
        "user_avatar": "https://tvax1.sinaimg.cn/crop.0.0.512.512.50/005u2Eihly8fs9xxh9bdjj30e80e8jrr.jpg?KID=imgbed,tva&Expires=1584956153&ssig=0UX3fYn968",
        "id": "4008140338717339",
        "city": "1",
        "province": "34",
        "friends_count": 203,
        "user_location": "安徽 合肥",
        "mid": "4008140338717339",
        "verified_reason": "",
        "attitudes_count": 0,
        "followers_count": 1046,
        "verified_type": -1,
        "statuses_count": 0,
        "parent": "4008100761360727",
        "verified": false,
        "geo": null,
        "user_created_at": 1391673490,
        "favourites_count": 0,
        "screen_name": "Niu牛哞哞哞",
        "gender": "m",
        "user_geo_enabled": true,
        "username": "Niu牛哞哞哞",
        "comments_count": 0,
        "t": 1471098586,
        "video_status_count": 0,
        "urank": 28,
        "user_ability": 1024,
        "credit_score": 80
    },
    {
        "reposts_count": 0,
        "uid": 2951752393,
        "bi_followers_count": 42,
        "text": "可以 可以 很可以 活久见 绝对是奥运历史上最奇葩的一届奥运会 不是我说 没那水平就别办 没拿金刚钻还想揽这瓷器活",
        "user_description": "你是我的不知所措，我却只是你的心不在焉",
        "user_avatar": "https://tvax4.sinaimg.cn/crop.0.0.750.750.50/aff02ac9ly8fu3v4lx7umj20ku0ku74w.jpg?KID=imgbed,tva&Expires=1584956153&ssig=pYg3uAfHx%2F",
        "id": "4008136873974006",
        "city": "1",
        "province": "41",
        "friends_count": 303,
        "user_location": "河南 郑州",
        "mid": "4008136873974006",
        "verified_reason": "",
        "attitudes_count": 0,
        "followers_count": 1461,
        "verified_type": -1,
        "statuses_count": 2324,
        "parent": "4008100761360727",
        "verified": false,
        "geo": null,
        "user_created_at": 1347534345,
        "favourites_count": 1,
        "screen_name": "Acair丶凯",
        "gender": "m",
        "user_geo_enabled": true,
        "username": "Acair丶凯",
        "comments_count": 0,
        "t": 1471097761,
        "video_status_count": 0,
        "urank": 36,
        "user_ability": 2097152,
        "credit_score": 80
    },
    {
        "reposts_count": 0,
        "uid": 2897142171,
        "bi_followers_count": 13,
        "text": "听到有人鼓掌👏我就放心了",
        "user_description": "自律      自由",
        "user_avatar": "https://tva1.sinaimg.cn/crop.0.0.512.512.50/acaee19bjw8eijlp3tzeyj20e80e83z2.jpg?KID=imgbed,tva&Expires=1584956153&ssig=F2eoGcPTPi",
        "id": "4008136194745652",
        "city": "1000",
        "province": "37",
        "friends_count": 80,
        "user_location": "山东",
        "mid": "4008136194745652",
        "verified_reason": "",
        "attitudes_count": 0,
        "followers_count": 38,
        "verified_type": -1,
        "statuses_count": 66,
        "parent": "4008100761360727",
        "verified": false,
        "geo": null,
        "user_created_at": 1342952915,
        "favourites_count": 1,
        "screen_name": "二创的小刘同志",
        "gender": "m",
        "user_geo_enabled": true,
        "username": "二创的小刘同志",
        "comments_count": 0,
        "t": 1471097599,
        "video_status_count": 0,
        "urank": 14,
        "user_ability": 33554432,
        "credit_score": 80
    },
    {
        "reposts_count": 0,
        "uid": 1929112693,
        "bi_followers_count": 1,
        "text": "回复@Kellycisa:请问你是怎么推论出来的",
        "user_description": "此号不再使用",
        "user_avatar": "https://tva4.sinaimg.cn/crop.0.0.511.511.50/72fbec75jw8f5n0t6o2y7j20e70e8ab3.jpg?KID=imgbed,tva&Expires=1584956153&ssig=oXFCsGN0V7",
        "id": "4008132932315785",
        "city": "1000",
        "province": "100",
        "friends_count": 6,
        "user_location": "其他",
        "mid": "4008132932315785",
        "verified_reason": "",
        "attitudes_count": 0,
        "followers_count": 185,
        "verified_type": -1,
        "statuses_count": 0,
        "parent": "4008100761360727",
        "verified": false,
        "geo": null,
        "user_created_at": 1295534014,
        "favourites_count": 1,
        "screen_name": "此号已丢创建新号",
        "gender": "m",
        "user_geo_enabled": false,
        "username": "此号已丢创建新号",
        "comments_count": 0,
        "t": 1471096820,
        "video_status_count": 0,
        "urank": 14,
        "user_ability": 0,
        "credit_score": 80
    },
    {
        "reposts_count": 0,
        "uid": 5644848715,
        "bi_followers_count": 19,
        "text": "回复@奋青年的阳光四射:😯😯😯😯😯",
        "user_description": "",
        "user_avatar": "https://tvax1.sinaimg.cn/crop.0.0.829.829.50/006a1d11ly8g9oj3z07otj30n10n1dgp.jpg?KID=imgbed,tva&Expires=1584956153&ssig=sOpTY4kf9W",
        "id": "4008131626814819",
        "city": "1000",
        "province": "400",
        "friends_count": 332,
        "user_location": "海外",
        "mid": "4008131626814819",
        "verified_reason": "",
        "attitudes_count": 0,
        "followers_count": 813,
        "verified_type": -1,
        "statuses_count": 21,
        "parent": "4008100761360727",
        "verified": false,
        "geo": null,
        "user_created_at": 1435828268,
        "favourites_count": 104,
        "screen_name": "煎饼塌了",
        "gender": "f",
        "user_geo_enabled": true,
        "username": "煎饼塌了",
        "comments_count": 0,
        "t": 1471096511,
        "video_status_count": 0,
        "urank": 9,
        "user_ability": 2360320,
        "credit_score": 80
    },
    {
        "reposts_count": 0,
        "uid": 5692033910,
        "bi_followers_count": 23,
        "text": "@舒舒舒心儿",
        "user_description": "嘎~现代造金术师",
        "user_avatar": "https://tvax2.sinaimg.cn/crop.0.0.664.664.50/006ddc2yly8gbp2h94k8jj30ig0igmy7.jpg?KID=imgbed,tva&Expires=1584956153&ssig=3RO6BaN8az",
        "id": "4008131224736087",
        "city": "1",
        "province": "37",
        "friends_count": 145,
        "user_location": "山东 济南",
        "mid": "4008131224736087",
        "verified_reason": "",
        "attitudes_count": 0,
        "followers_count": 92,
        "verified_type": -1,
        "statuses_count": 112,
        "parent": "4008100761360727",
        "verified": false,
        "geo": null,
        "user_created_at": 1441099114,
        "favourites_count": 2,
        "screen_name": "一碗温水_",
        "gender": "m",
        "user_geo_enabled": true,
        "username": "一碗温水_",
        "comments_count": 0,
        "t": 1471096413,
        "video_status_count": 0,
        "urank": 9,
        "user_ability": 34866176,
        "credit_score": 80
    },
    {
        "reposts_count": 0,
        "uid": 5700591629,
        "bi_followers_count": 26,
        "text": "回复@明静_智远:就这件是对里约[doge]",
        "user_description": "嘻嘻嘻",
        "user_avatar": "https://tvax4.sinaimg.cn/crop.0.1.750.750.50/006dN6ihly8flwfyu8lnoj30ku0kw0tl.jpg?KID=imgbed,tva&Expires=1584956153&ssig=%2Btwu%2BSLQ6z",
        "id": "4008125437126029",
        "city": "1000",
        "province": "51",
        "friends_count": 647,
        "user_location": "四川",
        "mid": "4008125437126029",
        "verified_reason": "",
        "attitudes_count": 0,
        "followers_count": 182,
        "verified_type": -1,
        "statuses_count": 262,
        "parent": "4008100761360727",
        "verified": false,
        "geo": null,
        "user_created_at": 1442032127,
        "favourites_count": 82,
        "screen_name": "小瞿滔",
        "gender": "f",
        "user_geo_enabled": true,
        "username": "小瞿滔",
        "comments_count": 0,
        "t": 1471095034,
        "video_status_count": 0,
        "urank": 9,
        "user_ability": 2097152,
        "credit_score": 80
    },
    {
        "reposts_count": 0,
        "uid": 3311163721,
        "bi_followers_count": 3,
        "text": "所以说这奖牌还不定怎么来的呢[挖鼻]",
        "user_description": "偶尔清醒",
        "user_avatar": "https://tvax3.sinaimg.cn/crop.0.0.996.996.50/c55c5949ly8fy7tb7paxmj20ro0rodgo.jpg?KID=imgbed,tva&Expires=1584956153&ssig=stj4k1rsFr",
        "id": "4008120398781675",
        "city": "1000",
        "province": "100",
        "friends_count": 187,
        "user_location": "其他",
        "mid": "4008120398781675",
        "verified_reason": "",
        "attitudes_count": 0,
        "followers_count": 89,
        "verified_type": -1,
        "statuses_count": 172,
        "parent": "4008100761360727",
        "verified": false,
        "geo": null,
        "user_created_at": 1366118352,
        "favourites_count": 3,
        "screen_name": "蓓蓓今年爱自己好吗",
        "gender": "f",
        "user_geo_enabled": true,
        "username": "蓓蓓今年爱自己好吗",
        "comments_count": 0,
        "t": 1471093833,
        "video_status_count": 0,
        "urank": 14,
        "user_ability": 34604032,
        "credit_score": 80
    },
    {
        "reposts_count": 0,
        "uid": 3208113261,
        "bi_followers_count": 40,
        "text": "回复@Triumphal_Song:没事没事，不怪你呢[可爱]",
        "user_description": "想得却不可得，你奈人生何",
        "user_avatar": "https://tvax3.sinaimg.cn/crop.0.0.512.512.50/bf37ec6dly8gcwqtzgmdjj20e80e8aah.jpg?KID=imgbed,tva&Expires=1584956153&ssig=1TpFDnWDSY",
        "id": "4008118339946051",
        "city": "1000",
        "province": "43",
        "friends_count": 700,
        "user_location": "湖南",
        "mid": "4008118339946051",
        "verified_reason": "",
        "attitudes_count": 0,
        "followers_count": 760,
        "verified_type": -1,
        "statuses_count": 2217,
        "parent": "4008100761360727",
        "verified": false,
        "geo": null,
        "user_created_at": 1356791635,
        "favourites_count": 67,
        "screen_name": "grylls__",
        "gender": "m",
        "user_geo_enabled": true,
        "username": "grylls__",
        "comments_count": 0,
        "t": 1471093342,
        "video_status_count": 0,
        "urank": 38,
        "user_ability": 3408896,
        "credit_score": 80
    },
    {
        "reposts_count": 0,
        "uid": 5518118420,
        "bi_followers_count": 7,
        "text": "回复@13栋楼底的啊乔:对不起，我也没读过几年书，可真没看懂你说了什么意思[微笑]",
        "user_description": "☭全世界无产阶级和劳动人民的伟大导师☭",
        "user_avatar": "https://tvax2.sinaimg.cn/crop.0.0.1080.1080.50/0061rsG0ly8gcavbo6nyxj30u00u0djz.jpg?KID=imgbed,tva&Expires=1584956153&ssig=SC12lqOBNh",
        "id": "4008118243876111",
        "city": "1000",
        "province": "400",
        "friends_count": 155,
        "user_location": "海外",
        "mid": "4008118243876111",
        "verified_reason": "",
        "attitudes_count": 0,
        "followers_count": 109,
        "verified_type": -1,
        "statuses_count": 60,
        "parent": "4008100761360727",
        "verified": false,
        "geo": null,
        "user_created_at": 1423746604,
        "favourites_count": 3,
        "screen_name": "Karl·Marx",
        "gender": "m",
        "user_geo_enabled": true,
        "username": "Karl·Marx",
        "comments_count": 0,
        "t": 1471093319,
        "video_status_count": 0,
        "urank": 31,
        "user_ability": 2360320,
        "credit_score": 80
    },
    {
        "reposts_count": 0,
        "uid": 3208113261,
        "bi_followers_count": 40,
        "text": "回复@Triumphal_Song:我有说博主说了里面有里约？你看懂了我的评论没啊大兄弟[生病]",
        "user_description": "想得却不可得，你奈人生何",
        "user_avatar": "https://tvax3.sinaimg.cn/crop.0.0.512.512.50/bf37ec6dly8gcwqtzgmdjj20e80e8aah.jpg?KID=imgbed,tva&Expires=1584956153&ssig=1TpFDnWDSY",
        "id": "4008117421997646",
        "city": "1000",
        "province": "43",
        "friends_count": 700,
        "user_location": "湖南",
        "mid": "4008117421997646",
        "verified_reason": "",
        "attitudes_count": 0,
        "followers_count": 760,
        "verified_type": -1,
        "statuses_count": 2217,
        "parent": "4008100761360727",
        "verified": false,
        "geo": null,
        "user_created_at": 1356791635,
        "favourites_count": 67,
        "screen_name": "grylls__",
        "gender": "m",
        "user_geo_enabled": true,
        "username": "grylls__",
        "comments_count": 0,
        "t": 1471093122,
        "video_status_count": 0,
        "urank": 38,
        "user_ability": 3408896,
        "credit_score": 80
    },
    {
        "reposts_count": 0,
        "uid": 5518118420,
        "bi_followers_count": 7,
        "text": "回复@13栋楼底的啊乔:所以博主到底为什么要长点心？他有说是里约的视频？",
        "user_description": "☭全世界无产阶级和劳动人民的伟大导师☭",
        "user_avatar": "https://tvax2.sinaimg.cn/crop.0.0.1080.1080.50/0061rsG0ly8gcavbo6nyxj30u00u0djz.jpg?KID=imgbed,tva&Expires=1584956153&ssig=SC12lqOBNh",
        "id": "4008117069089443",
        "city": "1000",
        "province": "400",
        "friends_count": 155,
        "user_location": "海外",
        "mid": "4008117069089443",
        "verified_reason": "",
        "attitudes_count": 0,
        "followers_count": 109,
        "verified_type": -1,
        "statuses_count": 60,
        "parent": "4008100761360727",
        "verified": false,
        "geo": null,
        "user_created_at": 1423746604,
        "favourites_count": 3,
        "screen_name": "Karl·Marx",
        "gender": "m",
        "user_geo_enabled": true,
        "username": "Karl·Marx",
        "comments_count": 0,
        "t": 1471093038,
        "video_status_count": 0,
        "urank": 31,
        "user_ability": 2360320,
        "credit_score": 80
    },
    {
        "reposts_count": 0,
        "uid": 3208113261,
        "bi_followers_count": 40,
        "text": "回复@Triumphal_Song:读懂了啊，我解释给你听哈。里约放错了国歌不算啥，伦敦奥运会掉了旗。就这么简单，你知道了波？",
        "user_description": "想得却不可得，你奈人生何",
        "user_avatar": "https://tvax3.sinaimg.cn/crop.0.0.512.512.50/bf37ec6dly8gcwqtzgmdjj20e80e8aah.jpg?KID=imgbed,tva&Expires=1584956153&ssig=1TpFDnWDSY",
        "id": "4008116427787452",
        "city": "1000",
        "province": "43",
        "friends_count": 700,
        "user_location": "湖南",
        "mid": "4008116427787452",
        "verified_reason": "",
        "attitudes_count": 0,
        "followers_count": 760,
        "verified_type": -1,
        "statuses_count": 2217,
        "parent": "4008100761360727",
        "verified": false,
        "geo": null,
        "user_created_at": 1356791635,
        "favourites_count": 67,
        "screen_name": "grylls__",
        "gender": "m",
        "user_geo_enabled": true,
        "username": "grylls__",
        "comments_count": 0,
        "t": 1471092886,
        "video_status_count": 0,
        "urank": 38,
        "user_ability": 3408896,
        "credit_score": 80
    },
    {
        "reposts_count": 0,
        "uid": 5518118420,
        "bi_followers_count": 7,
        "text": "回复@13栋楼底的啊乔:所以你也是真的读懂了博主到底写了什么了么？",
        "user_description": "☭全世界无产阶级和劳动人民的伟大导师☭",
        "user_avatar": "https://tvax2.sinaimg.cn/crop.0.0.1080.1080.50/0061rsG0ly8gcavbo6nyxj30u00u0djz.jpg?KID=imgbed,tva&Expires=1584956153&ssig=SC12lqOBNh",
        "id": "4008116037455812",
        "city": "1000",
        "province": "400",
        "friends_count": 155,
        "user_location": "海外",
        "mid": "4008116037455812",
        "verified_reason": "",
        "attitudes_count": 0,
        "followers_count": 109,
        "verified_type": -1,
        "statuses_count": 60,
        "parent": "4008100761360727",
        "verified": false,
        "geo": null,
        "user_created_at": 1423746604,
        "favourites_count": 3,
        "screen_name": "Karl·Marx",
        "gender": "m",
        "user_geo_enabled": true,
        "username": "Karl·Marx",
        "comments_count": 0,
        "t": 1471092793,
        "video_status_count": 0,
        "urank": 31,
        "user_ability": 2360320,
        "credit_score": 80
    },
    {
        "reposts_count": 0,
        "uid": 3901968165,
        "bi_followers_count": 14,
        "text": "听到鼓掌声我就放心了",
        "user_description": "韩国电影及各类国产电影ViP网剧＂免费看 ＂ 需要的私我 我是雷锋",
        "user_avatar": "https://tvax3.sinaimg.cn/crop.0.0.512.512.50/e8934f25ly8g3v8zts2otj20e80e874g.jpg?KID=imgbed,tva&Expires=1584956153&ssig=mIs18BycfZ",
        "id": "4008112430351112",
        "city": "1",
        "province": "53",
        "friends_count": 45,
        "user_location": "云南 昆明",
        "mid": "4008112430351112",
        "verified_reason": "",
        "attitudes_count": 0,
        "followers_count": 2371,
        "verified_type": -1,
        "statuses_count": 2134,
        "parent": "4008100761360727",
        "verified": false,
        "geo": null,
        "user_created_at": 1384226202,
        "favourites_count": 23,
        "screen_name": "影视兰神",
        "gender": "m",
        "user_geo_enabled": true,
        "username": "影视兰神",
        "comments_count": 0,
        "t": 1471091933,
        "video_status_count": 0,
        "urank": 31,
        "user_ability": 263168,
        "credit_score": 80
    },
    {
        "reposts_count": 0,
        "uid": 2611334624,
        "bi_followers_count": 20,
        "text": "[哈哈]没用502胶水",
        "user_description": "普京说：原不原谅恐怖分子是上帝的事，我的任务是送他们见上帝",
        "user_avatar": "https://tvax1.sinaimg.cn/crop.0.0.511.511.50/9ba5cde0ly8fm72qiid3ej20e70e8dgi.jpg?KID=imgbed,tva&Expires=1584956153&ssig=0Xs8r%2FmOmY",
        "id": "4008112199896049",
        "city": "3",
        "province": "44",
        "friends_count": 116,
        "user_location": "广东 深圳",
        "mid": "4008112199896049",
        "verified_reason": "",
        "attitudes_count": 0,
        "followers_count": 76,
        "verified_type": -1,
        "statuses_count": 1383,
        "parent": "4008100761360727",
        "verified": false,
        "geo": null,
        "user_created_at": 1323997486,
        "favourites_count": 22,
        "screen_name": "君浩F",
        "gender": "m",
        "user_geo_enabled": true,
        "username": "君浩F",
        "comments_count": 0,
        "t": 1471091878,
        "video_status_count": 0,
        "urank": 9,
        "user_ability": 2097152,
        "credit_score": 80
    },
    {
        "reposts_count": 0,
        "uid": 2257223317,
        "bi_followers_count": 0,
        "text": "感觉美利坚国歌在哪里听过啊，还挺好听",
        "user_description": "摄影 草缸 电影",
        "user_avatar": "https://tva3.sinaimg.cn/crop.1.0.638.638.50/868a7e95jw8f1g4mdrrppj20hs0hq3za.jpg?KID=imgbed,tva&Expires=1584956153&ssig=aw3abUV%2Bl0",
        "id": "4008111495115857",
        "city": "1000",
        "province": "100",
        "friends_count": 86,
        "user_location": "其他",
        "mid": "4008111495115857",
        "verified_reason": "",
        "attitudes_count": 0,
        "followers_count": 20,
        "verified_type": -1,
        "statuses_count": 613,
        "parent": "4008100761360727",
        "verified": false,
        "geo": null,
        "user_created_at": 1311069103,
        "favourites_count": 1,
        "screen_name": "山路没有弯zyu",
        "gender": "m",
        "user_geo_enabled": true,
        "username": "山路没有弯zyu",
        "comments_count": 0,
        "t": 1471091709,
        "video_status_count": 0,
        "urank": 9,
        "user_ability": 1048576,
        "credit_score": 80
    },
    {
        "reposts_count": 0,
        "uid": 5863556525,
        "bi_followers_count": 0,
        "text": "这么多人鼓掌",
        "user_description": "生活如此无奈，却又无可奈何",
        "user_avatar": "https://tva2.sinaimg.cn/crop.0.0.996.996.50/006oOSUljw8f151jf9xxnj30ro0rowgp.jpg?KID=imgbed,tva&Expires=1584956153&ssig=7SH%2B2A4xno",
        "id": "4008110483454399",
        "city": "8",
        "province": "35",
        "friends_count": 72,
        "user_location": "福建 龙岩",
        "mid": "4008110483454399",
        "verified_reason": "",
        "attitudes_count": 0,
        "followers_count": 13,
        "verified_type": -1,
        "statuses_count": 80,
        "parent": "4008100761360727",
        "verified": false,
        "geo": null,
        "user_created_at": 1455858515,
        "favourites_count": 3,
        "screen_name": "侠猫喵猫侠",
        "gender": "m",
        "user_geo_enabled": true,
        "username": "侠猫喵猫侠",
        "comments_count": 0,
        "t": 1471091469,
        "video_status_count": 0,
        "urank": 4,
        "user_ability": 2097152,
        "credit_score": 80
    },
    {
        "reposts_count": 0,
        "uid": 3208113261,
        "bi_followers_count": 40,
        "text": "回复@换一个wsm搜不到的名字:也是难为你了[害羞]那你这智商又真正看懂我说的话了吗[喵喵]",
        "user_description": "想得却不可得，你奈人生何",
        "user_avatar": "https://tvax3.sinaimg.cn/crop.0.0.512.512.50/bf37ec6dly8gcwqtzgmdjj20e80e8aah.jpg?KID=imgbed,tva&Expires=1584956153&ssig=1TpFDnWDSY",
        "id": "4008108835945988",
        "city": "1000",
        "province": "43",
        "friends_count": 700,
        "user_location": "湖南",
        "mid": "4008108835945988",
        "verified_reason": "",
        "attitudes_count": 0,
        "followers_count": 760,
        "verified_type": -1,
        "statuses_count": 2217,
        "parent": "4008100761360727",
        "verified": false,
        "geo": null,
        "user_created_at": 1356791635,
        "favourites_count": 67,
        "screen_name": "grylls__",
        "gender": "m",
        "user_geo_enabled": true,
        "username": "grylls__",
        "comments_count": 0,
        "t": 1471091075,
        "video_status_count": 0,
        "urank": 38,
        "user_ability": 3408896,
        "credit_score": 80
    },
    {
        "reposts_count": 0,
        "uid": 2143065632,
        "bi_followers_count": 4,
        "text": "哈哈，这里约也是没谁了，这种有损面子的事要是发生在天朝，那不知道有多少人要遭殃",
        "user_description": "知名点评家",
        "user_avatar": "https://tva3.sinaimg.cn/crop.0.8.640.640.50/7fbc9620jw8fazccczvfjj20hs0i9aaj.jpg?KID=imgbed,tva&Expires=1584956153&ssig=iVOg6JFHYN",
        "id": "4008108726748478",
        "city": "1000",
        "province": "33",
        "friends_count": 89,
        "user_location": "浙江",
        "mid": "4008108726748478",
        "verified_reason": "",
        "attitudes_count": 0,
        "followers_count": 80,
        "verified_type": -1,
        "statuses_count": 392,
        "parent": "4008100761360727",
        "verified": false,
        "geo": null,
        "user_created_at": 1304845245,
        "favourites_count": 13,
        "screen_name": "卡卡萝特o",
        "gender": "m",
        "user_geo_enabled": true,
        "username": "卡卡萝特o",
        "comments_count": 0,
        "t": 1471091049,
        "video_status_count": 0,
        "urank": 14,
        "user_ability": 263168,
        "credit_score": 80
    },
    {
        "reposts_count": 0,
        "uid": 2683733964,
        "bi_followers_count": 22,
        "text": "回复@13栋楼底的啊乔:感觉你这智商对文字理解能力有点差啊[doge]",
        "user_description": "",
        "user_avatar": "https://tva3.sinaimg.cn/crop.0.0.180.180.50/9ff687ccjw8f3m0ydm59bj2050050jr8.jpg?KID=imgbed,tva&Expires=1584956153&ssig=PKw2y66fO6",
        "id": "4008108454533399",
        "city": "5",
        "province": "44",
        "friends_count": 207,
        "user_location": "广东 汕头",
        "mid": "4008108454533399",
        "verified_reason": "",
        "attitudes_count": 0,
        "followers_count": 1064,
        "verified_type": -1,
        "statuses_count": 7,
        "parent": "4008100761360727",
        "verified": false,
        "geo": null,
        "user_created_at": 1327422507,
        "favourites_count": 36,
        "screen_name": "换一个wsm搜不到的名字",
        "gender": "f",
        "user_geo_enabled": true,
        "username": "换一个wsm搜不到的名字",
        "comments_count": 0,
        "t": 1471090984,
        "video_status_count": 0,
        "urank": 14,
        "user_ability": 1024,
        "credit_score": 80
    },
    {
        "reposts_count": 0,
        "uid": 5761048924,
        "bi_followers_count": 32,
        "text": "乱发！！",
        "user_description": "树深时见鹿",
        "user_avatar": "https://tva4.sinaimg.cn/crop.0.0.664.664.50/006hSLZWjw8f9dnqbhrnkj30ig0ig3zx.jpg?KID=imgbed,tva&Expires=1584956153&ssig=%2FCH%2FgpWZTb",
        "id": "4008106038196296",
        "city": "7",
        "province": "61",
        "friends_count": 67,
        "user_location": "陕西 汉中",
        "mid": "4008106038196296",
        "verified_reason": "",
        "attitudes_count": 0,
        "followers_count": 118,
        "verified_type": -1,
        "statuses_count": 60,
        "parent": "4008100761360727",
        "verified": false,
        "geo": null,
        "user_created_at": 1447569326,
        "favourites_count": 121,
        "screen_name": "除了我都是猪0O0",
        "gender": "m",
        "user_geo_enabled": true,
        "username": "除了我都是猪0O0",
        "comments_count": 0,
        "t": 1471090409,
        "video_status_count": 0,
        "urank": 14,
        "user_ability": 0,
        "credit_score": 80
    },
    {
        "reposts_count": 0,
        "uid": 2882357410,
        "bi_followers_count": 1,
        "text": "仿佛听到美国国旗在说 我不配",
        "user_description": "",
        "user_avatar": "https://tvax1.sinaimg.cn/default/images/default_avatar_male_50.gif?KID=imgbed,tva&Expires=1584956153&ssig=6epIKEcLWv",
        "id": "4008104850927369",
        "city": "3",
        "province": "44",
        "friends_count": 62,
        "user_location": "广东 深圳",
        "mid": "4008104850927369",
        "verified_reason": "",
        "attitudes_count": 0,
        "followers_count": 9,
        "verified_type": -1,
        "statuses_count": 53,
        "parent": "4008100761360727",
        "verified": false,
        "geo": null,
        "user_created_at": 1343448417,
        "favourites_count": 153,
        "screen_name": "老衲今晚空一回",
        "gender": "m",
        "user_geo_enabled": true,
        "username": "老衲今晚空一回",
        "comments_count": 0,
        "t": 1471090126,
        "video_status_count": 0,
        "urank": 14,
        "user_ability": 0,
        "credit_score": 80
    },
    {
        "reposts_count": 0,
        "uid": 1743043565,
        "bi_followers_count": 25,
        "text": "美帝药丸💊[嘻嘻]",
        "user_description": "人生如逆旅，我亦是行人。",
        "user_avatar": "https://tva2.sinaimg.cn/crop.0.0.512.512.50/67e4bbedjw8fa7purl11tj20e80e8q32.jpg?KID=imgbed,tva&Expires=1584956153&ssig=OigSAND6OJ",
        "id": "4008104427124335",
        "city": "1000",
        "province": "50",
        "friends_count": 1272,
        "user_location": "重庆",
        "mid": "4008104427124335",
        "verified_reason": "",
        "attitudes_count": 0,
        "followers_count": 255,
        "verified_type": -1,
        "statuses_count": 799,
        "parent": "4008100761360727",
        "verified": false,
        "geo": null,
        "user_created_at": 1274094884,
        "favourites_count": 296,
        "screen_name": "罗懿Roy",
        "gender": "m",
        "user_geo_enabled": true,
        "username": "罗懿Roy",
        "comments_count": 0,
        "t": 1471090025,
        "video_status_count": 0,
        "urank": 31,
        "user_ability": 2359296,
        "credit_score": 80
    },
    {
        "reposts_count": 0,
        "uid": 3208113261,
        "bi_followers_count": 40,
        "text": "博主自己都没看这个视屏就发出来了吧？这是伦敦奥运会好吗？长点心",
        "user_description": "想得却不可得，你奈人生何",
        "user_avatar": "https://tvax3.sinaimg.cn/crop.0.0.512.512.50/bf37ec6dly8gcwqtzgmdjj20e80e8aah.jpg?KID=imgbed,tva&Expires=1584956153&ssig=1TpFDnWDSY",
        "id": "4008104297924002",
        "city": "1000",
        "province": "43",
        "friends_count": 700,
        "user_location": "湖南",
        "mid": "4008104297924002",
        "verified_reason": "",
        "attitudes_count": 0,
        "followers_count": 760,
        "verified_type": -1,
        "statuses_count": 2217,
        "parent": "4008100761360727",
        "verified": false,
        "geo": null,
        "user_created_at": 1356791635,
        "favourites_count": 67,
        "screen_name": "grylls__",
        "gender": "m",
        "user_geo_enabled": true,
        "username": "grylls__",
        "comments_count": 0,
        "t": 1471089994,
        "video_status_count": 0,
        "urank": 38,
        "user_ability": 3408896,
        "credit_score": 80
    },
    {
        "reposts_count": 0,
        "uid": 5681482843,
        "bi_followers_count": 235,
        "text": "回复@_roughly_:是伦敦",
        "user_description": "",
        "user_avatar": "https://tva1.sinaimg.cn/crop.0.2.177.177.50/006cuVe3gw1ev8znlqv3mj3050050q30.jpg?KID=imgbed,tva&Expires=1584956153&ssig=Dgfb%2Fg7nn9",
        "id": "4008103836128059",
        "city": "5",
        "province": "11",
        "friends_count": 571,
        "user_location": "北京 朝阳区",
        "mid": "4008103836128059",
        "verified_reason": "北京青年力文化传媒有限公司",
        "attitudes_count": 0,
        "followers_count": 29988,
        "verified_type": 2,
        "statuses_count": 11503,
        "parent": "4008100761360727",
        "verified": true,
        "geo": null,
        "user_created_at": 1440045085,
        "favourites_count": 5327,
        "screen_name": "青年力网",
        "gender": "m",
        "user_geo_enabled": true,
        "username": "青年力网",
        "comments_count": 0,
        "t": 1471089884,
        "video_status_count": 0,
        "urank": 31,
        "user_ability": 1544,
        "credit_score": 80
    },
    {
        "reposts_count": 0,
        "uid": 2345471141,
        "bi_followers_count": 19,
        "text": "回复@小景儿老帅了:这是伦敦奥运时的",
        "user_description": "微博认证:淘宝店铺「只为_美好生活」",
        "user_avatar": "https://tvax1.sinaimg.cn/crop.0.0.1008.1008.50/8bcd0ca5ly8g0mgqm9rnbj20s00s0aaz.jpg?KID=imgbed,tva&Expires=1584956153&ssig=rVmFCvH67U",
        "id": "4008103798009861",
        "city": "3",
        "province": "44",
        "friends_count": 355,
        "user_location": "广东 深圳",
        "mid": "4008103798009861",
        "verified_reason": "",
        "attitudes_count": 0,
        "followers_count": 219,
        "verified_type": -1,
        "statuses_count": 700,
        "parent": "4008100761360727",
        "verified": false,
        "geo": null,
        "user_created_at": 1316163497,
        "favourites_count": 215,
        "screen_name": "只为_美好生活",
        "gender": "m",
        "user_geo_enabled": false,
        "username": "只为_美好生活",
        "comments_count": 0,
        "t": 1471089875,
        "video_status_count": 0,
        "urank": 14,
        "user_ability": 2359296,
        "credit_score": 80
    },
    {
        "reposts_count": 0,
        "uid": 2171910161,
        "bi_followers_count": 63,
        "text": "33秒的下面的那个标志是伦敦奥运会吧[汗]",
        "user_description": "一个张牙舞爪，弘弘烈烈，扬名万里的家伙。",
        "user_avatar": "https://tvax1.sinaimg.cn/crop.39.355.704.704.50/8174b811ly8fekwda55snj20ky0zkn11.jpg?KID=imgbed,tva&Expires=1584956153&ssig=CQRyCTVw6y",
        "id": "4008103382883837",
        "city": "1",
        "province": "41",
        "friends_count": 475,
        "user_location": "河南 郑州",
        "mid": "4008103382883837",
        "verified_reason": "",
        "attitudes_count": 0,
        "followers_count": 191,
        "verified_type": -1,
        "statuses_count": 463,
        "parent": "4008100761360727",
        "verified": false,
        "geo": null,
        "user_created_at": 1307719701,
        "favourites_count": 492,
        "screen_name": "这货不是扬仔",
        "gender": "m",
        "user_geo_enabled": true,
        "username": "这货不是扬仔",
        "comments_count": 0,
        "t": 1471089776,
        "video_status_count": 0,
        "urank": 31,
        "user_ability": 35651584,
        "credit_score": 80
    },
    {
        "reposts_count": 0,
        "uid": 5272148391,
        "bi_followers_count": 63,
        "text": "[哈哈][哈哈][哈哈]",
        "user_description": "此生无悔入华夏 来世愿在种花家",
        "user_avatar": "https://tvax4.sinaimg.cn/crop.0.0.750.750.50/005KNoDtly8fhjp9e9pgaj30ku0kut9f.jpg?KID=imgbed,tva&Expires=1584956153&ssig=5CtjA7juAd",
        "id": "4008103248416975",
        "city": "1000",
        "province": "100",
        "friends_count": 446,
        "user_location": "其他",
        "mid": "4008103248416975",
        "verified_reason": "",
        "attitudes_count": 0,
        "followers_count": 600,
        "verified_type": -1,
        "statuses_count": 1744,
        "parent": "4008100761360727",
        "verified": false,
        "geo": null,
        "user_created_at": 1409340339,
        "favourites_count": 101,
        "screen_name": "掘地三尺挖公知z",
        "gender": "m",
        "user_geo_enabled": true,
        "username": "掘地三尺挖公知z",
        "comments_count": 0,
        "t": 1471089744,
        "video_status_count": 0,
        "urank": 32,
        "user_ability": 2097152,
        "credit_score": 80
    },
    {
        "reposts_count": 0,
        "uid": 5993282405,
        "bi_followers_count": 1,
        "text": "第三次世界大战导火索…",
        "user_description": "",
        "user_avatar": "https://tvax3.sinaimg.cn/crop.17.0.1208.1208.50/006xBcxfly8fdflasur8zj30yi0xkt9z.jpg?KID=imgbed,tva&Expires=1584956153&ssig=4GqfrgvGUr",
        "id": "4008102594638196",
        "city": "1000",
        "province": "31",
        "friends_count": 111,
        "user_location": "上海",
        "mid": "4008102594638196",
        "verified_reason": "",
        "attitudes_count": 0,
        "followers_count": 39,
        "verified_type": -1,
        "statuses_count": 2,
        "parent": "4008100761360727",
        "verified": false,
        "geo": null,
        "user_created_at": 1469415228,
        "favourites_count": 0,
        "screen_name": "sketch的椅子",
        "gender": "m",
        "user_geo_enabled": true,
        "username": "sketch的椅子",
        "comments_count": 0,
        "t": 1471089587,
        "video_status_count": 0,
        "urank": 9,
        "user_ability": 0,
        "credit_score": 80
    },
    {
        "reposts_count": 0,
        "uid": 5395744361,
        "bi_followers_count": 5,
        "text": "里约[思考]：我并不是针对谁",
        "user_description": "一位不愿意透露属性的转发机器",
        "user_avatar": "https://tvax3.sinaimg.cn/crop.0.0.512.512.50/005T9ZARly8g7tjuxhgarj30e80e874o.jpg?KID=imgbed,tva&Expires=1584956153&ssig=1g21PCp0fm",
        "id": "4008102107475161",
        "city": "1000",
        "province": "45",
        "friends_count": 292,
        "user_location": "广西",
        "mid": "4008102107475161",
        "verified_reason": "",
        "attitudes_count": 0,
        "followers_count": 237,
        "verified_type": -1,
        "statuses_count": 33,
        "parent": "4008100761360727",
        "verified": false,
        "geo": null,
        "user_created_at": 1417422919,
        "favourites_count": 584,
        "screen_name": "随便个名字好了_",
        "gender": "f",
        "user_geo_enabled": true,
        "username": "随便个名字好了_",
        "comments_count": 0,
        "t": 1471089472,
        "video_status_count": 0,
        "urank": 45,
        "user_ability": 2098176,
        "credit_score": 80
    },
    {
        "reposts_count": 0,
        "uid": 2275835673,
        "bi_followers_count": 209,
        "text": "说明未来主人翁并不是美国，是中国",
        "user_description": "既想自由又爱归属",
        "user_avatar": "https://tvax4.sinaimg.cn/crop.0.0.1080.1080.50/87a67f19ly8g21jha7o70j20u00u0tac.jpg?KID=imgbed,tva&Expires=1584956153&ssig=GwFeCO9dPZ",
        "id": "4008102083381901",
        "city": "1000",
        "province": "50",
        "friends_count": 906,
        "user_location": "重庆",
        "mid": "4008102083381901",
        "verified_reason": "",
        "attitudes_count": 0,
        "followers_count": 3705,
        "verified_type": -1,
        "statuses_count": 104,
        "parent": "4008100761360727",
        "verified": false,
        "geo": null,
        "user_created_at": 1311953162,
        "favourites_count": 2021,
        "screen_name": "Kellycisa",
        "gender": "f",
        "user_geo_enabled": true,
        "username": "Kellycisa",
        "comments_count": 0,
        "t": 1471089465,
        "video_status_count": 0,
        "urank": 39,
        "user_ability": 2097156,
        "credit_score": 80
    },
    {
        "reposts_count": 0,
        "uid": 5554994121,
        "bi_followers_count": 68,
        "text": "让你牛逼！遭报应了吧！",
        "user_description": "你是繁琐冗长生命里的甜点，也是深夜黄昏里的一曲慰藉",
        "user_avatar": "https://tvax4.sinaimg.cn/crop.0.0.1002.1002.50/0063WbJnly8gaf2kqxo3fj30ru0ru40y.jpg?KID=imgbed,tva&Expires=1584956153&ssig=tFungH4tdZ",
        "id": "4008102066057772",
        "city": "7",
        "province": "62",
        "friends_count": 299,
        "user_location": "甘肃 张掖",
        "mid": "4008102066057772",
        "verified_reason": "",
        "attitudes_count": 0,
        "followers_count": 1316,
        "verified_type": -1,
        "statuses_count": 122,
        "parent": "4008100761360727",
        "verified": false,
        "geo": null,
        "user_created_at": 1429463020,
        "favourites_count": 1,
        "screen_name": "愉笙的爸爸",
        "gender": "m",
        "user_geo_enabled": true,
        "username": "愉笙的爸爸",
        "comments_count": 0,
        "t": 1471089461,
        "video_status_count": 0,
        "urank": 25,
        "user_ability": 262144,
        "credit_score": 80
    },
    {
        "reposts_count": 0,
        "uid": 2275060623,
        "bi_followers_count": 25,
        "text": "里约。。。",
        "user_description": "🏆湖人总冠军 🍀人生将至三分之一",
        "user_avatar": "https://tvax3.sinaimg.cn/crop.0.0.750.750.50/879aab8fly8fdmhckw3c5j20ku0kut8z.jpg?KID=imgbed,tva&Expires=1584956153&ssig=R2jYoHASQi",
        "id": "4008101718300260",
        "city": "1000",
        "province": "100",
        "friends_count": 364,
        "user_location": "其他",
        "mid": "4008101718300260",
        "verified_reason": "",
        "attitudes_count": 0,
        "followers_count": 154,
        "verified_type": -1,
        "statuses_count": 289,
        "parent": "4008100761360727",
        "verified": false,
        "geo": null,
        "user_created_at": 1315914282,
        "favourites_count": 520,
        "screen_name": "_9g_",
        "gender": "m",
        "user_geo_enabled": true,
        "username": "_9g_",
        "comments_count": 0,
        "t": 1471089378,
        "video_status_count": 0,
        "urank": 33,
        "user_ability": 2097152,
        "credit_score": 80
    },
    {
        "reposts_count": 0,
        "uid": 2189411785,
        "bi_followers_count": 3,
        "text": "[笑cry][笑cry][笑cry][哈哈][哈哈][哈哈]",
        "user_description": "一眼万年",
        "user_avatar": "https://tvax4.sinaimg.cn/crop.0.0.1080.1080.50/827fc5c9ly8gaf6t55r0fj20u00u047y.jpg?KID=imgbed,tva&Expires=1584956153&ssig=EY08Mf4W7O",
        "id": "4008101374145382",
        "city": "4",
        "province": "44",
        "friends_count": 189,
        "user_location": "广东 珠海",
        "mid": "4008101374145382",
        "verified_reason": "",
        "attitudes_count": 0,
        "followers_count": 194,
        "verified_type": -1,
        "statuses_count": 3600,
        "parent": "4008100761360727",
        "verified": false,
        "geo": null,
        "user_created_at": 1308630471,
        "favourites_count": 2787,
        "screen_name": "I-am-Olivia",
        "gender": "f",
        "user_geo_enabled": true,
        "username": "I-am-Olivia",
        "comments_count": 0,
        "t": 1471089297,
        "video_status_count": 0,
        "urank": 14,
        "user_ability": 2359296,
        "credit_score": 80
    },
    {
        "reposts_count": 0,
        "uid": 5700591629,
        "bi_followers_count": 26,
        "text": "论大胆我只服里约",
        "user_description": "嘻嘻嘻",
        "user_avatar": "https://tvax4.sinaimg.cn/crop.0.1.750.750.50/006dN6ihly8flwfyu8lnoj30ku0kw0tl.jpg?KID=imgbed,tva&Expires=1584956153&ssig=%2Btwu%2BSLQ6z",
        "id": "4008101315353533",
        "city": "1000",
        "province": "51",
        "friends_count": 647,
        "user_location": "四川",
        "mid": "4008101315353533",
        "verified_reason": "",
        "attitudes_count": 0,
        "followers_count": 182,
        "verified_type": -1,
        "statuses_count": 262,
        "parent": "4008100761360727",
        "verified": false,
        "geo": null,
        "user_created_at": 1442032127,
        "favourites_count": 82,
        "screen_name": "小瞿滔",
        "gender": "f",
        "user_geo_enabled": true,
        "username": "小瞿滔",
        "comments_count": 0,
        "t": 1471089282,
        "video_status_count": 0,
        "urank": 9,
        "user_ability": 2097152,
        "credit_score": 80
    },
    {
        "reposts_count": 0,
        "uid": 5263204641,
        "bi_followers_count": 24,
        "text": "大旗都倒了还怎么跟我们比啊[挖鼻]",
        "user_description": "",
        "user_avatar": "https://tvax3.sinaimg.cn/crop.0.0.512.512.50/005KbRXrly8fzhg35ol1dj30e80e80tu.jpg?KID=imgbed,tva&Expires=1584956153&ssig=cg%2BSBsiMMw",
        "id": "4008101197154567",
        "city": "1",
        "province": "400",
        "friends_count": 81,
        "user_location": "海外 美国",
        "mid": "4008101197154567",
        "verified_reason": "",
        "attitudes_count": 0,
        "followers_count": 104,
        "verified_type": -1,
        "statuses_count": 38,
        "parent": "4008100761360727",
        "verified": false,
        "geo": null,
        "user_created_at": 1408588748,
        "favourites_count": 546,
        "screen_name": "000007派大星",
        "gender": "m",
        "user_geo_enabled": true,
        "username": "000007派大星",
        "comments_count": 0,
        "t": 1471089255,
        "video_status_count": 0,
        "urank": 14,
        "user_ability": 2360320,
        "credit_score": 80
    },
    {
        "reposts_count": 0,
        "uid": 3881604711,
        "bi_followers_count": 98,
        "text": "是全场欢呼和鼓掌吧",
        "user_description": "网络作家，知名网络编辑，独立撰稿人。著有《茅山鬼禄之和氏迷案》等。不^_^^_^",
        "user_avatar": "https://tvax1.sinaimg.cn/crop.0.0.996.996.50/e75c9667ly8gcqch9u5raj20ro0roq3v.jpg?KID=imgbed,tva&Expires=1584956153&ssig=uHQZGO3PAw",
        "id": "4008101177350469",
        "city": "1000",
        "province": "100",
        "friends_count": 290,
        "user_location": "其他",
        "mid": "4008101177350469",
        "verified_reason": "腾讯文学签约作家",
        "attitudes_count": 0,
        "followers_count": 42750,
        "verified_type": 0,
        "statuses_count": 4791,
        "parent": "4008100761360727",
        "verified": true,
        "geo": null,
        "user_created_at": 1383180757,
        "favourites_count": 12,
        "screen_name": "傲天苍星",
        "gender": "m",
        "user_geo_enabled": true,
        "username": "傲天苍星",
        "comments_count": 0,
        "t": 1471089249,
        "video_status_count": 0,
        "urank": 43,
        "user_ability": 10751500,
        "credit_score": 80
    }
]