[
    {
        "reposts_count": 14,
        "uid": 2011677365,
        "bi_followers_count": 2243,
        "text": "里约奥运会，美国国旗掉落，这也太尴尬了。😂@青岛交通广播FM897 @青岛同城会 http://t.cn/Rtl8dXf . ​",
        "user_description": "1、免费办理银联POS机（全国总代理），2、专业办理青岛地区建行、工行、兴业、邮政储蓄POS机，3、招收全国各省市县POS机代理和兼职人员，联系请私信。",
        "user_avatar": "https://tva3.sinaimg.cn/crop.0.38.308.308.50/77e7c2b5tw1earwemtz5ej208m0by0te.jpg?KID=imgbed,tva&Expires=1584956153&ssig=WZvGQGi0t4",
        "id": "4008016657305264",
        "city": "1000",
        "province": "37",
        "friends_count": 3034,
        "user_location": "山东",
        "mid": "4008016657305264",
        "verified_reason": "青岛金盒子信息技术有限公司总经理",
        "attitudes_count": 25,
        "followers_count": 74896,
        "verified_type": 0,
        "statuses_count": 17004,
        "parent": null,
        "verified": true,
        "geo": null,
        "user_created_at": 1299492188,
        "favourites_count": 11,
        "screen_name": "青岛鹏少",
        "gender": "m",
        "user_geo_enabled": true,
        "username": "青岛鹏少",
        "comments_count": 6,
        "t": 1471069099,
        "video_status_count": 0,
        "urank": 45,
        "user_ability": 262664,
        "credit_score": 80
    },
    {
        "reposts_count": 0,
        "uid": 1412977667,
        "bi_followers_count": 54,
        "text": "这是伦敦奥运会，都理智点好吗？这是草地",
        "user_description": "宝马授权经销商售后",
        "user_avatar": "https://tvax1.sinaimg.cn/crop.0.0.1080.1080.50/54385403ly8fftyvqj7a2j20u00u040d.jpg?KID=imgbed,tva&Expires=1584956153&ssig=%2F4gxl68TRE",
        "id": "4008158336239928",
        "city": "5",
        "province": "12",
        "friends_count": 485,
        "user_location": "天津 河北区",
        "mid": "4008158336239928",
        "verified_reason": "",
        "attitudes_count": 0,
        "followers_count": 249,
        "verified_type": -1,
        "statuses_count": 2467,
        "parent": "4008016657305264",
        "verified": false,
        "geo": null,
        "user_created_at": 1258361068,
        "favourites_count": 69,
        "screen_name": "点燃理想",
        "gender": "m",
        "user_geo_enabled": true,
        "username": "点燃理想",
        "comments_count": 0,
        "t": 1471102878,
        "video_status_count": 0,
        "urank": 29,
        "user_ability": 33554432,
        "credit_score": 80
    },
    {
        "reposts_count": 0,
        "uid": 3199270367,
        "bi_followers_count": 37,
        "text": "这是里约奥运会吗？",
        "user_description": "活着 不多不少 幸福刚好够用",
        "user_avatar": "https://tvax4.sinaimg.cn/crop.0.0.750.750.50/beb0fddfly8fdazf7i7bzj20ku0kut9a.jpg?KID=imgbed,tva&Expires=1584956153&ssig=pgiZMaNXd9",
        "id": "4008139117879823",
        "city": "5",
        "province": "14",
        "friends_count": 309,
        "user_location": "山西 晋城",
        "mid": "4008139117879823",
        "verified_reason": "",
        "attitudes_count": 0,
        "followers_count": 56,
        "verified_type": -1,
        "statuses_count": 222,
        "parent": "4008016657305264",
        "verified": false,
        "geo": null,
        "user_created_at": 1394550083,
        "favourites_count": 1080,
        "screen_name": "王仙芝是老妖怪",
        "gender": "m",
        "user_geo_enabled": true,
        "username": "王仙芝是老妖怪",
        "comments_count": 0,
        "t": 1471098296,
        "video_status_count": 0,
        "urank": 14,
        "user_ability": 2098176,
        "credit_score": 80
    },
    {
        "reposts_count": 0,
        "uid": 2756414961,
        "bi_followers_count": 47,
        "text": "好尴尬啊怎么办[赞][赞]",
        "user_description": "",
        "user_avatar": "https://tva4.sinaimg.cn/crop.0.0.180.180.50/a44b8df1jw1e8qgp5bmzyj2050050aa8.jpg?KID=imgbed,tva&Expires=1584956153&ssig=CV%2BjEYC%2FSS",
        "id": "4008054494090053",
        "city": "3",
        "province": "44",
        "friends_count": 638,
        "user_location": "广东 深圳",
        "mid": "4008054494090053",
        "verified_reason": "",
        "attitudes_count": 0,
        "followers_count": 191,
        "verified_type": -1,
        "statuses_count": 361,
        "parent": "4008016657305264",
        "verified": false,
        "geo": null,
        "user_created_at": 1347434007,
        "favourites_count": 7,
        "screen_name": "木笔小二",
        "gender": "f",
        "user_geo_enabled": true,
        "username": "木笔小二",
        "comments_count": 0,
        "t": 1471078119,
        "video_status_count": 0,
        "urank": 23,
        "user_ability": 2097152,
        "credit_score": 80
    },
    {
        "reposts_count": 0,
        "uid": 2018183625,
        "bi_followers_count": 36,
        "text": "@五岳散人 @青岛鹏少 @胶州全媒体 @央视新闻 @青岛交通广播FM897 @发现泰安 @柳华芳 有点意思",
        "user_description": "随波未逐流，努力为进取；",
        "user_avatar": "https://tva3.sinaimg.cn/crop.0.0.996.996.50/784b09c9jw8fcwwhy4s46j20ro0romzk.jpg?KID=imgbed,tva&Expires=1584956153&ssig=5N9oh62uBu",
        "id": "4008021312886616",
        "city": "2",
        "province": "37",
        "friends_count": 355,
        "user_location": "山东 青岛",
        "mid": "4008021312886616",
        "verified_reason": "",
        "attitudes_count": 0,
        "followers_count": 1286,
        "verified_type": -1,
        "statuses_count": 2360,
        "parent": "4008016657305264",
        "verified": false,
        "geo": null,
        "user_created_at": 1299748782,
        "favourites_count": 13,
        "screen_name": "泰安记",
        "gender": "m",
        "user_geo_enabled": true,
        "username": "泰安记",
        "comments_count": 0,
        "t": 1471070209,
        "video_status_count": 0,
        "urank": 32,
        "user_ability": 2098176,
        "credit_score": 80
    },
    {
        "reposts_count": 0,
        "uid": 1881772513,
        "bi_followers_count": 1763,
        "text": "@公安部打四黑除四害 @中国新闻网 @共青团中央 @中国青年网 @光明日报 @人民日报 请问大家看到了这个，有什么感觉呢？",
        "user_description": "江苏省残联省代表 连云港市残联聋协副主席 红五角行动委员会秘书长 知名爱心公益人 中国好人 老革命后代",
        "user_avatar": "https://tvax2.sinaimg.cn/crop.83.6.169.169.50/702991e1ly8ftqfcgeyvoj207s054go3.jpg?KID=imgbed,tva&Expires=1584956153&ssig=0bOOJZCJnD",
        "id": "4008017701437903",
        "city": "1000",
        "province": "32",
        "friends_count": 2536,
        "user_location": "江苏",
        "mid": "4008017701437903",
        "verified_reason": "保定军校基金会 红五角行动委员会秘书长 公益博主",
        "attitudes_count": 0,
        "followers_count": 23715,
        "verified_type": 0,
        "statuses_count": 32483,
        "parent": "4008016657305264",
        "verified": true,
        "geo": null,
        "user_created_at": 1307320584,
        "favourites_count": 17,
        "screen_name": "平凡人刘爱东",
        "gender": "m",
        "user_geo_enabled": true,
        "username": "平凡人刘爱东",
        "comments_count": 0,
        "t": 1471069347,
        "video_status_count": 0,
        "urank": 48,
        "user_ability": 8653324,
        "credit_score": 80
    }
]