[
    {
        "reposts_count": 107,
        "uid": 3884247481,
        "bi_followers_count": 591,
        "text": "#《庆阳热媒体》#据网友:山东聊城的在车上掉下来一个麻袋，让人看到了，打开是一个小男孩，有认识的吗？   转发一下。希望他的父母能早日找到他 。http://t.cn/R2WJZZ1 http://t.cn/Rt8fjjc . ​",
        "user_description": "甘肃省庆阳市《庆阳自媒体》官方微博、欢迎投稿合作。",
        "user_avatar": "https://tvax1.sinaimg.cn/crop.0.0.664.664.50/e784e9b9ly8g29ght110kj20ig0igwfg.jpg?KID=imgbed,tva&Expires=1584956139&ssig=imKBAf15od",
        "id": "4009518771798790",
        "city": "1000",
        "province": "62",
        "friends_count": 596,
        "user_location": "甘肃",
        "mid": "4009518771798790",
        "verified_reason": "资讯视频自媒体",
        "attitudes_count": 19,
        "followers_count": 119576,
        "verified_type": 0,
        "statuses_count": 75890,
        "parent": null,
        "verified": true,
        "geo": null,
        "user_created_at": 1383381934,
        "favourites_count": 3,
        "screen_name": "庆阳自媒体",
        "gender": "m",
        "user_geo_enabled": true,
        "username": "庆阳自媒体",
        "comments_count": 13,
        "t": 1471427231,
        "video_status_count": 0,
        "urank": 42,
        "user_ability": 10749960,
        "credit_score": 78
    },
    {
        "reposts_count": 0,
        "uid": 2241804923,
        "bi_followers_count": 3,
        "text": "回复@无心鱼51:假消息",
        "user_description": "你这么美，说什么都对。",
        "user_avatar": "https://tva1.sinaimg.cn/crop.265.0.575.575.50/859f3a7bjw8ezaih7oh21j20np0hst95.jpg?KID=imgbed,tva&Expires=1584956139&ssig=3%2FA3NA8ZEY",
        "id": "4010152375470044",
        "city": "1",
        "province": "37",
        "friends_count": 269,
        "user_location": "山东 济南",
        "mid": "4010152375470044",
        "verified_reason": "",
        "attitudes_count": 0,
        "followers_count": 56,
        "verified_type": -1,
        "statuses_count": 286,
        "parent": "4009518771798790",
        "verified": false,
        "geo": null,
        "user_created_at": 1310443292,
        "favourites_count": 209,
        "screen_name": "思想品德不及格总比没思想好",
        "gender": "m",
        "user_geo_enabled": true,
        "username": "思想品德不及格总比没思想好",
        "comments_count": 0,
        "t": 1471578295,
        "video_status_count": 0,
        "urank": 31,
        "user_ability": 33555456,
        "credit_score": 80
    },
    {
        "reposts_count": 0,
        "uid": 3094452711,
        "bi_followers_count": 374,
        "text": "您好，我们是泉州网警。您发布的该微博信息存在不实之处。打拐办主任陈士渠已辟谣【网传山东聊城“麻袋里掉小孩”系谣言】http://weibo.com/1890443153/E47OJneh4 为避免不实信息的扩散，请你将微博自行删除。",
        "user_description": "泉州市公安局网警网上巡查执法帐号，维护网上治安秩序，共建文明、和谐、清朗的网络空间。",
        "user_avatar": "https://tva1.sinaimg.cn/crop.0.0.1242.1242.50/b87199e7jw8esmb1gwtkrj20yi0yi0w3.jpg?KID=imgbed,tva&Expires=1584956139&ssig=y3dKp87FBF",
        "id": "4010112547006914",
        "city": "1000",
        "province": "35",
        "friends_count": 423,
        "user_location": "福建",
        "mid": "4010112547006914",
        "verified_reason": "泉州市公安局网络安全保卫支队官方微博",
        "attitudes_count": 0,
        "followers_count": 418034,
        "verified_type": 1,
        "statuses_count": 9167,
        "parent": "4009518771798790",
        "verified": true,
        "geo": null,
        "user_created_at": 1352361142,
        "favourites_count": 6,
        "screen_name": "泉州网警巡查执法",
        "gender": "m",
        "user_geo_enabled": true,
        "username": "泉州网警巡查执法",
        "comments_count": 0,
        "t": 1471568798,
        "video_status_count": 0,
        "urank": 46,
        "user_ability": 8651272,
        "credit_score": 80
    },
    {
        "reposts_count": 0,
        "uid": 1574813737,
        "bi_followers_count": 30,
        "text": "假的，这是河北的一个地方，奶奶带孩子理发，走丢了，但很快找到了",
        "user_description": "",
        "user_avatar": "https://tva1.sinaimg.cn/crop.0.0.180.180.50/5dddc029jw1e8qgp5bmzyj2050050aa8.jpg?KID=imgbed,tva&Expires=1584956139&ssig=F2n6nydVq1",
        "id": "4009817821264887",
        "city": "1",
        "province": "11",
        "friends_count": 357,
        "user_location": "北京 东城区",
        "mid": "4009817821264887",
        "verified_reason": "",
        "attitudes_count": 0,
        "followers_count": 104,
        "verified_type": -1,
        "statuses_count": 127,
        "parent": "4009518771798790",
        "verified": false,
        "geo": null,
        "user_created_at": 1284776017,
        "favourites_count": 1,
        "screen_name": "我要换个谁也不知道的名字",
        "gender": "m",
        "user_geo_enabled": false,
        "username": "我要换个谁也不知道的名字",
        "comments_count": 0,
        "t": 1471498530,
        "video_status_count": 0,
        "urank": 14,
        "user_ability": 0,
        "credit_score": 80
    },
    {
        "reposts_count": 0,
        "uid": 2543433297,
        "bi_followers_count": 0,
        "text": "图片评论 http://t.cn/RtR8ldK",
        "user_description": "嘟嘟嘟嘟嘟杜杜杜换账号啦～",
        "user_avatar": "https://tvax4.sinaimg.cn/crop.0.0.749.749.50/9799b651ly8flamzkudkfj20ku0ktjrh.jpg?KID=imgbed,tva&Expires=1584956139&ssig=E2c8EnJjJd",
        "id": "4009807477760945",
        "city": "1000",
        "province": "100",
        "friends_count": 87,
        "user_location": "其他",
        "mid": "4009807477760945",
        "verified_reason": "",
        "attitudes_count": 0,
        "followers_count": 78,
        "verified_type": -1,
        "statuses_count": 1,
        "parent": "4009518771798790",
        "verified": false,
        "geo": null,
        "user_created_at": 1324384824,
        "favourites_count": 1,
        "screen_name": "嘟嘟嘟嘟不用这个了",
        "gender": "f",
        "user_geo_enabled": true,
        "username": "嘟嘟嘟嘟不用这个了",
        "comments_count": 0,
        "t": 1471496065,
        "video_status_count": 0,
        "urank": 22,
        "user_ability": 1024,
        "credit_score": 80
    },
    {
        "reposts_count": 0,
        "uid": 5634412056,
        "bi_followers_count": 36,
        "text": "希望能接力帮转！",
        "user_description": "你~我~他=世界。愿人间有真爱！",
        "user_avatar": "https://tva3.sinaimg.cn/crop.0.0.664.664.50/0069jpXOjw8f3gmxav9d6j30ig0igdhi.jpg?KID=imgbed,tva&Expires=1584956139&ssig=O9nbyS1xkg",
        "id": "4009637433181462",
        "city": "1000",
        "province": "81",
        "friends_count": 233,
        "user_location": "香港",
        "mid": "4009637433181462",
        "verified_reason": "",
        "attitudes_count": 0,
        "followers_count": 351,
        "verified_type": -1,
        "statuses_count": 759,
        "parent": "4009518771798790",
        "verified": false,
        "geo": null,
        "user_created_at": 1434665751,
        "favourites_count": 5,
        "screen_name": "用心行走人生",
        "gender": "m",
        "user_geo_enabled": true,
        "username": "用心行走人生",
        "comments_count": 0,
        "t": 1471455522,
        "video_status_count": 0,
        "urank": 28,
        "user_ability": 2097152,
        "credit_score": 80
    },
    {
        "reposts_count": 0,
        "uid": 2186149782,
        "bi_followers_count": 1579,
        "text": "//@第200师战地记者: 转发微博",
        "user_description": "不唯权、不唯钱、坚持真理！做过医生 老师 商人...最珍贵的身份是上帝的儿女...",
        "user_avatar": "https://tvax4.sinaimg.cn/crop.0.0.1080.1080.50/824dff96ly8gbibn57bnoj20u00u0q4z.jpg?KID=imgbed,tva&Expires=1584956139&ssig=Yr9zBbZN1Q",
        "id": "4009613218871991",
        "city": "9",
        "province": "42",
        "friends_count": 1720,
        "user_location": "湖北 孝感",
        "mid": "4009613218871991",
        "verified_reason": "讲师",
        "attitudes_count": 0,
        "followers_count": 366582,
        "verified_type": 0,
        "statuses_count": 7817,
        "parent": "4009518771798790",
        "verified": true,
        "geo": null,
        "user_created_at": 1308662452,
        "favourites_count": 21,
        "screen_name": "乔素霞",
        "gender": "f",
        "user_geo_enabled": true,
        "username": "乔素霞",
        "comments_count": 0,
        "t": 1471449748,
        "video_status_count": 0,
        "urank": 48,
        "user_ability": 10748424,
        "credit_score": 80
    },
    {
        "reposts_count": 0,
        "uid": 3341296282,
        "bi_followers_count": 3,
        "text": "很着急，我一直在各大网站找关于这个孩子的消息，宝贝回家网说警方已经部署叫不要乱转发，但是至今无果，有没有后续消息？希望有关部门尽快查证，不要惊吓到孩子！希望得到确切消息让大家能出点力的不要干等！",
        "user_description": "",
        "user_avatar": "https://tvax1.sinaimg.cn/crop.0.0.996.996.50/c728229aly8frit85ah7ij20ro0romy5.jpg?KID=imgbed,tva&Expires=1584956139&ssig=bWH670Mbi1",
        "id": "4009610584906850",
        "city": "1000",
        "province": "100",
        "friends_count": 11,
        "user_location": "其他",
        "mid": "4009610584906850",
        "verified_reason": "视频自媒体",
        "attitudes_count": 0,
        "followers_count": 109,
        "verified_type": 0,
        "statuses_count": 0,
        "parent": "4009518771798790",
        "verified": true,
        "geo": null,
        "user_created_at": 1366348841,
        "favourites_count": 1,
        "screen_name": "陌迁",
        "gender": "f",
        "user_geo_enabled": true,
        "username": "陌迁",
        "comments_count": 0,
        "t": 1471449120,
        "video_status_count": 0,
        "urank": 29,
        "user_ability": 2097152,
        "credit_score": 80
    },
    {
        "reposts_count": 0,
        "uid": 3580542490,
        "bi_followers_count": 579,
        "text": "真的假的？",
        "user_description": "“天生熱血、偏又忠於自我”",
        "user_avatar": "https://tvax3.sinaimg.cn/crop.0.0.512.512.50/d56abe1aly8g660j0jwlwj20e80e8aai.jpg?KID=imgbed,tva&Expires=1584956139&ssig=yjZf%2BsPedp",
        "id": "4009598149094959",
        "city": "7",
        "province": "33",
        "friends_count": 2619,
        "user_location": "浙江 金华",
        "mid": "4009598149094959",
        "verified_reason": "#金华#超级话题主持人 汽车博主",
        "attitudes_count": 0,
        "followers_count": 5914,
        "verified_type": 0,
        "statuses_count": 4830,
        "parent": "4009518771798790",
        "verified": true,
        "geo": null,
        "user_created_at": 1372931405,
        "favourites_count": 487,
        "screen_name": "熱血良辰",
        "gender": "m",
        "user_geo_enabled": true,
        "username": "熱血良辰",
        "comments_count": 0,
        "t": 1471446156,
        "video_status_count": 0,
        "urank": 45,
        "user_ability": 3409920,
        "credit_score": 80
    },
    {
        "reposts_count": 0,
        "uid": 5872340126,
        "bi_followers_count": 6,
        "text": "平凉不是有人在找小孩吗",
        "user_description": "",
        "user_avatar": "https://tva3.sinaimg.cn/crop.0.0.438.438.50/006ppJVkjw8f5clrmxqc1j30c60c6wfj.jpg?KID=imgbed,tva&Expires=1584956139&ssig=5QrGylzQ3y",
        "id": "4009531308743728",
        "city": "5",
        "province": "36",
        "friends_count": 81,
        "user_location": "江西 新余",
        "mid": "4009531308743728",
        "verified_reason": "",
        "attitudes_count": 0,
        "followers_count": 44,
        "verified_type": -1,
        "statuses_count": 44,
        "parent": "4009518771798790",
        "verified": false,
        "geo": null,
        "user_created_at": 1456938758,
        "favourites_count": 1,
        "screen_name": "kitt晨曦",
        "gender": "m",
        "user_geo_enabled": true,
        "username": "kitt晨曦",
        "comments_count": 0,
        "t": 1471430220,
        "video_status_count": 0,
        "urank": 9,
        "user_ability": 0,
        "credit_score": 80
    },
    {
        "reposts_count": 0,
        "uid": 3526885850,
        "bi_followers_count": 2377,
        "text": "啊！[吃惊][吃惊][吃惊]",
        "user_description": "",
        "user_avatar": "https://tva2.sinaimg.cn/crop.0.0.180.180.50/d23801dajw1e8qgp5bmzyj2050050aa8.jpg?KID=imgbed,tva&Expires=1584956139&ssig=Qa%2BkynwFZJ",
        "id": "4009521804369382",
        "city": "5",
        "province": "12",
        "friends_count": 2908,
        "user_location": "天津 河北区",
        "mid": "4009521804369382",
        "verified_reason": "",
        "attitudes_count": 0,
        "followers_count": 4447,
        "verified_type": -1,
        "statuses_count": 31153,
        "parent": "4009518771798790",
        "verified": false,
        "geo": null,
        "user_created_at": 1370878000,
        "favourites_count": 14,
        "screen_name": "高先生0703",
        "gender": "m",
        "user_geo_enabled": true,
        "username": "高先生0703",
        "comments_count": 0,
        "t": 1471427954,
        "video_status_count": 0,
        "urank": 43,
        "user_ability": 2097160,
        "credit_score": 80
    },
    {
        "reposts_count": 0,
        "uid": 5092313336,
        "bi_followers_count": 26,
        "text": "转发微博",
        "user_description": "",
        "user_avatar": "https://tva1.sinaimg.cn/crop.0.0.664.664.50/005yCPk4jw8f7e93wmgqdj30ig0ig74t.jpg?KID=imgbed,tva&Expires=1584956139&ssig=7ilMgwEj5Z",
        "id": "4009521158243234",
        "city": "1000",
        "province": "100",
        "friends_count": 393,
        "user_location": "其他",
        "mid": "4009521158243234",
        "verified_reason": "",
        "attitudes_count": 0,
        "followers_count": 113,
        "verified_type": -1,
        "statuses_count": 1280,
        "parent": "4009518771798790",
        "verified": false,
        "geo": null,
        "user_created_at": 1396351115,
        "favourites_count": 7,
        "screen_name": "胸怀天下我都信了",
        "gender": "m",
        "user_geo_enabled": true,
        "username": "胸怀天下我都信了",
        "comments_count": 0,
        "t": 1471427800,
        "video_status_count": 0,
        "urank": 14,
        "user_ability": 2098176,
        "credit_score": 80
    },
    {
        "reposts_count": 0,
        "uid": 5817357701,
        "bi_followers_count": 74,
        "text": "转发微博",
        "user_description": "请你暂时借我一点爱，好让我向寒冷买点温暖。",
        "user_avatar": "https://tva2.sinaimg.cn/crop.1.0.812.812.50/006lH2u1jw1f46ougn0b0j30mp0sgtj4.jpg?KID=imgbed,tva&Expires=1584956139&ssig=1t2rwPzRcs",
        "id": "4009520344929140",
        "city": "1000",
        "province": "100",
        "friends_count": 1424,
        "user_location": "其他",
        "mid": "4009520344929140",
        "verified_reason": "",
        "attitudes_count": 0,
        "followers_count": 128,
        "verified_type": -1,
        "statuses_count": 956,
        "parent": "4009518771798790",
        "verified": false,
        "geo": null,
        "user_created_at": 1451616749,
        "favourites_count": 1,
        "screen_name": "哪里是你的桃源",
        "gender": "m",
        "user_geo_enabled": true,
        "username": "哪里是你的桃源",
        "comments_count": 0,
        "t": 1471427606,
        "video_status_count": 0,
        "urank": 16,
        "user_ability": 2098176,
        "credit_score": 80
    },
    {
        "reposts_count": 0,
        "uid": 5623093267,
        "bi_followers_count": 7,
        "text": "好可怜，肯定被拐了，报警啊",
        "user_description": "不要再失眠啦",
        "user_avatar": "https://tvax2.sinaimg.cn/crop.0.0.1080.1080.50/0068xVqHly8g4ky7c71inj30u00u0juk.jpg?KID=imgbed,tva&Expires=1584956139&ssig=amlwnu47LC",
        "id": "4009519367692748",
        "city": "1000",
        "province": "100",
        "friends_count": 142,
        "user_location": "其他",
        "mid": "4009519367692748",
        "verified_reason": "",
        "attitudes_count": 0,
        "followers_count": 639,
        "verified_type": -1,
        "statuses_count": 4,
        "parent": "4009518771798790",
        "verified": false,
        "geo": null,
        "user_created_at": 1433144480,
        "favourites_count": 5,
        "screen_name": "缥缈慕斯",
        "gender": "f",
        "user_geo_enabled": true,
        "username": "缥缈慕斯",
        "comments_count": 0,
        "t": 1471427373,
        "video_status_count": 0,
        "urank": 9,
        "user_ability": 0,
        "credit_score": 80
    }
]