[
    {
        "reposts_count": 2,
        "uid": 5241208042,
        "bi_followers_count": 152,
        "text": "求转\n \n本人：李志刚\n15512804024\n今天上午李志刚的三岁女儿在锦绣花园小区附近被人拐走了，女儿能说出她爸爸的手机号码 从监控上看是被一个四十多岁男人抱走了现我们家老太太都急疯了 有知情者请告之 万分感谢 看到信息的兄弟姐妹留意一下 联系人 李志刚15512804024\n如果看一眼懒得转的冷漠的人也请\n...全文： http://m.weibo.cn/5241208042/4009584395537709 ​",
        "user_description": "无",
        "user_avatar": "https://tvax3.sinaimg.cn/crop.0.0.996.996.50/005IHzDAly8fp5ole025ij30ro0rodfx.jpg?KID=imgbed,tva&Expires=1584956128&ssig=Sg6jj2nN7N",
        "id": "4009584395537709",
        "city": "1000",
        "province": "50",
        "friends_count": 1493,
        "user_location": "重庆",
        "mid": "4009584395537709",
        "verified_reason": "",
        "attitudes_count": 0,
        "followers_count": 411,
        "verified_type": -1,
        "statuses_count": 1147,
        "parent": null,
        "verified": false,
        "geo": {
            "type": "Point",
            "coordinates": [
                30.80649,
                108.38238
            ]
        },
        "user_created_at": 1407199688,
        "favourites_count": 4,
        "screen_name": "赐我一粒星辰",
        "gender": "m",
        "user_geo_enabled": true,
        "username": "赐我一粒星辰",
        "comments_count": 1,
        "t": 1471442877,
        "video_status_count": 0,
        "urank": 31,
        "user_ability": 33554432,
        "credit_score": 78
    },
    {
        "reposts_count": 0,
        "uid": 5241208042,
        "bi_followers_count": 152,
        "text": "15512804024今天上午李志刚的三岁女儿在锦绣花园小区附近被人拐走了，女儿能说出她爸爸的手机号码 从监控上看是被一个四十多岁 李志刚15512804024如果看一眼懒得转的冷漠的人也请你伸出手指按3秒 看到就转转吧 我们都会有孩子 谢谢你必有重谢  10万元     谁的群多大家帮忙转发一下！、好人一生平安。 http://t.cn/Rt8dqYQ",
        "user_description": "无",
        "user_avatar": "https://tvax3.sinaimg.cn/crop.0.0.996.996.50/005IHzDAly8fp5ole025ij30ro0rodfx.jpg?KID=imgbed,tva&Expires=1584956128&ssig=Sg6jj2nN7N",
        "id": "4009584852818458",
        "city": "1000",
        "province": "50",
        "friends_count": 1493,
        "user_location": "重庆",
        "mid": "4009584852818458",
        "verified_reason": "",
        "attitudes_count": 0,
        "followers_count": 411,
        "verified_type": -1,
        "statuses_count": 1147,
        "parent": "4009584395537709",
        "verified": false,
        "geo": {
            "type": "Point",
            "coordinates": [
                30.80649,
                108.38238
            ]
        },
        "user_created_at": 1407199688,
        "favourites_count": 4,
        "screen_name": "赐我一粒星辰",
        "gender": "m",
        "user_geo_enabled": true,
        "username": "赐我一粒星辰",
        "comments_count": 0,
        "t": 1471442985,
        "video_status_count": 0,
        "urank": 31,
        "user_ability": 33554432,
        "credit_score": 78
    }
]