[
    {
        "reposts_count": 0,
        "uid": 5488488693,
        "bi_followers_count": 8,
        "text": "博白真实事件:请问有谁认识家住博白县大坝镇郭家坝名叫郑晓银的同学，请告诉她，她的大学录取通知书落在今天乘坐的车上，师傅电话为17771269207。。。大家相互转发一下   ，谢谢！ http://t.cn/R2WxEin ​",
        "user_description": "来自太阳的乐观与活力，是温暖明亮的能量。",
        "user_avatar": "https://tvax2.sinaimg.cn/crop.0.0.512.512.50/005Zr8Dbly8g7pwljl4h7j30e80e8wfn.jpg?KID=imgbed,tva&Expires=1584956128&ssig=lSqCDigexV",
        "id": "4011748245606360",
        "city": "9",
        "province": "45",
        "friends_count": 164,
        "user_location": "广西 玉林",
        "mid": "4011748245606360",
        "verified_reason": "",
        "attitudes_count": 2,
        "followers_count": 27,
        "verified_type": -1,
        "statuses_count": 239,
        "parent": null,
        "verified": false,
        "geo": {
            "type": "Point",
            "coordinates": [
                22.68194,
                113.78296
            ]
        },
        "user_created_at": 1421820093,
        "favourites_count": 146,
        "screen_name": "disil温暖的女子",
        "gender": "f",
        "user_geo_enabled": true,
        "username": "disil温暖的女子",
        "comments_count": 5,
        "t": 1471958779,
        "video_status_count": 0,
        "urank": 14,
        "user_ability": 35652608,
        "credit_score": 80
    },
    {
        "reposts_count": 0,
        "uid": 5488488693,
        "bi_followers_count": 8,
        "text": "这社会没爱了。看到此信息，想好心帮忙的！居然是假的！！！",
        "user_description": "来自太阳的乐观与活力，是温暖明亮的能量。",
        "user_avatar": "https://tvax2.sinaimg.cn/crop.0.0.512.512.50/005Zr8Dbly8g7pwljl4h7j30e80e8wfn.jpg?KID=imgbed,tva&Expires=1584956128&ssig=lSqCDigexV",
        "id": "4017233468580562",
        "city": "9",
        "province": "45",
        "friends_count": 164,
        "user_location": "广西 玉林",
        "mid": "4017233468580562",
        "verified_reason": "",
        "attitudes_count": 0,
        "followers_count": 26,
        "verified_type": -1,
        "statuses_count": 239,
        "parent": "4011748245606360",
        "verified": false,
        "geo": {
            "type": "Point",
            "coordinates": [
                22.68194,
                113.78296
            ]
        },
        "user_created_at": 1421820093,
        "favourites_count": 146,
        "screen_name": "disil温暖的女子",
        "gender": "f",
        "user_geo_enabled": true,
        "username": "disil温暖的女子",
        "comments_count": 0,
        "t": 1473266558,
        "video_status_count": 0,
        "urank": 14,
        "user_ability": 35652608,
        "credit_score": 80
    },
    {
        "reposts_count": 0,
        "uid": 5488488693,
        "bi_followers_count": 8,
        "text": "回复@泉州网警巡查执法:好的。我以为是真的呢。",
        "user_description": "来自太阳的乐观与活力，是温暖明亮的能量。",
        "user_avatar": "https://tvax2.sinaimg.cn/crop.0.0.512.512.50/005Zr8Dbly8g7pwljl4h7j30e80e8wfn.jpg?KID=imgbed,tva&Expires=1584956128&ssig=lSqCDigexV",
        "id": "4017232805609464",
        "city": "9",
        "province": "45",
        "friends_count": 164,
        "user_location": "广西 玉林",
        "mid": "4017232805609464",
        "verified_reason": "",
        "attitudes_count": 0,
        "followers_count": 26,
        "verified_type": -1,
        "statuses_count": 239,
        "parent": "4011748245606360",
        "verified": false,
        "geo": {
            "type": "Point",
            "coordinates": [
                22.68194,
                113.78296
            ]
        },
        "user_created_at": 1421820093,
        "favourites_count": 146,
        "screen_name": "disil温暖的女子",
        "gender": "f",
        "user_geo_enabled": true,
        "username": "disil温暖的女子",
        "comments_count": 0,
        "t": 1473266400,
        "video_status_count": 0,
        "urank": 14,
        "user_ability": 35652608,
        "credit_score": 80
    },
    {
        "reposts_count": 0,
        "uid": 3094452711,
        "bi_followers_count": 374,
        "text": "您好，我们是泉州网警。您发布的微博信息存在不实之处，各地官方均有辟谣 。为避免不实信息的扩散，请你将微博自行删除。警方提示：根据《计算机信息网络国际联网安全保护管理办法》，利用互联网制作、复制、传播不实信息等扰乱社会秩序的，都属于违法行为。",
        "user_description": "泉州市公安局网警网上巡查执法帐号，维护网上治安秩序，共建文明、和谐、清朗的网络空间。",
        "user_avatar": "https://tva1.sinaimg.cn/crop.0.0.1242.1242.50/b87199e7jw8esmb1gwtkrj20yi0yi0w3.jpg?KID=imgbed,tva&Expires=1584956128&ssig=GXQ0vAfFnR",
        "id": "4014219705594103",
        "city": "1000",
        "province": "35",
        "friends_count": 423,
        "user_location": "福建",
        "mid": "4014219705594103",
        "verified_reason": "泉州市公安局网络安全保卫支队官方微博",
        "attitudes_count": 0,
        "followers_count": 418034,
        "verified_type": 1,
        "statuses_count": 9167,
        "parent": "4011748245606360",
        "verified": true,
        "geo": {
            "type": "Point",
            "coordinates": [
                22.68194,
                113.78296
            ]
        },
        "user_created_at": 1352361142,
        "favourites_count": 6,
        "screen_name": "泉州网警巡查执法",
        "gender": "m",
        "user_geo_enabled": true,
        "username": "泉州网警巡查执法",
        "comments_count": 0,
        "t": 1472548021,
        "video_status_count": 0,
        "urank": 46,
        "user_ability": 8651272,
        "credit_score": 80
    },
    {
        "reposts_count": 0,
        "uid": 5796284904,
        "bi_followers_count": 1,
        "text": "假的",
        "user_description": "",
        "user_avatar": "https://tvax1.sinaimg.cn/default/images/default_avatar_male_50.gif?KID=imgbed,tva&Expires=1584956128&ssig=jS4BmB7eS5",
        "id": "4014193629227596",
        "city": "1000",
        "province": "11",
        "friends_count": 110,
        "user_location": "北京",
        "mid": "4014193629227596",
        "verified_reason": "",
        "attitudes_count": 0,
        "followers_count": 9,
        "verified_type": -1,
        "statuses_count": 149,
        "parent": "4011748245606360",
        "verified": false,
        "geo": {
            "type": "Point",
            "coordinates": [
                22.68194,
                113.78296
            ]
        },
        "user_created_at": 1450330379,
        "favourites_count": 0,
        "screen_name": "辣椒小王子来了",
        "gender": "m",
        "user_geo_enabled": true,
        "username": "辣椒小王子来了",
        "comments_count": 0,
        "t": 1472541804,
        "video_status_count": 0,
        "urank": 9,
        "user_ability": 0,
        "credit_score": 80
    },
    {
        "reposts_count": 0,
        "uid": 5631404940,
        "bi_followers_count": 0,
        "text": "假的",
        "user_description": "",
        "user_avatar": "https://tva2.sinaimg.cn/crop.0.0.996.996.50/00696NFWjw8f9bwa1z0zgj30ro0rp74o.jpg?KID=imgbed,tva&Expires=1584956128&ssig=z3fZmmU4za",
        "id": "4014177288501217",
        "city": "1000",
        "province": "100",
        "friends_count": 49,
        "user_location": "其他",
        "mid": "4014177288501217",
        "verified_reason": "",
        "attitudes_count": 0,
        "followers_count": 32,
        "verified_type": -1,
        "statuses_count": 1106,
        "parent": "4011748245606360",
        "verified": false,
        "geo": {
            "type": "Point",
            "coordinates": [
                22.68194,
                113.78296
            ]
        },
        "user_created_at": 1434176261,
        "favourites_count": 4,
        "screen_name": "一闪一闪天上星星",
        "gender": "f",
        "user_geo_enabled": true,
        "username": "一闪一闪天上星星",
        "comments_count": 0,
        "t": 1472537907,
        "video_status_count": 0,
        "urank": 4,
        "user_ability": 0,
        "credit_score": 80
    }
]