[
    {
        "reposts_count": 0,
        "uid": 3097979013,
        "bi_followers_count": 7,
        "text": "：有谁认识家住巴中市通江县大坝场郭家坝的 郑晓银同学，请告诉她，她的大学录取通知书落在今天乘坐的车上，这里有师傅电话 17771269207。她一定很着急，希望大家可以帮忙扩散一下，谢谢啦！[em]e178[/em] ​",
        "user_description": "我的天老爷",
        "user_avatar": "https://tva1.sinaimg.cn/crop.0.0.180.180.50/b8a76885jw1e8qgp5bmzyj2050050aa8.jpg?KID=imgbed,tva&Expires=1584956134&ssig=APbibJg2u6",
        "id": "4012339345152696",
        "city": "19",
        "province": "51",
        "friends_count": 186,
        "user_location": "四川 巴中",
        "mid": "4012339345152696",
        "verified_reason": "",
        "attitudes_count": 10,
        "followers_count": 49,
        "verified_type": -1,
        "statuses_count": 15,
        "parent": null,
        "verified": false,
        "geo": null,
        "user_created_at": 1352271670,
        "favourites_count": 2,
        "screen_name": "love淡雅依然",
        "gender": "m",
        "user_geo_enabled": true,
        "username": "love淡雅依然",
        "comments_count": 10,
        "t": 1472099708,
        "video_status_count": 0,
        "urank": 9,
        "user_ability": 1024,
        "credit_score": 80
    },
    {
        "reposts_count": 0,
        "uid": 3097979013,
        "bi_followers_count": 7,
        "text": "回复@鹂米:找到就好了",
        "user_description": "我的天老爷",
        "user_avatar": "https://tva1.sinaimg.cn/crop.0.0.180.180.50/b8a76885jw1e8qgp5bmzyj2050050aa8.jpg?KID=imgbed,tva&Expires=1584956134&ssig=APbibJg2u6",
        "id": "4015898975058835",
        "city": "19",
        "province": "51",
        "friends_count": 186,
        "user_location": "四川 巴中",
        "mid": "4015898975058835",
        "verified_reason": "",
        "attitudes_count": 0,
        "followers_count": 48,
        "verified_type": -1,
        "statuses_count": 15,
        "parent": "4012339345152696",
        "verified": false,
        "geo": null,
        "user_created_at": 1352271670,
        "favourites_count": 2,
        "screen_name": "love淡雅依然",
        "gender": "m",
        "user_geo_enabled": true,
        "username": "love淡雅依然",
        "comments_count": 0,
        "t": 1472948390,
        "video_status_count": 0,
        "urank": 9,
        "user_ability": 1024,
        "credit_score": 80
    },
    {
        "reposts_count": 0,
        "uid": 3097979013,
        "bi_followers_count": 7,
        "text": "回复@鹂米:哦哦，我只是想帮帮忙而已，仅此而已",
        "user_description": "我的天老爷",
        "user_avatar": "https://tva1.sinaimg.cn/crop.0.0.180.180.50/b8a76885jw1e8qgp5bmzyj2050050aa8.jpg?KID=imgbed,tva&Expires=1584956134&ssig=APbibJg2u6",
        "id": "4015898429486551",
        "city": "19",
        "province": "51",
        "friends_count": 186,
        "user_location": "四川 巴中",
        "mid": "4015898429486551",
        "verified_reason": "",
        "attitudes_count": 0,
        "followers_count": 48,
        "verified_type": -1,
        "statuses_count": 15,
        "parent": "4012339345152696",
        "verified": false,
        "geo": null,
        "user_created_at": 1352271670,
        "favourites_count": 2,
        "screen_name": "love淡雅依然",
        "gender": "m",
        "user_geo_enabled": true,
        "username": "love淡雅依然",
        "comments_count": 0,
        "t": 1472948261,
        "video_status_count": 0,
        "urank": 9,
        "user_ability": 1024,
        "credit_score": 80
    },
    {
        "reposts_count": 0,
        "uid": 3097979013,
        "bi_followers_count": 7,
        "text": "回复@依然不会额:我同学发的",
        "user_description": "我的天老爷",
        "user_avatar": "https://tva1.sinaimg.cn/crop.0.0.180.180.50/b8a76885jw1e8qgp5bmzyj2050050aa8.jpg?KID=imgbed,tva&Expires=1584956134&ssig=APbibJg2u6",
        "id": "4015898324655581",
        "city": "19",
        "province": "51",
        "friends_count": 186,
        "user_location": "四川 巴中",
        "mid": "4015898324655581",
        "verified_reason": "",
        "attitudes_count": 0,
        "followers_count": 48,
        "verified_type": -1,
        "statuses_count": 15,
        "parent": "4012339345152696",
        "verified": false,
        "geo": null,
        "user_created_at": 1352271670,
        "favourites_count": 2,
        "screen_name": "love淡雅依然",
        "gender": "m",
        "user_geo_enabled": true,
        "username": "love淡雅依然",
        "comments_count": 0,
        "t": 1472948235,
        "video_status_count": 0,
        "urank": 9,
        "user_ability": 1024,
        "credit_score": 80
    },
    {
        "reposts_count": 0,
        "uid": 3094452711,
        "bi_followers_count": 374,
        "text": "您好，我们是泉州网警。您发布的微博信息存在不实之处，各地官方均有辟谣 。为避免不实信息的扩散，请你将微博自行删除。警方提示：根据《计算机信息网络国际联网安全保护管理办法》，利用互联网制作、复制、传播不实信息等扰乱社会秩序的，都属于违法行为。",
        "user_description": "泉州市公安局网警网上巡查执法帐号，维护网上治安秩序，共建文明、和谐、清朗的网络空间。",
        "user_avatar": "https://tva1.sinaimg.cn/crop.0.0.1242.1242.50/b87199e7jw8esmb1gwtkrj20yi0yi0w3.jpg?KID=imgbed,tva&Expires=1584956134&ssig=ExSldoK5NS",
        "id": "4014219017777269",
        "city": "1000",
        "province": "35",
        "friends_count": 423,
        "user_location": "福建",
        "mid": "4014219017777269",
        "verified_reason": "泉州市公安局网络安全保卫支队官方微博",
        "attitudes_count": 0,
        "followers_count": 418034,
        "verified_type": 1,
        "statuses_count": 9167,
        "parent": "4012339345152696",
        "verified": true,
        "geo": null,
        "user_created_at": 1352361142,
        "favourites_count": 6,
        "screen_name": "泉州网警巡查执法",
        "gender": "m",
        "user_geo_enabled": true,
        "username": "泉州网警巡查执法",
        "comments_count": 0,
        "t": 1472547857,
        "video_status_count": 0,
        "urank": 46,
        "user_ability": 8651272,
        "credit_score": 80
    },
    {
        "reposts_count": 0,
        "uid": 1924090700,
        "bi_followers_count": 4,
        "text": "但经记者核实，丢失录取通知书学子名为“白晓银”而非“郑晓银”，湖北秭归县人，且录取通知书已找到。",
        "user_description": "",
        "user_avatar": "https://tva3.sinaimg.cn/crop.202.0.372.372.50/72af4b4cjw8ewb8mnb0s9j20im0dy75b.jpg?KID=imgbed,tva&Expires=1584956134&ssig=S1YO%2F18nI5",
        "id": "4014203817716778",
        "city": "2",
        "province": "11",
        "friends_count": 365,
        "user_location": "北京 西城区",
        "mid": "4014203817716778",
        "verified_reason": "",
        "attitudes_count": 0,
        "followers_count": 128,
        "verified_type": -1,
        "statuses_count": 2133,
        "parent": "4012339345152696",
        "verified": false,
        "geo": null,
        "user_created_at": 1295780528,
        "favourites_count": 151,
        "screen_name": "鹂米",
        "gender": "f",
        "user_geo_enabled": true,
        "username": "鹂米",
        "comments_count": 0,
        "t": 1472544233,
        "video_status_count": 0,
        "urank": 34,
        "user_ability": 2097152,
        "credit_score": 80
    },
    {
        "reposts_count": 0,
        "uid": 3959450735,
        "bi_followers_count": 40,
        "text": "假的把",
        "user_description": "还是要有梦想的，万一实现了呢？",
        "user_avatar": "https://tvax4.sinaimg.cn/crop.0.0.640.640.50/ec006c6fly8frlqrt348uj20hs0hsaak.jpg?KID=imgbed,tva&Expires=1584956134&ssig=8Vr%2BzmWCxd",
        "id": "4014201222057698",
        "city": "6",
        "province": "34",
        "friends_count": 119,
        "user_location": "安徽 淮北",
        "mid": "4014201222057698",
        "verified_reason": "",
        "attitudes_count": 0,
        "followers_count": 48,
        "verified_type": -1,
        "statuses_count": 113,
        "parent": "4012339345152696",
        "verified": false,
        "geo": null,
        "user_created_at": 1388279104,
        "favourites_count": 4,
        "screen_name": "Adan主要看气质",
        "gender": "f",
        "user_geo_enabled": true,
        "username": "Adan主要看气质",
        "comments_count": 0,
        "t": 1472543614,
        "video_status_count": 0,
        "urank": 15,
        "user_ability": 2097152,
        "credit_score": 80
    },
    {
        "reposts_count": 0,
        "uid": 5983361290,
        "bi_followers_count": 17,
        "text": "假的还转",
        "user_description": "",
        "user_avatar": "https://tva3.sinaimg.cn/crop.0.0.996.996.50/006wVzBgjw8f5z3wu355nj30ro0rp40l.jpg?KID=imgbed,tva&Expires=1584956134&ssig=wKmSSoiM8t",
        "id": "4014198499869744",
        "city": "1",
        "province": "32",
        "friends_count": 53,
        "user_location": "江苏 南京",
        "mid": "4014198499869744",
        "verified_reason": "",
        "attitudes_count": 0,
        "followers_count": 28,
        "verified_type": -1,
        "statuses_count": 84,
        "parent": "4012339345152696",
        "verified": false,
        "geo": null,
        "user_created_at": 1468657437,
        "favourites_count": 6,
        "screen_name": "飞天小丸子啦啦啦",
        "gender": "f",
        "user_geo_enabled": true,
        "username": "飞天小丸子啦啦啦",
        "comments_count": 0,
        "t": 1472542965,
        "video_status_count": 0,
        "urank": 9,
        "user_ability": 1024,
        "credit_score": 80
    },
    {
        "reposts_count": 0,
        "uid": 5796284904,
        "bi_followers_count": 1,
        "text": "假的",
        "user_description": "",
        "user_avatar": "https://tvax1.sinaimg.cn/default/images/default_avatar_male_50.gif?KID=imgbed,tva&Expires=1584956134&ssig=cQY6iYNkHF",
        "id": "4014193377791535",
        "city": "1000",
        "province": "11",
        "friends_count": 110,
        "user_location": "北京",
        "mid": "4014193377791535",
        "verified_reason": "",
        "attitudes_count": 0,
        "followers_count": 9,
        "verified_type": -1,
        "statuses_count": 149,
        "parent": "4012339345152696",
        "verified": false,
        "geo": null,
        "user_created_at": 1450330379,
        "favourites_count": 0,
        "screen_name": "辣椒小王子来了",
        "gender": "m",
        "user_geo_enabled": true,
        "username": "辣椒小王子来了",
        "comments_count": 0,
        "t": 1472541744,
        "video_status_count": 0,
        "urank": 9,
        "user_ability": 0,
        "credit_score": 80
    },
    {
        "reposts_count": 0,
        "uid": 5631404940,
        "bi_followers_count": 0,
        "text": "假的",
        "user_description": "",
        "user_avatar": "https://tva2.sinaimg.cn/crop.0.0.996.996.50/00696NFWjw8f9bwa1z0zgj30ro0rp74o.jpg?KID=imgbed,tva&Expires=1584956134&ssig=wJz2Ppd0nY",
        "id": "4014177096323985",
        "city": "1000",
        "province": "100",
        "friends_count": 49,
        "user_location": "其他",
        "mid": "4014177096323985",
        "verified_reason": "",
        "attitudes_count": 0,
        "followers_count": 32,
        "verified_type": -1,
        "statuses_count": 1106,
        "parent": "4012339345152696",
        "verified": false,
        "geo": null,
        "user_created_at": 1434176261,
        "favourites_count": 4,
        "screen_name": "一闪一闪天上星星",
        "gender": "f",
        "user_geo_enabled": true,
        "username": "一闪一闪天上星星",
        "comments_count": 0,
        "t": 1472537862,
        "video_status_count": 0,
        "urank": 4,
        "user_ability": 0,
        "credit_score": 80
    },
    {
        "reposts_count": 0,
        "uid": 5339158588,
        "bi_followers_count": 49,
        "text": "交给警察叔叔",
        "user_description": "深情不及久伴，厚爱无需多言",
        "user_avatar": "https://tva4.sinaimg.cn/crop.0.0.1242.1242.50/005Pkz36jw8f330vshc54j30yi0yitbb.jpg?KID=imgbed,tva&Expires=1584956134&ssig=aLEsxdAZoV",
        "id": "4012364850463391",
        "city": "1000",
        "province": "100",
        "friends_count": 119,
        "user_location": "其他",
        "mid": "4012364850463391",
        "verified_reason": "",
        "attitudes_count": 0,
        "followers_count": 259,
        "verified_type": -1,
        "statuses_count": 218,
        "parent": "4012339345152696",
        "verified": false,
        "geo": null,
        "user_created_at": 1415553105,
        "favourites_count": 3,
        "screen_name": "我就是小可爱么",
        "gender": "f",
        "user_geo_enabled": true,
        "username": "我就是小可爱么",
        "comments_count": 0,
        "t": 1472105789,
        "video_status_count": 0,
        "urank": 22,
        "user_ability": 1024,
        "credit_score": 80
    }
]