[
    {
        "reposts_count": 317,
        "uid": 5439516309,
        "bi_followers_count": 364,
        "text": "李志刚 15512804024 今天上午李志刚的三岁女儿在锦绣花园小区附近被人拐走了，女儿能说出她爸爸的手机号码 从监控上看是被一个四十多岁男人抱走了现我们家老太太都急疯了 有知情者请告之 万分感谢， 看到就转转吧 我们都会有孩子 ，谢谢你 ！必有重谢 10万元 ！ ​",
        "user_description": "",
        "user_avatar": "https://tvax1.sinaimg.cn/default/images/default_avatar_male_50.gif?KID=imgbed,tva&Expires=1584956131&ssig=nP07G7YJVg",
        "id": "4014180849431108",
        "city": "11",
        "province": "34",
        "friends_count": 1474,
        "user_location": "安徽 滁州",
        "mid": "4014180849431108",
        "verified_reason": "",
        "attitudes_count": 5,
        "followers_count": 707,
        "verified_type": -1,
        "statuses_count": 5998,
        "parent": null,
        "verified": false,
        "geo": null,
        "user_created_at": 1418993999,
        "favourites_count": 7,
        "screen_name": "大白兔550",
        "gender": "m",
        "user_geo_enabled": true,
        "username": "大白兔550",
        "comments_count": 38,
        "t": 1472538757,
        "video_status_count": 0,
        "urank": 29,
        "user_ability": 1310720,
        "credit_score": 80
    },
    {
        "reposts_count": 0,
        "uid": 1591743050,
        "bi_followers_count": 24,
        "text": "这语气就和微信里那些谣言一个路数。今天是哪天？锦绣花园？百度地图上仅南京市就有544个。四十多岁男人？能看出年龄就不能说得更详细点么，比如身高、衣着、体型，甚至是否留胡须？另外，李志刚家女儿被拐了，PO主你家老太太急个啥？PO主就叫李志刚么？",
        "user_description": "和我交流得有个前提：不要违背社会主义核心价值观！[严肃脸]",
        "user_avatar": "https://tva2.sinaimg.cn/crop.14.2.406.406.50/5ee0124ajw8ez59c3nk3lj20bt0bt74q.jpg?KID=imgbed,tva&Expires=1584956131&ssig=9jXzCU7uDP",
        "id": "4014220057909301",
        "city": "24",
        "province": "50",
        "friends_count": 693,
        "user_location": "重庆 铜梁县",
        "mid": "4014220057909301",
        "verified_reason": "",
        "attitudes_count": 0,
        "followers_count": 472,
        "verified_type": -1,
        "statuses_count": 6116,
        "parent": "4014180849431108",
        "verified": false,
        "geo": null,
        "user_created_at": 1311121159,
        "favourites_count": 9294,
        "screen_name": "礼貌的夫君",
        "gender": "m",
        "user_geo_enabled": false,
        "username": "礼貌的夫君",
        "comments_count": 0,
        "t": 1472548105,
        "video_status_count": 0,
        "urank": 39,
        "user_ability": 35913728,
        "credit_score": 80
    },
    {
        "reposts_count": 0,
        "uid": 1343832552,
        "bi_followers_count": 586,
        "text": "//@陨石老刀: [吃惊][疑问]//@白-皮-西-瓜:很久以前的老谣言了，不要相信！  http://t.cn/RcPjt7I  //@陨石老刀:扩散 !  //@秦楚风月://@快乐草群: //@唐老鸭0629: //@大唐药王: 看到这事就心中一揪，多可爱的孩子啊，这被人抱走，简直是要了一家人的命啊，扩散一下。帮助找找。",
        "user_description": "不装*，做个真实的我。",
        "user_avatar": "https://tva2.sinaimg.cn/crop.0.0.180.180.50/501941e8jw1e8qgp5bmzyj2050050aa8.jpg?KID=imgbed,tva&Expires=1584956131&ssig=K6F62rqSsb",
        "id": "4014217009090844",
        "city": "5",
        "province": "35",
        "friends_count": 1090,
        "user_location": "福建 泉州",
        "mid": "4014217009090844",
        "verified_reason": "",
        "attitudes_count": 0,
        "followers_count": 1407,
        "verified_type": 220,
        "statuses_count": 30416,
        "parent": "4014180849431108",
        "verified": false,
        "geo": null,
        "user_created_at": 1282200443,
        "favourites_count": 114,
        "screen_name": "睛瞑恶人",
        "gender": "m",
        "user_geo_enabled": true,
        "username": "睛瞑恶人",
        "comments_count": 0,
        "t": 1472547377,
        "video_status_count": 0,
        "urank": 47,
        "user_ability": 2359296,
        "credit_score": 80
    },
    {
        "reposts_count": 0,
        "uid": 1987433371,
        "bi_followers_count": 764,
        "text": "//@吴贤毅_在上海: //@京城探花: [话筒][话筒][话筒]//@大唐药王:看到这事就心中一揪，多可爱的孩子啊，这被人抱走，简直是要了一家人的命啊，扩散一下。帮助找找。",
        "user_description": "诚，真实无妄之尉；为人之道，诚信是金。",
        "user_avatar": "https://tva1.sinaimg.cn/crop.467.41.1152.1152.50/7675d39btw1eg15nxmd9nj21hc0xch8r.jpg?KID=imgbed,tva&Expires=1584956131&ssig=6ku57bYg11",
        "id": "4014213594247683",
        "city": "3",
        "province": "37",
        "friends_count": 1809,
        "user_location": "山东 淄博",
        "mid": "4014213594247683",
        "verified_reason": "",
        "attitudes_count": 0,
        "followers_count": 2618,
        "verified_type": 220,
        "statuses_count": 22817,
        "parent": "4014180849431108",
        "verified": false,
        "geo": null,
        "user_created_at": 1298464341,
        "favourites_count": 4074,
        "screen_name": "诚信怡然阁",
        "gender": "m",
        "user_geo_enabled": true,
        "username": "诚信怡然阁",
        "comments_count": 0,
        "t": 1472546564,
        "video_status_count": 0,
        "urank": 34,
        "user_ability": 2097160,
        "credit_score": 80
    },
    {
        "reposts_count": 0,
        "uid": 1878219871,
        "bi_followers_count": 943,
        "text": "//@陨石老刀: 扩散 !  //@秦楚风月://@快乐草群: //@唐老鸭0629: //@大唐药王: 看到这事就心中一揪，多可爱的孩子啊，这被人抱走，简直是要了一家人的命啊，扩散一下。帮助找找。",
        "user_description": "关注我喜欢的嘟嘟！！",
        "user_avatar": "https://tvax2.sinaimg.cn/crop.7.7.180.180.50/6ff35c5fly8frar7gqiafj205805sdi3.jpg?KID=imgbed,tva&Expires=1584956131&ssig=IgsNcnpHD%2F",
        "id": "4014211169833373",
        "city": "14",
        "province": "21",
        "friends_count": 1265,
        "user_location": "辽宁 葫芦岛",
        "mid": "4014211169833373",
        "verified_reason": "",
        "attitudes_count": 0,
        "followers_count": 5205,
        "verified_type": -1,
        "statuses_count": 154446,
        "parent": "4014180849431108",
        "verified": false,
        "geo": null,
        "user_created_at": 1291092398,
        "favourites_count": 185,
        "screen_name": "阳光淳影-",
        "gender": "f",
        "user_geo_enabled": true,
        "username": "阳光淳影-",
        "comments_count": 0,
        "t": 1472545986,
        "video_status_count": 0,
        "urank": 48,
        "user_ability": 2097152,
        "credit_score": 80
    },
    {
        "reposts_count": 0,
        "uid": 5317352816,
        "bi_followers_count": 429,
        "text": "扩散！早日回家。",
        "user_description": "刘老六说要把刘小六许配给我，劳资信了老王八的邪哦",
        "user_avatar": "https://tvax1.sinaimg.cn/crop.0.0.996.996.50/005NR4n6ly8fmg4ysaij7j30ro0rp40g.jpg?KID=imgbed,tva&Expires=1584956131&ssig=O9fsXoYorr",
        "id": "4014208247649348",
        "city": "1000",
        "province": "100",
        "friends_count": 1485,
        "user_location": "其他",
        "mid": "4014208247649348",
        "verified_reason": "军事博主",
        "attitudes_count": 0,
        "followers_count": 9739,
        "verified_type": 0,
        "statuses_count": 23582,
        "parent": "4014180849431108",
        "verified": true,
        "geo": null,
        "user_created_at": 1413283150,
        "favourites_count": 32,
        "screen_name": "刘老六凡间总代理小强",
        "gender": "m",
        "user_geo_enabled": false,
        "username": "刘老六凡间总代理小强",
        "comments_count": 0,
        "t": 1472545288,
        "video_status_count": 0,
        "urank": 41,
        "user_ability": 2098176,
        "credit_score": 80
    },
    {
        "reposts_count": 0,
        "uid": 5766670915,
        "bi_followers_count": 400,
        "text": "[话筒]//@凌野微雨10: 帮转。孩子丢了，一好端端的家基本就完了。//@東墙懮客D: 对于这种人口拐卖事旨意匪警破案等同买大乐透中头奖一样机会。民间还是想办法自救吧。路过的帮转转吧 //@赵府_木是国://@一片月在呼吸e:要是高级公仆家的孩子定能马上破案，外国人的孩子也好说//@鱼儿梦语 //@公民王海滨",
        "user_description": "",
        "user_avatar": "https://tva1.sinaimg.cn/crop.136.473.989.989.50/006igmxdgw1f81bwnby2aj31kw1bowst.jpg?KID=imgbed,tva&Expires=1584956131&ssig=4hi2cZ2D4I",
        "id": "4014207261124944",
        "city": "2",
        "province": "81",
        "friends_count": 686,
        "user_location": "香港 中西区",
        "mid": "4014207261124944",
        "verified_reason": "",
        "attitudes_count": 0,
        "followers_count": 673,
        "verified_type": -1,
        "statuses_count": 565,
        "parent": "4014180849431108",
        "verified": false,
        "geo": null,
        "user_created_at": 1447991735,
        "favourites_count": 0,
        "screen_name": "陈家碧归来",
        "gender": "f",
        "user_geo_enabled": true,
        "username": "陈家碧归来",
        "comments_count": 0,
        "t": 1472545054,
        "video_status_count": 0,
        "urank": 16,
        "user_ability": 0,
        "credit_score": 80
    },
    {
        "reposts_count": 0,
        "uid": 5917088163,
        "bi_followers_count": 26,
        "text": "您好，我们是梅州网警。您发布的该微博信息存在不实之处，该信息已被多地警方公开辟谣。为避免不实信息的扩散，请你将微博自行删除。警方提示：根据《计算机信息网络国际联网安全保护管理办法》，利用互联网制作、复制、传播不实信息等扰乱社会秩序的，都属于违法行为。",
        "user_description": "",
        "user_avatar": "https://tvax2.sinaimg.cn/crop.3.0.476.476.50/006sruVRgy1ffhhsqmddij30dd0dbjtj.jpg?KID=imgbed,tva&Expires=1584956131&ssig=aawhDGHmTP",
        "id": "4014206376105036",
        "city": "1000",
        "province": "44",
        "friends_count": 104,
        "user_location": "广东",
        "mid": "4014206376105036",
        "verified_reason": "广东省梅州市公安局网络警察支队官方微博",
        "attitudes_count": 0,
        "followers_count": 4221,
        "verified_type": 1,
        "statuses_count": 6080,
        "parent": "4014180849431108",
        "verified": true,
        "geo": null,
        "user_created_at": 1462324693,
        "favourites_count": 15,
        "screen_name": "梅州网警巡查执法",
        "gender": "m",
        "user_geo_enabled": true,
        "username": "梅州网警巡查执法",
        "comments_count": 0,
        "t": 1472544843,
        "video_status_count": 0,
        "urank": 14,
        "user_ability": 8650752,
        "credit_score": 80
    },
    {
        "reposts_count": 0,
        "uid": 2829329511,
        "bi_followers_count": 841,
        "text": "很久以前的老谣言了，不要相信！ http://t.cn/RcPjt7I",
        "user_description": "【弘扬正能量 揭批假恶丑】",
        "user_avatar": "https://tva1.sinaimg.cn/crop.0.0.180.180.50/a8a42467jw1e8qgp5bmzyj2050050aa8.jpg?KID=imgbed,tva&Expires=1584956131&ssig=gU8KGUuyHf",
        "id": "4014203846768334",
        "city": "1",
        "province": "37",
        "friends_count": 991,
        "user_location": "山东 济南",
        "mid": "4014203846768334",
        "verified_reason": "",
        "attitudes_count": 0,
        "followers_count": 2012,
        "verified_type": 220,
        "statuses_count": 25663,
        "parent": "4014180849431108",
        "verified": false,
        "geo": null,
        "user_created_at": 1345016690,
        "favourites_count": 71,
        "screen_name": "白-皮-西-瓜",
        "gender": "m",
        "user_geo_enabled": true,
        "username": "白-皮-西-瓜",
        "comments_count": 0,
        "t": 1472544240,
        "video_status_count": 0,
        "urank": 42,
        "user_ability": 262144,
        "credit_score": 80
    },
    {
        "reposts_count": 0,
        "uid": 2845158105,
        "bi_followers_count": 93,
        "text": "转发微博",
        "user_description": "逃避现实现实让你无可逃避",
        "user_avatar": "https://tva3.sinaimg.cn/crop.0.0.664.664.50/a995aad9jw8f3oto4hiwaj20ig0igt93.jpg?KID=imgbed,tva&Expires=1584956131&ssig=ZZZ2Bs3L87",
        "id": "4014203541531343",
        "city": "1000",
        "province": "100",
        "friends_count": 1514,
        "user_location": "其他",
        "mid": "4014203541531343",
        "verified_reason": "",
        "attitudes_count": 0,
        "followers_count": 461,
        "verified_type": -1,
        "statuses_count": 5195,
        "parent": "4014180849431108",
        "verified": false,
        "geo": null,
        "user_created_at": 1341133986,
        "favourites_count": 483,
        "screen_name": "我装睡不醒",
        "gender": "m",
        "user_geo_enabled": true,
        "username": "我装睡不醒",
        "comments_count": 0,
        "t": 1472544166,
        "video_status_count": 0,
        "urank": 37,
        "user_ability": 2097152,
        "credit_score": 80
    },
    {
        "reposts_count": 0,
        "uid": 5458443737,
        "bi_followers_count": 163,
        "text": "真心痛 警方快点出手相救！",
        "user_description": "",
        "user_avatar": "https://tvax1.sinaimg.cn/default/images/default_avatar_male_50.gif?KID=imgbed,tva&Expires=1584956131&ssig=nP07G7YJVg",
        "id": "4014202504686301",
        "city": "1",
        "province": "42",
        "friends_count": 871,
        "user_location": "湖北 武汉",
        "mid": "4014202504686301",
        "verified_reason": "",
        "attitudes_count": 0,
        "followers_count": 212,
        "verified_type": -1,
        "statuses_count": 6823,
        "parent": "4014180849431108",
        "verified": false,
        "geo": null,
        "user_created_at": 1422954726,
        "favourites_count": 18,
        "screen_name": "未泯62",
        "gender": "m",
        "user_geo_enabled": true,
        "username": "未泯62",
        "comments_count": 0,
        "t": 1472543919,
        "video_status_count": 0,
        "urank": 35,
        "user_ability": 35651584,
        "credit_score": 80
    },
    {
        "reposts_count": 0,
        "uid": 2829329511,
        "bi_followers_count": 841,
        "text": "如果我没看错，这个消息应该是假的，关于李志刚孩子被拐、锦绣花园小区的消息已经在网上流传很久了。",
        "user_description": "【弘扬正能量 揭批假恶丑】",
        "user_avatar": "https://tva1.sinaimg.cn/crop.0.0.180.180.50/a8a42467jw1e8qgp5bmzyj2050050aa8.jpg?KID=imgbed,tva&Expires=1584956131&ssig=gU8KGUuyHf",
        "id": "4014202491803105",
        "city": "1",
        "province": "37",
        "friends_count": 991,
        "user_location": "山东 济南",
        "mid": "4014202491803105",
        "verified_reason": "",
        "attitudes_count": 0,
        "followers_count": 2012,
        "verified_type": 220,
        "statuses_count": 25663,
        "parent": "4014180849431108",
        "verified": false,
        "geo": null,
        "user_created_at": 1345016690,
        "favourites_count": 71,
        "screen_name": "白-皮-西-瓜",
        "gender": "m",
        "user_geo_enabled": true,
        "username": "白-皮-西-瓜",
        "comments_count": 0,
        "t": 1472543916,
        "video_status_count": 0,
        "urank": 42,
        "user_ability": 262144,
        "credit_score": 80
    },
    {
        "reposts_count": 0,
        "uid": 1958267557,
        "bi_followers_count": 2637,
        "text": "虚假信息，大家不要再转发",
        "user_description": "【钢丝善行团第800000402号】 宝贝回家寻子网志愿者、网络媒体主编",
        "user_avatar": "https://tva1.sinaimg.cn/crop.0.0.180.180.50/74b8caa5jw1e8qgp5bmzyj2050050aa8.jpg?KID=imgbed,tva&Expires=1584956131&ssig=QN7Y8rvY4o",
        "id": "4014200155758450",
        "city": "5",
        "province": "11",
        "friends_count": 4263,
        "user_location": "北京 朝阳区",
        "mid": "4014200155758450",
        "verified_reason": "",
        "attitudes_count": 0,
        "followers_count": 7175,
        "verified_type": 220,
        "statuses_count": 52863,
        "parent": "4014180849431108",
        "verified": false,
        "geo": null,
        "user_created_at": 1297219603,
        "favourites_count": 290,
        "screen_name": "京城名记地主",
        "gender": "m",
        "user_geo_enabled": true,
        "username": "京城名记地主",
        "comments_count": 0,
        "t": 1472543360,
        "video_status_count": 0,
        "urank": 46,
        "user_ability": 2097160,
        "credit_score": 80
    },
    {
        "reposts_count": 0,
        "uid": 1609723095,
        "bi_followers_count": 172,
        "text": "怎么都没有人注意这是假的，梅州网警已辟谣",
        "user_description": "",
        "user_avatar": "https://tvax1.sinaimg.cn/crop.0.0.1080.1080.50/5ff26cd7ly8gc7ijyns86j20u00u0n0d.jpg?KID=imgbed,tva&Expires=1584956131&ssig=5W2xan8ltk",
        "id": "4014199656760504",
        "city": "6",
        "province": "11",
        "friends_count": 385,
        "user_location": "北京 丰台区",
        "mid": "4014199656760504",
        "verified_reason": "",
        "attitudes_count": 0,
        "followers_count": 3400,
        "verified_type": -1,
        "statuses_count": 11497,
        "parent": "4014180849431108",
        "verified": false,
        "geo": null,
        "user_created_at": 1257302876,
        "favourites_count": 4114,
        "screen_name": "我是此博非彼博",
        "gender": "f",
        "user_geo_enabled": true,
        "username": "我是此博非彼博",
        "comments_count": 0,
        "t": 1472543240,
        "video_status_count": 0,
        "urank": 42,
        "user_ability": 10747904,
        "credit_score": 80
    },
    {
        "reposts_count": 0,
        "uid": 2216334867,
        "bi_followers_count": 1952,
        "text": "//@快乐草群: //@唐老鸭0629: //@大唐药王: 看到这事就心中一揪，多可爱的孩子啊，这被人抱走，简直是要了一家人的命啊，扩散一下。帮助找找。",
        "user_description": "丰声起，心飞扬——喜马拉雅有声书、美文诵读、情感治愈、历史评书类主播。",
        "user_avatar": "https://tvax1.sinaimg.cn/crop.0.0.1080.1080.50/841a9613ly1gcqyd6eo4wj20u00u0wq5.jpg?KID=imgbed,tva&Expires=1584956131&ssig=VX%2BdRDDyYG",
        "id": "4014199317707581",
        "city": "6",
        "province": "42",
        "friends_count": 1979,
        "user_location": "湖北 襄阳",
        "mid": "4014199317707581",
        "verified_reason": "",
        "attitudes_count": 0,
        "followers_count": 32120,
        "verified_type": -1,
        "statuses_count": 339,
        "parent": "4014180849431108",
        "verified": false,
        "geo": null,
        "user_created_at": 1309748879,
        "favourites_count": 270,
        "screen_name": "丰声飞扬",
        "gender": "m",
        "user_geo_enabled": true,
        "username": "丰声飞扬",
        "comments_count": 0,
        "t": 1472543159,
        "video_status_count": 0,
        "urank": 27,
        "user_ability": 8650760,
        "credit_score": 80
    },
    {
        "reposts_count": 0,
        "uid": 1660699865,
        "bi_followers_count": 95,
        "text": "可怜的不是这孩子，而是李志刚，天天丢孩子……",
        "user_description": "我是Tarzan的爸爸。",
        "user_avatar": "https://tva3.sinaimg.cn/crop.0.0.180.180.50/62fc44d9jw1e8qgp5bmzyj2050050aa8.jpg?KID=imgbed,tva&Expires=1584956131&ssig=gOvj8r73Fh",
        "id": "4014198398875477",
        "city": "3",
        "province": "400",
        "friends_count": 2245,
        "user_location": "海外 法国",
        "mid": "4014198398875477",
        "verified_reason": "",
        "attitudes_count": 0,
        "followers_count": 524,
        "verified_type": -1,
        "statuses_count": 950,
        "parent": "4014180849431108",
        "verified": false,
        "geo": null,
        "user_created_at": 1258122005,
        "favourites_count": 2792,
        "screen_name": "魏下垂",
        "gender": "m",
        "user_geo_enabled": true,
        "username": "魏下垂",
        "comments_count": 0,
        "t": 1472542940,
        "video_status_count": 0,
        "urank": 29,
        "user_ability": 0,
        "credit_score": 80
    },
    {
        "reposts_count": 0,
        "uid": 1323389350,
        "bi_followers_count": 17,
        "text": "转发扩散",
        "user_description": "你的名字我的姓氏",
        "user_avatar": "https://tva1.sinaimg.cn/crop.78.3.214.214.50/4ee151a6gw1e7bvo0ze49j209y06bwfa.jpg?KID=imgbed,tva&Expires=1584956131&ssig=PEgxTl33qa",
        "id": "4014197144571253",
        "city": "90",
        "province": "46",
        "friends_count": 598,
        "user_location": "海南 其他",
        "mid": "4014197144571253",
        "verified_reason": "",
        "attitudes_count": 0,
        "followers_count": 229,
        "verified_type": -1,
        "statuses_count": 3914,
        "parent": "4014180849431108",
        "verified": false,
        "geo": null,
        "user_created_at": 1325821110,
        "favourites_count": 1417,
        "screen_name": "爱今生共相伴",
        "gender": "m",
        "user_geo_enabled": true,
        "username": "爱今生共相伴",
        "comments_count": 0,
        "t": 1472542641,
        "video_status_count": 0,
        "urank": 37,
        "user_ability": 0,
        "credit_score": 80
    },
    {
        "reposts_count": 0,
        "uid": 1056695363,
        "bi_followers_count": 1542,
        "text": "这个是诈骗电话",
        "user_description": "农村进城务工人员，东营市五星级志愿者，东营市优秀志愿者，宝贝回家志愿者，外贸销售人员！",
        "user_avatar": "https://tvax3.sinaimg.cn/crop.0.0.996.996.50/3efbe443ly8g5zjjtxefgj20ro0rognm.jpg?KID=imgbed,tva&Expires=1584956131&ssig=LyW1GytN%2BW",
        "id": "4014196427429026",
        "city": "5",
        "province": "37",
        "friends_count": 1565,
        "user_location": "山东 东营",
        "mid": "4014196427429026",
        "verified_reason": "航空博主",
        "attitudes_count": 0,
        "followers_count": 69872,
        "verified_type": 0,
        "statuses_count": 19665,
        "parent": "4014180849431108",
        "verified": true,
        "geo": null,
        "user_created_at": 1283817852,
        "favourites_count": 61,
        "screen_name": "东营营长",
        "gender": "m",
        "user_geo_enabled": true,
        "username": "东营营长",
        "comments_count": 0,
        "t": 1472542470,
        "video_status_count": 0,
        "urank": 48,
        "user_ability": 10747912,
        "credit_score": 80
    },
    {
        "reposts_count": 0,
        "uid": 2275429524,
        "bi_followers_count": 133,
        "text": "第一次看到这种信息时，猪肉每斤还不到十元。",
        "user_description": "我都谁不信，只信仰良知,而且是大部分人的僵尸粉。",
        "user_avatar": "https://tva3.sinaimg.cn/crop.10.21.173.173.50/87a04c94jw8fav77wlrjej205k05kgli.jpg?KID=imgbed,tva&Expires=1584956131&ssig=8LXSlxqSWO",
        "id": "4014192438322897",
        "city": "5",
        "province": "44",
        "friends_count": 1902,
        "user_location": "广东 汕头",
        "mid": "4014192438322897",
        "verified_reason": "",
        "attitudes_count": 0,
        "followers_count": 416,
        "verified_type": -1,
        "statuses_count": 5053,
        "parent": "4014180849431108",
        "verified": false,
        "geo": null,
        "user_created_at": 1311938110,
        "favourites_count": 22,
        "screen_name": "不能再装睡了",
        "gender": "m",
        "user_geo_enabled": false,
        "username": "不能再装睡了",
        "comments_count": 0,
        "t": 1472541520,
        "video_status_count": 0,
        "urank": 39,
        "user_ability": 36962304,
        "credit_score": 80
    },
    {
        "reposts_count": 0,
        "uid": 1193146980,
        "bi_followers_count": 2058,
        "text": "//@唐老鸭0629: //@大唐药王: 看到这事就心中一揪，多可爱的孩子啊，这被人抱走，简直是要了一家人的命啊，扩散一下。帮助找找。",
        "user_description": "讲真话，做实事。",
        "user_avatar": "https://tva1.sinaimg.cn/crop.0.0.180.180.50/471dfa64jw1e8qgp5bmzyj2050050aa8.jpg?KID=imgbed,tva&Expires=1584956131&ssig=9C0snX4Xv%2F",
        "id": "4014191159085309",
        "city": "2",
        "province": "43",
        "friends_count": 2119,
        "user_location": "湖南 株洲",
        "mid": "4014191159085309",
        "verified_reason": "",
        "attitudes_count": 0,
        "followers_count": 2707,
        "verified_type": 220,
        "statuses_count": 4893,
        "parent": "4014180849431108",
        "verified": false,
        "geo": null,
        "user_created_at": 1307194527,
        "favourites_count": 30,
        "screen_name": "快乐草群",
        "gender": "m",
        "user_geo_enabled": true,
        "username": "快乐草群",
        "comments_count": 0,
        "t": 1472541214,
        "video_status_count": 0,
        "urank": 41,
        "user_ability": 0,
        "credit_score": 80
    },
    {
        "reposts_count": 0,
        "uid": 3091793382,
        "bi_followers_count": 151,
        "text": "//@青独狼_75910: [话筒]//@王志民WZM: //@青独狼_75910:[话筒][抓狂][抓狂][抓狂][抓狂][抓狂][抓狂]请把谁抱走的影响发来总有认识的!!!",
        "user_description": "",
        "user_avatar": "https://tva2.sinaimg.cn/crop.0.0.180.180.50/b84905e6jw1e8qgp5bmzyj2050050aa8.jpg?KID=imgbed,tva&Expires=1584956131&ssig=%2F5aHFczgv5",
        "id": "4014187153244775",
        "city": "8",
        "province": "32",
        "friends_count": 666,
        "user_location": "江苏 淮安",
        "mid": "4014187153244775",
        "verified_reason": "",
        "attitudes_count": 0,
        "followers_count": 311,
        "verified_type": -1,
        "statuses_count": 17868,
        "parent": "4014180849431108",
        "verified": false,
        "geo": null,
        "user_created_at": 1356192785,
        "favourites_count": 278,
        "screen_name": "wsyzgddn",
        "gender": "m",
        "user_geo_enabled": true,
        "username": "wsyzgddn",
        "comments_count": 0,
        "t": 1472540260,
        "video_status_count": 0,
        "urank": 34,
        "user_ability": 0,
        "credit_score": 80
    },
    {
        "reposts_count": 0,
        "uid": 5917088163,
        "bi_followers_count": 26,
        "text": "您好，我们是梅州网警。您发布的该微博信息存在不实之处，该信息已被多地警方公开辟谣。为避免不实信息的扩散，请你将微博自行删除。警方提示：根据《计算机信息网络国际联网安全保护管理办法》，利用互联网制作、复制、传播不实信息等扰乱社会秩序的，都属于违法行为。",
        "user_description": "",
        "user_avatar": "https://tvax2.sinaimg.cn/crop.3.0.476.476.50/006sruVRgy1ffhhsqmddij30dd0dbjtj.jpg?KID=imgbed,tva&Expires=1584956131&ssig=aawhDGHmTP",
        "id": "4014186801450270",
        "city": "1000",
        "province": "44",
        "friends_count": 104,
        "user_location": "广东",
        "mid": "4014186801450270",
        "verified_reason": "广东省梅州市公安局网络警察支队官方微博",
        "attitudes_count": 0,
        "followers_count": 4221,
        "verified_type": 1,
        "statuses_count": 6080,
        "parent": "4014180849431108",
        "verified": true,
        "geo": null,
        "user_created_at": 1462324693,
        "favourites_count": 15,
        "screen_name": "梅州网警巡查执法",
        "gender": "m",
        "user_geo_enabled": true,
        "username": "梅州网警巡查执法",
        "comments_count": 0,
        "t": 1472540176,
        "video_status_count": 0,
        "urank": 14,
        "user_ability": 8650752,
        "credit_score": 80
    }
]