[
    {
        "reposts_count": 9,
        "uid": 2923290297,
        "bi_followers_count": 1404,
        "text": "济广高速 G45 附近有一飞机掉下来了，是真是假？谁有知道？我的天，祈福，🙏保佑～@新浪新闻 ​",
        "user_description": "陪伴，永远是最长情的告白！",
        "user_avatar": "https://tvax3.sinaimg.cn/crop.0.0.1080.1080.50/ae3ddeb9ly8g0hv7c0wq2j20u00u0n3o.jpg?KID=imgbed,tva&Expires=1584956135&ssig=0pll9ZZlmj",
        "id": "4014187028645949",
        "city": "15",
        "province": "31",
        "friends_count": 1478,
        "user_location": "上海 浦东新区",
        "mid": "4014187028645949",
        "verified_reason": "",
        "attitudes_count": 14,
        "followers_count": 3607,
        "verified_type": 220,
        "statuses_count": 620,
        "parent": null,
        "verified": false,
        "geo": null,
        "user_created_at": 1345218338,
        "favourites_count": 7,
        "screen_name": "Jinp_金飘",
        "gender": "f",
        "user_geo_enabled": true,
        "username": "Jinp_金飘",
        "comments_count": 16,
        "t": 1472540230,
        "video_status_count": 0,
        "urank": 24,
        "user_ability": 3145728,
        "credit_score": 80
    },
    {
        "reposts_count": 0,
        "uid": 1194078233,
        "bi_followers_count": 7,
        "text": "两个视频一个晴天一个阴天，一个有护栏，一个没有一个白天一个傍晚！硬拼凑起来的 http://t.cn/RchCwjW",
        "user_description": "",
        "user_avatar": "https://tvax1.sinaimg.cn/crop.0.0.640.640.50/472c3019ly8fxwba5fuv1j20hs0hsjrv.jpg?KID=imgbed,tva&Expires=1584956135&ssig=AvT%2F0zkqp0",
        "id": "4014407979774562",
        "city": "1000",
        "province": "11",
        "friends_count": 77,
        "user_location": "北京",
        "mid": "4014407979774562",
        "verified_reason": "",
        "attitudes_count": 0,
        "followers_count": 95,
        "verified_type": -1,
        "statuses_count": 0,
        "parent": "4014187028645949",
        "verified": false,
        "geo": null,
        "user_created_at": 1369269615,
        "favourites_count": 31,
        "screen_name": "黑猫骑白马",
        "gender": "m",
        "user_geo_enabled": true,
        "username": "黑猫骑白马",
        "comments_count": 0,
        "t": 1472592909,
        "video_status_count": 0,
        "urank": 14,
        "user_ability": 2101248,
        "credit_score": 80
    },
    {
        "reposts_count": 0,
        "uid": 1680590460,
        "bi_followers_count": 125,
        "text": "我也看到视频了！真的啊",
        "user_description": "",
        "user_avatar": "https://tvax4.sinaimg.cn/crop.0.0.511.511.50/642bc67cly8fheoiogexjj20e80e7wes.jpg?KID=imgbed,tva&Expires=1584956135&ssig=NAUUPlgTWy",
        "id": "4014299661905569",
        "city": "1000",
        "province": "44",
        "friends_count": 595,
        "user_location": "广东",
        "mid": "4014299661905569",
        "verified_reason": "深圳市中恒银通科技有限公司市场经理",
        "attitudes_count": 0,
        "followers_count": 668,
        "verified_type": 0,
        "statuses_count": 2461,
        "parent": "4014187028645949",
        "verified": true,
        "geo": null,
        "user_created_at": 1282185488,
        "favourites_count": 711,
        "screen_name": "艾小怒怒",
        "gender": "f",
        "user_geo_enabled": true,
        "username": "艾小怒怒",
        "comments_count": 0,
        "t": 1472567083,
        "video_status_count": 0,
        "urank": 31,
        "user_ability": 2097152,
        "credit_score": 80
    },
    {
        "reposts_count": 0,
        "uid": 3085317913,
        "bi_followers_count": 98,
        "text": "@Mikky恩妍",
        "user_description": "无锡一中→RPI→UPenn",
        "user_avatar": "https://tvax3.sinaimg.cn/crop.0.0.512.512.50/b7e63719ly8fo0k077ijsj20e80e83yr.jpg?KID=imgbed,tva&Expires=1584956135&ssig=yHejzgz4%2Fq",
        "id": "4014253859747205",
        "city": "1",
        "province": "400",
        "friends_count": 284,
        "user_location": "海外 美国",
        "mid": "4014253859747205",
        "verified_reason": "",
        "attitudes_count": 0,
        "followers_count": 280,
        "verified_type": -1,
        "statuses_count": 51,
        "parent": "4014187028645949",
        "verified": false,
        "geo": null,
        "user_created_at": 1351869758,
        "favourites_count": 4,
        "screen_name": "gaia_he",
        "gender": "m",
        "user_geo_enabled": true,
        "username": "gaia_he",
        "comments_count": 0,
        "t": 1472556164,
        "video_status_count": 0,
        "urank": 33,
        "user_ability": 2098176,
        "credit_score": 80
    },
    {
        "reposts_count": 0,
        "uid": 2623074395,
        "bi_followers_count": 740,
        "text": "#网警提示#[话筒] http://t.cn/RcPRe7L //@泉州网警巡查执法:您好，我们是泉州网警。您发布的微博信息存在不实之处，实为大广高速一车辆突发起火http://weibo.com/1682207150/E5NAUDUb6 。为避免不实信息的扩散，请你将微博自行删除。警方提示：……利用互联网制作、复制、传播不实信息等扰乱社会秩序的，都属违法！[围观]",
        "user_description": "为人朴实，工作勤奋，实事求是。 座右铭：无欲则刚。",
        "user_avatar": "https://tvax3.sinaimg.cn/crop.0.0.996.996.50/9c58f05bly8g7akdds96rj20ro0rot9w.jpg?KID=imgbed,tva&Expires=1584956135&ssig=1QVt2%2FO0l2",
        "id": "4014232091843699",
        "city": "6",
        "province": "32",
        "friends_count": 944,
        "user_location": "江苏 南通",
        "mid": "4014232091843699",
        "verified_reason": "  江苏省南通市公安局民警",
        "attitudes_count": 0,
        "followers_count": 8099,
        "verified_type": 0,
        "statuses_count": 7803,
        "parent": "4014187028645949",
        "verified": true,
        "geo": null,
        "user_created_at": 1328942488,
        "favourites_count": 10,
        "screen_name": "南通叶SIR",
        "gender": "m",
        "user_geo_enabled": true,
        "username": "南通叶SIR",
        "comments_count": 0,
        "t": 1472550974,
        "video_status_count": 0,
        "urank": 45,
        "user_ability": 2359296,
        "credit_score": 80
    },
    {
        "reposts_count": 0,
        "uid": 3094452711,
        "bi_followers_count": 374,
        "text": "您好，我们是泉州网警。您发布的微博信息存在不实之处，实为大广高速一车辆突发起火http://weibo.com/1682207150/E5NAUDUb6 。为避免不实信息的扩散，请你将微博自行删除。警方提示：根据《计算机信息网络国际联网安全保护管理办法》，利用互联网制作、复制、传播不实信息等扰乱社会秩序的，都属违法",
        "user_description": "泉州市公安局网警网上巡查执法帐号，维护网上治安秩序，共建文明、和谐、清朗的网络空间。",
        "user_avatar": "https://tva1.sinaimg.cn/crop.0.0.1242.1242.50/b87199e7jw8esmb1gwtkrj20yi0yi0w3.jpg?KID=imgbed,tva&Expires=1584956135&ssig=dLsTPE%2BbYA",
        "id": "4014230074031702",
        "city": "1000",
        "province": "35",
        "friends_count": 423,
        "user_location": "福建",
        "mid": "4014230074031702",
        "verified_reason": "泉州市公安局网络安全保卫支队官方微博",
        "attitudes_count": 0,
        "followers_count": 418034,
        "verified_type": 1,
        "statuses_count": 9167,
        "parent": "4014187028645949",
        "verified": true,
        "geo": null,
        "user_created_at": 1352361142,
        "favourites_count": 6,
        "screen_name": "泉州网警巡查执法",
        "gender": "m",
        "user_geo_enabled": true,
        "username": "泉州网警巡查执法",
        "comments_count": 0,
        "t": 1472550492,
        "video_status_count": 0,
        "urank": 46,
        "user_ability": 8651272,
        "credit_score": 80
    },
    {
        "reposts_count": 0,
        "uid": 1826399652,
        "bi_followers_count": 18,
        "text": "没有经过确认以后就别发这种谣言了..8月30日，有消息在微信群等传播称：济广高速G45有飞机掉下来了！并发一段现场浓烟漫天的视频。真相是？据广州警方消息，8月29日上午9时，在花都区大广高速北行转肇花高速西行匝道有一车辆突发起火，现场有浓烟。至上午10时，明火已被控制，未有伤亡。",
        "user_description": "淡一些、谅一些、忍一些，会使我们的心宽一些、和一些、暖一些。🙏",
        "user_avatar": "https://tva1.sinaimg.cn/crop.0.0.640.640.50/6cdca5a4jw8enmtkhsvj2j20hs0hs76j.jpg?KID=imgbed,tva&Expires=1584956135&ssig=wfEYq84PbU",
        "id": "4014228061468129",
        "city": "1000",
        "province": "32",
        "friends_count": 104,
        "user_location": "江苏",
        "mid": "4014228061468129",
        "verified_reason": "",
        "attitudes_count": 0,
        "followers_count": 70,
        "verified_type": -1,
        "statuses_count": 3,
        "parent": "4014187028645949",
        "verified": false,
        "geo": null,
        "user_created_at": 1285214333,
        "favourites_count": 25,
        "screen_name": "叶子的叶o0O",
        "gender": "m",
        "user_geo_enabled": true,
        "username": "叶子的叶o0O",
        "comments_count": 0,
        "t": 1472550013,
        "video_status_count": 0,
        "urank": 14,
        "user_ability": 0,
        "credit_score": 80
    },
    {
        "reposts_count": 0,
        "uid": 1248435542,
        "bi_followers_count": 133,
        "text": "未有权威报道",
        "user_description": "吴江市吉米纺织品有限公司  主营：羽绒服面料、防寒服面料、户外功能性面料",
        "user_avatar": "https://tvax3.sinaimg.cn/crop.0.0.750.750.50/4a699d56ly8gb77u69444j20ku0ku0tx.jpg?KID=imgbed,tva&Expires=1584956135&ssig=0gTyPaOMFQ",
        "id": "4014225833817965",
        "city": "1000",
        "province": "32",
        "friends_count": 1405,
        "user_location": "江苏",
        "mid": "4014225833817965",
        "verified_reason": "吴江市吉米纺织品有限公司销售经理",
        "attitudes_count": 0,
        "followers_count": 2425,
        "verified_type": 0,
        "statuses_count": 3300,
        "parent": "4014187028645949",
        "verified": true,
        "geo": null,
        "user_created_at": 1267493609,
        "favourites_count": 283,
        "screen_name": "跳动的经纬线",
        "gender": "m",
        "user_geo_enabled": true,
        "username": "跳动的经纬线",
        "comments_count": 0,
        "t": 1472549482,
        "video_status_count": 0,
        "urank": 38,
        "user_ability": 3409924,
        "credit_score": 80
    },
    {
        "reposts_count": 0,
        "uid": 3929457641,
        "bi_followers_count": 150,
        "text": "回复@Melao_Yong:【大广高速车辆起火 网友惊呼如空袭】今天（8 月 29 日）中午有网友向大粤网报料： 广乐高速转肇花高速处一货车着火，现场浓烟冲天，犹如空袭。大粤网随后向广州公安求证，警方证实网传照片属实，并通报称明火已被控制，涉事路段暂时封闭，途经车辆需要绕行。 ( 来自 : 腾讯大粤网 )",
        "user_description": "只想搞钱",
        "user_avatar": "https://tvax1.sinaimg.cn/crop.0.0.1022.1022.50/ea36c3e9gy1gaatwntn24j20sg0sgthj.jpg?KID=imgbed,tva&Expires=1584956135&ssig=dpjzyfZdbM",
        "id": "4014218921840742",
        "city": "2",
        "province": "35",
        "friends_count": 446,
        "user_location": "福建 厦门",
        "mid": "4014218921840742",
        "verified_reason": "",
        "attitudes_count": 0,
        "followers_count": 1336,
        "verified_type": -1,
        "statuses_count": 270,
        "parent": "4014187028645949",
        "verified": false,
        "geo": null,
        "user_created_at": 1385810378,
        "favourites_count": 28,
        "screen_name": "匿名用户杨先生",
        "gender": "m",
        "user_geo_enabled": true,
        "username": "匿名用户杨先生",
        "comments_count": 0,
        "t": 1472547833,
        "video_status_count": 0,
        "urank": 28,
        "user_ability": 2098176,
        "credit_score": 80
    },
    {
        "reposts_count": 0,
        "uid": 1883763121,
        "bi_followers_count": 114,
        "text": "真的",
        "user_description": "多才多艺！",
        "user_avatar": "https://tva2.sinaimg.cn/crop.0.0.640.640.50/7047f1b1jw8edp99qvg9hj20hs0hs0tr.jpg?KID=imgbed,tva&Expires=1584956135&ssig=Sp5wErrMg6",
        "id": "4014213989268332",
        "city": "17",
        "province": "44",
        "friends_count": 285,
        "user_location": "广东 阳江",
        "mid": "4014213989268332",
        "verified_reason": "",
        "attitudes_count": 0,
        "followers_count": 5054,
        "verified_type": 220,
        "statuses_count": 1255,
        "parent": "4014187028645949",
        "verified": false,
        "geo": null,
        "user_created_at": 1291600017,
        "favourites_count": 8,
        "screen_name": "Melao_Yong",
        "gender": "m",
        "user_geo_enabled": true,
        "username": "Melao_Yong",
        "comments_count": 0,
        "t": 1472546658,
        "video_status_count": 0,
        "urank": 16,
        "user_ability": 0,
        "credit_score": 80
    },
    {
        "reposts_count": 0,
        "uid": 1752193720,
        "bi_followers_count": 11,
        "text": "8月29日上午9时18分许，在花都区大广高速北行转肇花高速西行匝道有一车辆突发起火，现场有浓烟。广州警方接报后，迅速指令消防支队、交警支队及花都区公安分局出警处置。经消防官兵全力扑救，至上午10时15分，现场明火已被控制，暂未发现有人员伤亡。",
        "user_description": "",
        "user_avatar": "https://tva1.sinaimg.cn/crop.45.0.369.369.50/68705ab8jw8ehek768djmj20cs0a9gm1.jpg?KID=imgbed,tva&Expires=1584956135&ssig=NnVUjgLebR",
        "id": "4014209778390571",
        "city": "1",
        "province": "65",
        "friends_count": 615,
        "user_location": "新疆 乌鲁木齐",
        "mid": "4014209778390571",
        "verified_reason": "",
        "attitudes_count": 0,
        "followers_count": 88,
        "verified_type": -1,
        "statuses_count": 1640,
        "parent": "4014187028645949",
        "verified": false,
        "geo": null,
        "user_created_at": 1364831797,
        "favourites_count": 93,
        "screen_name": "彼岸de眼淚007",
        "gender": "f",
        "user_geo_enabled": true,
        "username": "彼岸de眼淚007",
        "comments_count": 0,
        "t": 1472545653,
        "video_status_count": 0,
        "urank": 9,
        "user_ability": 33554432,
        "credit_score": 80
    },
    {
        "reposts_count": 0,
        "uid": 5878955107,
        "bi_followers_count": 53,
        "text": "传谣",
        "user_description": "抖音号JJ025",
        "user_avatar": "https://tvax3.sinaimg.cn/crop.0.0.1080.1080.50/006pRuMzly8g7bjl2p4x3j30u00u00u7.jpg?KID=imgbed,tva&Expires=1584956135&ssig=L%2FTEA7m4g8",
        "id": "4014207088936955",
        "city": "1",
        "province": "32",
        "friends_count": 734,
        "user_location": "江苏 南京",
        "mid": "4014207088936955",
        "verified_reason": "萌宠视频自媒体",
        "attitudes_count": 0,
        "followers_count": 3494,
        "verified_type": 0,
        "statuses_count": 402,
        "parent": "4014187028645949",
        "verified": true,
        "geo": null,
        "user_created_at": 1457523067,
        "favourites_count": 13,
        "screen_name": "铲屎官江江",
        "gender": "m",
        "user_geo_enabled": true,
        "username": "铲屎官江江",
        "comments_count": 0,
        "t": 1472545013,
        "video_status_count": 0,
        "urank": 25,
        "user_ability": 3407872,
        "credit_score": 80
    },
    {
        "reposts_count": 0,
        "uid": 1240199045,
        "bi_followers_count": 195,
        "text": "飞机掉下来？这有点扯吧",
        "user_description": "不是名人，不是党员，是个陕西娃！cyu、pinggu、aspire",
        "user_avatar": "https://tva1.sinaimg.cn/crop.200.0.800.800.50/49ebef85jw1fapebofb1kj20xc0m8q71.jpg?KID=imgbed,tva&Expires=1584956135&ssig=UhESw0VeEk",
        "id": "4014205851706892",
        "city": "5",
        "province": "61",
        "friends_count": 446,
        "user_location": "陕西 渭南",
        "mid": "4014205851706892",
        "verified_reason": "",
        "attitudes_count": 0,
        "followers_count": 1922,
        "verified_type": 220,
        "statuses_count": 7318,
        "parent": "4014187028645949",
        "verified": false,
        "geo": null,
        "user_created_at": 1251448452,
        "favourites_count": 14,
        "screen_name": "小人鱼育儿园",
        "gender": "m",
        "user_geo_enabled": true,
        "username": "小人鱼育儿园",
        "comments_count": 0,
        "t": 1472544718,
        "video_status_count": 0,
        "urank": 31,
        "user_ability": 2097152,
        "credit_score": 80
    },
    {
        "reposts_count": 0,
        "uid": 27882215,
        "bi_followers_count": 15,
        "text": "我也看到小视频了。",
        "user_description": "",
        "user_avatar": "https://tva1.sinaimg.cn/crop.10.0.730.730.50/01a972e7jw8f8t9ioxlvmj20ku0kajsr.jpg?KID=imgbed,tva&Expires=1584956135&ssig=NPjshHJvuf",
        "id": "4014197223767107",
        "city": "16",
        "province": "400",
        "friends_count": 249,
        "user_location": "海外 其他",
        "mid": "4014197223767107",
        "verified_reason": "涡阳县天静文化传媒有限公司",
        "attitudes_count": 0,
        "followers_count": 293,
        "verified_type": 2,
        "statuses_count": 36,
        "parent": "4014187028645949",
        "verified": true,
        "geo": null,
        "user_created_at": 1290856625,
        "favourites_count": 2,
        "screen_name": "天静文化传媒",
        "gender": "m",
        "user_geo_enabled": true,
        "username": "天静文化传媒",
        "comments_count": 0,
        "t": 1472542661,
        "video_status_count": 0,
        "urank": 14,
        "user_ability": 2097152,
        "credit_score": 80
    },
    {
        "reposts_count": 0,
        "uid": 2893397217,
        "bi_followers_count": 7,
        "text": "假的吧",
        "user_description": "厦门晨夕摄影工作室。厦门旅拍摄影师.承接所有拍摄类活",
        "user_avatar": "https://tvax1.sinaimg.cn/crop.5.0.739.739.50/ac75bce1ly8fgrv5hqlcmj20ku0kjwg0.jpg?KID=imgbed,tva&Expires=1584956135&ssig=%2Fl7QF9tuGJ",
        "id": "4014196527670118",
        "city": "2",
        "province": "35",
        "friends_count": 152,
        "user_location": "福建 厦门",
        "mid": "4014196527670118",
        "verified_reason": "",
        "attitudes_count": 0,
        "followers_count": 1634,
        "verified_type": -1,
        "statuses_count": 45,
        "parent": "4014187028645949",
        "verified": false,
        "geo": null,
        "user_created_at": 1342761696,
        "favourites_count": 0,
        "screen_name": "厦门摄影师凯艺",
        "gender": "m",
        "user_geo_enabled": true,
        "username": "厦门摄影师凯艺",
        "comments_count": 0,
        "t": 1472542495,
        "video_status_count": 0,
        "urank": 9,
        "user_ability": 1024,
        "credit_score": 80
    },
    {
        "reposts_count": 0,
        "uid": 1939428257,
        "bi_followers_count": 212,
        "text": "据说是拉煤车和液态甲醇车碰撞💥",
        "user_description": "我的小航子，她是个难缠的小家伙。不过我喜欢..",
        "user_avatar": "https://tva3.sinaimg.cn/crop.0.0.180.180.50/739953a1jw1e8qgp5bmzyj2050050aa8.jpg?KID=imgbed,tva&Expires=1584956135&ssig=QtzpkQbbx8",
        "id": "4014190442033649",
        "city": "12",
        "province": "34",
        "friends_count": 468,
        "user_location": "安徽 阜阳",
        "mid": "4014190442033649",
        "verified_reason": "",
        "attitudes_count": 0,
        "followers_count": 423,
        "verified_type": -1,
        "statuses_count": 1195,
        "parent": "4014187028645949",
        "verified": false,
        "geo": null,
        "user_created_at": 1296225484,
        "favourites_count": 45,
        "screen_name": "Leon晋",
        "gender": "m",
        "user_geo_enabled": true,
        "username": "Leon晋",
        "comments_count": 0,
        "t": 1472541044,
        "video_status_count": 0,
        "urank": 25,
        "user_ability": 0,
        "credit_score": 80
    }
]