[
    {
        "reposts_count": 1,
        "uid": 5822692326,
        "bi_followers_count": 100,
        "text": "#新乡身边事#十一点多听到很强烈的爆炸声音..\n昨天上午11:15分左右，焦作武陟县西陶镇石荆村一家鞭炮厂发生爆炸。据附近村民称，已有5人死亡，具体伤亡人数正在核实。目前，110、120和119均已赶到现场。 ​",
        "user_description": "新乡通",
        "user_avatar": "https://tva3.sinaimg.cn/crop.0.0.600.600.50/006m3qgmjw8f6q1pmn86sj30go0gojsk.jpg?KID=imgbed,tva&Expires=1584956129&ssig=Sah3KRNal4",
        "id": "4015175772321513",
        "city": "7",
        "province": "41",
        "friends_count": 2166,
        "user_location": "河南 新乡",
        "mid": "4015175772321513",
        "verified_reason": "本地资讯博主（新乡）",
        "attitudes_count": 1,
        "followers_count": 66746,
        "verified_type": 0,
        "statuses_count": 11638,
        "parent": null,
        "verified": true,
        "geo": null,
        "user_created_at": 1452006818,
        "favourites_count": 4,
        "screen_name": "新乡通",
        "gender": "m",
        "user_geo_enabled": true,
        "username": "新乡通",
        "comments_count": 5,
        "t": 1472775965,
        "video_status_count": 0,
        "urank": 36,
        "user_ability": 11798536,
        "credit_score": 80
    },
    {
        "reposts_count": 0,
        "uid": 5822692326,
        "bi_followers_count": 100,
        "text": "回复@梅州网警巡查执法:早已删除了！",
        "user_description": "新乡通",
        "user_avatar": "https://tva3.sinaimg.cn/crop.0.0.600.600.50/006m3qgmjw8f6q1pmn86sj30go0gojsk.jpg?KID=imgbed,tva&Expires=1584956129&ssig=Sah3KRNal4",
        "id": "4018916546501880",
        "city": "7",
        "province": "41",
        "friends_count": 2164,
        "user_location": "河南 新乡",
        "mid": "4018916546501880",
        "verified_reason": "本地资讯博主（新乡）",
        "attitudes_count": 0,
        "followers_count": 66681,
        "verified_type": 0,
        "statuses_count": 11636,
        "parent": "4015175772321513",
        "verified": true,
        "geo": null,
        "user_created_at": 1452006818,
        "favourites_count": 4,
        "screen_name": "新乡通",
        "gender": "m",
        "user_geo_enabled": true,
        "username": "新乡通",
        "comments_count": 0,
        "t": 1473667835,
        "video_status_count": 0,
        "urank": 36,
        "user_ability": 11798536,
        "credit_score": 80
    },
    {
        "reposts_count": 0,
        "uid": 5917088163,
        "bi_followers_count": 26,
        "text": "您好，我们是梅州网警。您发布的该微博信息存在不实之处，该信息已被多地警方公开辟谣。为避免不实信息的扩散，请你将微博自行删除。警方提示：根据《计算机信息网络国际联网安全保护管理办法》，利用互联网制作、复制、传播不实信息等扰乱社会秩序的，都属于违法行为。",
        "user_description": "",
        "user_avatar": "https://tvax2.sinaimg.cn/crop.3.0.476.476.50/006sruVRgy1ffhhsqmddij30dd0dbjtj.jpg?KID=imgbed,tva&Expires=1584956129&ssig=hdCKveZ4jb",
        "id": "4018916160032683",
        "city": "1000",
        "province": "44",
        "friends_count": 104,
        "user_location": "广东",
        "mid": "4018916160032683",
        "verified_reason": "广东省梅州市公安局网络警察支队官方微博",
        "attitudes_count": 0,
        "followers_count": 4221,
        "verified_type": 1,
        "statuses_count": 6080,
        "parent": "4015175772321513",
        "verified": true,
        "geo": null,
        "user_created_at": 1462324693,
        "favourites_count": 15,
        "screen_name": "梅州网警巡查执法",
        "gender": "m",
        "user_geo_enabled": true,
        "username": "梅州网警巡查执法",
        "comments_count": 0,
        "t": 1473667743,
        "video_status_count": 0,
        "urank": 14,
        "user_ability": 8650752,
        "credit_score": 80
    },
    {
        "reposts_count": 0,
        "uid": 5885587260,
        "bi_followers_count": 0,
        "text": "小编看看是不是 http://t.cn/RcZgDy6",
        "user_description": "瑞士漾兰Yavanna 面膜系列 护肤系列 保正品 价格低自家减肥店常年备 加我v：zhangshanliang--",
        "user_avatar": "https://tva2.sinaimg.cn/crop.13.0.723.723.50/006qjk6Mjw8fbabynznl3j30ku0k3aaz.jpg?KID=imgbed,tva&Expires=1584956129&ssig=ZT0DzGG%2Bun",
        "id": "4015236119883242",
        "city": "7",
        "province": "41",
        "friends_count": 381,
        "user_location": "河南 新乡",
        "mid": "4015236119883242",
        "verified_reason": "",
        "attitudes_count": 0,
        "followers_count": 101,
        "verified_type": -1,
        "statuses_count": 1129,
        "parent": "4015175772321513",
        "verified": false,
        "geo": null,
        "user_created_at": 1458392849,
        "favourites_count": 1,
        "screen_name": "张善良118",
        "gender": "f",
        "user_geo_enabled": true,
        "username": "张善良118",
        "comments_count": 0,
        "t": 1472790352,
        "video_status_count": 0,
        "urank": 9,
        "user_ability": 2360320,
        "credit_score": 80
    },
    {
        "reposts_count": 0,
        "uid": 5127282161,
        "bi_followers_count": 13,
        "text": "卫辉都听到了",
        "user_description": "他们猜 随便猜 不重要",
        "user_avatar": "https://tva2.sinaimg.cn/crop.0.0.996.996.50/005AZyjnjw8f854klrhi2j30ro0rpace.jpg?KID=imgbed,tva&Expires=1584956129&ssig=JWMhUCkwK8",
        "id": "4015228087741917",
        "city": "7",
        "province": "41",
        "friends_count": 249,
        "user_location": "河南 新乡",
        "mid": "4015228087741917",
        "verified_reason": "",
        "attitudes_count": 0,
        "followers_count": 148,
        "verified_type": -1,
        "statuses_count": 729,
        "parent": "4015175772321513",
        "verified": false,
        "geo": null,
        "user_created_at": 1413379446,
        "favourites_count": 119,
        "screen_name": "甜甜小葡萄baby",
        "gender": "f",
        "user_geo_enabled": true,
        "username": "甜甜小葡萄baby",
        "comments_count": 0,
        "t": 1472788438,
        "video_status_count": 0,
        "urank": 14,
        "user_ability": 35651584,
        "credit_score": 80
    },
    {
        "reposts_count": 0,
        "uid": 5963568333,
        "bi_followers_count": 3,
        "text": "真的",
        "user_description": "",
        "user_avatar": "https://tva1.sinaimg.cn/crop.0.0.996.996.50/006vAwy1jw8f7dt6d4g5rj30ro0rpac7.jpg?KID=imgbed,tva&Expires=1584956129&ssig=0vIaaGZ%2BU3",
        "id": "4015190087133203",
        "city": "1000",
        "province": "41",
        "friends_count": 199,
        "user_location": "河南",
        "mid": "4015190087133203",
        "verified_reason": "",
        "attitudes_count": 0,
        "followers_count": 27,
        "verified_type": -1,
        "statuses_count": 695,
        "parent": "4015175772321513",
        "verified": false,
        "geo": null,
        "user_created_at": 1466495872,
        "favourites_count": 0,
        "screen_name": "我来自85后",
        "gender": "f",
        "user_geo_enabled": true,
        "username": "我来自85后",
        "comments_count": 0,
        "t": 1472779378,
        "video_status_count": 0,
        "urank": 9,
        "user_ability": 2097152,
        "credit_score": 80
    }
]