[
    {
        "reposts_count": 0,
        "uid": 5555282961,
        "bi_followers_count": 105,
        "text": "【奶粉里的肉毒杆菌哪来】新西兰恒天然公司一工厂发现其乳粉检出肉毒杆菌。娃哈哈、可口可乐、多美滋等使用了其乳粉。肉毒杆菌对1岁以下婴儿存在较大威胁。毒素进入到血液以后有可能导致孩子神经痉挛或麻痹的中毒症状。 ​",
        "user_description": "",
        "user_avatar": "https://tva4.sinaimg.cn/crop.0.0.179.179.50/0063XoS5gw1f5othr78ssj3050050748.jpg?KID=imgbed,tva&Expires=1584956125&ssig=mkbVHyWUY3",
        "id": "4017386061555487",
        "city": "3",
        "province": "62",
        "friends_count": 461,
        "user_location": "甘肃 金昌",
        "mid": "4017386061555487",
        "verified_reason": "",
        "attitudes_count": 0,
        "followers_count": 384,
        "verified_type": -1,
        "statuses_count": 309,
        "parent": null,
        "verified": false,
        "geo": null,
        "user_created_at": 1432398058,
        "favourites_count": 0,
        "screen_name": "账授纪肮共姥滦",
        "gender": "f",
        "user_geo_enabled": true,
        "username": "账授纪肮共姥滦",
        "comments_count": 1,
        "t": 1473302939,
        "video_status_count": 0,
        "urank": 13,
        "user_ability": 2097152,
        "credit_score": 80
    },
    {
        "reposts_count": 0,
        "uid": 5917088163,
        "bi_followers_count": 26,
        "text": "您好，我们是梅州网警。您发布的该微博信息存在不实之处，该信息已被多地警方公开辟谣。为避免不实信息的扩散，请你将微博自行删除。警方提示：根据《计算机信息网络国际联网安全保护管理办法》，利用互联网制作、复制、传播不实信息等扰乱社会秩序的，都属于违法行为。",
        "user_description": "",
        "user_avatar": "https://tvax2.sinaimg.cn/crop.3.0.476.476.50/006sruVRgy1ffhhsqmddij30dd0dbjtj.jpg?KID=imgbed,tva&Expires=1584956125&ssig=wqIGxK2ZEv",
        "id": "4101174104054334",
        "city": "1000",
        "province": "44",
        "friends_count": 104,
        "user_location": "广东",
        "mid": "4101174104054334",
        "verified_reason": "广东省梅州市公安局网络警察支队官方微博",
        "attitudes_count": 0,
        "followers_count": 4221,
        "verified_type": 1,
        "statuses_count": 6080,
        "parent": "4017386061555487",
        "verified": true,
        "geo": null,
        "user_created_at": 1462324693,
        "favourites_count": 15,
        "screen_name": "梅州网警巡查执法",
        "gender": "m",
        "user_geo_enabled": true,
        "username": "梅州网警巡查执法",
        "comments_count": 0,
        "t": 1493279565,
        "video_status_count": 0,
        "urank": 14,
        "user_ability": 8650752,
        "credit_score": 80
    }
]