[
    {
        "reposts_count": 0,
        "uid": 5945222623,
        "bi_followers_count": 5,
        "text": "应该真的是sm死的，不然干嘛申请名人保护？不想公开就是因为死亡原因见不得人，说不定身上还有精液。死者为大，希望安息，其实参加我们相爱吧，我就感觉他是gay。",
        "user_description": "我就是一个特立独行的人",
        "user_avatar": "https://tva4.sinaimg.cn/crop.0.0.996.996.50/006ulxZtjw8f5mmlid82hj30ro0rptbg.jpg?KID=imgbed,tva&Expires=1584956108&ssig=Xb3f7DUFii",
        "id": "4020496108474093",
        "city": "4",
        "province": "43",
        "friends_count": 1071,
        "user_location": "湖南 衡阳",
        "mid": "4020496108474093",
        "verified_reason": "",
        "attitudes_count": 1,
        "followers_count": 686,
        "verified_type": -1,
        "statuses_count": 14,
        "parent": null,
        "verified": false,
        "geo": null,
        "user_created_at": 1465105510,
        "favourites_count": 44,
        "screen_name": "小雨的奇妙心情",
        "gender": "m",
        "user_geo_enabled": true,
        "username": "小雨的奇妙心情",
        "comments_count": 2,
        "t": 1474044431,
        "video_status_count": 0,
        "urank": 9,
        "user_ability": 2098176,
        "credit_score": 80
    },
    {
        "reposts_count": 0,
        "uid": 5642909438,
        "bi_followers_count": 27,
        "text": "你确定你是农村的？你是农村喂猪的吧？猪都不愿意拱你",
        "user_description": "好好做人",
        "user_avatar": "https://tvax1.sinaimg.cn/crop.0.0.996.996.50/0069T4wmly8ga90p90vt6j30ro0ro427.jpg?KID=imgbed,tva&Expires=1584956108&ssig=J6JWbkiuNV",
        "id": "4027914343408880",
        "city": "1000",
        "province": "100",
        "friends_count": 918,
        "user_location": "其他",
        "mid": "4027914343408880",
        "verified_reason": "",
        "attitudes_count": 0,
        "followers_count": 665,
        "verified_type": -1,
        "statuses_count": 1514,
        "parent": "4020496108474093",
        "verified": false,
        "geo": null,
        "user_created_at": 1435580972,
        "favourites_count": 6,
        "screen_name": "达西呢",
        "gender": "f",
        "user_geo_enabled": true,
        "username": "达西呢",
        "comments_count": 0,
        "t": 1475813077,
        "video_status_count": 0,
        "urank": 14,
        "user_ability": 2098176,
        "credit_score": 80
    },
    {
        "reposts_count": 0,
        "uid": 2238605521,
        "bi_followers_count": 93,
        "text": "你脑壳有屎啊？死人都不放过，小心他晚上来找你",
        "user_description": "",
        "user_avatar": "https://tva3.sinaimg.cn/crop.0.0.180.180.50/856e68d1jw1e8qgp5bmzyj2050050aa8.jpg?KID=imgbed,tva&Expires=1584956108&ssig=zskWN4bOuU",
        "id": "4023039853669949",
        "city": "3",
        "province": "50",
        "friends_count": 257,
        "user_location": "重庆 渝中区",
        "mid": "4023039853669949",
        "verified_reason": "",
        "attitudes_count": 0,
        "followers_count": 391,
        "verified_type": -1,
        "statuses_count": 1326,
        "parent": "4020496108474093",
        "verified": false,
        "geo": null,
        "user_created_at": 1310285504,
        "favourites_count": 69,
        "screen_name": "芋mm",
        "gender": "f",
        "user_geo_enabled": true,
        "username": "芋mm",
        "comments_count": 0,
        "t": 1474650908,
        "video_status_count": 0,
        "urank": 18,
        "user_ability": 33554432,
        "credit_score": 80
    }
]