[
    {
        "reposts_count": 0,
        "uid": 1954628687,
        "bi_followers_count": 50,
        "text": "跟导演玩SM的也要一路走好？[笑cry][笑cry][笑cry]#乔任梁去世##乔任梁突然去世# ​",
        "user_description": "瘦身，成家，出国，吃天下！！！",
        "user_avatar": "https://tvax3.sinaimg.cn/crop.0.0.749.749.50/7481444fly8fg0xh01etfj20ku0kt3zg.jpg?KID=imgbed,tva&Expires=1584956100&ssig=tNO3nKEsD0",
        "id": "4020638715433206",
        "city": "1",
        "province": "21",
        "friends_count": 490,
        "user_location": "辽宁 沈阳",
        "mid": "4020638715433206",
        "verified_reason": "",
        "attitudes_count": 1,
        "followers_count": 136,
        "verified_type": -1,
        "statuses_count": 154,
        "parent": null,
        "verified": false,
        "geo": null,
        "user_created_at": 1393846779,
        "favourites_count": 484,
        "screen_name": "大丁丁先生",
        "gender": "m",
        "user_geo_enabled": true,
        "username": "大丁丁先生",
        "comments_count": 1,
        "t": 1474078432,
        "video_status_count": 0,
        "urank": 20,
        "user_ability": 33555456,
        "credit_score": 80
    },
    {
        "reposts_count": 0,
        "uid": 2490548081,
        "bi_followers_count": 0,
        "text": "别瞎说！是抑郁自杀！能不能尊重下死者？",
        "user_description": "",
        "user_avatar": "https://tvax1.sinaimg.cn/default/images/default_avatar_male_50.gif?KID=imgbed,tva&Expires=1584956100&ssig=20TctRRsxm",
        "id": "4020731346298441",
        "city": "1000",
        "province": "11",
        "friends_count": 100,
        "user_location": "北京",
        "mid": "4020731346298441",
        "verified_reason": "",
        "attitudes_count": 0,
        "followers_count": 1,
        "verified_type": -1,
        "statuses_count": 216,
        "parent": "4020638715433206",
        "verified": false,
        "geo": null,
        "user_created_at": 1322184888,
        "favourites_count": 1,
        "screen_name": "手机用户2490548081",
        "gender": "m",
        "user_geo_enabled": true,
        "username": "手机用户2490548081",
        "comments_count": 0,
        "t": 1474100517,
        "video_status_count": 0,
        "urank": 4,
        "user_ability": 0,
        "credit_score": 80
    }
]