[
    {
        "reposts_count": 1,
        "uid": 3304310703,
        "bi_followers_count": 51,
        "text": "网曝乔任梁意外死亡，曝与某导演SM过度死亡，导演王子元个人资料被扒！！！如不是属实，该导演就是炒作，蹭死者关注热度！！望各位粉丝，各位网友理智看待！！！ ​",
        "user_description": "白天是搞笑的废物 深夜是抑郁的怪物 ​​​",
        "user_avatar": "https://tvax1.sinaimg.cn/crop.0.0.512.512.50/c4f3c7afly8gblx7vlip9j20e80e874i.jpg?KID=imgbed,tva&Expires=1584956111&ssig=%2BD%2B4zEIFtC",
        "id": "4020485568252847",
        "city": "1000",
        "province": "51",
        "friends_count": 302,
        "user_location": "四川",
        "mid": "4020485568252847",
        "verified_reason": "",
        "attitudes_count": 136,
        "followers_count": 206,
        "verified_type": -1,
        "statuses_count": 960,
        "parent": null,
        "verified": false,
        "geo": null,
        "user_created_at": 1362799352,
        "favourites_count": 75,
        "screen_name": "橘子蒙先森",
        "gender": "f",
        "user_geo_enabled": true,
        "username": "橘子蒙先森",
        "comments_count": 31,
        "t": 1474041919,
        "video_status_count": 0,
        "urank": 29,
        "user_ability": 35653120,
        "credit_score": 80
    },
    {
        "reposts_count": 0,
        "uid": 5129186769,
        "bi_followers_count": 7,
        "text": "SM是啥意思？",
        "user_description": "挣钱是一种能力，花钱是一种技术，可惜我能力有限，技术却很高",
        "user_avatar": "https://tvax3.sinaimg.cn/crop.0.0.888.888.50/005B7xMRly8g5ar3heo58j30oo0oogmo.jpg?KID=imgbed,tva&Expires=1584956111&ssig=s8KEB%2BZAHb",
        "id": "4020798798640463",
        "city": "1",
        "province": "51",
        "friends_count": 310,
        "user_location": "四川 成都",
        "mid": "4020798798640463",
        "verified_reason": "",
        "attitudes_count": 0,
        "followers_count": 41,
        "verified_type": -1,
        "statuses_count": 76,
        "parent": "4020485568252847",
        "verified": false,
        "geo": null,
        "user_created_at": 1399039685,
        "favourites_count": 2,
        "screen_name": "燕儿姚姚",
        "gender": "f",
        "user_geo_enabled": true,
        "username": "燕儿姚姚",
        "comments_count": 0,
        "t": 1474116599,
        "video_status_count": 0,
        "urank": 14,
        "user_ability": 35651584,
        "credit_score": 80
    },
    {
        "reposts_count": 0,
        "uid": 2659452611,
        "bi_followers_count": 99,
        "text": "回复@易峰女神i:性虐待",
        "user_description": "我就是我",
        "user_avatar": "https://tvax2.sinaimg.cn/crop.0.0.996.996.50/9e8406c3ly8g5ay80dbyjj20ro0romz3.jpg?KID=imgbed,tva&Expires=1584956111&ssig=c6wSXLrbPZ",
        "id": "4020695522127704",
        "city": "6",
        "province": "23",
        "friends_count": 491,
        "user_location": "黑龙江 大庆",
        "mid": "4020695522127704",
        "verified_reason": "",
        "attitudes_count": 0,
        "followers_count": 431,
        "verified_type": -1,
        "statuses_count": 2342,
        "parent": "4020485568252847",
        "verified": false,
        "geo": null,
        "user_created_at": 1331532391,
        "favourites_count": 50,
        "screen_name": "繽顏2003",
        "gender": "f",
        "user_geo_enabled": true,
        "username": "繽顏2003",
        "comments_count": 0,
        "t": 1474091976,
        "video_status_count": 0,
        "urank": 23,
        "user_ability": 2098176,
        "credit_score": 80
    },
    {
        "reposts_count": 0,
        "uid": 5725511017,
        "bi_followers_count": 38,
        "text": "回复@-曾说完:那你尊重去吧我只庆幸这个导演不是脑残",
        "user_description": "注重养生",
        "user_avatar": "https://tvax1.sinaimg.cn/crop.0.0.512.512.50/006ftEXTly8gcuj70ylhtj30e80e8tbt.jpg?KID=imgbed,tva&Expires=1584956111&ssig=agHuJr4tbF",
        "id": "4020684181616908",
        "city": "1000",
        "province": "23",
        "friends_count": 680,
        "user_location": "黑龙江",
        "mid": "4020684181616908",
        "verified_reason": "",
        "attitudes_count": 0,
        "followers_count": 78,
        "verified_type": -1,
        "statuses_count": 1181,
        "parent": "4020485568252847",
        "verified": false,
        "geo": null,
        "user_created_at": 1444748597,
        "favourites_count": 1,
        "screen_name": "慧慧酱希望新年有学上",
        "gender": "f",
        "user_geo_enabled": true,
        "username": "慧慧酱希望新年有学上",
        "comments_count": 0,
        "t": 1474089272,
        "video_status_count": 0,
        "urank": 9,
        "user_ability": 2098176,
        "credit_score": 80
    },
    {
        "reposts_count": 0,
        "uid": 2167642460,
        "bi_followers_count": 19,
        "text": "回复@建筑系小仙女:我所说的辟谣是指和他什么sm死亡。我觉得这才是对死者的尊重",
        "user_description": "在岁月里完善自我",
        "user_avatar": "https://tva4.sinaimg.cn/crop.0.9.750.750.50/8133995cjw8fbexxit2ihj20ku0lddh8.jpg?KID=imgbed,tva&Expires=1584956111&ssig=8U3AWytGTg",
        "id": "4020681374683835",
        "city": "1000",
        "province": "100",
        "friends_count": 323,
        "user_location": "其他",
        "mid": "4020681374683835",
        "verified_reason": "",
        "attitudes_count": 0,
        "followers_count": 150,
        "verified_type": -1,
        "statuses_count": 68,
        "parent": "4020485568252847",
        "verified": false,
        "geo": null,
        "user_created_at": 1307707190,
        "favourites_count": 13,
        "screen_name": "春天小毛驴",
        "gender": "f",
        "user_geo_enabled": true,
        "username": "春天小毛驴",
        "comments_count": 0,
        "t": 1474088604,
        "video_status_count": 0,
        "urank": 30,
        "user_ability": 1024,
        "credit_score": 80
    },
    {
        "reposts_count": 0,
        "uid": 5725511017,
        "bi_followers_count": 38,
        "text": "回复@-曾说完:辟谣？有病？人刚去世你在这辟谣？不发声人家是朋友不能伤心了？就这情商真是心疼你",
        "user_description": "注重养生",
        "user_avatar": "https://tvax1.sinaimg.cn/crop.0.0.512.512.50/006ftEXTly8gcuj70ylhtj30e80e8tbt.jpg?KID=imgbed,tva&Expires=1584956111&ssig=agHuJr4tbF",
        "id": "4020681114576339",
        "city": "1000",
        "province": "23",
        "friends_count": 680,
        "user_location": "黑龙江",
        "mid": "4020681114576339",
        "verified_reason": "",
        "attitudes_count": 0,
        "followers_count": 78,
        "verified_type": -1,
        "statuses_count": 1181,
        "parent": "4020485568252847",
        "verified": false,
        "geo": null,
        "user_created_at": 1444748597,
        "favourites_count": 1,
        "screen_name": "慧慧酱希望新年有学上",
        "gender": "f",
        "user_geo_enabled": true,
        "username": "慧慧酱希望新年有学上",
        "comments_count": 0,
        "t": 1474088542,
        "video_status_count": 0,
        "urank": 9,
        "user_ability": 2098176,
        "credit_score": 80
    },
    {
        "reposts_count": 0,
        "uid": 1744565185,
        "bi_followers_count": 156,
        "text": "回复@无可77:韩国娱乐公司[doge][doge][doge]",
        "user_description": "inner peace",
        "user_avatar": "https://tvax3.sinaimg.cn/crop.0.0.748.748.50/67fbf3c1ly8fdqbse70vwj20ks0ksjrz.jpg?KID=imgbed,tva&Expires=1584956111&ssig=geW5mDDgQN",
        "id": "4020649352073561",
        "city": "1000",
        "province": "44",
        "friends_count": 234,
        "user_location": "广东",
        "mid": "4020649352073561",
        "verified_reason": "",
        "attitudes_count": 0,
        "followers_count": 633,
        "verified_type": -1,
        "statuses_count": 4047,
        "parent": "4020485568252847",
        "verified": false,
        "geo": null,
        "user_created_at": 1274412828,
        "favourites_count": 1480,
        "screen_name": "别里科夫_",
        "gender": "m",
        "user_geo_enabled": true,
        "username": "别里科夫_",
        "comments_count": 0,
        "t": 1474080968,
        "video_status_count": 0,
        "urank": 41,
        "user_ability": 35651584,
        "credit_score": 78
    },
    {
        "reposts_count": 0,
        "uid": 5664779070,
        "bi_followers_count": 0,
        "text": "回复@别里科夫_:sm是什么意思啊？",
        "user_description": "",
        "user_avatar": "https://tva3.sinaimg.cn/crop.0.0.200.200.50/006bmPOmjw8eul6dk4hpuj305k05kt8p.jpg?KID=imgbed,tva&Expires=1584956111&ssig=8WYApKppYv",
        "id": "4020647820365087",
        "city": "7",
        "province": "32",
        "friends_count": 32,
        "user_location": "江苏 连云港",
        "mid": "4020647820365087",
        "verified_reason": "",
        "attitudes_count": 0,
        "followers_count": 8,
        "verified_type": -1,
        "statuses_count": 25,
        "parent": "4020485568252847",
        "verified": false,
        "geo": null,
        "user_created_at": 1438266883,
        "favourites_count": 0,
        "screen_name": "无可77",
        "gender": "m",
        "user_geo_enabled": true,
        "username": "无可77",
        "comments_count": 0,
        "t": 1474080603,
        "video_status_count": 0,
        "urank": 4,
        "user_ability": 2098176,
        "credit_score": 80
    },
    {
        "reposts_count": 0,
        "uid": 3304310703,
        "bi_followers_count": 51,
        "text": "回复@RRRabbit_Fat:你怎么知道？[吃惊]有确切消息了？",
        "user_description": "白天是搞笑的废物 深夜是抑郁的怪物 ​​​",
        "user_avatar": "https://tvax1.sinaimg.cn/crop.0.0.512.512.50/c4f3c7afly8gblx7vlip9j20e80e874i.jpg?KID=imgbed,tva&Expires=1584956111&ssig=%2BD%2B4zEIFtC",
        "id": "4020609833008624",
        "city": "1000",
        "province": "51",
        "friends_count": 319,
        "user_location": "四川",
        "mid": "4020609833008624",
        "verified_reason": "",
        "attitudes_count": 0,
        "followers_count": 205,
        "verified_type": -1,
        "statuses_count": 958,
        "parent": "4020485568252847",
        "verified": false,
        "geo": null,
        "user_created_at": 1362799352,
        "favourites_count": 75,
        "screen_name": "橘子蒙先森",
        "gender": "f",
        "user_geo_enabled": true,
        "username": "橘子蒙先森",
        "comments_count": 0,
        "t": 1474071546,
        "video_status_count": 0,
        "urank": 29,
        "user_ability": 35653120,
        "credit_score": 80
    },
    {
        "reposts_count": 0,
        "uid": 5236469430,
        "bi_followers_count": 53,
        "text": "中国应整治娱乐界，严查导演！",
        "user_description": "工人阶级的喉舌",
        "user_avatar": "https://tvax1.sinaimg.cn/crop.0.0.996.996.50/005InGUmly8fqs5pelwx9j30ro0roq8p.jpg?KID=imgbed,tva&Expires=1584956111&ssig=oVwkLi%2BrzP",
        "id": "4020576332776692",
        "city": "1000",
        "province": "11",
        "friends_count": 2643,
        "user_location": "北京",
        "mid": "4020576332776692",
        "verified_reason": "",
        "attitudes_count": 0,
        "followers_count": 892,
        "verified_type": -1,
        "statuses_count": 7802,
        "parent": "4020485568252847",
        "verified": false,
        "geo": null,
        "user_created_at": 1406700609,
        "favourites_count": 22,
        "screen_name": "老红帽0396",
        "gender": "m",
        "user_geo_enabled": true,
        "username": "老红帽0396",
        "comments_count": 0,
        "t": 1474063558,
        "video_status_count": 0,
        "urank": 35,
        "user_ability": 2359296,
        "credit_score": 78
    },
    {
        "reposts_count": 0,
        "uid": 1258342650,
        "bi_followers_count": 5,
        "text": "你的逻辑真奇怪，这边说要理性，那边就屎盆子扣着说是导演蹭热度[挖鼻]就算是网上流传的微信截图，也只是说明营销号造谣[挖鼻]",
        "user_description": "",
        "user_avatar": "https://tvax4.sinaimg.cn/crop.0.0.640.640.50/4b00c8faly8frpmblcis5j20hs0hsgmi.jpg?KID=imgbed,tva&Expires=1584956111&ssig=oBGQfRKsQd",
        "id": "4020510650444253",
        "city": "1",
        "province": "33",
        "friends_count": 411,
        "user_location": "浙江 杭州",
        "mid": "4020510650444253",
        "verified_reason": "",
        "attitudes_count": 0,
        "followers_count": 86,
        "verified_type": -1,
        "statuses_count": 2025,
        "parent": "4020485568252847",
        "verified": false,
        "geo": null,
        "user_created_at": 1339428633,
        "favourites_count": 417,
        "screen_name": "解夏_誓投吾大YL仙居",
        "gender": "f",
        "user_geo_enabled": true,
        "username": "解夏_誓投吾大YL仙居",
        "comments_count": 0,
        "t": 1474047899,
        "video_status_count": 0,
        "urank": 9,
        "user_ability": 36700160,
        "credit_score": 80
    },
    {
        "reposts_count": 0,
        "uid": 2656879285,
        "bi_followers_count": 29,
        "text": "诅咒化解",
        "user_description": "",
        "user_avatar": "https://tvax3.sinaimg.cn/crop.0.11.1125.1125.50/9e5cc2b5ly8fh0xhd5sdfj20v90vvae0.jpg?KID=imgbed,tva&Expires=1584956111&ssig=pLOz%2F7zELx",
        "id": "4020509169055795",
        "city": "1000",
        "province": "100",
        "friends_count": 200,
        "user_location": "其他",
        "mid": "4020509169055795",
        "verified_reason": "",
        "attitudes_count": 0,
        "followers_count": 86,
        "verified_type": -1,
        "statuses_count": 5172,
        "parent": "4020485568252847",
        "verified": false,
        "geo": null,
        "user_created_at": 1363678171,
        "favourites_count": 3,
        "screen_name": "SoSenseok",
        "gender": "m",
        "user_geo_enabled": true,
        "username": "SoSenseok",
        "comments_count": 0,
        "t": 1474047547,
        "video_status_count": 0,
        "urank": 32,
        "user_ability": 2359296,
        "credit_score": 78
    },
    {
        "reposts_count": 0,
        "uid": 6026745019,
        "bi_followers_count": 0,
        "text": "是林合隆 跟林有关的消息新浪一直在降热搜 连点赞都被取消 王子元只是烟雾并自愿蹭热度的非知名导演 但林是弯弯偶像剧比较有影响力的导演  死者为大 我们愿意尊重并为此沉默 但抑郁症不是什么锅都拿来背的借口不是吗",
        "user_description": "",
        "user_avatar": "https://tva3.sinaimg.cn/crop.22.0.1198.1198.50/006zRBGPjw8f7vvgxiciaj30yi0xatai.jpg?KID=imgbed,tva&Expires=1584956111&ssig=LTd0s0ozBr",
        "id": "4020507835407636",
        "city": "7",
        "province": "400",
        "friends_count": 10,
        "user_location": "海外 澳大利亚",
        "mid": "4020507835407636",
        "verified_reason": "",
        "attitudes_count": 0,
        "followers_count": 0,
        "verified_type": -1,
        "statuses_count": 0,
        "parent": "4020485568252847",
        "verified": false,
        "geo": null,
        "user_created_at": 1474041482,
        "favourites_count": 0,
        "screen_name": "RRRabbit_Fat",
        "gender": "f",
        "user_geo_enabled": true,
        "username": "RRRabbit_Fat",
        "comments_count": 0,
        "t": 1474047228,
        "video_status_count": 0,
        "urank": 3,
        "user_ability": 0,
        "credit_score": 80
    },
    {
        "reposts_count": 0,
        "uid": 5508034931,
        "bi_followers_count": 983,
        "text": "啥是sm",
        "user_description": "永远做自己。",
        "user_avatar": "https://tvax4.sinaimg.cn/crop.0.0.1080.1080.50/0060L9v5ly8gb4jy57ordj30u00u0abi.jpg?KID=imgbed,tva&Expires=1584956111&ssig=Sgee1eQW5b",
        "id": "4020506410237842",
        "city": "1",
        "province": "44",
        "friends_count": 1091,
        "user_location": "广东 广州",
        "mid": "4020506410237842",
        "verified_reason": "娱乐博主",
        "attitudes_count": 0,
        "followers_count": 1438,
        "verified_type": 0,
        "statuses_count": 1896,
        "parent": "4020485568252847",
        "verified": true,
        "geo": null,
        "user_created_at": 1426267841,
        "favourites_count": 294,
        "screen_name": "像一座坟",
        "gender": "f",
        "user_geo_enabled": true,
        "username": "像一座坟",
        "comments_count": 0,
        "t": 1474046888,
        "video_status_count": 0,
        "urank": 40,
        "user_ability": 3408896,
        "credit_score": 80
    },
    {
        "reposts_count": 0,
        "uid": 2167642460,
        "bi_followers_count": 19,
        "text": "导演完全可以辟谣或者不发声。在微博发一个那种表情是个什么意思？不是炒作是什么？",
        "user_description": "在岁月里完善自我",
        "user_avatar": "https://tva4.sinaimg.cn/crop.0.9.750.750.50/8133995cjw8fbexxit2ihj20ku0lddh8.jpg?KID=imgbed,tva&Expires=1584956111&ssig=8U3AWytGTg",
        "id": "4020505201942711",
        "city": "1000",
        "province": "100",
        "friends_count": 323,
        "user_location": "其他",
        "mid": "4020505201942711",
        "verified_reason": "",
        "attitudes_count": 0,
        "followers_count": 150,
        "verified_type": -1,
        "statuses_count": 68,
        "parent": "4020485568252847",
        "verified": false,
        "geo": null,
        "user_created_at": 1307707190,
        "favourites_count": 13,
        "screen_name": "春天小毛驴",
        "gender": "f",
        "user_geo_enabled": true,
        "username": "春天小毛驴",
        "comments_count": 0,
        "t": 1474046600,
        "video_status_count": 0,
        "urank": 30,
        "user_ability": 1024,
        "credit_score": 80
    },
    {
        "reposts_count": 0,
        "uid": 3382240964,
        "bi_followers_count": 1,
        "text": "神经病啊",
        "user_description": "今天戒奶茶了吗？",
        "user_avatar": "https://tvax4.sinaimg.cn/crop.0.0.996.996.50/c998e6c4ly8gavbnev2v9j20ro0rojt5.jpg?KID=imgbed,tva&Expires=1584956111&ssig=33ntUVYgol",
        "id": "4020504090810361",
        "city": "1000",
        "province": "44",
        "friends_count": 502,
        "user_location": "广东",
        "mid": "4020504090810361",
        "verified_reason": "",
        "attitudes_count": 0,
        "followers_count": 94,
        "verified_type": -1,
        "statuses_count": 758,
        "parent": "4020485568252847",
        "verified": false,
        "geo": null,
        "user_created_at": 1369049305,
        "favourites_count": 4,
        "screen_name": "童話小吴吴",
        "gender": "f",
        "user_geo_enabled": true,
        "username": "童話小吴吴",
        "comments_count": 0,
        "t": 1474046335,
        "video_status_count": 0,
        "urank": 9,
        "user_ability": 2098176,
        "credit_score": 80
    },
    {
        "reposts_count": 0,
        "uid": 1744565185,
        "bi_followers_count": 156,
        "text": "如果不是sm也是营销号在炒，跟导演有什么关系，一边呼吁理智，一边干着相反的事情",
        "user_description": "inner peace",
        "user_avatar": "https://tvax3.sinaimg.cn/crop.0.0.748.748.50/67fbf3c1ly8fdqbse70vwj20ks0ksjrz.jpg?KID=imgbed,tva&Expires=1584956111&ssig=geW5mDDgQN",
        "id": "4020498075284669",
        "city": "1000",
        "province": "44",
        "friends_count": 234,
        "user_location": "广东",
        "mid": "4020498075284669",
        "verified_reason": "",
        "attitudes_count": 0,
        "followers_count": 633,
        "verified_type": -1,
        "statuses_count": 4047,
        "parent": "4020485568252847",
        "verified": false,
        "geo": null,
        "user_created_at": 1274412828,
        "favourites_count": 1480,
        "screen_name": "别里科夫_",
        "gender": "m",
        "user_geo_enabled": true,
        "username": "别里科夫_",
        "comments_count": 0,
        "t": 1474044901,
        "video_status_count": 0,
        "urank": 41,
        "user_ability": 35651584,
        "credit_score": 78
    },
    {
        "reposts_count": 0,
        "uid": 3304310703,
        "bi_followers_count": 51,
        "text": "回复@MMMoryy:能读懂网爆两个字的含义不？",
        "user_description": "白天是搞笑的废物 深夜是抑郁的怪物 ​​​",
        "user_avatar": "https://tvax1.sinaimg.cn/crop.0.0.512.512.50/c4f3c7afly8gblx7vlip9j20e80e874i.jpg?KID=imgbed,tva&Expires=1584956111&ssig=%2BD%2B4zEIFtC",
        "id": "4020494678486755",
        "city": "1000",
        "province": "51",
        "friends_count": 319,
        "user_location": "四川",
        "mid": "4020494678486755",
        "verified_reason": "",
        "attitudes_count": 0,
        "followers_count": 205,
        "verified_type": -1,
        "statuses_count": 958,
        "parent": "4020485568252847",
        "verified": false,
        "geo": null,
        "user_created_at": 1362799352,
        "favourites_count": 75,
        "screen_name": "橘子蒙先森",
        "gender": "f",
        "user_geo_enabled": true,
        "username": "橘子蒙先森",
        "comments_count": 0,
        "t": 1474044091,
        "video_status_count": 0,
        "urank": 29,
        "user_ability": 35653120,
        "credit_score": 80
    },
    {
        "reposts_count": 0,
        "uid": 1769051243,
        "bi_followers_count": 75,
        "text": "这种事情对于一个导演来说有什么好处？他为什么要借此来炒作？乔任梁的抑郁症多多少少来自于吃瓜群众键盘侠黑子不负责任甚至是恶毒的言语  这件事情我们还不知道真相 不要永远以恶意去揣测别人",
        "user_description": "我很喜欢你呀",
        "user_avatar": "https://tvax3.sinaimg.cn/crop.0.0.512.512.50/6971946bly8fr2hzbb6gmj20e80e8wep.jpg?KID=imgbed,tva&Expires=1584956111&ssig=zlNg47W%2FFY",
        "id": "4020494493474153",
        "city": "1",
        "province": "33",
        "friends_count": 509,
        "user_location": "浙江 杭州",
        "mid": "4020494493474153",
        "verified_reason": "李易峰超话粉丝大咖",
        "attitudes_count": 0,
        "followers_count": 306,
        "verified_type": 0,
        "statuses_count": 796,
        "parent": "4020485568252847",
        "verified": true,
        "geo": null,
        "user_created_at": 1278411220,
        "favourites_count": 9,
        "screen_name": "庅凹猫",
        "gender": "f",
        "user_geo_enabled": true,
        "username": "庅凹猫",
        "comments_count": 0,
        "t": 1474044047,
        "video_status_count": 0,
        "urank": 35,
        "user_ability": 35914752,
        "credit_score": 80
    },
    {
        "reposts_count": 0,
        "uid": 2126143130,
        "bi_followers_count": 57,
        "text": "有病",
        "user_description": "what does not kill u makes u stronger!",
        "user_avatar": "https://tvax4.sinaimg.cn/crop.0.0.640.640.50/7eba5e9aly8fq11rjzo4uj20hs0hsmxq.jpg?KID=imgbed,tva&Expires=1584956111&ssig=R1ZmHF7a59",
        "id": "4020490467513599",
        "city": "1000",
        "province": "44",
        "friends_count": 581,
        "user_location": "广东",
        "mid": "4020490467513599",
        "verified_reason": "",
        "attitudes_count": 0,
        "followers_count": 519,
        "verified_type": -1,
        "statuses_count": 2161,
        "parent": "4020485568252847",
        "verified": false,
        "geo": null,
        "user_created_at": 1304244184,
        "favourites_count": 130,
        "screen_name": "Flora愿世界和平",
        "gender": "f",
        "user_geo_enabled": true,
        "username": "Flora愿世界和平",
        "comments_count": 0,
        "t": 1474043087,
        "video_status_count": 0,
        "urank": 33,
        "user_ability": 35914752,
        "credit_score": 80
    },
    {
        "reposts_count": 0,
        "uid": 5187824401,
        "bi_followers_count": 11,
        "text": "谣言止于智者",
        "user_description": "等一场钢琴和吉他的演唱会。",
        "user_avatar": "https://tva3.sinaimg.cn/crop.0.0.996.996.50/005F5A77jw8f5xbhtueklj30ro0rotat.jpg?KID=imgbed,tva&Expires=1584956111&ssig=eoQUJFV498",
        "id": "4020489930556737",
        "city": "8",
        "province": "43",
        "friends_count": 193,
        "user_location": "湖南 张家界",
        "mid": "4020489930556737",
        "verified_reason": "",
        "attitudes_count": 0,
        "followers_count": 64,
        "verified_type": -1,
        "statuses_count": 5306,
        "parent": "4020485568252847",
        "verified": false,
        "geo": null,
        "user_created_at": 1403342560,
        "favourites_count": 13,
        "screen_name": "小老虎不可以次兔兔",
        "gender": "f",
        "user_geo_enabled": true,
        "username": "小老虎不可以次兔兔",
        "comments_count": 0,
        "t": 1474042959,
        "video_status_count": 0,
        "urank": 33,
        "user_ability": 2097152,
        "credit_score": 80
    },
    {
        "reposts_count": 0,
        "uid": 5680523781,
        "bi_followers_count": 41,
        "text": "假的，属于多年抑郁症",
        "user_description": "我与我周旋久",
        "user_avatar": "https://tvax1.sinaimg.cn/crop.0.0.828.828.50/006cqTJjly8gbdi5ojz9qj30n00n0q3e.jpg?KID=imgbed,tva&Expires=1584956111&ssig=vsnvm5OEVp",
        "id": "4020489691026399",
        "city": "17",
        "province": "51",
        "friends_count": 62,
        "user_location": "四川 达州",
        "mid": "4020489691026399",
        "verified_reason": "",
        "attitudes_count": 0,
        "followers_count": 118,
        "verified_type": -1,
        "statuses_count": 169,
        "parent": "4020485568252847",
        "verified": false,
        "geo": null,
        "user_created_at": 1439910858,
        "favourites_count": 6,
        "screen_name": "人潮里丫",
        "gender": "m",
        "user_geo_enabled": true,
        "username": "人潮里丫",
        "comments_count": 0,
        "t": 1474042902,
        "video_status_count": 0,
        "urank": 22,
        "user_ability": 263168,
        "credit_score": 80
    },
    {
        "reposts_count": 0,
        "uid": 2703041354,
        "bi_followers_count": 86,
        "text": "是营销号造谣的…",
        "user_description": "再  见",
        "user_avatar": "https://tvax4.sinaimg.cn/crop.0.0.1242.1242.50/a11d234aly8fixanqcljqj20yi0yi43k.jpg?KID=imgbed,tva&Expires=1584956111&ssig=Wi8KK6rp%2Bc",
        "id": "4020488932653248",
        "city": "1",
        "province": "51",
        "friends_count": 225,
        "user_location": "四川 成都",
        "mid": "4020488932653248",
        "verified_reason": "前 新津薇薇新娘婚纱影楼 摄影师",
        "attitudes_count": 0,
        "followers_count": 9295,
        "verified_type": 0,
        "statuses_count": 111,
        "parent": "4020485568252847",
        "verified": true,
        "geo": null,
        "user_created_at": 1328279130,
        "favourites_count": 6,
        "screen_name": "我是会拍照的男朋友",
        "gender": "m",
        "user_geo_enabled": true,
        "username": "我是会拍照的男朋友",
        "comments_count": 0,
        "t": 1474042720,
        "video_status_count": 0,
        "urank": 35,
        "user_ability": 2099200,
        "credit_score": 80
    },
    {
        "reposts_count": 0,
        "uid": 3445986192,
        "bi_followers_count": 141,
        "text": "Comment with pics http://t.cn/RcSDjHH",
        "user_description": "期待S9的你们能让我更幸福❤️",
        "user_avatar": "https://tvax4.sinaimg.cn/crop.0.0.1080.1080.50/cd659390ly8g94qsfi62lj20u00u0jsx.jpg?KID=imgbed,tva&Expires=1584956111&ssig=Lv%2BIjKynxO",
        "id": "4020488483104181",
        "city": "1000",
        "province": "400",
        "friends_count": 866,
        "user_location": "海外",
        "mid": "4020488483104181",
        "verified_reason": "游戏博主",
        "attitudes_count": 0,
        "followers_count": 283,
        "verified_type": 0,
        "statuses_count": 5135,
        "parent": "4020485568252847",
        "verified": true,
        "geo": null,
        "user_created_at": 1370518118,
        "favourites_count": 7,
        "screen_name": "鱼刺ey",
        "gender": "f",
        "user_geo_enabled": true,
        "username": "鱼刺ey",
        "comments_count": 0,
        "t": 1474042613,
        "video_status_count": 0,
        "urank": 42,
        "user_ability": 2098180,
        "credit_score": 80
    },
    {
        "reposts_count": 0,
        "uid": 1576836201,
        "bi_followers_count": 95,
        "text": "有良心吗",
        "user_description": "",
        "user_avatar": "https://tvax1.sinaimg.cn/crop.0.0.996.996.50/5dfc9c69ly8g34dxkj9o3j20ro0roq5h.jpg?KID=imgbed,tva&Expires=1584956111&ssig=%2F1D4OASPwL",
        "id": "4020488370025502",
        "city": "6",
        "province": "43",
        "friends_count": 701,
        "user_location": "湖南 岳阳",
        "mid": "4020488370025502",
        "verified_reason": "",
        "attitudes_count": 0,
        "followers_count": 559,
        "verified_type": 220,
        "statuses_count": 150,
        "parent": "4020485568252847",
        "verified": false,
        "geo": null,
        "user_created_at": 1280500089,
        "favourites_count": 369,
        "screen_name": "爱酱的小可",
        "gender": "f",
        "user_geo_enabled": true,
        "username": "爱酱的小可",
        "comments_count": 0,
        "t": 1474042587,
        "video_status_count": 0,
        "urank": 35,
        "user_ability": 2098176,
        "credit_score": 80
    },
    {
        "reposts_count": 0,
        "uid": 3290369290,
        "bi_followers_count": 20,
        "text": "你有病吗  是因为抑郁症自杀去世的  死者为大  已经证实了  还在发这些言论[蜡烛]",
        "user_description": "彻底沦为抽奖博",
        "user_avatar": "https://tva2.sinaimg.cn/crop.0.0.1080.1080.50/c41f0d0ajw8eylkdute6rj20u00u00we.jpg?KID=imgbed,tva&Expires=1584956111&ssig=jqvFFO0dGO",
        "id": "4020488298855208",
        "city": "1000",
        "province": "33",
        "friends_count": 207,
        "user_location": "浙江",
        "mid": "4020488298855208",
        "verified_reason": "",
        "attitudes_count": 0,
        "followers_count": 198,
        "verified_type": -1,
        "statuses_count": 3365,
        "parent": "4020485568252847",
        "verified": false,
        "geo": null,
        "user_created_at": 1365150551,
        "favourites_count": 225,
        "screen_name": "无邪咿呀",
        "gender": "f",
        "user_geo_enabled": true,
        "username": "无邪咿呀",
        "comments_count": 0,
        "t": 1474042570,
        "video_status_count": 0,
        "urank": 14,
        "user_ability": 2098176,
        "credit_score": 80
    },
    {
        "reposts_count": 0,
        "uid": 2814487934,
        "bi_followers_count": 129,
        "text": "图片评论 http://t.cn/RcSDKiT",
        "user_description": "无话可说",
        "user_avatar": "https://tvax4.sinaimg.cn/crop.0.0.512.512.50/a7c1ad7ely8g16t3y0qdmj20e80e8t8w.jpg?KID=imgbed,tva&Expires=1584956111&ssig=rtsjDb624M",
        "id": "4020487874964519",
        "city": "4",
        "province": "35",
        "friends_count": 147,
        "user_location": "福建 三明",
        "mid": "4020487874964519",
        "verified_reason": "",
        "attitudes_count": 0,
        "followers_count": 434,
        "verified_type": -1,
        "statuses_count": 524,
        "parent": "4020485568252847",
        "verified": false,
        "geo": null,
        "user_created_at": 1338097905,
        "favourites_count": 5,
        "screen_name": "姜姜姜一定会瘦下去",
        "gender": "f",
        "user_geo_enabled": true,
        "username": "姜姜姜一定会瘦下去",
        "comments_count": 0,
        "t": 1474042469,
        "video_status_count": 0,
        "urank": 37,
        "user_ability": 1310720,
        "credit_score": 80
    },
    {
        "reposts_count": 0,
        "uid": 5986927519,
        "bi_followers_count": 1,
        "text": "不要把什麽事都扯！！上热搜我自己是这样想的  不是所有演员明星导演做所有事都为了炒作和热搜！",
        "user_description": "努力 加油",
        "user_avatar": "https://tvax4.sinaimg.cn/crop.0.0.512.512.50/006xaxl5ly8g3e4414rarj30e80e83yu.jpg?KID=imgbed,tva&Expires=1584956111&ssig=JcHQOFhJhf",
        "id": "4020487409679893",
        "city": "1000",
        "province": "51",
        "friends_count": 10,
        "user_location": "四川",
        "mid": "4020487409679893",
        "verified_reason": "",
        "attitudes_count": 0,
        "followers_count": 20,
        "verified_type": -1,
        "statuses_count": 17,
        "parent": "4020485568252847",
        "verified": false,
        "geo": null,
        "user_created_at": 1469104929,
        "favourites_count": 17,
        "screen_name": "把发财梦变为现实",
        "gender": "f",
        "user_geo_enabled": true,
        "username": "把发财梦变为现实",
        "comments_count": 0,
        "t": 1474042357,
        "video_status_count": 0,
        "urank": 9,
        "user_ability": 262144,
        "credit_score": 80
    },
    {
        "reposts_count": 0,
        "uid": 5084882499,
        "bi_followers_count": 0,
        "text": "@Tammy金：诅咒别点开 http://t.cn/RcSe0sW",
        "user_description": "",
        "user_avatar": "https://tvax3.sinaimg.cn/crop.0.0.1080.1080.50/005y7EdRly8g9lnae40laj30u00u0ad7.jpg?KID=imgbed,tva&Expires=1584956111&ssig=Vto5cqw6%2BK",
        "id": "4020486822031575",
        "city": "1000",
        "province": "33",
        "friends_count": 8,
        "user_location": "浙江",
        "mid": "4020486822031575",
        "verified_reason": "",
        "attitudes_count": 0,
        "followers_count": 29,
        "verified_type": -1,
        "statuses_count": 0,
        "parent": "4020485568252847",
        "verified": false,
        "geo": null,
        "user_created_at": 1395676731,
        "favourites_count": 0,
        "screen_name": "干尸·",
        "gender": "m",
        "user_geo_enabled": true,
        "username": "干尸·",
        "comments_count": 0,
        "t": 1474042218,
        "video_status_count": 0,
        "urank": 4,
        "user_ability": 1024,
        "credit_score": 80
    },
    {
        "reposts_count": 0,
        "uid": 1700847395,
        "bi_followers_count": 62,
        "text": "男导？",
        "user_description": ".",
        "user_avatar": "https://tvax4.sinaimg.cn/crop.0.0.512.512.50/6560df23ly8gasygeby7mj20e80e8glr.jpg?KID=imgbed,tva&Expires=1584956111&ssig=4TWoKnvT6d",
        "id": "4020486512564282",
        "city": "1000",
        "province": "100",
        "friends_count": 393,
        "user_location": "其他",
        "mid": "4020486512564282",
        "verified_reason": "",
        "attitudes_count": 0,
        "followers_count": 3882,
        "verified_type": -1,
        "statuses_count": 25,
        "parent": "4020485568252847",
        "verified": false,
        "geo": null,
        "user_created_at": 1267178945,
        "favourites_count": 64,
        "screen_name": "阿树没猫",
        "gender": "m",
        "user_geo_enabled": true,
        "username": "阿树没猫",
        "comments_count": 0,
        "t": 1474042144,
        "video_status_count": 0,
        "urank": 35,
        "user_ability": 2098176,
        "credit_score": 80
    }
]