[
    {
        "reposts_count": 0,
        "uid": 2257453080,
        "bi_followers_count": 421,
        "text": "#乔任梁#擦！！！网上一直传乔任梁与某导演SM过度死了……这是什么鬼，不明真相的我选择吃瓜！！警民直通车-上海，也疑似发布某乔姓男子，希望不是真的[拜拜][拜拜][拜拜] http://t.cn/RU1q3Jx ​",
        "user_description": "育儿小咖 家庭教育 孩童天赋解读师",
        "user_avatar": "https://tvax4.sinaimg.cn/crop.0.0.1080.1080.50/868e0018ly8gc1w96qkofj20u00u0adj.jpg?KID=imgbed,tva&Expires=1584956094&ssig=C740HPcbzm",
        "id": "4020473585673257",
        "city": "1000",
        "province": "400",
        "friends_count": 542,
        "user_location": "海外",
        "mid": "4020473585673257",
        "verified_reason": "",
        "attitudes_count": 4,
        "followers_count": 965,
        "verified_type": 220,
        "statuses_count": 285,
        "parent": null,
        "verified": false,
        "geo": {
            "type": "Point",
            "coordinates": [
                52.1966155,
                21.014316
            ]
        },
        "user_created_at": 1311146368,
        "favourites_count": 153,
        "screen_name": "李雯雯April",
        "gender": "f",
        "user_geo_enabled": true,
        "username": "李雯雯April",
        "comments_count": 3,
        "t": 1474039062,
        "video_status_count": 0,
        "urank": 31,
        "user_ability": 2359296,
        "credit_score": 80
    },
    {
        "reposts_count": 0,
        "uid": 2257453080,
        "bi_followers_count": 421,
        "text": "真正死因 :抑郁",
        "user_description": "育儿小咖 家庭教育 孩童天赋解读师",
        "user_avatar": "https://tvax4.sinaimg.cn/crop.0.0.1080.1080.50/868e0018ly8gc1w96qkofj20u00u0adj.jpg?KID=imgbed,tva&Expires=1584956094&ssig=C740HPcbzm",
        "id": "4020552711153050",
        "city": "1000",
        "province": "400",
        "friends_count": 535,
        "user_location": "海外",
        "mid": "4020552711153050",
        "verified_reason": "",
        "attitudes_count": 0,
        "followers_count": 966,
        "verified_type": 220,
        "statuses_count": 278,
        "parent": "4020473585673257",
        "verified": false,
        "geo": {
            "type": "Point",
            "coordinates": [
                52.1966155,
                21.014316
            ]
        },
        "user_created_at": 1311146368,
        "favourites_count": 153,
        "screen_name": "李雯雯April",
        "gender": "f",
        "user_geo_enabled": true,
        "username": "李雯雯April",
        "comments_count": 0,
        "t": 1474057927,
        "video_status_count": 0,
        "urank": 31,
        "user_ability": 2359296,
        "credit_score": 80
    },
    {
        "reposts_count": 0,
        "uid": 2210637002,
        "bi_followers_count": 106,
        "text": "抑郁症自杀",
        "user_description": "I have two wishes: you are on my side and I am on your side.",
        "user_avatar": "https://tvax3.sinaimg.cn/crop.0.0.512.512.50/83c3a4caly8g9mi4zab41j20e80e80to.jpg?KID=imgbed,tva&Expires=1584956094&ssig=dzkqHv4Dna",
        "id": "4020476654696461",
        "city": "1",
        "province": "35",
        "friends_count": 191,
        "user_location": "福建 福州",
        "mid": "4020476654696461",
        "verified_reason": "",
        "attitudes_count": 0,
        "followers_count": 847,
        "verified_type": 10,
        "statuses_count": 65,
        "parent": "4020473585673257",
        "verified": false,
        "geo": {
            "type": "Point",
            "coordinates": [
                52.1966155,
                21.014316
            ]
        },
        "user_created_at": 1309601298,
        "favourites_count": 92,
        "screen_name": "WalleyEkneese丶",
        "gender": "f",
        "user_geo_enabled": true,
        "username": "WalleyEkneese丶",
        "comments_count": 0,
        "t": 1474039794,
        "video_status_count": 0,
        "urank": 24,
        "user_ability": 35651584,
        "credit_score": 80
    },
    {
        "reposts_count": 0,
        "uid": 1889746140,
        "bi_followers_count": 99,
        "text": "你怎么发这么迟。。真的。",
        "user_description": "俗世万千胜梦幻，奈何难识又易失，若浮生绚丽夺目，何不醉中不醒离？",
        "user_avatar": "https://tva4.sinaimg.cn/crop.0.1.750.750.50/70a33cdcjw8f3vcjb1751j20ku0kwaau.jpg?KID=imgbed,tva&Expires=1584956094&ssig=er2OlcNSIC",
        "id": "4020473773783377",
        "city": "3",
        "province": "33",
        "friends_count": 742,
        "user_location": "浙江 温州",
        "mid": "4020473773783377",
        "verified_reason": "",
        "attitudes_count": 0,
        "followers_count": 512,
        "verified_type": -1,
        "statuses_count": 825,
        "parent": "4020473585673257",
        "verified": false,
        "geo": {
            "type": "Point",
            "coordinates": [
                52.1966155,
                21.014316
            ]
        },
        "user_created_at": 1291629903,
        "favourites_count": 654,
        "screen_name": "wafuku",
        "gender": "f",
        "user_geo_enabled": true,
        "username": "wafuku",
        "comments_count": 0,
        "t": 1474039107,
        "video_status_count": 0,
        "urank": 29,
        "user_ability": 2359296,
        "credit_score": 80
    }
]