[
    {
        "reposts_count": 0,
        "uid": 3186487114,
        "bi_followers_count": 47,
        "text": "男星乔任梁和某知名男导演在上海桃浦别墅SM时激情猝死。。娱乐圈，要不要这么嗨。。 http://t.cn/RcSHdVN ​",
        "user_description": "不善于画饼，因为画的饼不能充饥。脚踏实地的去做，完善好每一次的目标。真正的饼靠自己去获得。伸出双手，握紧拳头。",
        "user_avatar": "https://tvax4.sinaimg.cn/crop.0.0.1080.1080.50/bdedef4aly8gcux2r0ue3j20u00u0jsr.jpg?KID=imgbed,tva&Expires=1584956118&ssig=Ib2hr34lLv",
        "id": "4020464714212425",
        "city": "1000",
        "province": "31",
        "friends_count": 997,
        "user_location": "上海",
        "mid": "4020464714212425",
        "verified_reason": "  上海雉远商贸有限公司 总经理",
        "attitudes_count": 6,
        "followers_count": 998,
        "verified_type": 0,
        "statuses_count": 74,
        "parent": null,
        "verified": true,
        "geo": {
            "type": "Point",
            "coordinates": [
                23.147232,
                113.308799
            ]
        },
        "user_created_at": 1360581147,
        "favourites_count": 19,
        "screen_name": "石头下的小宝",
        "gender": "m",
        "user_geo_enabled": true,
        "username": "石头下的小宝",
        "comments_count": 8,
        "t": 1474036947,
        "video_status_count": 0,
        "urank": 27,
        "user_ability": 2097152,
        "credit_score": 80
    },
    {
        "reposts_count": 0,
        "uid": 5512822354,
        "bi_followers_count": 773,
        "text": "赶紧删了。遭谣生事，你全家都SM，你才SM死了。",
        "user_description": "时光温柔     生活可爱~",
        "user_avatar": "https://tvax1.sinaimg.cn/crop.0.0.996.996.50/00615eVAly8ftcvxtv6zlj30ro0ron0c.jpg?KID=imgbed,tva&Expires=1584956118&ssig=rbKGJAAQSD",
        "id": "4020630498131299",
        "city": "1",
        "province": "64",
        "friends_count": 1384,
        "user_location": "宁夏 银川",
        "mid": "4020630498131299",
        "verified_reason": "",
        "attitudes_count": 0,
        "followers_count": 11507,
        "verified_type": -1,
        "statuses_count": 421,
        "parent": "4020464714212425",
        "verified": false,
        "geo": {
            "type": "Point",
            "coordinates": [
                23.147232,
                113.308799
            ]
        },
        "user_created_at": 1423396915,
        "favourites_count": 617,
        "screen_name": "感谢经历bx",
        "gender": "f",
        "user_geo_enabled": true,
        "username": "感谢经历bx",
        "comments_count": 0,
        "t": 1474076473,
        "video_status_count": 0,
        "urank": 31,
        "user_ability": 263176,
        "credit_score": 80
    },
    {
        "reposts_count": 0,
        "uid": 5113765624,
        "bi_followers_count": 6,
        "text": "我一个路人都看不下去了，麻烦积点口德！",
        "user_description": "学生",
        "user_avatar": "https://tva4.sinaimg.cn/crop.0.0.720.720.50/005A4Q2Ijw8eqcexyye3lj30k00k0gmp.jpg?KID=imgbed,tva&Expires=1584956118&ssig=buGSmMpXn1",
        "id": "4020606246550420",
        "city": "24",
        "province": "50",
        "friends_count": 90,
        "user_location": "重庆 铜梁县",
        "mid": "4020606246550420",
        "verified_reason": "",
        "attitudes_count": 0,
        "followers_count": 36,
        "verified_type": -1,
        "statuses_count": 118,
        "parent": "4020464714212425",
        "verified": false,
        "geo": {
            "type": "Point",
            "coordinates": [
                23.147232,
                113.308799
            ]
        },
        "user_created_at": 1397953497,
        "favourites_count": 1,
        "screen_name": "嗯哈鹿鹿鹿鹿哥",
        "gender": "f",
        "user_geo_enabled": true,
        "username": "嗯哈鹿鹿鹿鹿哥",
        "comments_count": 0,
        "t": 1474070691,
        "video_status_count": 0,
        "urank": 14,
        "user_ability": 1024,
        "credit_score": 80
    },
    {
        "reposts_count": 0,
        "uid": 5647448599,
        "bi_followers_count": 2,
        "text": "你看见他们sm了？   能不能尊重逝者[伤心]",
        "user_description": "",
        "user_avatar": "https://tvax1.sinaimg.cn/crop.0.0.512.512.50/006ac7mDly8fohmx0s6zrj30e80e8js5.jpg?KID=imgbed,tva&Expires=1584956118&ssig=TarZfHqMHq",
        "id": "4020605307579312",
        "city": "5",
        "province": "15",
        "friends_count": 22,
        "user_location": "内蒙古 通辽",
        "mid": "4020605307579312",
        "verified_reason": "",
        "attitudes_count": 0,
        "followers_count": 25,
        "verified_type": -1,
        "statuses_count": 3,
        "parent": "4020464714212425",
        "verified": false,
        "geo": {
            "type": "Point",
            "coordinates": [
                23.147232,
                113.308799
            ]
        },
        "user_created_at": 1436281295,
        "favourites_count": 0,
        "screen_name": "陈圈圈是我啊",
        "gender": "f",
        "user_geo_enabled": true,
        "username": "陈圈圈是我啊",
        "comments_count": 0,
        "t": 1474070467,
        "video_status_count": 0,
        "urank": 9,
        "user_ability": 2097152,
        "credit_score": 80
    },
    {
        "reposts_count": 0,
        "uid": 3186487114,
        "bi_followers_count": 47,
        "text": "男导演叫王子元。毁三观啊",
        "user_description": "不善于画饼，因为画的饼不能充饥。脚踏实地的去做，完善好每一次的目标。真正的饼靠自己去获得。伸出双手，握紧拳头。",
        "user_avatar": "https://tvax4.sinaimg.cn/crop.0.0.1080.1080.50/bdedef4aly8gcux2r0ue3j20u00u0jsr.jpg?KID=imgbed,tva&Expires=1584956118&ssig=Ib2hr34lLv",
        "id": "4020464805792780",
        "city": "1000",
        "province": "31",
        "friends_count": 997,
        "user_location": "上海",
        "mid": "4020464805792780",
        "verified_reason": "  上海雉远商贸有限公司 总经理",
        "attitudes_count": 0,
        "followers_count": 997,
        "verified_type": 0,
        "statuses_count": 74,
        "parent": "4020464714212425",
        "verified": true,
        "geo": {
            "type": "Point",
            "coordinates": [
                23.147232,
                113.308799
            ]
        },
        "user_created_at": 1360581147,
        "favourites_count": 19,
        "screen_name": "石头下的小宝",
        "gender": "m",
        "user_geo_enabled": true,
        "username": "石头下的小宝",
        "comments_count": 0,
        "t": 1474036970,
        "video_status_count": 0,
        "urank": 27,
        "user_ability": 2097152,
        "credit_score": 80
    }
]