[
    {
        "reposts_count": 0,
        "uid": 2508267922,
        "bi_followers_count": 265,
        "text": "#新闻之爆料人# #乔任梁死亡#一路走好，但愿天堂没有SM。【雪女王海报拍摄隐藏版副本】今日正式解锁。Kimi上线。风，可以再大一点。 http://t.cn/RcbXnwe ​",
        "user_description": "有爆料，请艾特。",
        "user_avatar": "https://tva4.sinaimg.cn/crop.36.11.98.98.50/95812192jw8exblk30swwj204y04yq3g.jpg?KID=imgbed,tva&Expires=1584956092&ssig=%2B%2FCLfnBISY",
        "id": "4020475254901324",
        "city": "1000",
        "province": "400",
        "friends_count": 293,
        "user_location": "海外",
        "mid": "4020475254901324",
        "verified_reason": "",
        "attitudes_count": 10,
        "followers_count": 63047,
        "verified_type": -1,
        "statuses_count": 6871,
        "parent": null,
        "verified": false,
        "geo": null,
        "user_created_at": 1320156990,
        "favourites_count": 39,
        "screen_name": "新闻之爆料人",
        "gender": "m",
        "user_geo_enabled": true,
        "username": "新闻之爆料人",
        "comments_count": 7,
        "t": 1474039460,
        "video_status_count": 0,
        "urank": 29,
        "user_ability": 262152,
        "credit_score": 80
    },
    {
        "reposts_count": 0,
        "uid": 5426742822,
        "bi_followers_count": 3,
        "text": "你真缺德  你这样的人要早死二十年",
        "user_description": "小猫和你，都是礼物",
        "user_avatar": "https://tva3.sinaimg.cn/crop.0.0.996.996.50/005Vg3I2jw8fbbi5zrzmmj30ro0rpdj2.jpg?KID=imgbed,tva&Expires=1584956092&ssig=Rx8wzsA0hg",
        "id": "4020692967859435",
        "city": "7",
        "province": "33",
        "friends_count": 166,
        "user_location": "浙江 金华",
        "mid": "4020692967859435",
        "verified_reason": "",
        "attitudes_count": 0,
        "followers_count": 44,
        "verified_type": -1,
        "statuses_count": 484,
        "parent": "4020475254901324",
        "verified": false,
        "geo": null,
        "user_created_at": 1421966373,
        "favourites_count": 4,
        "screen_name": "小猫和你c",
        "gender": "f",
        "user_geo_enabled": true,
        "username": "小猫和你c",
        "comments_count": 0,
        "t": 1474091367,
        "video_status_count": 0,
        "urank": 9,
        "user_ability": 33555456,
        "credit_score": 80
    },
    {
        "reposts_count": 0,
        "uid": 3063819054,
        "bi_followers_count": 3,
        "text": "人家是抑郁症，并不是sm。麻烦积点口德！逝者安息，别乱猜测[微笑]",
        "user_description": "王者口头禅——天美死妈",
        "user_avatar": "https://tvax1.sinaimg.cn/crop.0.0.512.512.50/b69e2b2ely8fwx4v89s1zj20e80e8aan.jpg?KID=imgbed,tva&Expires=1584956092&ssig=Eb%2BEvCboh3",
        "id": "4020599737346582",
        "city": "1000",
        "province": "36",
        "friends_count": 79,
        "user_location": "江西",
        "mid": "4020599737346582",
        "verified_reason": "",
        "attitudes_count": 0,
        "followers_count": 39,
        "verified_type": -1,
        "statuses_count": 69,
        "parent": "4020475254901324",
        "verified": false,
        "geo": null,
        "user_created_at": 1394535924,
        "favourites_count": 3,
        "screen_name": "静静是只猫呀",
        "gender": "f",
        "user_geo_enabled": true,
        "username": "静静是只猫呀",
        "comments_count": 0,
        "t": 1474069139,
        "video_status_count": 0,
        "urank": 14,
        "user_ability": 2097152,
        "credit_score": 80
    },
    {
        "reposts_count": 0,
        "uid": 5475802559,
        "bi_followers_count": 16,
        "text": "我选择相信他是自杀，",
        "user_description": "你的爸爸",
        "user_avatar": "https://tvax1.sinaimg.cn/crop.0.0.996.996.50/005YzUo7ly8g2cfwd9klkj30ro0romy8.jpg?KID=imgbed,tva&Expires=1584956092&ssig=TNlQd0v2XH",
        "id": "4020502689733842",
        "city": "17",
        "province": "51",
        "friends_count": 312,
        "user_location": "四川 达州",
        "mid": "4020502689733842",
        "verified_reason": "",
        "attitudes_count": 0,
        "followers_count": 101,
        "verified_type": -1,
        "statuses_count": 15,
        "parent": "4020475254901324",
        "verified": false,
        "geo": null,
        "user_created_at": 1421076280,
        "favourites_count": 547,
        "screen_name": "我想睡李_",
        "gender": "m",
        "user_geo_enabled": true,
        "username": "我想睡李_",
        "comments_count": 0,
        "t": 1474046001,
        "video_status_count": 0,
        "urank": 9,
        "user_ability": 33555456,
        "credit_score": 80
    },
    {
        "reposts_count": 0,
        "uid": 2508267922,
        "bi_followers_count": 265,
        "text": "回复@JC-个中况味:性虐，比如滴蜡，拿鞭子抽，捆绑等各种变态！",
        "user_description": "有爆料，请艾特。",
        "user_avatar": "https://tva4.sinaimg.cn/crop.36.11.98.98.50/95812192jw8exblk30swwj204y04yq3g.jpg?KID=imgbed,tva&Expires=1584956092&ssig=%2B%2FCLfnBISY",
        "id": "4020481621260709",
        "city": "1000",
        "province": "400",
        "friends_count": 293,
        "user_location": "海外",
        "mid": "4020481621260709",
        "verified_reason": "",
        "attitudes_count": 0,
        "followers_count": 63050,
        "verified_type": -1,
        "statuses_count": 6871,
        "parent": "4020475254901324",
        "verified": false,
        "geo": null,
        "user_created_at": 1320156990,
        "favourites_count": 39,
        "screen_name": "新闻之爆料人",
        "gender": "m",
        "user_geo_enabled": true,
        "username": "新闻之爆料人",
        "comments_count": 0,
        "t": 1474040978,
        "video_status_count": 0,
        "urank": 29,
        "user_ability": 262152,
        "credit_score": 80
    },
    {
        "reposts_count": 0,
        "uid": 3200449472,
        "bi_followers_count": 35,
        "text": "SM是什么",
        "user_description": "我一直走，仅怀对理想的追求。【雷子歌迷】 （天空崇拜） 民谣·诗歌·手工·足球·阅读·理想·天空·电影",
        "user_avatar": "https://tva4.sinaimg.cn/crop.0.0.996.996.50/bec2fbc0jw8fc309c9dkmj20ro0rpgnj.jpg?KID=imgbed,tva&Expires=1584956092&ssig=SyV8s3g0FS",
        "id": "4020478765017986",
        "city": "8",
        "province": "11",
        "friends_count": 211,
        "user_location": "北京 海淀区",
        "mid": "4020478765017986",
        "verified_reason": "",
        "attitudes_count": 0,
        "followers_count": 362,
        "verified_type": -1,
        "statuses_count": 822,
        "parent": "4020475254901324",
        "verified": false,
        "geo": null,
        "user_created_at": 1361598020,
        "favourites_count": 1195,
        "screen_name": "JC个中况味",
        "gender": "f",
        "user_geo_enabled": true,
        "username": "JC个中况味",
        "comments_count": 0,
        "t": 1474040296,
        "video_status_count": 0,
        "urank": 28,
        "user_ability": 2098176,
        "credit_score": 80
    }
]