[
    {
        "reposts_count": 2287,
        "uid": 5719815730,
        "bi_followers_count": 47,
        "text": "#探探爆料# 有粉丝爆料说乔任梁和知名导演玩SM致死亡。上海警方刚刚发微博证实，具体死因还没公布，排除他杀。我的天呐！乔任梁还很年轻啊[悲伤] ​",
        "user_description": "前身娱记，潜伏娱乐圈。欢迎关注获取最新八卦，爆料请私信。",
        "user_avatar": "https://tva1.sinaimg.cn/crop.0.0.180.180.50/006f5Lmqjw8ewsg57amw9j3050050dg1.jpg?KID=imgbed,tva&Expires=1584956122&ssig=z4cU3LOUj9",
        "id": "4020458103856895",
        "city": "1000",
        "province": "11",
        "friends_count": 212,
        "user_location": "北京",
        "mid": "4020458103856895",
        "verified_reason": "微博知名娱乐博主 微博娱评团成员",
        "attitudes_count": 19635,
        "followers_count": 1493611,
        "verified_type": 0,
        "statuses_count": 10829,
        "parent": null,
        "verified": true,
        "geo": null,
        "user_created_at": 1444190548,
        "favourites_count": 462,
        "screen_name": "圈神探",
        "gender": "m",
        "user_geo_enabled": true,
        "username": "圈神探",
        "comments_count": 19604,
        "t": 1474035371,
        "video_status_count": 0,
        "urank": 44,
        "user_ability": 2359816,
        "credit_score": 67
    },
    {
        "reposts_count": 0,
        "uid": 1974863250,
        "bi_followers_count": 97,
        "text": " 看大片[流鼻涕] http://t.cn/Rc9LCk1",
        "user_description": "原谅我这一生脸大不羁爱自由。",
        "user_avatar": "https://tva4.sinaimg.cn/crop.0.0.512.512.50/75b60592jw8ex825143dyj20e80e83yp.jpg?KID=imgbed,tva&Expires=1584956122&ssig=EG1B6r1hTw",
        "id": "4020982626734009",
        "city": "1000",
        "province": "43",
        "friends_count": 285,
        "user_location": "湖南",
        "mid": "4020982626734009",
        "verified_reason": "",
        "attitudes_count": 0,
        "followers_count": 353,
        "verified_type": 220,
        "statuses_count": 397,
        "parent": "4020458103856895",
        "verified": false,
        "geo": null,
        "user_created_at": 1299235284,
        "favourites_count": 58,
        "screen_name": "茧___",
        "gender": "f",
        "user_geo_enabled": true,
        "username": "茧___",
        "comments_count": 0,
        "t": 1474160427,
        "video_status_count": 0,
        "urank": 23,
        "user_ability": 2097152,
        "credit_score": 80
    },
    {
        "reposts_count": 0,
        "uid": 3244712270,
        "bi_followers_count": 64,
        "text": "回复@煮小豆儿:[微笑][微笑]呵呵，自己寻思去吧，说不清楚还怪别人，这是喷你？比起那些骂出爹妈的脏话的人，我对你已经很温柔了",
        "user_description": "",
        "user_avatar": "https://tvax3.sinaimg.cn/crop.0.0.1080.1080.50/c166614ely8g6x7n1hzwjj20u00u0ahp.jpg?KID=imgbed,tva&Expires=1584956122&ssig=bVDgTIaPp8",
        "id": "4020981808476323",
        "city": "3",
        "province": "32",
        "friends_count": 177,
        "user_location": "江苏 徐州",
        "mid": "4020981808476323",
        "verified_reason": " 江西省第十四届运动会健美操比赛女生组排舞第一名   杨一伟",
        "attitudes_count": 0,
        "followers_count": 692,
        "verified_type": 0,
        "statuses_count": 67,
        "parent": "4020458103856895",
        "verified": true,
        "geo": null,
        "user_created_at": 1364475665,
        "favourites_count": 1,
        "screen_name": "杨逗逗的小时候_",
        "gender": "f",
        "user_geo_enabled": true,
        "username": "杨逗逗的小时候_",
        "comments_count": 0,
        "t": 1474160232,
        "video_status_count": 0,
        "urank": 28,
        "user_ability": 1312768,
        "credit_score": 80
    },
    {
        "reposts_count": 0,
        "uid": 2793964342,
        "bi_followers_count": 5,
        "text": " 看大片[xb太阳] http://t.cn/Rc9LfWd",
        "user_description": "",
        "user_avatar": "https://tva4.sinaimg.cn/crop.0.0.638.638.50/a6888336jw8elzcp1fixsj20hq0hq0u1.jpg?KID=imgbed,tva&Expires=1584956122&ssig=mtcJfxf9De",
        "id": "4020981767169142",
        "city": "1000",
        "province": "400",
        "friends_count": 479,
        "user_location": "海外",
        "mid": "4020981767169142",
        "verified_reason": "",
        "attitudes_count": 0,
        "followers_count": 259,
        "verified_type": -1,
        "statuses_count": 9617,
        "parent": "4020458103856895",
        "verified": false,
        "geo": null,
        "user_created_at": 1336059262,
        "favourites_count": 5,
        "screen_name": "sehuniea",
        "gender": "f",
        "user_geo_enabled": true,
        "username": "sehuniea",
        "comments_count": 0,
        "t": 1474160222,
        "video_status_count": 0,
        "urank": 22,
        "user_ability": 2097152,
        "credit_score": 18
    },
    {
        "reposts_count": 0,
        "uid": 1805802042,
        "bi_followers_count": 3,
        "text": " 看大片[吓到了] http://t.cn/Rc9Ly3L",
        "user_description": "",
        "user_avatar": "https://tva3.sinaimg.cn/crop.0.0.180.180.50/6ba25a3ajw1e8qgp5bmzyj2050050aa8.jpg?KID=imgbed,tva&Expires=1584956122&ssig=EBtquCLBy1",
        "id": "4020981075417179",
        "city": "1000",
        "province": "35",
        "friends_count": 29,
        "user_location": "福建",
        "mid": "4020981075417179",
        "verified_reason": "",
        "attitudes_count": 0,
        "followers_count": 48,
        "verified_type": -1,
        "statuses_count": 90,
        "parent": "4020458103856895",
        "verified": false,
        "geo": null,
        "user_created_at": 1283480728,
        "favourites_count": 0,
        "screen_name": "槛外空人",
        "gender": "f",
        "user_geo_enabled": true,
        "username": "槛外空人",
        "comments_count": 0,
        "t": 1474160056,
        "video_status_count": 0,
        "urank": 29,
        "user_ability": 35651584,
        "credit_score": 80
    },
    {
        "reposts_count": 0,
        "uid": 1559547664,
        "bi_followers_count": 12,
        "text": " 看大片[bm搞怪] http://t.cn/Rc9L2ze",
        "user_description": "",
        "user_avatar": "https://tvax4.sinaimg.cn/crop.0.0.180.180.50/5cf4cf10ly8fjk92xn3z6j206o06oaa0.jpg?KID=imgbed,tva&Expires=1584956122&ssig=atYvQlFaMQ",
        "id": "4020980886030949",
        "city": "1000",
        "province": "51",
        "friends_count": 1091,
        "user_location": "四川",
        "mid": "4020980886030949",
        "verified_reason": "",
        "attitudes_count": 0,
        "followers_count": 14,
        "verified_type": -1,
        "statuses_count": 10,
        "parent": "4020458103856895",
        "verified": false,
        "geo": null,
        "user_created_at": 1351061501,
        "favourites_count": 0,
        "screen_name": "___msl",
        "gender": "m",
        "user_geo_enabled": true,
        "username": "___msl",
        "comments_count": 0,
        "t": 1474160012,
        "video_status_count": 0,
        "urank": 14,
        "user_ability": 0,
        "credit_score": 52
    },
    {
        "reposts_count": 0,
        "uid": 2597553395,
        "bi_followers_count": 10,
        "text": " 看大片[lt切克闹] http://t.cn/Rc92QEi",
        "user_description": "",
        "user_avatar": "https://tva4.sinaimg.cn/crop.200.0.1200.1200.50/9ad384f3jw8e6whtbvwp7j218g0xc0zn.jpg?KID=imgbed,tva&Expires=1584956122&ssig=hZAENAQ9%2Fd",
        "id": "4020979095522507",
        "city": "1000",
        "province": "44",
        "friends_count": 164,
        "user_location": "广东",
        "mid": "4020979095522507",
        "verified_reason": "",
        "attitudes_count": 0,
        "followers_count": 145,
        "verified_type": -1,
        "statuses_count": 1225,
        "parent": "4020458103856895",
        "verified": false,
        "geo": null,
        "user_created_at": 1332405399,
        "favourites_count": 4,
        "screen_name": "面具肥猫",
        "gender": "f",
        "user_geo_enabled": true,
        "username": "面具肥猫",
        "comments_count": 0,
        "t": 1474159585,
        "video_status_count": 0,
        "urank": 14,
        "user_ability": 2097152,
        "credit_score": 66
    }
]