[
    {
        "reposts_count": 1,
        "uid": 2328325981,
        "bi_followers_count": 33,
        "text": "乔任梁 疑和某导演玩SM过度意外死亡，而后来警民直通车也发了一个耐人寻味的微博.经纪人哀悼：就让他好好安息！难道乔任梁之前就有SM的情况发生吗？我找了找乔任梁的SM的相关信息，发现在2014年的时候就有相关微博。真希望乔任梁能发个微博给大家压压惊啊！但是好像~~已经不可能了。。。 ​",
        "user_description": "关注时事热点。支持王宝强",
        "user_avatar": "https://tvax2.sinaimg.cn/crop.0.0.1328.1328.50/8ac76f5dly8fgiy0x5uj7j210w10wmz2.jpg?KID=imgbed,tva&Expires=1584956116&ssig=elgrAWS51u",
        "id": "4020482161780704",
        "city": "1000",
        "province": "12",
        "friends_count": 227,
        "user_location": "天津",
        "mid": "4020482161780704",
        "verified_reason": "天津河西丰诺金宏家电维修中心工程师",
        "attitudes_count": 96,
        "followers_count": 28794,
        "verified_type": 0,
        "statuses_count": 934,
        "parent": null,
        "verified": true,
        "geo": null,
        "user_created_at": 1314490618,
        "favourites_count": 1,
        "screen_name": "娱人爱恋",
        "gender": "m",
        "user_geo_enabled": true,
        "username": "娱人爱恋",
        "comments_count": 66,
        "t": 1474041108,
        "video_status_count": 0,
        "urank": 24,
        "user_ability": 2099720,
        "credit_score": 80
    },
    {
        "reposts_count": 0,
        "uid": 5641280351,
        "bi_followers_count": 7,
        "text": "只有你闲的找那些虚假信息，这种人最不要脸你懂吗？",
        "user_description": "所爱隔山海，山海不可平.",
        "user_avatar": "https://tva2.sinaimg.cn/crop.0.0.664.664.50/0069MeILjw8f5upx6ld1jj30ig0ig0ty.jpg?KID=imgbed,tva&Expires=1584956116&ssig=aHB4ml5gjP",
        "id": "4020675183749132",
        "city": "1000",
        "province": "13",
        "friends_count": 225,
        "user_location": "河北",
        "mid": "4020675183749132",
        "verified_reason": "",
        "attitudes_count": 0,
        "followers_count": 30,
        "verified_type": -1,
        "statuses_count": 56,
        "parent": "4020482161780704",
        "verified": false,
        "geo": null,
        "user_created_at": 1435403572,
        "favourites_count": 0,
        "screen_name": "ah小潼",
        "gender": "f",
        "user_geo_enabled": true,
        "username": "ah小潼",
        "comments_count": 0,
        "t": 1474087128,
        "video_status_count": 0,
        "urank": 9,
        "user_ability": 2098176,
        "credit_score": 80
    },
    {
        "reposts_count": 0,
        "uid": 5641280351,
        "bi_followers_count": 7,
        "text": "你真恶心",
        "user_description": "所爱隔山海，山海不可平.",
        "user_avatar": "https://tva2.sinaimg.cn/crop.0.0.664.664.50/0069MeILjw8f5upx6ld1jj30ig0ig0ty.jpg?KID=imgbed,tva&Expires=1584956116&ssig=aHB4ml5gjP",
        "id": "4020675029134173",
        "city": "1000",
        "province": "13",
        "friends_count": 225,
        "user_location": "河北",
        "mid": "4020675029134173",
        "verified_reason": "",
        "attitudes_count": 0,
        "followers_count": 30,
        "verified_type": -1,
        "statuses_count": 56,
        "parent": "4020482161780704",
        "verified": false,
        "geo": null,
        "user_created_at": 1435403572,
        "favourites_count": 0,
        "screen_name": "ah小潼",
        "gender": "f",
        "user_geo_enabled": true,
        "username": "ah小潼",
        "comments_count": 0,
        "t": 1474087090,
        "video_status_count": 0,
        "urank": 9,
        "user_ability": 2098176,
        "credit_score": 80
    },
    {
        "reposts_count": 0,
        "uid": 5714089018,
        "bi_followers_count": 0,
        "text": "这种人就是最基本的素质都没有，都说逝者为大，不管原因如何，闭嘴是对他们最起码的尊重，是做人最基本的道德，而你还在到处转发，到处求关注，恶心。",
        "user_description": "",
        "user_avatar": "https://tvax4.sinaimg.cn/crop.0.0.996.996.50/006eHJA6ly8fw3ktj1jabj30ro0ro41k.jpg?KID=imgbed,tva&Expires=1584956116&ssig=X7aJ%2BDWyEl",
        "id": "4020674069180103",
        "city": "1",
        "province": "44",
        "friends_count": 106,
        "user_location": "广东 广州",
        "mid": "4020674069180103",
        "verified_reason": "",
        "attitudes_count": 0,
        "followers_count": 51,
        "verified_type": -1,
        "statuses_count": 8,
        "parent": "4020482161780704",
        "verified": false,
        "geo": null,
        "user_created_at": 1444892681,
        "favourites_count": 0,
        "screen_name": "薏Mi薏Mi",
        "gender": "f",
        "user_geo_enabled": true,
        "username": "薏Mi薏Mi",
        "comments_count": 0,
        "t": 1474086861,
        "video_status_count": 0,
        "urank": 4,
        "user_ability": 33554432,
        "credit_score": 80
    },
    {
        "reposts_count": 0,
        "uid": 1549684084,
        "bi_followers_count": 125,
        "text": "你是不是看不懂人话？警方说排除他杀，如果是sm致死也是他杀啊，你是脑子装了💩以致于看不懂人话，口中喷出来💩么？",
        "user_description": "谁看谁怀孕",
        "user_avatar": "https://tvax1.sinaimg.cn/crop.0.0.512.512.50/5c5e4d74ly8g1j03sc96kj20e80e874m.jpg?KID=imgbed,tva&Expires=1584956116&ssig=%2FnL6J5%2BgIu",
        "id": "4020498373995097",
        "city": "5",
        "province": "400",
        "friends_count": 334,
        "user_location": "海外 加拿大",
        "mid": "4020498373995097",
        "verified_reason": "",
        "attitudes_count": 0,
        "followers_count": 433,
        "verified_type": -1,
        "statuses_count": 677,
        "parent": "4020482161780704",
        "verified": false,
        "geo": null,
        "user_created_at": 1279183275,
        "favourites_count": 517,
        "screen_name": "我什么时候有猫鸭",
        "gender": "f",
        "user_geo_enabled": true,
        "username": "我什么时候有猫鸭",
        "comments_count": 0,
        "t": 1474044972,
        "video_status_count": 0,
        "urank": 35,
        "user_ability": 2098176,
        "credit_score": 80
    },
    {
        "reposts_count": 0,
        "uid": 2240607485,
        "bi_followers_count": 73,
        "text": "要不删了吧，让他好走吧。",
        "user_description": "但使残年吃饱饭 只愿无事常相见",
        "user_avatar": "https://tvax2.sinaimg.cn/crop.0.0.1536.1536.50/858cf4fdly8futbxo71i4j216o16o0vf.jpg?KID=imgbed,tva&Expires=1584956116&ssig=%2BMdNqK8hns",
        "id": "4020495903085273",
        "city": "1000",
        "province": "41",
        "friends_count": 197,
        "user_location": "河南",
        "mid": "4020495903085273",
        "verified_reason": "",
        "attitudes_count": 0,
        "followers_count": 358,
        "verified_type": -1,
        "statuses_count": 9164,
        "parent": "4020482161780704",
        "verified": false,
        "geo": null,
        "user_created_at": 1310372920,
        "favourites_count": 1017,
        "screen_name": "Real小肚脐",
        "gender": "f",
        "user_geo_enabled": false,
        "username": "Real小肚脐",
        "comments_count": 0,
        "t": 1474044383,
        "video_status_count": 0,
        "urank": 42,
        "user_ability": 35652608,
        "credit_score": 80
    },
    {
        "reposts_count": 0,
        "uid": 2328325981,
        "bi_followers_count": 33,
        "text": "回复@文文文文文文H:对你，我实在想不出有什么语言和不同人类的你沟通！",
        "user_description": "关注时事热点。支持王宝强",
        "user_avatar": "https://tvax2.sinaimg.cn/crop.0.0.1328.1328.50/8ac76f5dly8fgiy0x5uj7j210w10wmz2.jpg?KID=imgbed,tva&Expires=1584956116&ssig=elgrAWS51u",
        "id": "4020492161199418",
        "city": "1000",
        "province": "12",
        "friends_count": 227,
        "user_location": "天津",
        "mid": "4020492161199418",
        "verified_reason": "天津河西丰诺金宏家电维修中心工程师",
        "attitudes_count": 0,
        "followers_count": 28806,
        "verified_type": 0,
        "statuses_count": 934,
        "parent": "4020482161780704",
        "verified": true,
        "geo": null,
        "user_created_at": 1314490618,
        "favourites_count": 1,
        "screen_name": "娱人爱恋",
        "gender": "m",
        "user_geo_enabled": true,
        "username": "娱人爱恋",
        "comments_count": 0,
        "t": 1474043491,
        "video_status_count": 0,
        "urank": 24,
        "user_ability": 2099720,
        "credit_score": 80
    },
    {
        "reposts_count": 0,
        "uid": 2328325981,
        "bi_followers_count": 33,
        "text": "回复@苏家的淡雨:你mad的2B货，锤子长在脑壳上，我都奇怪世博会怎么没喊你去展览？网上那么多文章你挨个去叫人别发。？",
        "user_description": "关注时事热点。支持王宝强",
        "user_avatar": "https://tvax2.sinaimg.cn/crop.0.0.1328.1328.50/8ac76f5dly8fgiy0x5uj7j210w10wmz2.jpg?KID=imgbed,tva&Expires=1584956116&ssig=elgrAWS51u",
        "id": "4020491666604384",
        "city": "1000",
        "province": "12",
        "friends_count": 227,
        "user_location": "天津",
        "mid": "4020491666604384",
        "verified_reason": "天津河西丰诺金宏家电维修中心工程师",
        "attitudes_count": 0,
        "followers_count": 28806,
        "verified_type": 0,
        "statuses_count": 934,
        "parent": "4020482161780704",
        "verified": true,
        "geo": null,
        "user_created_at": 1314490618,
        "favourites_count": 1,
        "screen_name": "娱人爱恋",
        "gender": "m",
        "user_geo_enabled": true,
        "username": "娱人爱恋",
        "comments_count": 0,
        "t": 1474043372,
        "video_status_count": 0,
        "urank": 24,
        "user_ability": 2099720,
        "credit_score": 80
    },
    {
        "reposts_count": 0,
        "uid": 1924927201,
        "bi_followers_count": 4,
        "text": "请删博！",
        "user_description": "了了了.Zzzz",
        "user_avatar": "https://tvax3.sinaimg.cn/crop.0.0.512.512.50/72bc0ee1ly8gas0jjcnb6j20e80e8t9w.jpg?KID=imgbed,tva&Expires=1584956116&ssig=ZFoP%2BTtiGj",
        "id": "4020491523827248",
        "city": "1000",
        "province": "100",
        "friends_count": 404,
        "user_location": "其他",
        "mid": "4020491523827248",
        "verified_reason": "",
        "attitudes_count": 0,
        "followers_count": 116,
        "verified_type": -1,
        "statuses_count": 496,
        "parent": "4020482161780704",
        "verified": false,
        "geo": null,
        "user_created_at": 1295270719,
        "favourites_count": 693,
        "screen_name": "Micky六",
        "gender": "f",
        "user_geo_enabled": true,
        "username": "Micky六",
        "comments_count": 0,
        "t": 1474043339,
        "video_status_count": 0,
        "urank": 14,
        "user_ability": 2097152,
        "credit_score": 80
    },
    {
        "reposts_count": 0,
        "uid": 1924927201,
        "bi_followers_count": 4,
        "text": "懂不懂的尊重人，还没有定论，就不要造谣！",
        "user_description": "了了了.Zzzz",
        "user_avatar": "https://tvax3.sinaimg.cn/crop.0.0.512.512.50/72bc0ee1ly8gas0jjcnb6j20e80e8t9w.jpg?KID=imgbed,tva&Expires=1584956116&ssig=ZFoP%2BTtiGj",
        "id": "4020490777562692",
        "city": "1000",
        "province": "100",
        "friends_count": 404,
        "user_location": "其他",
        "mid": "4020490777562692",
        "verified_reason": "",
        "attitudes_count": 0,
        "followers_count": 116,
        "verified_type": -1,
        "statuses_count": 496,
        "parent": "4020482161780704",
        "verified": false,
        "geo": null,
        "user_created_at": 1295270719,
        "favourites_count": 693,
        "screen_name": "Micky六",
        "gender": "f",
        "user_geo_enabled": true,
        "username": "Micky六",
        "comments_count": 0,
        "t": 1474043161,
        "video_status_count": 0,
        "urank": 14,
        "user_ability": 2097152,
        "credit_score": 80
    },
    {
        "reposts_count": 0,
        "uid": 1924927201,
        "bi_followers_count": 4,
        "text": "人都走了，请尊重他好吗！没证实死因，你凭什么发文这样说！！请删除！",
        "user_description": "了了了.Zzzz",
        "user_avatar": "https://tvax3.sinaimg.cn/crop.0.0.512.512.50/72bc0ee1ly8gas0jjcnb6j20e80e8t9w.jpg?KID=imgbed,tva&Expires=1584956116&ssig=ZFoP%2BTtiGj",
        "id": "4020490198289304",
        "city": "1000",
        "province": "100",
        "friends_count": 404,
        "user_location": "其他",
        "mid": "4020490198289304",
        "verified_reason": "",
        "attitudes_count": 0,
        "followers_count": 116,
        "verified_type": -1,
        "statuses_count": 496,
        "parent": "4020482161780704",
        "verified": false,
        "geo": null,
        "user_created_at": 1295270719,
        "favourites_count": 693,
        "screen_name": "Micky六",
        "gender": "f",
        "user_geo_enabled": true,
        "username": "Micky六",
        "comments_count": 0,
        "t": 1474043023,
        "video_status_count": 0,
        "urank": 14,
        "user_ability": 2097152,
        "credit_score": 80
    },
    {
        "reposts_count": 0,
        "uid": 1843102773,
        "bi_followers_count": 46,
        "text": "回复@爱恋周松:骂你的多了 我这算啥[偷笑]",
        "user_description": "𓁶",
        "user_avatar": "https://tvax1.sinaimg.cn/crop.0.0.1080.1080.50/6ddb8435ly8gce8ug1iu9j20u00u0djo.jpg?KID=imgbed,tva&Expires=1584956116&ssig=fQQDb7pdlm",
        "id": "4020488340240505",
        "city": "6",
        "province": "15",
        "friends_count": 141,
        "user_location": "内蒙古 鄂尔多斯",
        "mid": "4020488340240505",
        "verified_reason": "",
        "attitudes_count": 0,
        "followers_count": 288,
        "verified_type": 220,
        "statuses_count": 18,
        "parent": "4020482161780704",
        "verified": false,
        "geo": null,
        "user_created_at": 1288513674,
        "favourites_count": 872,
        "screen_name": "就叫王宇琼",
        "gender": "f",
        "user_geo_enabled": true,
        "username": "就叫王宇琼",
        "comments_count": 0,
        "t": 1474042580,
        "video_status_count": 0,
        "urank": 36,
        "user_ability": 2359296,
        "credit_score": 80
    },
    {
        "reposts_count": 0,
        "uid": 1843102773,
        "bi_followers_count": 46,
        "text": "回复@爱恋周松:麻烦组织好语言再表达[微笑]",
        "user_description": "𓁶",
        "user_avatar": "https://tvax1.sinaimg.cn/crop.0.0.1080.1080.50/6ddb8435ly8gce8ug1iu9j20u00u0djo.jpg?KID=imgbed,tva&Expires=1584956116&ssig=fQQDb7pdlm",
        "id": "4020488239840127",
        "city": "6",
        "province": "15",
        "friends_count": 141,
        "user_location": "内蒙古 鄂尔多斯",
        "mid": "4020488239840127",
        "verified_reason": "",
        "attitudes_count": 0,
        "followers_count": 288,
        "verified_type": 220,
        "statuses_count": 18,
        "parent": "4020482161780704",
        "verified": false,
        "geo": null,
        "user_created_at": 1288513674,
        "favourites_count": 872,
        "screen_name": "就叫王宇琼",
        "gender": "f",
        "user_geo_enabled": true,
        "username": "就叫王宇琼",
        "comments_count": 0,
        "t": 1474042556,
        "video_status_count": 0,
        "urank": 36,
        "user_ability": 2359296,
        "credit_score": 80
    },
    {
        "reposts_count": 0,
        "uid": 2693175711,
        "bi_followers_count": 9,
        "text": "你让人恶心",
        "user_description": "",
        "user_avatar": "https://tvax2.sinaimg.cn/crop.0.0.996.996.50/a086999fly8g7dxyqo9j4j20ro0rotdp.jpg?KID=imgbed,tva&Expires=1584956116&ssig=tF6u5f5%2BBP",
        "id": "4020487845180172",
        "city": "10",
        "province": "13",
        "friends_count": 249,
        "user_location": "河北 廊坊",
        "mid": "4020487845180172",
        "verified_reason": "",
        "attitudes_count": 0,
        "followers_count": 110,
        "verified_type": -1,
        "statuses_count": 385,
        "parent": "4020482161780704",
        "verified": false,
        "geo": null,
        "user_created_at": 1333451455,
        "favourites_count": 587,
        "screen_name": "mytoria",
        "gender": "f",
        "user_geo_enabled": true,
        "username": "mytoria",
        "comments_count": 0,
        "t": 1474042462,
        "video_status_count": 0,
        "urank": 32,
        "user_ability": 35651584,
        "credit_score": 80
    },
    {
        "reposts_count": 0,
        "uid": 2219011780,
        "bi_followers_count": 71,
        "text": "尊重死者不会吗？",
        "user_description": "春困秋乏 正事要紧",
        "user_avatar": "https://tvax2.sinaimg.cn/crop.0.0.996.996.50/84436ec4ly8gccdemj2ohj20ro0rojtu.jpg?KID=imgbed,tva&Expires=1584956116&ssig=fPK3KDC2ln",
        "id": "4020487748685512",
        "city": "14",
        "province": "31",
        "friends_count": 576,
        "user_location": "上海 嘉定区",
        "mid": "4020487748685512",
        "verified_reason": "",
        "attitudes_count": 0,
        "followers_count": 374,
        "verified_type": -1,
        "statuses_count": 1396,
        "parent": "4020482161780704",
        "verified": false,
        "geo": null,
        "user_created_at": 1309936797,
        "favourites_count": 17,
        "screen_name": "阿舟不爱吃零食",
        "gender": "m",
        "user_geo_enabled": true,
        "username": "阿舟不爱吃零食",
        "comments_count": 0,
        "t": 1474042439,
        "video_status_count": 0,
        "urank": 34,
        "user_ability": 2098176,
        "credit_score": 80
    },
    {
        "reposts_count": 0,
        "uid": 2328325981,
        "bi_followers_count": 33,
        "text": "回复@王亿卍:这位小姐，请注意您的言辞，因为你丰富的语言魅力和你那张像片，是挂了男人身体里的那种白色物质的脸皮成正比。",
        "user_description": "关注时事热点。支持王宝强",
        "user_avatar": "https://tvax2.sinaimg.cn/crop.0.0.1328.1328.50/8ac76f5dly8fgiy0x5uj7j210w10wmz2.jpg?KID=imgbed,tva&Expires=1584956116&ssig=elgrAWS51u",
        "id": "4020487635409403",
        "city": "1000",
        "province": "12",
        "friends_count": 227,
        "user_location": "天津",
        "mid": "4020487635409403",
        "verified_reason": "天津河西丰诺金宏家电维修中心工程师",
        "attitudes_count": 0,
        "followers_count": 28806,
        "verified_type": 0,
        "statuses_count": 934,
        "parent": "4020482161780704",
        "verified": true,
        "geo": null,
        "user_created_at": 1314490618,
        "favourites_count": 1,
        "screen_name": "娱人爱恋",
        "gender": "m",
        "user_geo_enabled": true,
        "username": "娱人爱恋",
        "comments_count": 0,
        "t": 1474042412,
        "video_status_count": 0,
        "urank": 24,
        "user_ability": 2099720,
        "credit_score": 80
    },
    {
        "reposts_count": 0,
        "uid": 2693175711,
        "bi_followers_count": 9,
        "text": "你让人恶心",
        "user_description": "",
        "user_avatar": "https://tvax2.sinaimg.cn/crop.0.0.996.996.50/a086999fly8g7dxyqo9j4j20ro0rotdp.jpg?KID=imgbed,tva&Expires=1584956116&ssig=tF6u5f5%2BBP",
        "id": "4020487572477687",
        "city": "10",
        "province": "13",
        "friends_count": 249,
        "user_location": "河北 廊坊",
        "mid": "4020487572477687",
        "verified_reason": "",
        "attitudes_count": 0,
        "followers_count": 110,
        "verified_type": -1,
        "statuses_count": 385,
        "parent": "4020482161780704",
        "verified": false,
        "geo": null,
        "user_created_at": 1333451455,
        "favourites_count": 587,
        "screen_name": "mytoria",
        "gender": "f",
        "user_geo_enabled": true,
        "username": "mytoria",
        "comments_count": 0,
        "t": 1474042397,
        "video_status_count": 0,
        "urank": 32,
        "user_ability": 35651584,
        "credit_score": 80
    },
    {
        "reposts_count": 0,
        "uid": 1843102773,
        "bi_followers_count": 46,
        "text": "回复@爱恋周松:我发不了图片 你自己搜搜看 中华网官方微博 是不是已经辟谣了 你随处看个八卦拿来一本正经的当事儿说 我看你IQEQ都不怎么样",
        "user_description": "𓁶",
        "user_avatar": "https://tvax1.sinaimg.cn/crop.0.0.1080.1080.50/6ddb8435ly8gce8ug1iu9j20u00u0djo.jpg?KID=imgbed,tva&Expires=1584956116&ssig=fQQDb7pdlm",
        "id": "4020487284235498",
        "city": "6",
        "province": "15",
        "friends_count": 141,
        "user_location": "内蒙古 鄂尔多斯",
        "mid": "4020487284235498",
        "verified_reason": "",
        "attitudes_count": 0,
        "followers_count": 288,
        "verified_type": 220,
        "statuses_count": 18,
        "parent": "4020482161780704",
        "verified": false,
        "geo": null,
        "user_created_at": 1288513674,
        "favourites_count": 872,
        "screen_name": "就叫王宇琼",
        "gender": "f",
        "user_geo_enabled": true,
        "username": "就叫王宇琼",
        "comments_count": 0,
        "t": 1474042328,
        "video_status_count": 0,
        "urank": 36,
        "user_ability": 2359296,
        "credit_score": 80
    },
    {
        "reposts_count": 0,
        "uid": 2693175711,
        "bi_followers_count": 9,
        "text": "你让人恶心",
        "user_description": "",
        "user_avatar": "https://tvax2.sinaimg.cn/crop.0.0.996.996.50/a086999fly8g7dxyqo9j4j20ro0rotdp.jpg?KID=imgbed,tva&Expires=1584956116&ssig=tF6u5f5%2BBP",
        "id": "4020487267159969",
        "city": "10",
        "province": "13",
        "friends_count": 249,
        "user_location": "河北 廊坊",
        "mid": "4020487267159969",
        "verified_reason": "",
        "attitudes_count": 0,
        "followers_count": 110,
        "verified_type": -1,
        "statuses_count": 385,
        "parent": "4020482161780704",
        "verified": false,
        "geo": null,
        "user_created_at": 1333451455,
        "favourites_count": 587,
        "screen_name": "mytoria",
        "gender": "f",
        "user_geo_enabled": true,
        "username": "mytoria",
        "comments_count": 0,
        "t": 1474042324,
        "video_status_count": 0,
        "urank": 32,
        "user_ability": 35651584,
        "credit_score": 80
    },
    {
        "reposts_count": 0,
        "uid": 1843102773,
        "bi_followers_count": 46,
        "text": "回复@爱恋周松:你有理让我评论呀 心虚个毛",
        "user_description": "𓁶",
        "user_avatar": "https://tvax1.sinaimg.cn/crop.0.0.1080.1080.50/6ddb8435ly8gce8ug1iu9j20u00u0djo.jpg?KID=imgbed,tva&Expires=1584956116&ssig=fQQDb7pdlm",
        "id": "4020486872911438",
        "city": "6",
        "province": "15",
        "friends_count": 141,
        "user_location": "内蒙古 鄂尔多斯",
        "mid": "4020486872911438",
        "verified_reason": "",
        "attitudes_count": 0,
        "followers_count": 288,
        "verified_type": 220,
        "statuses_count": 18,
        "parent": "4020482161780704",
        "verified": false,
        "geo": null,
        "user_created_at": 1288513674,
        "favourites_count": 872,
        "screen_name": "就叫王宇琼",
        "gender": "f",
        "user_geo_enabled": true,
        "username": "就叫王宇琼",
        "comments_count": 0,
        "t": 1474042230,
        "video_status_count": 0,
        "urank": 36,
        "user_ability": 2359296,
        "credit_score": 80
    },
    {
        "reposts_count": 0,
        "uid": 5019272691,
        "bi_followers_count": 7,
        "text": "你怎么可以这么恶心",
        "user_description": "要是总依赖别人 万一那人一走就全完了",
        "user_avatar": "https://tvax1.sinaimg.cn/crop.0.0.996.996.50/005tGm79ly8fdb7mgw2joj30ro0rotc2.jpg?KID=imgbed,tva&Expires=1584956116&ssig=Z9Hxt%2FoINF",
        "id": "4020486276590720",
        "city": "4",
        "province": "44",
        "friends_count": 102,
        "user_location": "广东 珠海",
        "mid": "4020486276590720",
        "verified_reason": "",
        "attitudes_count": 0,
        "followers_count": 40,
        "verified_type": -1,
        "statuses_count": 7,
        "parent": "4020482161780704",
        "verified": false,
        "geo": null,
        "user_created_at": 1391122883,
        "favourites_count": 80,
        "screen_name": "吖Lynn呐",
        "gender": "f",
        "user_geo_enabled": true,
        "username": "吖Lynn呐",
        "comments_count": 0,
        "t": 1474042089,
        "video_status_count": 0,
        "urank": 9,
        "user_ability": 33555456,
        "credit_score": 80
    },
    {
        "reposts_count": 0,
        "uid": 1924927201,
        "bi_followers_count": 4,
        "text": "请尊重死者，不要顺便转发谣传好吗！",
        "user_description": "了了了.Zzzz",
        "user_avatar": "https://tvax3.sinaimg.cn/crop.0.0.512.512.50/72bc0ee1ly8gas0jjcnb6j20e80e8t9w.jpg?KID=imgbed,tva&Expires=1584956116&ssig=ZFoP%2BTtiGj",
        "id": "4020485958136768",
        "city": "1000",
        "province": "100",
        "friends_count": 404,
        "user_location": "其他",
        "mid": "4020485958136768",
        "verified_reason": "",
        "attitudes_count": 0,
        "followers_count": 116,
        "verified_type": -1,
        "statuses_count": 496,
        "parent": "4020482161780704",
        "verified": false,
        "geo": null,
        "user_created_at": 1295270719,
        "favourites_count": 693,
        "screen_name": "Micky六",
        "gender": "f",
        "user_geo_enabled": true,
        "username": "Micky六",
        "comments_count": 0,
        "t": 1474042012,
        "video_status_count": 0,
        "urank": 14,
        "user_ability": 2097152,
        "credit_score": 80
    },
    {
        "reposts_count": 0,
        "uid": 1924927201,
        "bi_followers_count": 4,
        "text": "人都已经走了，请你尊重他好吗，死因还没证实，你凭什么发文这样说！请删除！",
        "user_description": "了了了.Zzzz",
        "user_avatar": "https://tvax3.sinaimg.cn/crop.0.0.512.512.50/72bc0ee1ly8gas0jjcnb6j20e80e8t9w.jpg?KID=imgbed,tva&Expires=1584956116&ssig=ZFoP%2BTtiGj",
        "id": "4020485626279017",
        "city": "1000",
        "province": "100",
        "friends_count": 404,
        "user_location": "其他",
        "mid": "4020485626279017",
        "verified_reason": "",
        "attitudes_count": 0,
        "followers_count": 116,
        "verified_type": -1,
        "statuses_count": 496,
        "parent": "4020482161780704",
        "verified": false,
        "geo": null,
        "user_created_at": 1295270719,
        "favourites_count": 693,
        "screen_name": "Micky六",
        "gender": "f",
        "user_geo_enabled": true,
        "username": "Micky六",
        "comments_count": 0,
        "t": 1474041934,
        "video_status_count": 0,
        "urank": 14,
        "user_ability": 2097152,
        "credit_score": 80
    },
    {
        "reposts_count": 0,
        "uid": 3189085215,
        "bi_followers_count": 5,
        "text": "滚，别几把乱说话",
        "user_description": "你看，天上有飞碟",
        "user_avatar": "https://tva4.sinaimg.cn/crop.0.0.1125.1125.50/be15941fjw8fcknod1acqj20v90v9mz1.jpg?KID=imgbed,tva&Expires=1584956116&ssig=5Xk49tTCJj",
        "id": "4020485530468269",
        "city": "1000",
        "province": "14",
        "friends_count": 799,
        "user_location": "山西",
        "mid": "4020485530468269",
        "verified_reason": "",
        "attitudes_count": 0,
        "followers_count": 204,
        "verified_type": -1,
        "statuses_count": 1242,
        "parent": "4020482161780704",
        "verified": false,
        "geo": null,
        "user_created_at": 1355402967,
        "favourites_count": 364,
        "screen_name": "小名李蓉蓉",
        "gender": "f",
        "user_geo_enabled": true,
        "username": "小名李蓉蓉",
        "comments_count": 0,
        "t": 1474041909,
        "video_status_count": 0,
        "urank": 27,
        "user_ability": 2098176,
        "credit_score": 80
    },
    {
        "reposts_count": 0,
        "uid": 6008659262,
        "bi_followers_count": 11,
        "text": "回复@爱恋周松:人家是抑郁好吗 SM致死 警察为什么说排除他杀？？今天脑子带了吗宝贝[微笑]",
        "user_description": "Love Myself💫",
        "user_avatar": "https://tvax4.sinaimg.cn/crop.0.0.512.512.50/006yDIL4ly8gd1bldgcphj30e80e8gm6.jpg?KID=imgbed,tva&Expires=1584956116&ssig=V8Ac9OC%2B6s",
        "id": "4020485379654122",
        "city": "1000",
        "province": "100",
        "friends_count": 145,
        "user_location": "其他",
        "mid": "4020485379654122",
        "verified_reason": "",
        "attitudes_count": 0,
        "followers_count": 97,
        "verified_type": -1,
        "statuses_count": 132,
        "parent": "4020482161780704",
        "verified": false,
        "geo": null,
        "user_created_at": 1471837726,
        "favourites_count": 666,
        "screen_name": "躲藏在你心里",
        "gender": "f",
        "user_geo_enabled": true,
        "username": "躲藏在你心里",
        "comments_count": 0,
        "t": 1474041874,
        "video_status_count": 0,
        "urank": 9,
        "user_ability": 3407872,
        "credit_score": 80
    },
    {
        "reposts_count": 0,
        "uid": 2328325981,
        "bi_followers_count": 33,
        "text": "回复@给我感觉COMEON:真为你的IQ捉急，我只能用呵呵回答你了。",
        "user_description": "关注时事热点。支持王宝强",
        "user_avatar": "https://tvax2.sinaimg.cn/crop.0.0.1328.1328.50/8ac76f5dly8fgiy0x5uj7j210w10wmz2.jpg?KID=imgbed,tva&Expires=1584956116&ssig=elgrAWS51u",
        "id": "4020485333404678",
        "city": "1000",
        "province": "12",
        "friends_count": 227,
        "user_location": "天津",
        "mid": "4020485333404678",
        "verified_reason": "天津河西丰诺金宏家电维修中心工程师",
        "attitudes_count": 0,
        "followers_count": 28806,
        "verified_type": 0,
        "statuses_count": 934,
        "parent": "4020482161780704",
        "verified": true,
        "geo": null,
        "user_created_at": 1314490618,
        "favourites_count": 1,
        "screen_name": "娱人爱恋",
        "gender": "m",
        "user_geo_enabled": true,
        "username": "娱人爱恋",
        "comments_count": 0,
        "t": 1474041863,
        "video_status_count": 0,
        "urank": 24,
        "user_ability": 2099720,
        "credit_score": 80
    },
    {
        "reposts_count": 0,
        "uid": 3101168813,
        "bi_followers_count": 63,
        "text": "在这里发表没有根据的言论还说不是蹭热搜?麻烦你尊重死者,删博!",
        "user_description": "庆幸如我 遗憾亦是我",
        "user_avatar": "https://tva1.sinaimg.cn/crop.0.0.996.996.50/b8d814adjw8f9cgkke55hj20ro0rpacc.jpg?KID=imgbed,tva&Expires=1584956116&ssig=tIrAkvdDCL",
        "id": "4020485307793389",
        "city": "1",
        "province": "65",
        "friends_count": 254,
        "user_location": "新疆 乌鲁木齐",
        "mid": "4020485307793389",
        "verified_reason": "",
        "attitudes_count": 0,
        "followers_count": 205,
        "verified_type": -1,
        "statuses_count": 159,
        "parent": "4020482161780704",
        "verified": false,
        "geo": null,
        "user_created_at": 1352512474,
        "favourites_count": 193,
        "screen_name": "感性鹿友",
        "gender": "f",
        "user_geo_enabled": true,
        "username": "感性鹿友",
        "comments_count": 0,
        "t": 1474041857,
        "video_status_count": 0,
        "urank": 33,
        "user_ability": 33555456,
        "credit_score": 80
    },
    {
        "reposts_count": 0,
        "uid": 3625427022,
        "bi_followers_count": 25,
        "text": "mdzz!!!",
        "user_description": "你会不经意发现过了多久我都没变",
        "user_avatar": "https://tvax1.sinaimg.cn/crop.0.0.996.996.50/d817a04ely8gaay1s4lygj20ro0rowh0.jpg?KID=imgbed,tva&Expires=1584956116&ssig=RA8blKYNHz",
        "id": "4020485186281461",
        "city": "1000",
        "province": "51",
        "friends_count": 83,
        "user_location": "四川",
        "mid": "4020485186281461",
        "verified_reason": "",
        "attitudes_count": 0,
        "followers_count": 80,
        "verified_type": -1,
        "statuses_count": 113,
        "parent": "4020482161780704",
        "verified": false,
        "geo": null,
        "user_created_at": 1375342134,
        "favourites_count": 1,
        "screen_name": "文文文文文文H",
        "gender": "f",
        "user_geo_enabled": true,
        "username": "文文文文文文H",
        "comments_count": 0,
        "t": 1474041828,
        "video_status_count": 0,
        "urank": 9,
        "user_ability": 1024,
        "credit_score": 80
    },
    {
        "reposts_count": 0,
        "uid": 1924927201,
        "bi_followers_count": 4,
        "text": "人都已经走了，请你尊重他好吗！死因还没查明，你凭什么发文这样说！请删除！",
        "user_description": "了了了.Zzzz",
        "user_avatar": "https://tvax3.sinaimg.cn/crop.0.0.512.512.50/72bc0ee1ly8gas0jjcnb6j20e80e8t9w.jpg?KID=imgbed,tva&Expires=1584956116&ssig=ZFoP%2BTtiGj",
        "id": "4020485047547921",
        "city": "1000",
        "province": "100",
        "friends_count": 404,
        "user_location": "其他",
        "mid": "4020485047547921",
        "verified_reason": "",
        "attitudes_count": 0,
        "followers_count": 116,
        "verified_type": -1,
        "statuses_count": 496,
        "parent": "4020482161780704",
        "verified": false,
        "geo": null,
        "user_created_at": 1295270719,
        "favourites_count": 693,
        "screen_name": "Micky六",
        "gender": "f",
        "user_geo_enabled": true,
        "username": "Micky六",
        "comments_count": 0,
        "t": 1474041795,
        "video_status_count": 0,
        "urank": 14,
        "user_ability": 2097152,
        "credit_score": 80
    },
    {
        "reposts_count": 0,
        "uid": 3625427022,
        "bi_followers_count": 25,
        "text": "四个字送你，MDZZ!!!!!",
        "user_description": "你会不经意发现过了多久我都没变",
        "user_avatar": "https://tvax1.sinaimg.cn/crop.0.0.996.996.50/d817a04ely8gaay1s4lygj20ro0rowh0.jpg?KID=imgbed,tva&Expires=1584956116&ssig=RA8blKYNHz",
        "id": "4020484826009931",
        "city": "1000",
        "province": "51",
        "friends_count": 83,
        "user_location": "四川",
        "mid": "4020484826009931",
        "verified_reason": "",
        "attitudes_count": 0,
        "followers_count": 80,
        "verified_type": -1,
        "statuses_count": 113,
        "parent": "4020482161780704",
        "verified": false,
        "geo": null,
        "user_created_at": 1375342134,
        "favourites_count": 1,
        "screen_name": "文文文文文文H",
        "gender": "f",
        "user_geo_enabled": true,
        "username": "文文文文文文H",
        "comments_count": 0,
        "t": 1474041742,
        "video_status_count": 0,
        "urank": 9,
        "user_ability": 1024,
        "credit_score": 80
    },
    {
        "reposts_count": 0,
        "uid": 5499151500,
        "bi_followers_count": 23,
        "text": "删博！别在这蹭热度！",
        "user_description": "阳光下又在照耀我们了",
        "user_avatar": "https://tvax4.sinaimg.cn/crop.11.0.727.727.50/00609SvWly8fhn63qqjv3j30ku0k73zu.jpg?KID=imgbed,tva&Expires=1584956116&ssig=RfwK1ZEsPG",
        "id": "4020484775267798",
        "city": "1",
        "province": "50",
        "friends_count": 438,
        "user_location": "重庆 万州区",
        "mid": "4020484775267798",
        "verified_reason": "",
        "attitudes_count": 0,
        "followers_count": 74,
        "verified_type": -1,
        "statuses_count": 204,
        "parent": "4020482161780704",
        "verified": false,
        "geo": null,
        "user_created_at": 1422422198,
        "favourites_count": 72,
        "screen_name": "骨髓筋脉",
        "gender": "f",
        "user_geo_enabled": false,
        "username": "骨髓筋脉",
        "comments_count": 0,
        "t": 1474041729,
        "video_status_count": 0,
        "urank": 14,
        "user_ability": 2098176,
        "credit_score": 80
    },
    {
        "reposts_count": 0,
        "uid": 2328325981,
        "bi_followers_count": 33,
        "text": "回复@王亿卍:我怎么蹭热度了，你搜搜，是不是疑sm?",
        "user_description": "关注时事热点。支持王宝强",
        "user_avatar": "https://tvax2.sinaimg.cn/crop.0.0.1328.1328.50/8ac76f5dly8fgiy0x5uj7j210w10wmz2.jpg?KID=imgbed,tva&Expires=1584956116&ssig=elgrAWS51u",
        "id": "4020484750068806",
        "city": "1000",
        "province": "12",
        "friends_count": 227,
        "user_location": "天津",
        "mid": "4020484750068806",
        "verified_reason": "天津河西丰诺金宏家电维修中心工程师",
        "attitudes_count": 0,
        "followers_count": 28806,
        "verified_type": 0,
        "statuses_count": 934,
        "parent": "4020482161780704",
        "verified": true,
        "geo": null,
        "user_created_at": 1314490618,
        "favourites_count": 1,
        "screen_name": "娱人爱恋",
        "gender": "m",
        "user_geo_enabled": true,
        "username": "娱人爱恋",
        "comments_count": 0,
        "t": 1474041723,
        "video_status_count": 0,
        "urank": 24,
        "user_ability": 2099720,
        "credit_score": 80
    },
    {
        "reposts_count": 0,
        "uid": 5688940491,
        "bi_followers_count": 11,
        "text": "经纪人哀悼有什么不对的，耐人寻味？",
        "user_description": "本命，防弹宝宝。",
        "user_avatar": "https://tva2.sinaimg.cn/crop.0.0.720.720.50/006d0diHjw8eyua0qwhv0j30k00k0gn1.jpg?KID=imgbed,tva&Expires=1584956116&ssig=zHjUxC8h0E",
        "id": "4020484582992292",
        "city": "2",
        "province": "44",
        "friends_count": 335,
        "user_location": "广东 韶关",
        "mid": "4020484582992292",
        "verified_reason": "",
        "attitudes_count": 0,
        "followers_count": 42,
        "verified_type": -1,
        "statuses_count": 261,
        "parent": "4020482161780704",
        "verified": false,
        "geo": null,
        "user_created_at": 1440822927,
        "favourites_count": 105,
        "screen_name": "智旻喲",
        "gender": "f",
        "user_geo_enabled": true,
        "username": "智旻喲",
        "comments_count": 0,
        "t": 1474041684,
        "video_status_count": 0,
        "urank": 9,
        "user_ability": 2098176,
        "credit_score": 80
    },
    {
        "reposts_count": 0,
        "uid": 5415529023,
        "bi_followers_count": 1,
        "text": "有病吧",
        "user_description": "“天之道，利而不害；圣人之道，为而不争。”",
        "user_avatar": "https://tvax1.sinaimg.cn/crop.0.0.750.750.50/005Uv0ujly8fzfzywugutj30ku0kugm0.jpg?KID=imgbed,tva&Expires=1584956116&ssig=If8A6gRFn9",
        "id": "4020484351839008",
        "city": "1000",
        "province": "11",
        "friends_count": 37,
        "user_location": "北京",
        "mid": "4020484351839008",
        "verified_reason": "",
        "attitudes_count": 0,
        "followers_count": 1145,
        "verified_type": -1,
        "statuses_count": 33,
        "parent": "4020482161780704",
        "verified": false,
        "geo": null,
        "user_created_at": 1418440634,
        "favourites_count": 36,
        "screen_name": "forever素手挽清风",
        "gender": "f",
        "user_geo_enabled": true,
        "username": "forever素手挽清风",
        "comments_count": 0,
        "t": 1474041629,
        "video_status_count": 0,
        "urank": 14,
        "user_ability": 35914752,
        "credit_score": 80
    },
    {
        "reposts_count": 0,
        "uid": 1924927201,
        "bi_followers_count": 4,
        "text": "人都走了，请尊重他好吗！没证实死因，你凭什么发文这样说！！请删除！",
        "user_description": "了了了.Zzzz",
        "user_avatar": "https://tvax3.sinaimg.cn/crop.0.0.512.512.50/72bc0ee1ly8gas0jjcnb6j20e80e8t9w.jpg?KID=imgbed,tva&Expires=1584956116&ssig=ZFoP%2BTtiGj",
        "id": "4020484309641555",
        "city": "1000",
        "province": "100",
        "friends_count": 404,
        "user_location": "其他",
        "mid": "4020484309641555",
        "verified_reason": "",
        "attitudes_count": 0,
        "followers_count": 116,
        "verified_type": -1,
        "statuses_count": 496,
        "parent": "4020482161780704",
        "verified": false,
        "geo": null,
        "user_created_at": 1295270719,
        "favourites_count": 693,
        "screen_name": "Micky六",
        "gender": "f",
        "user_geo_enabled": true,
        "username": "Micky六",
        "comments_count": 0,
        "t": 1474041619,
        "video_status_count": 0,
        "urank": 14,
        "user_ability": 2097152,
        "credit_score": 80
    },
    {
        "reposts_count": 0,
        "uid": 5016788521,
        "bi_followers_count": 57,
        "text": "gun",
        "user_description": "手可摘星辰",
        "user_avatar": "https://tvax1.sinaimg.cn/crop.0.0.512.512.50/005tvVRTly8g8n0iu0u8yj30e80e83zg.jpg?KID=imgbed,tva&Expires=1584956116&ssig=SOvpJ1AcKE",
        "id": "4020484288870567",
        "city": "1000",
        "province": "50",
        "friends_count": 339,
        "user_location": "重庆",
        "mid": "4020484288870567",
        "verified_reason": "",
        "attitudes_count": 0,
        "followers_count": 181,
        "verified_type": -1,
        "statuses_count": 791,
        "parent": "4020482161780704",
        "verified": false,
        "geo": null,
        "user_created_at": 1391014982,
        "favourites_count": 0,
        "screen_name": "小张不饿zZ",
        "gender": "f",
        "user_geo_enabled": true,
        "username": "小张不饿zZ",
        "comments_count": 0,
        "t": 1474041613,
        "video_status_count": 0,
        "urank": 33,
        "user_ability": 3408896,
        "credit_score": 80
    },
    {
        "reposts_count": 0,
        "uid": 5233981582,
        "bi_followers_count": 25,
        "text": "谣言，抑郁症去世的",
        "user_description": "玩娃 随意圈评",
        "user_avatar": "https://tvax4.sinaimg.cn/crop.0.0.512.512.50/005IdfHMly8gd24d0xp0kj30e80e8wez.jpg?KID=imgbed,tva&Expires=1584956116&ssig=19TQbdOhKW",
        "id": "4020484271629110",
        "city": "1000",
        "province": "100",
        "friends_count": 326,
        "user_location": "其他",
        "mid": "4020484271629110",
        "verified_reason": "",
        "attitudes_count": 0,
        "followers_count": 135,
        "verified_type": -1,
        "statuses_count": 36,
        "parent": "4020482161780704",
        "verified": false,
        "geo": null,
        "user_created_at": 1406434387,
        "favourites_count": 371,
        "screen_name": "超级Ajia",
        "gender": "f",
        "user_geo_enabled": true,
        "username": "超级Ajia",
        "comments_count": 0,
        "t": 1474041610,
        "video_status_count": 0,
        "urank": 9,
        "user_ability": 2098176,
        "credit_score": 80
    },
    {
        "reposts_count": 0,
        "uid": 1704709852,
        "bi_followers_count": 121,
        "text": "你不是那个王宝强离婚要打宋喆的人吗？还说不是炒作，真恶心",
        "user_description": "认真就输了，终于理解这句话。",
        "user_avatar": "https://tvax4.sinaimg.cn/crop.0.0.1125.1125.50/659bcedcly8fvqs4c1z3hj20v90v9adj.jpg?KID=imgbed,tva&Expires=1584956116&ssig=L7OW0VDqAO",
        "id": "4020484091534941",
        "city": "1000",
        "province": "400",
        "friends_count": 664,
        "user_location": "海外",
        "mid": "4020484091534941",
        "verified_reason": "",
        "attitudes_count": 0,
        "followers_count": 1822,
        "verified_type": -1,
        "statuses_count": 961,
        "parent": "4020482161780704",
        "verified": false,
        "geo": null,
        "user_created_at": 1270108316,
        "favourites_count": 39,
        "screen_name": "给我感觉COMEON",
        "gender": "f",
        "user_geo_enabled": false,
        "username": "给我感觉COMEON",
        "comments_count": 0,
        "t": 1474041566,
        "video_status_count": 0,
        "urank": 35,
        "user_ability": 2359296,
        "credit_score": 80
    },
    {
        "reposts_count": 0,
        "uid": 5800322486,
        "bi_followers_count": 5,
        "text": "尊重死者好吗",
        "user_description": "热爱可抵岁月漫长",
        "user_avatar": "https://tvax3.sinaimg.cn/crop.0.0.996.996.50/006kxyQuly8g5o3ytcuzbj30ro0rota8.jpg?KID=imgbed,tva&Expires=1584956116&ssig=lKj2rVtf%2BX",
        "id": "4020483890602429",
        "city": "1000",
        "province": "44",
        "friends_count": 72,
        "user_location": "广东",
        "mid": "4020483890602429",
        "verified_reason": "",
        "attitudes_count": 0,
        "followers_count": 175,
        "verified_type": -1,
        "statuses_count": 1057,
        "parent": "4020482161780704",
        "verified": false,
        "geo": null,
        "user_created_at": 1450581908,
        "favourites_count": 10,
        "screen_name": "Zhan酱",
        "gender": "f",
        "user_geo_enabled": true,
        "username": "Zhan酱",
        "comments_count": 0,
        "t": 1474041519,
        "video_status_count": 0,
        "urank": 9,
        "user_ability": 35651584,
        "credit_score": 80
    },
    {
        "reposts_count": 0,
        "uid": 1822317887,
        "bi_followers_count": 41,
        "text": "真相还没大白之前，谁都有质疑的权利",
        "user_description": "葫葫",
        "user_avatar": "https://tvax4.sinaimg.cn/crop.0.0.512.512.50/6c9e5d3fly8gb2v2rk0s8j20e80e874l.jpg?KID=imgbed,tva&Expires=1584956116&ssig=GxeFA1N7KZ",
        "id": "4020483886403464",
        "city": "1000",
        "province": "100",
        "friends_count": 185,
        "user_location": "其他",
        "mid": "4020483886403464",
        "verified_reason": "",
        "attitudes_count": 0,
        "followers_count": 276,
        "verified_type": -1,
        "statuses_count": 308,
        "parent": "4020482161780704",
        "verified": false,
        "geo": null,
        "user_created_at": 1285069804,
        "favourites_count": 34,
        "screen_name": "玛丽猫花栗鼠加菲狗",
        "gender": "f",
        "user_geo_enabled": true,
        "username": "玛丽猫花栗鼠加菲狗",
        "comments_count": 0,
        "t": 1474041518,
        "video_status_count": 0,
        "urank": 37,
        "user_ability": 3408896,
        "credit_score": 80
    },
    {
        "reposts_count": 0,
        "uid": 1843102773,
        "bi_followers_count": 46,
        "text": "这是傻子故意蹭热搜找存在感的 大家不予搭理就对了",
        "user_description": "𓁶",
        "user_avatar": "https://tvax1.sinaimg.cn/crop.0.0.1080.1080.50/6ddb8435ly8gce8ug1iu9j20u00u0djo.jpg?KID=imgbed,tva&Expires=1584956116&ssig=fQQDb7pdlm",
        "id": "4020483852821823",
        "city": "6",
        "province": "15",
        "friends_count": 141,
        "user_location": "内蒙古 鄂尔多斯",
        "mid": "4020483852821823",
        "verified_reason": "",
        "attitudes_count": 0,
        "followers_count": 288,
        "verified_type": 220,
        "statuses_count": 18,
        "parent": "4020482161780704",
        "verified": false,
        "geo": null,
        "user_created_at": 1288513674,
        "favourites_count": 872,
        "screen_name": "就叫王宇琼",
        "gender": "f",
        "user_geo_enabled": true,
        "username": "就叫王宇琼",
        "comments_count": 0,
        "t": 1474041510,
        "video_status_count": 0,
        "urank": 36,
        "user_ability": 2359296,
        "credit_score": 80
    },
    {
        "reposts_count": 0,
        "uid": 2048606681,
        "bi_followers_count": 7,
        "text": "怎么这样，人都没了，能不能不传这种没根据的信息，还V呢，有良知没？！😡",
        "user_description": "遇见你是最美的意外♥",
        "user_avatar": "https://tvax1.sinaimg.cn/crop.0.0.1002.1002.50/7a1b41d9ly8fz5rn9futpj20ru0ruq4h.jpg?KID=imgbed,tva&Expires=1584956116&ssig=ucz7ELfQ1y",
        "id": "4020483839848694",
        "city": "1",
        "province": "42",
        "friends_count": 230,
        "user_location": "湖北 武汉",
        "mid": "4020483839848694",
        "verified_reason": "",
        "attitudes_count": 0,
        "followers_count": 21875,
        "verified_type": -1,
        "statuses_count": 1806,
        "parent": "4020482161780704",
        "verified": false,
        "geo": null,
        "user_created_at": 1325218872,
        "favourites_count": 436,
        "screen_name": "心尚悦美励",
        "gender": "f",
        "user_geo_enabled": true,
        "username": "心尚悦美励",
        "comments_count": 0,
        "t": 1474041507,
        "video_status_count": 0,
        "urank": 34,
        "user_ability": 262152,
        "credit_score": 80
    },
    {
        "reposts_count": 0,
        "uid": 5491719056,
        "bi_followers_count": 220,
        "text": "人死了你还在说这个？？？？",
        "user_description": "人 間 記 錄 冊",
        "user_avatar": "https://tvax1.sinaimg.cn/crop.0.0.1080.1080.50/005ZEGZOly8gbfi74qxq9j30u00u0tb5.jpg?KID=imgbed,tva&Expires=1584956116&ssig=mhpza2qaZf",
        "id": "4020483772661497",
        "city": "1000",
        "province": "100",
        "friends_count": 234,
        "user_location": "其他",
        "mid": "4020483772661497",
        "verified_reason": "",
        "attitudes_count": 0,
        "followers_count": 1145,
        "verified_type": -1,
        "statuses_count": 98,
        "parent": "4020482161780704",
        "verified": false,
        "geo": null,
        "user_created_at": 1422001123,
        "favourites_count": 0,
        "screen_name": "·及時止損-",
        "gender": "f",
        "user_geo_enabled": true,
        "username": "·及時止損-",
        "comments_count": 0,
        "t": 1474041490,
        "video_status_count": 0,
        "urank": 26,
        "user_ability": 3146752,
        "credit_score": 80
    },
    {
        "reposts_count": 0,
        "uid": 5555276920,
        "bi_followers_count": 1,
        "text": "sb吗，md为了转发量就能这样造谣？你能不能有点良心？你妈死了你也说是sm？",
        "user_description": "",
        "user_avatar": "https://tvax1.sinaimg.cn/crop.0.0.996.996.50/0063XniEly8ga4dcl6bkmj30ro0romyp.jpg?KID=imgbed,tva&Expires=1584956116&ssig=z2qAXHdNUu",
        "id": "4020483747443150",
        "city": "10",
        "province": "32",
        "friends_count": 104,
        "user_location": "江苏 扬州",
        "mid": "4020483747443150",
        "verified_reason": "",
        "attitudes_count": 0,
        "followers_count": 28,
        "verified_type": -1,
        "statuses_count": 12,
        "parent": "4020482161780704",
        "verified": false,
        "geo": null,
        "user_created_at": 1432374802,
        "favourites_count": 92,
        "screen_name": "CalmWatso",
        "gender": "m",
        "user_geo_enabled": true,
        "username": "CalmWatso",
        "comments_count": 0,
        "t": 1474041485,
        "video_status_count": 0,
        "urank": 4,
        "user_ability": 2097152,
        "credit_score": 80
    },
    {
        "reposts_count": 0,
        "uid": 1576579015,
        "bi_followers_count": 1,
        "text": "如果旁边没有其他人怎么会发现的这么快",
        "user_description": "",
        "user_avatar": "https://tvax1.sinaimg.cn/default/images/default_avatar_male_50.gif?KID=imgbed,tva&Expires=1584956116&ssig=GVLaL%2Bfnd9",
        "id": "4020483664523986",
        "city": "1000",
        "province": "65",
        "friends_count": 493,
        "user_location": "新疆",
        "mid": "4020483664523986",
        "verified_reason": "",
        "attitudes_count": 0,
        "followers_count": 62,
        "verified_type": -1,
        "statuses_count": 142,
        "parent": "4020482161780704",
        "verified": false,
        "geo": null,
        "user_created_at": 1289492771,
        "favourites_count": 16,
        "screen_name": "你好nicef",
        "gender": "m",
        "user_geo_enabled": false,
        "username": "你好nicef",
        "comments_count": 0,
        "t": 1474041465,
        "video_status_count": 0,
        "urank": 31,
        "user_ability": 33554432,
        "credit_score": 80
    },
    {
        "reposts_count": 0,
        "uid": 5491697672,
        "bi_followers_count": 19,
        "text": "生命如此脆弱！你这样真的好吗！！[怒]",
        "user_description": "人分两类，迷人乏味ヽ",
        "user_avatar": "https://tvax3.sinaimg.cn/crop.0.0.996.996.50/005ZEBqUly8g7xetnt9bqj30ro0rodip.jpg?KID=imgbed,tva&Expires=1584956116&ssig=meSDPhIJPi",
        "id": "4020483664521678",
        "city": "1",
        "province": "43",
        "friends_count": 260,
        "user_location": "湖南 长沙",
        "mid": "4020483664521678",
        "verified_reason": "",
        "attitudes_count": 0,
        "followers_count": 185,
        "verified_type": -1,
        "statuses_count": 280,
        "parent": "4020482161780704",
        "verified": false,
        "geo": null,
        "user_created_at": 1421993991,
        "favourites_count": 84,
        "screen_name": "yeeyeah_",
        "gender": "f",
        "user_geo_enabled": true,
        "username": "yeeyeah_",
        "comments_count": 0,
        "t": 1474041465,
        "video_status_count": 0,
        "urank": 34,
        "user_ability": 35652608,
        "credit_score": 80
    },
    {
        "reposts_count": 0,
        "uid": 5318385525,
        "bi_followers_count": 1,
        "text": "没有证据的东西，就把sm这顶帽子扣在一个刚刚离世的青年身上你觉得合适吗？尊重他人，谢谢",
        "user_description": "",
        "user_avatar": "https://tva3.sinaimg.cn/crop.0.0.1006.1006.50/005NVp1Hjw8fbgozzcngmj30ry0ryn12.jpg?KID=imgbed,tva&Expires=1584956116&ssig=Wa7vyM5X%2Fn",
        "id": "4020483630147675",
        "city": "5",
        "province": "32",
        "friends_count": 73,
        "user_location": "江苏 苏州",
        "mid": "4020483630147675",
        "verified_reason": "",
        "attitudes_count": 0,
        "followers_count": 87,
        "verified_type": -1,
        "statuses_count": 208,
        "parent": "4020482161780704",
        "verified": false,
        "geo": null,
        "user_created_at": 1412627452,
        "favourites_count": 0,
        "screen_name": "SingtoPrachaya_",
        "gender": "f",
        "user_geo_enabled": true,
        "username": "SingtoPrachaya_",
        "comments_count": 0,
        "t": 1474041457,
        "video_status_count": 0,
        "urank": 9,
        "user_ability": 33555456,
        "credit_score": 80
    },
    {
        "reposts_count": 0,
        "uid": 5460812011,
        "bi_followers_count": 25,
        "text": "是抑郁症抑郁症抑郁症，请尊重死者谢谢",
        "user_description": "一切都会好的🌸",
        "user_avatar": "https://tvax4.sinaimg.cn/crop.0.0.664.664.50/005Xz0F5ly8g9rsz8a9zrj30ig0igjrt.jpg?KID=imgbed,tva&Expires=1584956116&ssig=7JbRbG1MMV",
        "id": "4020483613547459",
        "city": "1000",
        "province": "34",
        "friends_count": 252,
        "user_location": "安徽",
        "mid": "4020483613547459",
        "verified_reason": "",
        "attitudes_count": 0,
        "followers_count": 252,
        "verified_type": -1,
        "statuses_count": 9127,
        "parent": "4020482161780704",
        "verified": false,
        "geo": null,
        "user_created_at": 1420279273,
        "favourites_count": 410,
        "screen_name": "你帅个屁",
        "gender": "f",
        "user_geo_enabled": true,
        "username": "你帅个屁",
        "comments_count": 0,
        "t": 1474041453,
        "video_status_count": 0,
        "urank": 32,
        "user_ability": 3408896,
        "credit_score": 80
    },
    {
        "reposts_count": 0,
        "uid": 1961403095,
        "bi_followers_count": 5,
        "text": "你是来蹭热搜的吗…",
        "user_description": "盗号狗 我把号找回来了 你绝望吗！！哈哈",
        "user_avatar": "https://tvax2.sinaimg.cn/crop.0.0.1080.1080.50/74e8a2d7ly8fg3k4apfcuj20u00u0dhq.jpg?KID=imgbed,tva&Expires=1584956116&ssig=HuV6pcfcJS",
        "id": "4020483596755788",
        "city": "13",
        "province": "51",
        "friends_count": 14,
        "user_location": "四川 南充",
        "mid": "4020483596755788",
        "verified_reason": "",
        "attitudes_count": 0,
        "followers_count": 760,
        "verified_type": -1,
        "statuses_count": 0,
        "parent": "4020482161780704",
        "verified": false,
        "geo": null,
        "user_created_at": 1297340706,
        "favourites_count": 281,
        "screen_name": "你有绝望吗",
        "gender": "m",
        "user_geo_enabled": true,
        "username": "你有绝望吗",
        "comments_count": 0,
        "t": 1474041448,
        "video_status_count": 0,
        "urank": 28,
        "user_ability": 1024,
        "credit_score": 80
    },
    {
        "reposts_count": 0,
        "uid": 1994712525,
        "bi_followers_count": 66,
        "text": "sm尼玛币",
        "user_description": "别熬夜了对手机不好",
        "user_avatar": "https://tvax1.sinaimg.cn/crop.0.0.996.996.50/76e4e5cdly8ftrnopyqxwj20ro0roacb.jpg?KID=imgbed,tva&Expires=1584956116&ssig=E03feRnQHF",
        "id": "4020483571359555",
        "city": "4",
        "province": "61",
        "friends_count": 430,
        "user_location": "陕西 咸阳",
        "mid": "4020483571359555",
        "verified_reason": "",
        "attitudes_count": 0,
        "followers_count": 487,
        "verified_type": -1,
        "statuses_count": 2528,
        "parent": "4020482161780704",
        "verified": false,
        "geo": null,
        "user_created_at": 1298762255,
        "favourites_count": 2605,
        "screen_name": "流氓不会抠脚",
        "gender": "f",
        "user_geo_enabled": true,
        "username": "流氓不会抠脚",
        "comments_count": 0,
        "t": 1474041441,
        "video_status_count": 0,
        "urank": 38,
        "user_ability": 3408896,
        "credit_score": 80
    },
    {
        "reposts_count": 0,
        "uid": 5542474676,
        "bi_followers_count": 21,
        "text": "人都去世了，请你积点口德，删了微博，尊重别人，谢谢。",
        "user_description": "告诉自己没关系就没关系了",
        "user_avatar": "https://tvax1.sinaimg.cn/crop.0.0.996.996.50/00635EQQly8gcsgmil10lj30ro0rodj4.jpg?KID=imgbed,tva&Expires=1584956116&ssig=SyCdoq%2F0NU",
        "id": "4020483559241393",
        "city": "1000",
        "province": "62",
        "friends_count": 241,
        "user_location": "甘肃",
        "mid": "4020483559241393",
        "verified_reason": "",
        "attitudes_count": 0,
        "followers_count": 134,
        "verified_type": -1,
        "statuses_count": 4587,
        "parent": "4020482161780704",
        "verified": false,
        "geo": null,
        "user_created_at": 1425536125,
        "favourites_count": 30,
        "screen_name": "桎梏啊啊啊啊啊啊",
        "gender": "f",
        "user_geo_enabled": true,
        "username": "桎梏啊啊啊啊啊啊",
        "comments_count": 0,
        "t": 1474041440,
        "video_status_count": 0,
        "urank": 14,
        "user_ability": 2098176,
        "credit_score": 80
    },
    {
        "reposts_count": 0,
        "uid": 5828281009,
        "bi_followers_count": 19,
        "text": "闭嘴",
        "user_description": "",
        "user_avatar": "https://tvax2.sinaimg.cn/crop.0.0.996.996.50/006mqS8ply8fuu5howve9j30ro0ro0uh.jpg?KID=imgbed,tva&Expires=1584956116&ssig=W8CUknA7g%2F",
        "id": "4020483504443811",
        "city": "1000",
        "province": "100",
        "friends_count": 196,
        "user_location": "其他",
        "mid": "4020483504443811",
        "verified_reason": "",
        "attitudes_count": 0,
        "followers_count": 54,
        "verified_type": -1,
        "statuses_count": 775,
        "parent": "4020482161780704",
        "verified": false,
        "geo": null,
        "user_created_at": 1452489505,
        "favourites_count": 5,
        "screen_name": "一个奇怪的boy",
        "gender": "f",
        "user_geo_enabled": true,
        "username": "一个奇怪的boy",
        "comments_count": 0,
        "t": 1474041427,
        "video_status_count": 0,
        "urank": 14,
        "user_ability": 2098176,
        "credit_score": 80
    },
    {
        "reposts_count": 0,
        "uid": 1808886963,
        "bi_followers_count": 56,
        "text": "真是爱热闹不嫌事儿大[拜拜] 人都去世了还在这谣传",
        "user_description": "",
        "user_avatar": "https://tva1.sinaimg.cn/crop.24.0.1193.1193.50/6bd16cb3jw8fbvh5mguz9j20yi0x5jvw.jpg?KID=imgbed,tva&Expires=1584956116&ssig=cykPeQlIcW",
        "id": "4020483492079419",
        "city": "8",
        "province": "11",
        "friends_count": 414,
        "user_location": "北京 海淀区",
        "mid": "4020483492079419",
        "verified_reason": "",
        "attitudes_count": 0,
        "followers_count": 203,
        "verified_type": -1,
        "statuses_count": 245,
        "parent": "4020482161780704",
        "verified": false,
        "geo": null,
        "user_created_at": 1283428907,
        "favourites_count": 18,
        "screen_name": "不是妖怪都好",
        "gender": "f",
        "user_geo_enabled": true,
        "username": "不是妖怪都好",
        "comments_count": 0,
        "t": 1474041423,
        "video_status_count": 0,
        "urank": 31,
        "user_ability": 2097152,
        "credit_score": 80
    },
    {
        "reposts_count": 0,
        "uid": 2625069113,
        "bi_followers_count": 184,
        "text": "人都走了为什么还要这样不尊重他。",
        "user_description": "萌萌小公举٩(•̤̀ᵕ•̤́๑)ᵒᵏᵎᵎᵎᵎ",
        "user_avatar": "https://tva4.sinaimg.cn/crop.0.0.512.512.50/9c776039jw8f1byg88ii0j20e80e8t9o.jpg?KID=imgbed,tva&Expires=1584956116&ssig=KDQ5Jc%2FC8a",
        "id": "4020483424383384",
        "city": "2",
        "province": "11",
        "friends_count": 715,
        "user_location": "北京 西城区",
        "mid": "4020483424383384",
        "verified_reason": "",
        "attitudes_count": 0,
        "followers_count": 1816,
        "verified_type": -1,
        "statuses_count": 1392,
        "parent": "4020482161780704",
        "verified": false,
        "geo": null,
        "user_created_at": 1329806033,
        "favourites_count": 64,
        "screen_name": "喂猫少女-",
        "gender": "f",
        "user_geo_enabled": true,
        "username": "喂猫少女-",
        "comments_count": 0,
        "t": 1474041409,
        "video_status_count": 0,
        "urank": 39,
        "user_ability": 2098176,
        "credit_score": 80
    },
    {
        "reposts_count": 0,
        "uid": 2374703927,
        "bi_followers_count": 58,
        "text": "都说不是sm了，是抑郁症",
        "user_description": "彤姐美丽日记🧚🏻‍♀️",
        "user_avatar": "https://tvax3.sinaimg.cn/crop.0.0.1080.1080.50/8d8b1b37ly8ga6xqfde21j20u00u0dk2.jpg?KID=imgbed,tva&Expires=1584956116&ssig=W2qHG9P%2BDB",
        "id": "4020483315298354",
        "city": "1",
        "province": "400",
        "friends_count": 277,
        "user_location": "海外 美国",
        "mid": "4020483315298354",
        "verified_reason": "",
        "attitudes_count": 0,
        "followers_count": 194,
        "verified_type": -1,
        "statuses_count": 71,
        "parent": "4020482161780704",
        "verified": false,
        "geo": null,
        "user_created_at": 1316654768,
        "favourites_count": 229,
        "screen_name": "UONOTIMPORTANTCAMPUSFLOWER",
        "gender": "f",
        "user_geo_enabled": true,
        "username": "UONOTIMPORTANTCAMPUSFLOWER",
        "comments_count": 0,
        "t": 1474041382,
        "video_status_count": 0,
        "urank": 28,
        "user_ability": 3408896,
        "credit_score": 80
    },
    {
        "reposts_count": 0,
        "uid": 1748178567,
        "bi_followers_count": 12,
        "text": "sm是啥？",
        "user_description": "",
        "user_avatar": "https://tvax4.sinaimg.cn/crop.0.0.1125.1125.50/68331687ly8fthewd7dhtj20v90v9ads.jpg?KID=imgbed,tva&Expires=1584956116&ssig=9uQa76%2FEBl",
        "id": "4020483290601941",
        "city": "1",
        "province": "23",
        "friends_count": 883,
        "user_location": "黑龙江 哈尔滨",
        "mid": "4020483290601941",
        "verified_reason": "",
        "attitudes_count": 0,
        "followers_count": 345,
        "verified_type": -1,
        "statuses_count": 2446,
        "parent": "4020482161780704",
        "verified": false,
        "geo": null,
        "user_created_at": 1275107620,
        "favourites_count": 64,
        "screen_name": "Beauty_Mo",
        "gender": "f",
        "user_geo_enabled": true,
        "username": "Beauty_Mo",
        "comments_count": 0,
        "t": 1474041376,
        "video_status_count": 0,
        "urank": 30,
        "user_ability": 35913728,
        "credit_score": 80
    },
    {
        "reposts_count": 0,
        "uid": 5658130497,
        "bi_followers_count": 0,
        "text": "知道尊重二字怎么写吗",
        "user_description": "再努力一下就可以吃饭了",
        "user_avatar": "https://tva1.sinaimg.cn/crop.0.0.664.664.50/006aUWdjjw8f7vw483ncxj30ig0igmzt.jpg?KID=imgbed,tva&Expires=1584956116&ssig=KYZyA5gtyU",
        "id": "4020483282457265",
        "city": "20",
        "province": "44",
        "friends_count": 173,
        "user_location": "广东 中山",
        "mid": "4020483282457265",
        "verified_reason": "",
        "attitudes_count": 0,
        "followers_count": 1,
        "verified_type": -1,
        "statuses_count": 36,
        "parent": "4020482161780704",
        "verified": false,
        "geo": null,
        "user_created_at": 1437537368,
        "favourites_count": 0,
        "screen_name": "殳萍98870",
        "gender": "f",
        "user_geo_enabled": true,
        "username": "殳萍98870",
        "comments_count": 0,
        "t": 1474041373,
        "video_status_count": 0,
        "urank": 4,
        "user_ability": 35652608,
        "credit_score": 80
    },
    {
        "reposts_count": 0,
        "uid": 2779540930,
        "bi_followers_count": 33,
        "text": "死于抑郁症！不是sm！",
        "user_description": "",
        "user_avatar": "https://tvax4.sinaimg.cn/crop.0.0.1080.1080.50/a5ac6dc2ly8ga6o9yt1axj20u00u00vk.jpg?KID=imgbed,tva&Expires=1584956116&ssig=LAz4Yekyq%2F",
        "id": "4020483224081372",
        "city": "1",
        "province": "44",
        "friends_count": 359,
        "user_location": "广东 广州",
        "mid": "4020483224081372",
        "verified_reason": "",
        "attitudes_count": 0,
        "followers_count": 838,
        "verified_type": 220,
        "statuses_count": 2903,
        "parent": "4020482161780704",
        "verified": false,
        "geo": null,
        "user_created_at": 1338202168,
        "favourites_count": 34,
        "screen_name": "CHOITOPPPx",
        "gender": "f",
        "user_geo_enabled": true,
        "username": "CHOITOPPPx",
        "comments_count": 0,
        "t": 1474041360,
        "video_status_count": 0,
        "urank": 46,
        "user_ability": 3408896,
        "credit_score": 80
    },
    {
        "reposts_count": 0,
        "uid": 2650761802,
        "bi_followers_count": 1,
        "text": "@油炸鸡巴毛：@乔任梁 传送门:导演@王子元film 制片人@环玥 新闻@警民直通车-上海 好友@朱杰Jeam @DJ阚晓君",
        "user_description": "介绍一下自己",
        "user_avatar": "https://tvax2.sinaimg.cn/crop.0.0.1080.1080.50/9dff6a4aly8gbo92l9a0jj20u00u0wiz.jpg?KID=imgbed,tva&Expires=1584956116&ssig=dwF9vanOP%2B",
        "id": "4020483169320192",
        "city": "1000",
        "province": "100",
        "friends_count": 25,
        "user_location": "其他",
        "mid": "4020483169320192",
        "verified_reason": "",
        "attitudes_count": 0,
        "followers_count": 2265,
        "verified_type": 200,
        "statuses_count": 36,
        "parent": "4020482161780704",
        "verified": false,
        "geo": null,
        "user_created_at": 1325601852,
        "favourites_count": 0,
        "screen_name": "美国朋克",
        "gender": "m",
        "user_geo_enabled": false,
        "username": "美国朋克",
        "comments_count": 0,
        "t": 1474041346,
        "video_status_count": 0,
        "urank": 31,
        "user_ability": 2097152,
        "credit_score": 80
    },
    {
        "reposts_count": 0,
        "uid": 6001685660,
        "bi_followers_count": 0,
        "text": "@爱着峰峰的姑凉丶: 我手贱！！！！别点！！！ http://t.cn/RcSevJ3",
        "user_description": "",
        "user_avatar": "https://tva3.sinaimg.cn/crop.0.0.664.664.50/006yasBCjw8f6sb4lxkw9j30ig0igabx.jpg?KID=imgbed,tva&Expires=1584956116&ssig=s8vRcs19eD",
        "id": "4020483017995413",
        "city": "1000",
        "province": "32",
        "friends_count": 62,
        "user_location": "江苏",
        "mid": "4020483017995413",
        "verified_reason": "",
        "attitudes_count": 0,
        "followers_count": 3,
        "verified_type": -1,
        "statuses_count": 1,
        "parent": "4020482161780704",
        "verified": false,
        "geo": null,
        "user_created_at": 1471084987,
        "favourites_count": 0,
        "screen_name": "双杨至善",
        "gender": "m",
        "user_geo_enabled": true,
        "username": "双杨至善",
        "comments_count": 0,
        "t": 1474041311,
        "video_status_count": 0,
        "urank": 3,
        "user_ability": 0,
        "credit_score": 80
    },
    {
        "reposts_count": 0,
        "uid": 5098415338,
        "bi_followers_count": 0,
        "text": "真假的？",
        "user_description": "",
        "user_avatar": "https://tvax1.sinaimg.cn/default/images/default_avatar_male_50.gif?KID=imgbed,tva&Expires=1584956116&ssig=GVLaL%2Bfnd9",
        "id": "4020482820483635",
        "city": "1000",
        "province": "100",
        "friends_count": 112,
        "user_location": "其他",
        "mid": "4020482820483635",
        "verified_reason": "",
        "attitudes_count": 0,
        "followers_count": 23,
        "verified_type": -1,
        "statuses_count": 45,
        "parent": "4020482161780704",
        "verified": false,
        "geo": null,
        "user_created_at": 1398697867,
        "favourites_count": 1,
        "screen_name": "杨静怡11856",
        "gender": "m",
        "user_geo_enabled": true,
        "username": "杨静怡11856",
        "comments_count": 0,
        "t": 1474041265,
        "video_status_count": 0,
        "urank": 9,
        "user_ability": 1024,
        "credit_score": 80
    },
    {
        "reposts_count": 0,
        "uid": 5538846541,
        "bi_followers_count": 82,
        "text": "希望不是真的",
        "user_description": "你可是我最喜欢的猪呢",
        "user_avatar": "https://tvax1.sinaimg.cn/crop.0.0.1080.1080.50/0062Qr0xly8g9ohryu8klj30u00u0gna.jpg?KID=imgbed,tva&Expires=1584956116&ssig=Sm4zk7Elhc",
        "id": "4020482565159549",
        "city": "1",
        "province": "61",
        "friends_count": 414,
        "user_location": "陕西 西安",
        "mid": "4020482565159549",
        "verified_reason": "",
        "attitudes_count": 0,
        "followers_count": 277,
        "verified_type": -1,
        "statuses_count": 1179,
        "parent": "4020482161780704",
        "verified": false,
        "geo": null,
        "user_created_at": 1425129935,
        "favourites_count": 1233,
        "screen_name": "无聊阿绿",
        "gender": "f",
        "user_geo_enabled": true,
        "username": "无聊阿绿",
        "comments_count": 0,
        "t": 1474041203,
        "video_status_count": 0,
        "urank": 37,
        "user_ability": 3408896,
        "credit_score": 80
    }
]