[
    {
        "reposts_count": 1,
        "uid": 3606508977,
        "bi_followers_count": 99,
        "text": "卧槽，乔任梁和某知名男导演SM时死亡，这通报的是他，这多那啥啊，原谅我不太认识他。。 ​",
        "user_description": "愿你被这世界温柔对待。淘宝店：https://shop67291199.taobao.com；（郑州吃喝玩乐群459684209）",
        "user_avatar": "https://tvax4.sinaimg.cn/crop.0.0.800.800.50/d6f6f5b1ly8ftehsyci0fj20m80m8jxc.jpg?KID=imgbed,tva&Expires=1584956107&ssig=deIvtdmOqc",
        "id": "4020460271805689",
        "city": "1",
        "province": "41",
        "friends_count": 212,
        "user_location": "河南 郑州",
        "mid": "4020460271805689",
        "verified_reason": "本地资讯博主（郑州）微电商达人 资讯视频自媒体",
        "attitudes_count": 16,
        "followers_count": 314999,
        "verified_type": 0,
        "statuses_count": 7118,
        "parent": null,
        "verified": true,
        "geo": null,
        "user_created_at": 1373422197,
        "favourites_count": 10,
        "screen_name": "在郑州",
        "gender": "m",
        "user_geo_enabled": true,
        "username": "在郑州",
        "comments_count": 8,
        "t": 1474035888,
        "video_status_count": 0,
        "urank": 45,
        "user_ability": 2361868,
        "credit_score": 80
    },
    {
        "reposts_count": 0,
        "uid": 3947758321,
        "bi_followers_count": 4,
        "text": "逝者安息，请尊重死者，谣言是可怕的！！！",
        "user_description": "实实在在小吃货一个！！！",
        "user_avatar": "https://tva3.sinaimg.cn/crop.0.0.664.664.50/eb4e02f1jw8f8gjd9l2syj20ig0igact.jpg?KID=imgbed,tva&Expires=1584956107&ssig=1j3m5Mls5C",
        "id": "4020650986914637",
        "city": "1",
        "province": "41",
        "friends_count": 56,
        "user_location": "河南 郑州",
        "mid": "4020650986914637",
        "verified_reason": "",
        "attitudes_count": 0,
        "followers_count": 16,
        "verified_type": -1,
        "statuses_count": 179,
        "parent": "4020460271805689",
        "verified": false,
        "geo": null,
        "user_created_at": 1387383132,
        "favourites_count": 1,
        "screen_name": "April_gcy",
        "gender": "f",
        "user_geo_enabled": true,
        "username": "April_gcy",
        "comments_count": 0,
        "t": 1474081359,
        "video_status_count": 0,
        "urank": 9,
        "user_ability": 33555456,
        "credit_score": 80
    },
    {
        "reposts_count": 0,
        "uid": 1836337804,
        "bi_followers_count": 20,
        "text": "请问你确认了吗？亏我总看你",
        "user_description": "如果你在我生命中出现过，请留下你的一句话，让我知道你来过～",
        "user_avatar": "https://tvax3.sinaimg.cn/crop.0.0.1424.1424.50/6d744a8cly8fe9f6net1lj213k13kwjj.jpg?KID=imgbed,tva&Expires=1584956107&ssig=nQJOcf8nCN",
        "id": "4020643131688763",
        "city": "1000",
        "province": "64",
        "friends_count": 124,
        "user_location": "宁夏",
        "mid": "4020643131688763",
        "verified_reason": "",
        "attitudes_count": 0,
        "followers_count": 208,
        "verified_type": -1,
        "statuses_count": 69,
        "parent": "4020460271805689",
        "verified": false,
        "geo": null,
        "user_created_at": 1285834420,
        "favourites_count": 2,
        "screen_name": "亟亓",
        "gender": "m",
        "user_geo_enabled": true,
        "username": "亟亓",
        "comments_count": 0,
        "t": 1474079485,
        "video_status_count": 0,
        "urank": 9,
        "user_ability": 0,
        "credit_score": 80
    },
    {
        "reposts_count": 0,
        "uid": 5889370403,
        "bi_followers_count": 0,
        "text": "👿无语",
        "user_description": "",
        "user_avatar": "https://tvax1.sinaimg.cn/default/images/default_avatar_female_50.gif?KID=imgbed,tva&Expires=1584956107&ssig=yUbaFSb5i3",
        "id": "4020612018219364",
        "city": "1000",
        "province": "400",
        "friends_count": 165,
        "user_location": "海外",
        "mid": "4020612018219364",
        "verified_reason": "",
        "attitudes_count": 0,
        "followers_count": 23,
        "verified_type": -1,
        "statuses_count": 12,
        "parent": "4020460271805689",
        "verified": false,
        "geo": null,
        "user_created_at": 1459394310,
        "favourites_count": 1,
        "screen_name": "O----h----",
        "gender": "f",
        "user_geo_enabled": true,
        "username": "O----h----",
        "comments_count": 0,
        "t": 1474072067,
        "video_status_count": 0,
        "urank": 4,
        "user_ability": 2097152,
        "credit_score": 80
    },
    {
        "reposts_count": 0,
        "uid": 1747754692,
        "bi_followers_count": 117,
        "text": "能不能有点职业操守",
        "user_description": "",
        "user_avatar": "https://tvax3.sinaimg.cn/crop.0.0.888.888.50/682c9ec4ly8gbab8dhwo2j20oo0oodhn.jpg?KID=imgbed,tva&Expires=1584956107&ssig=S1RxoUPL9B",
        "id": "4020603319394961",
        "city": "1",
        "province": "41",
        "friends_count": 493,
        "user_location": "河南 郑州",
        "mid": "4020603319394961",
        "verified_reason": "郑州星星之光科技有限公司 技术部美工",
        "attitudes_count": 0,
        "followers_count": 429,
        "verified_type": 0,
        "statuses_count": 191,
        "parent": "4020460271805689",
        "verified": true,
        "geo": null,
        "user_created_at": 1275014733,
        "favourites_count": 7,
        "screen_name": "我是花心双子",
        "gender": "f",
        "user_geo_enabled": true,
        "username": "我是花心双子",
        "comments_count": 0,
        "t": 1474069993,
        "video_status_count": 0,
        "urank": 29,
        "user_ability": 35651584,
        "credit_score": 80
    },
    {
        "reposts_count": 0,
        "uid": 5234831861,
        "bi_followers_count": 66,
        "text": "人已经走了，就别乱发了好么",
        "user_description": "ฅ՞•ﻌ•՞ฅ",
        "user_avatar": "https://tvax3.sinaimg.cn/crop.0.0.1002.1002.50/005IgOTXly8gc9yvfzy1rj30ru0rumzx.jpg?KID=imgbed,tva&Expires=1584956107&ssig=%2BOcMoQcY%2FI",
        "id": "4020592753238205",
        "city": "1000",
        "province": "41",
        "friends_count": 834,
        "user_location": "河南",
        "mid": "4020592753238205",
        "verified_reason": "",
        "attitudes_count": 0,
        "followers_count": 130,
        "verified_type": -1,
        "statuses_count": 3124,
        "parent": "4020460271805689",
        "verified": false,
        "geo": null,
        "user_created_at": 1406552063,
        "favourites_count": 426,
        "screen_name": "小齐不撕家",
        "gender": "f",
        "user_geo_enabled": true,
        "username": "小齐不撕家",
        "comments_count": 0,
        "t": 1474067475,
        "video_status_count": 0,
        "urank": 34,
        "user_ability": 36963328,
        "credit_score": 80
    },
    {
        "reposts_count": 0,
        "uid": 5569807582,
        "bi_followers_count": 1,
        "text": "能不能让死者安息？",
        "user_description": "成功来源于不断的积极进取。",
        "user_avatar": "https://tva2.sinaimg.cn/crop.0.0.664.664.50/0064Wloajw8f2st6wvybvj30ig0iggm8.jpg?KID=imgbed,tva&Expires=1584956107&ssig=wkFZib4P2l",
        "id": "4020489275558268",
        "city": "1",
        "province": "41",
        "friends_count": 97,
        "user_location": "河南 郑州",
        "mid": "4020489275558268",
        "verified_reason": "",
        "attitudes_count": 0,
        "followers_count": 3,
        "verified_type": -1,
        "statuses_count": 2,
        "parent": "4020460271805689",
        "verified": false,
        "geo": null,
        "user_created_at": 1427095758,
        "favourites_count": 8,
        "screen_name": "zt_深情久伴",
        "gender": "m",
        "user_geo_enabled": true,
        "username": "zt_深情久伴",
        "comments_count": 0,
        "t": 1474042803,
        "video_status_count": 0,
        "urank": 9,
        "user_ability": 0,
        "credit_score": 80
    },
    {
        "reposts_count": 0,
        "uid": 3284845317,
        "bi_followers_count": 14,
        "text": "乔任梁去世原因是抑郁症，人已经去世了，居然还有人说人家是死于SM[微笑]请给人家尊重好吗？",
        "user_description": "啊 无趣啊 哈",
        "user_avatar": "https://tvax2.sinaimg.cn/crop.0.0.996.996.50/c3cac305ly8ga6rx8zig3j20ro0rodl7.jpg?KID=imgbed,tva&Expires=1584956107&ssig=QOs2QNAMsp",
        "id": "4020486721054177",
        "city": "1",
        "province": "41",
        "friends_count": 640,
        "user_location": "河南 郑州",
        "mid": "4020486721054177",
        "verified_reason": "",
        "attitudes_count": 0,
        "followers_count": 44,
        "verified_type": -1,
        "statuses_count": 1510,
        "parent": "4020460271805689",
        "verified": false,
        "geo": null,
        "user_created_at": 1376919451,
        "favourites_count": 2481,
        "screen_name": "命里欠木",
        "gender": "f",
        "user_geo_enabled": true,
        "username": "命里欠木",
        "comments_count": 0,
        "t": 1474042194,
        "video_status_count": 0,
        "urank": 9,
        "user_ability": 36701184,
        "credit_score": 80
    },
    {
        "reposts_count": 0,
        "uid": 5802887580,
        "bi_followers_count": 37,
        "text": "SM是啥？",
        "user_description": "_相濡以沫",
        "user_avatar": "https://tvax3.sinaimg.cn/crop.0.0.996.996.50/006kIk8Yly8fownxygwlej30ro0rotc2.jpg?KID=imgbed,tva&Expires=1584956107&ssig=70fFJ3r2ag",
        "id": "4020483109715731",
        "city": "1000",
        "province": "41",
        "friends_count": 293,
        "user_location": "河南",
        "mid": "4020483109715731",
        "verified_reason": "郑州市二七区安妮韩式美容塑颜馆",
        "attitudes_count": 0,
        "followers_count": 1097,
        "verified_type": 2,
        "statuses_count": 134,
        "parent": "4020460271805689",
        "verified": true,
        "geo": null,
        "user_created_at": 1450779339,
        "favourites_count": 0,
        "screen_name": "Forever090705",
        "gender": "f",
        "user_geo_enabled": true,
        "username": "Forever090705",
        "comments_count": 0,
        "t": 1474041334,
        "video_status_count": 0,
        "urank": 13,
        "user_ability": 0,
        "credit_score": 80
    }
]