[
    {
        "reposts_count": 0,
        "uid": 2310626302,
        "bi_followers_count": 34,
        "text": "已经确认！乔任梁SM过度死亡，目前还不知导演是谁-新闻频道-手机搜狐 http://t.cn/RcoTKJM（分享自 @手机搜狐） ​",
        "user_description": "挣扎中",
        "user_avatar": "https://tva2.sinaimg.cn/crop.0.0.199.199.50/89b95bfegw1ec0tiue2uej205k05kglq.jpg?KID=imgbed,tva&Expires=1584956110&ssig=Q%2BlFhlhtQt",
        "id": "4020705064191456",
        "city": "1",
        "province": "32",
        "friends_count": 593,
        "user_location": "江苏 南京",
        "mid": "4020705064191456",
        "verified_reason": "",
        "attitudes_count": 1,
        "followers_count": 169,
        "verified_type": -1,
        "statuses_count": 1385,
        "parent": null,
        "verified": false,
        "geo": null,
        "user_created_at": 1314599420,
        "favourites_count": 17,
        "screen_name": "cwinger",
        "gender": "f",
        "user_geo_enabled": true,
        "username": "cwinger",
        "comments_count": 3,
        "t": 1474094251,
        "video_status_count": 0,
        "urank": 23,
        "user_ability": 35651584,
        "credit_score": 80
    },
    {
        "reposts_count": 0,
        "uid": 1287371681,
        "bi_followers_count": 106,
        "text": "亲，你被盗号了么？",
        "user_description": "时差党，ibjyx，脆皮鸭爱好者，云养猫达人。",
        "user_avatar": "https://tva3.sinaimg.cn/crop.1.1.238.238.50/4cbbbba1jw8ev96m2vgygj206o06o74f.jpg?KID=imgbed,tva&Expires=1584956110&ssig=Avrf97XzHM",
        "id": "4020902003238720",
        "city": "5",
        "province": "400",
        "friends_count": 901,
        "user_location": "海外 加拿大",
        "mid": "4020902003238720",
        "verified_reason": "",
        "attitudes_count": 0,
        "followers_count": 242,
        "verified_type": 220,
        "statuses_count": 12042,
        "parent": "4020705064191456",
        "verified": false,
        "geo": null,
        "user_created_at": 1275050106,
        "favourites_count": 281,
        "screen_name": "杨二二很微妙",
        "gender": "f",
        "user_geo_enabled": false,
        "username": "杨二二很微妙",
        "comments_count": 0,
        "t": 1474141206,
        "video_status_count": 0,
        "urank": 44,
        "user_ability": 3407872,
        "credit_score": 80
    },
    {
        "reposts_count": 0,
        "uid": 1918303573,
        "bi_followers_count": 7,
        "text": "请你原地💥好么 消费死者 没有良心",
        "user_description": "心有恶鬼 眼无良人",
        "user_avatar": "https://tvax4.sinaimg.cn/crop.0.0.1242.1242.50/7256fd55ly8fpb97e85m1j20yi0yiabg.jpg?KID=imgbed,tva&Expires=1584956110&ssig=g45YoHuu9D",
        "id": "4020718532863322",
        "city": "1",
        "province": "32",
        "friends_count": 50,
        "user_location": "江苏 南京",
        "mid": "4020718532863322",
        "verified_reason": "",
        "attitudes_count": 0,
        "followers_count": 184,
        "verified_type": -1,
        "statuses_count": 1183,
        "parent": "4020705064191456",
        "verified": false,
        "geo": null,
        "user_created_at": 1294743130,
        "favourites_count": 56,
        "screen_name": "九十吨完美少女",
        "gender": "f",
        "user_geo_enabled": true,
        "username": "九十吨完美少女",
        "comments_count": 0,
        "t": 1474097461,
        "video_status_count": 0,
        "urank": 28,
        "user_ability": 35651584,
        "credit_score": 80
    },
    {
        "reposts_count": 0,
        "uid": 5353733202,
        "bi_followers_count": 48,
        "text": "放屁，是抑郁症",
        "user_description": "我很想你",
        "user_avatar": "https://tvax4.sinaimg.cn/crop.0.0.1125.1125.50/005QjIzwly8fwl5l0riywj30v90v9jss.jpg?KID=imgbed,tva&Expires=1584956110&ssig=2vwnpNLL9X",
        "id": "4020716414057416",
        "city": "1",
        "province": "34",
        "friends_count": 265,
        "user_location": "安徽 合肥",
        "mid": "4020716414057416",
        "verified_reason": "",
        "attitudes_count": 0,
        "followers_count": 6208,
        "verified_type": -1,
        "statuses_count": 225,
        "parent": "4020705064191456",
        "verified": false,
        "geo": null,
        "user_created_at": 1417002047,
        "favourites_count": 2,
        "screen_name": "TANG_UU",
        "gender": "f",
        "user_geo_enabled": true,
        "username": "TANG_UU",
        "comments_count": 0,
        "t": 1474096957,
        "video_status_count": 0,
        "urank": 33,
        "user_ability": 2360320,
        "credit_score": 80
    }
]