[
    {
        "reposts_count": 3,
        "uid": 5974550047,
        "bi_followers_count": 14,
        "text": "#乔任梁去世#乔任梁被曝因sm死亡 具体看视频 http://t.cn/RcoeQ4x . ​",
        "user_description": "",
        "user_avatar": "https://tva4.sinaimg.cn/crop.49.46.334.334.50/006wkBorjw8f7e3ocejguj30c00bxt92.jpg?KID=imgbed,tva&Expires=1584956096&ssig=uW4wv3sURl",
        "id": "4020752535452676",
        "city": "1",
        "province": "11",
        "friends_count": 305,
        "user_location": "北京 东城区",
        "mid": "4020752535452676",
        "verified_reason": "中国图库签约摄影师",
        "attitudes_count": 23,
        "followers_count": 86,
        "verified_type": 0,
        "statuses_count": 1,
        "parent": null,
        "verified": true,
        "geo": null,
        "user_created_at": 1467554953,
        "favourites_count": 0,
        "screen_name": "我们都爱小视屏",
        "gender": "f",
        "user_geo_enabled": true,
        "username": "我们都爱小视屏",
        "comments_count": 6,
        "t": 1474105569,
        "video_status_count": 0,
        "urank": 9,
        "user_ability": 1024,
        "credit_score": 80
    },
    {
        "reposts_count": 0,
        "uid": 3787640452,
        "bi_followers_count": 23,
        "text": "吓死老子了😱",
        "user_description": "爱许嵩，爱三毛，爱叔本华",
        "user_avatar": "https://tva3.sinaimg.cn/crop.126.0.511.511.50/e1c2ce84tw1eevsaunr85j20hs0npwiv.jpg?KID=imgbed,tva&Expires=1584956096&ssig=TAyP9V%2BdCb",
        "id": "4021795797318122",
        "city": "9",
        "province": "14",
        "friends_count": 41,
        "user_location": "山西 忻州",
        "mid": "4021795797318122",
        "verified_reason": "",
        "attitudes_count": 0,
        "followers_count": 138,
        "verified_type": -1,
        "statuses_count": 675,
        "parent": "4020752535452676",
        "verified": false,
        "geo": null,
        "user_created_at": 1378738424,
        "favourites_count": 17,
        "screen_name": "魅惑夜的猫",
        "gender": "m",
        "user_geo_enabled": true,
        "username": "魅惑夜的猫",
        "comments_count": 0,
        "t": 1474354302,
        "video_status_count": 0,
        "urank": 14,
        "user_ability": 35652608,
        "credit_score": 80
    },
    {
        "reposts_count": 0,
        "uid": 3805379547,
        "bi_followers_count": 85,
        "text": "卧槽",
        "user_description": "我也不是非要去那座城堡",
        "user_avatar": "https://tvax2.sinaimg.cn/crop.0.0.512.512.50/e2d17bdbly8gd0ih8mwufj20e80e8gm4.jpg?KID=imgbed,tva&Expires=1584956096&ssig=Ys8YE36bkp",
        "id": "4021034208188008",
        "city": "1000",
        "province": "100",
        "friends_count": 269,
        "user_location": "其他",
        "mid": "4021034208188008",
        "verified_reason": "",
        "attitudes_count": 0,
        "followers_count": 247,
        "verified_type": 220,
        "statuses_count": 92,
        "parent": "4020752535452676",
        "verified": false,
        "geo": null,
        "user_created_at": 1379668049,
        "favourites_count": 118,
        "screen_name": "你的觀賞魚",
        "gender": "f",
        "user_geo_enabled": true,
        "username": "你的觀賞魚",
        "comments_count": 0,
        "t": 1474172725,
        "video_status_count": 0,
        "urank": 30,
        "user_ability": 1049600,
        "credit_score": 80
    },
    {
        "reposts_count": 0,
        "uid": 5305528008,
        "bi_followers_count": 111,
        "text": "特么有病吧，发这种视频",
        "user_description": "社会主义接班人！",
        "user_avatar": "https://tvax3.sinaimg.cn/crop.0.0.1080.1080.50/005N3scoly8gc5ez4ndufj30u00u0gnw.jpg?KID=imgbed,tva&Expires=1584956096&ssig=eoM%2BS8kCEO",
        "id": "4020855946054407",
        "city": "1",
        "province": "14",
        "friends_count": 183,
        "user_location": "山西 太原",
        "mid": "4020855946054407",
        "verified_reason": "",
        "attitudes_count": 0,
        "followers_count": 558,
        "verified_type": -1,
        "statuses_count": 94,
        "parent": "4020752535452676",
        "verified": false,
        "geo": null,
        "user_created_at": 1411379945,
        "favourites_count": 76,
        "screen_name": "-聒噪的纯牛奶",
        "gender": "f",
        "user_geo_enabled": true,
        "username": "-聒噪的纯牛奶",
        "comments_count": 0,
        "t": 1474130224,
        "video_status_count": 0,
        "urank": 27,
        "user_ability": 36963328,
        "credit_score": 80
    },
    {
        "reposts_count": 0,
        "uid": 3208564624,
        "bi_followers_count": 47,
        "text": "脑子有坑",
        "user_description": "要善良，但必须有点锋芒！",
        "user_avatar": "https://tva3.sinaimg.cn/crop.0.0.498.498.50/bf3ecf90jw8f1l7zq8jb5j20du0dv3z5.jpg?KID=imgbed,tva&Expires=1584956096&ssig=w64CDRF8xK",
        "id": "4020830633734582",
        "city": "1",
        "province": "53",
        "friends_count": 302,
        "user_location": "云南 昆明",
        "mid": "4020830633734582",
        "verified_reason": "",
        "attitudes_count": 0,
        "followers_count": 157,
        "verified_type": -1,
        "statuses_count": 397,
        "parent": "4020752535452676",
        "verified": false,
        "geo": null,
        "user_created_at": 1362590231,
        "favourites_count": 65,
        "screen_name": "渔子rain",
        "gender": "f",
        "user_geo_enabled": true,
        "username": "渔子rain",
        "comments_count": 0,
        "t": 1474124188,
        "video_status_count": 0,
        "urank": 32,
        "user_ability": 35652608,
        "credit_score": 80
    },
    {
        "reposts_count": 0,
        "uid": 5563918851,
        "bi_followers_count": 0,
        "text": "这是啥时候拍的",
        "user_description": "“害人的礼物”",
        "user_avatar": "https://tvax4.sinaimg.cn/crop.0.0.1080.1080.50/0064xDsDly8g5mxhqejetj30u00u0jvj.jpg?KID=imgbed,tva&Expires=1584956096&ssig=j7iVyvTUnx",
        "id": "4020767513558194",
        "city": "1000",
        "province": "61",
        "friends_count": 5,
        "user_location": "陕西",
        "mid": "4020767513558194",
        "verified_reason": "",
        "attitudes_count": 0,
        "followers_count": 158,
        "verified_type": -1,
        "statuses_count": 0,
        "parent": "4020752535452676",
        "verified": false,
        "geo": null,
        "user_created_at": 1426826685,
        "favourites_count": 0,
        "screen_name": "罗百亿ya",
        "gender": "f",
        "user_geo_enabled": true,
        "username": "罗百亿ya",
        "comments_count": 0,
        "t": 1474109140,
        "video_status_count": 0,
        "urank": 4,
        "user_ability": 1024,
        "credit_score": 80
    }
]