[
    {
        "reposts_count": 0,
        "uid": 5109977381,
        "bi_followers_count": 18,
        "text": "我给大家说一下此次#乔任梁#事件的传闻，某网传的，可是没有实质证据，网传乔任梁sm某导演，导致窒息身亡，此事娱#乔任梁sm# ​",
        "user_description": "网赚项目、智能委托、带你走进数字货币领域的财富之路（S只是个有礼貌的绅士，寻找贴心的小M）",
        "user_avatar": "https://tvax4.sinaimg.cn/crop.0.0.1080.1080.50/005zOWy1ly8g2h01xgpihj30u00u0q5s.jpg?KID=imgbed,tva&Expires=1584956098&ssig=nQg9f8kFDb",
        "id": "4020459944808872",
        "city": "10",
        "province": "400",
        "friends_count": 105,
        "user_location": "海外 马来西亚",
        "mid": "4020459944808872",
        "verified_reason": "",
        "attitudes_count": 35,
        "followers_count": 5641,
        "verified_type": -1,
        "statuses_count": 724,
        "parent": null,
        "verified": false,
        "geo": null,
        "user_created_at": 1397478407,
        "favourites_count": 1,
        "screen_name": "瑾儿Sissi",
        "gender": "m",
        "user_geo_enabled": false,
        "username": "瑾儿Sissi",
        "comments_count": 8,
        "t": 1474035810,
        "video_status_count": 0,
        "urank": 14,
        "user_ability": 10748928,
        "credit_score": 80
    },
    {
        "reposts_count": 0,
        "uid": 5109977381,
        "bi_followers_count": 18,
        "text": "回复@一身魏晨味儿:哦哦。管你啥事",
        "user_description": "网赚项目、智能委托、带你走进数字货币领域的财富之路（S只是个有礼貌的绅士，寻找贴心的小M）",
        "user_avatar": "https://tvax4.sinaimg.cn/crop.0.0.1080.1080.50/005zOWy1ly8g2h01xgpihj30u00u0q5s.jpg?KID=imgbed,tva&Expires=1584956098&ssig=nQg9f8kFDb",
        "id": "4022912790713749",
        "city": "10",
        "province": "400",
        "friends_count": 103,
        "user_location": "海外 马来西亚",
        "mid": "4022912790713749",
        "verified_reason": "",
        "attitudes_count": 0,
        "followers_count": 5626,
        "verified_type": -1,
        "statuses_count": 738,
        "parent": "4020459944808872",
        "verified": false,
        "geo": null,
        "user_created_at": 1397478407,
        "favourites_count": 1,
        "screen_name": "瑾儿Sissi",
        "gender": "m",
        "user_geo_enabled": false,
        "username": "瑾儿Sissi",
        "comments_count": 0,
        "t": 1474620614,
        "video_status_count": 0,
        "urank": 14,
        "user_ability": 10748928,
        "credit_score": 80
    },
    {
        "reposts_count": 0,
        "uid": 2946304414,
        "bi_followers_count": 29,
        "text": "麻烦你先把名称换掉 难道你的家教就允许你这样随随便便评论一个已经离开的吗？好ex",
        "user_description": "人間枝頭 各自乘流",
        "user_avatar": "https://tvax4.sinaimg.cn/crop.0.0.512.512.50/af9d099ely8g8dmip0t5gj20e80e83yx.jpg?KID=imgbed,tva&Expires=1584956098&ssig=iQbCgCd8Hc",
        "id": "4021010200462739",
        "city": "1000",
        "province": "100",
        "friends_count": 76,
        "user_location": "其他",
        "mid": "4021010200462739",
        "verified_reason": "",
        "attitudes_count": 0,
        "followers_count": 98,
        "verified_type": -1,
        "statuses_count": 2,
        "parent": "4020459944808872",
        "verified": false,
        "geo": null,
        "user_created_at": 1344670491,
        "favourites_count": 36,
        "screen_name": "hYiue_",
        "gender": "f",
        "user_geo_enabled": true,
        "username": "hYiue_",
        "comments_count": 0,
        "t": 1474167001,
        "video_status_count": 0,
        "urank": 9,
        "user_ability": 35652608,
        "credit_score": 80
    },
    {
        "reposts_count": 0,
        "uid": 5876576839,
        "bi_followers_count": 52,
        "text": "想红想疯了，没家教",
        "user_description": "超级情绪化",
        "user_avatar": "https://tvax1.sinaimg.cn/crop.0.10.491.491.50/006pHw5ply8ffvfs9f9e4j30dn0e8wes.jpg?KID=imgbed,tva&Expires=1584956098&ssig=xLOBuwQHNJ",
        "id": "4020499127823199",
        "city": "1",
        "province": "34",
        "friends_count": 116,
        "user_location": "安徽 合肥",
        "mid": "4020499127823199",
        "verified_reason": "",
        "attitudes_count": 0,
        "followers_count": 72,
        "verified_type": -1,
        "statuses_count": 1000,
        "parent": "4020459944808872",
        "verified": false,
        "geo": null,
        "user_created_at": 1457416305,
        "favourites_count": 4,
        "screen_name": "若过客何必招惹",
        "gender": "f",
        "user_geo_enabled": true,
        "username": "若过客何必招惹",
        "comments_count": 0,
        "t": 1474045152,
        "video_status_count": 0,
        "urank": 20,
        "user_ability": 35651584,
        "credit_score": 80
    },
    {
        "reposts_count": 0,
        "uid": 5243950959,
        "bi_followers_count": 5,
        "text": "我也觉得恶心，逝者已逝，为了涨粉就用这种误导人的昵称不觉得对不起自己的良心吗",
        "user_description": "",
        "user_avatar": "https://tva4.sinaimg.cn/crop.0.0.1080.1080.50/005IT5cbjw8exoy32p36wj30u00u0acw.jpg?KID=imgbed,tva&Expires=1584956098&ssig=mZWmwmoDm5",
        "id": "4020492535208488",
        "city": "1000",
        "province": "43",
        "friends_count": 54,
        "user_location": "湖南",
        "mid": "4020492535208488",
        "verified_reason": "",
        "attitudes_count": 0,
        "followers_count": 28,
        "verified_type": -1,
        "statuses_count": 22,
        "parent": "4020459944808872",
        "verified": false,
        "geo": null,
        "user_created_at": 1407392629,
        "favourites_count": 2,
        "screen_name": "竹亭98",
        "gender": "f",
        "user_geo_enabled": true,
        "username": "竹亭98",
        "comments_count": 0,
        "t": 1474043580,
        "video_status_count": 0,
        "urank": 9,
        "user_ability": 1024,
        "credit_score": 80
    },
    {
        "reposts_count": 0,
        "uid": 2404083293,
        "bi_followers_count": 11,
        "text": "没确定先不要说🤐挂GD头像这样不好容易撕逼🤗",
        "user_description": "喜欢的人总是万般好",
        "user_avatar": "https://tvax1.sinaimg.cn/crop.0.0.960.960.50/8f4b665dly8g15mpxihymj20qo0qoq4g.jpg?KID=imgbed,tva&Expires=1584956098&ssig=sHhwRvVJzL",
        "id": "4020460988936807",
        "city": "1000",
        "province": "100",
        "friends_count": 143,
        "user_location": "其他",
        "mid": "4020460988936807",
        "verified_reason": "",
        "attitudes_count": 0,
        "followers_count": 40,
        "verified_type": -1,
        "statuses_count": 21,
        "parent": "4020459944808872",
        "verified": false,
        "geo": null,
        "user_created_at": 1318163272,
        "favourites_count": 257,
        "screen_name": "今天也是番茄妹",
        "gender": "f",
        "user_geo_enabled": true,
        "username": "今天也是番茄妹",
        "comments_count": 0,
        "t": 1474036059,
        "video_status_count": 0,
        "urank": 9,
        "user_ability": 2098176,
        "credit_score": 80
    }
]