[
    {
        "reposts_count": 1,
        "uid": 5957546393,
        "bi_followers_count": 30,
        "text": "乔任梁SM过度死啦？？真的假的，求出来辟谣 ​",
        "user_description": "八卦圣地，娱乐tiantang，爱我别走！",
        "user_avatar": "https://tvax2.sinaimg.cn/crop.0.0.1080.1080.50/006vbfXXly8g18il3s9gxj30u00u0dk7.jpg?KID=imgbed,tva&Expires=1584956051&ssig=vDnspvBN6U",
        "id": "4020448675492792",
        "city": "1000",
        "province": "400",
        "friends_count": 145,
        "user_location": "海外",
        "mid": "4020448675492792",
        "verified_reason": "",
        "attitudes_count": 96,
        "followers_count": 479357,
        "verified_type": -1,
        "statuses_count": 8561,
        "parent": null,
        "verified": false,
        "geo": null,
        "user_created_at": 1466073909,
        "favourites_count": 12,
        "screen_name": "天上人间的小王子",
        "gender": "f",
        "user_geo_enabled": false,
        "username": "天上人间的小王子",
        "comments_count": 80,
        "t": 1474033123,
        "video_status_count": 0,
        "urank": 9,
        "user_ability": 2359304,
        "credit_score": 80
    },
    {
        "reposts_count": 0,
        "uid": 3207692685,
        "bi_followers_count": 120,
        "text": "不能删了这几条微博吗你！",
        "user_description": "",
        "user_avatar": "https://tvax3.sinaimg.cn/crop.0.0.684.684.50/bf31818dly8gc7vuas7hzj20j00j0jse.jpg?KID=imgbed,tva&Expires=1584956051&ssig=bs%2B%2BbPs0NA",
        "id": "4025413312865264",
        "city": "4",
        "province": "13",
        "friends_count": 286,
        "user_location": "河北 邯郸",
        "mid": "4025413312865264",
        "verified_reason": "",
        "attitudes_count": 0,
        "followers_count": 1350,
        "verified_type": 220,
        "statuses_count": 303,
        "parent": "4020448675492792",
        "verified": false,
        "geo": null,
        "user_created_at": 1356761470,
        "favourites_count": 44,
        "screen_name": "QIUZ·",
        "gender": "f",
        "user_geo_enabled": true,
        "username": "QIUZ·",
        "comments_count": 0,
        "t": 1475216785,
        "video_status_count": 0,
        "urank": 41,
        "user_ability": 3407872,
        "credit_score": 80
    },
    {
        "reposts_count": 0,
        "uid": 3217766590,
        "bi_followers_count": 7,
        "text": "污蔑者祝你们早点死",
        "user_description": "有点意思",
        "user_avatar": "https://tvax1.sinaimg.cn/crop.0.0.1080.1080.50/bfcb38bely8g30a736ni4j20u00u0tdz.jpg?KID=imgbed,tva&Expires=1584956051&ssig=ZzgWAIqqGw",
        "id": "4022974341809120",
        "city": "1000",
        "province": "400",
        "friends_count": 212,
        "user_location": "海外",
        "mid": "4022974341809120",
        "verified_reason": "",
        "attitudes_count": 0,
        "followers_count": 264,
        "verified_type": -1,
        "statuses_count": 37,
        "parent": "4020448675492792",
        "verified": false,
        "geo": null,
        "user_created_at": 1362761417,
        "favourites_count": 5,
        "screen_name": "易可小星星",
        "gender": "f",
        "user_geo_enabled": true,
        "username": "易可小星星",
        "comments_count": 0,
        "t": 1474635289,
        "video_status_count": 0,
        "urank": 9,
        "user_ability": 1048576,
        "credit_score": 80
    },
    {
        "reposts_count": 0,
        "uid": 5546851618,
        "bi_followers_count": 110,
        "text": "还不删？打算留着过十一？[微笑][拜拜]",
        "user_description": "墙头很多，爱看帅哥，美女同理。时刻清醒，保持理智",
        "user_avatar": "https://tvax3.sinaimg.cn/crop.0.0.1006.1006.50/0063o1uGly8gb6b0na51ij30ry0rzwg5.jpg?KID=imgbed,tva&Expires=1584956051&ssig=Vv7dm4lcLa",
        "id": "4022806860182577",
        "city": "1000",
        "province": "37",
        "friends_count": 1292,
        "user_location": "山东",
        "mid": "4022806860182577",
        "verified_reason": "",
        "attitudes_count": 0,
        "followers_count": 1679,
        "verified_type": -1,
        "statuses_count": 1381,
        "parent": "4020448675492792",
        "verified": false,
        "geo": null,
        "user_created_at": 1431708227,
        "favourites_count": 1369,
        "screen_name": "一切随心做自己咯哦的",
        "gender": "f",
        "user_geo_enabled": true,
        "username": "一切随心做自己咯哦的",
        "comments_count": 0,
        "t": 1474595358,
        "video_status_count": 0,
        "urank": 33,
        "user_ability": 3146752,
        "credit_score": 80
    },
    {
        "reposts_count": 0,
        "uid": 1911500527,
        "bi_followers_count": 83,
        "text": "wx：lhqailzy http://t.cn/RcCvID6",
        "user_description": "",
        "user_avatar": "https://tvax3.sinaimg.cn/crop.0.0.1080.1080.50/71ef2eefly8g38tzu7swcj20u00u0q68.jpg?KID=imgbed,tva&Expires=1584956051&ssig=kmMKzMLJJ9",
        "id": "4021133987179811",
        "city": "1000",
        "province": "100",
        "friends_count": 336,
        "user_location": "其他",
        "mid": "4021133987179811",
        "verified_reason": "",
        "attitudes_count": 0,
        "followers_count": 639,
        "verified_type": 220,
        "statuses_count": 111,
        "parent": "4020448675492792",
        "verified": false,
        "geo": null,
        "user_created_at": 1294129783,
        "favourites_count": 135,
        "screen_name": "美美的罗罗猪z",
        "gender": "f",
        "user_geo_enabled": true,
        "username": "美美的罗罗猪z",
        "comments_count": 0,
        "t": 1474196514,
        "video_status_count": 0,
        "urank": 36,
        "user_ability": 3408900,
        "credit_score": 80
    },
    {
        "reposts_count": 0,
        "uid": 2878118844,
        "bi_followers_count": 9,
        "text": "sm.  your mother",
        "user_description": "“跟着光”",
        "user_avatar": "https://tvax3.sinaimg.cn/crop.0.0.996.996.50/ab8c9bbcly8g44hro07g6j20ro0romzq.jpg?KID=imgbed,tva&Expires=1584956051&ssig=oYrRCEXv%2Fk",
        "id": "4020738593352443",
        "city": "1000",
        "province": "44",
        "friends_count": 99,
        "user_location": "广东",
        "mid": "4020738593352443",
        "verified_reason": "",
        "attitudes_count": 0,
        "followers_count": 199,
        "verified_type": -1,
        "statuses_count": 165,
        "parent": "4020448675492792",
        "verified": false,
        "geo": null,
        "user_created_at": 1343011893,
        "favourites_count": 8,
        "screen_name": "小写的大写字母",
        "gender": "f",
        "user_geo_enabled": true,
        "username": "小写的大写字母",
        "comments_count": 0,
        "t": 1474102245,
        "video_status_count": 0,
        "urank": 27,
        "user_ability": 35914752,
        "credit_score": 80
    },
    {
        "reposts_count": 0,
        "uid": 3201455752,
        "bi_followers_count": 3,
        "text": "草泥馬",
        "user_description": "",
        "user_avatar": "https://tvax1.sinaimg.cn/crop.0.0.512.512.50/bed25688ly8fyl7ho5kk9j20e80e80t1.jpg?KID=imgbed,tva&Expires=1584956051&ssig=tj%2F9GGaRKZ",
        "id": "4020737670448670",
        "city": "1",
        "province": "33",
        "friends_count": 223,
        "user_location": "浙江 杭州",
        "mid": "4020737670448670",
        "verified_reason": "",
        "attitudes_count": 0,
        "followers_count": 3341,
        "verified_type": -1,
        "statuses_count": 114,
        "parent": "4020448675492792",
        "verified": false,
        "geo": null,
        "user_created_at": 1394038845,
        "favourites_count": 0,
        "screen_name": "ohvlora",
        "gender": "f",
        "user_geo_enabled": true,
        "username": "ohvlora",
        "comments_count": 0,
        "t": 1474102025,
        "video_status_count": 0,
        "urank": 14,
        "user_ability": 2097152,
        "credit_score": 80
    },
    {
        "reposts_count": 0,
        "uid": 1998980001,
        "bi_followers_count": 31,
        "text": "回复@重口小耳朵_:昨天晚上清一色的这个消息 你现在跟我说",
        "user_description": "",
        "user_avatar": "https://tvax1.sinaimg.cn/crop.0.0.1080.1080.50/772603a1ly8gbigcbx43ej20u00u0q5c.jpg?KID=imgbed,tva&Expires=1584956051&ssig=BbIXndEP%2FY",
        "id": "4020658230856853",
        "city": "1",
        "province": "42",
        "friends_count": 117,
        "user_location": "湖北 武汉",
        "mid": "4020658230856853",
        "verified_reason": "",
        "attitudes_count": 0,
        "followers_count": 427,
        "verified_type": -1,
        "statuses_count": 6788,
        "parent": "4020448675492792",
        "verified": false,
        "geo": null,
        "user_created_at": 1298904335,
        "favourites_count": 259,
        "screen_name": "YYY_WONDERLAND",
        "gender": "f",
        "user_geo_enabled": true,
        "username": "YYY_WONDERLAND",
        "comments_count": 0,
        "t": 1474083085,
        "video_status_count": 0,
        "urank": 48,
        "user_ability": 36962304,
        "credit_score": 80
    },
    {
        "reposts_count": 0,
        "uid": 5890422971,
        "bi_followers_count": 1,
        "text": "回复@吴佳轩的自拍杆-:他们都不告诉你  我来告诉你吧  性虐",
        "user_description": "🌝",
        "user_avatar": "https://tva3.sinaimg.cn/crop.0.0.512.512.50/006qDC67jw8f8nmr0pc3oj30e80e8t90.jpg?KID=imgbed,tva&Expires=1584956051&ssig=l6g%2Bnrph71",
        "id": "4020645770184384",
        "city": "5",
        "province": "11",
        "friends_count": 595,
        "user_location": "北京 朝阳区",
        "mid": "4020645770184384",
        "verified_reason": "",
        "attitudes_count": 0,
        "followers_count": 1267,
        "verified_type": -1,
        "statuses_count": 15,
        "parent": "4020448675492792",
        "verified": false,
        "geo": null,
        "user_created_at": 1459522169,
        "favourites_count": 3,
        "screen_name": "wenkershell",
        "gender": "f",
        "user_geo_enabled": true,
        "username": "wenkershell",
        "comments_count": 0,
        "t": 1474080114,
        "video_status_count": 0,
        "urank": 9,
        "user_ability": 0,
        "credit_score": 80
    },
    {
        "reposts_count": 0,
        "uid": 6003906050,
        "bi_followers_count": 13,
        "text": "回复@楊楊楊_和自己对话:媒体的话你也敢信！？",
        "user_description": "",
        "user_avatar": "https://tvax2.sinaimg.cn/crop.0.0.828.828.50/006yjMemly8gcon4ulh09j30n00n0mxn.jpg?KID=imgbed,tva&Expires=1584956051&ssig=iKfXxU09Bn",
        "id": "4020641235736056",
        "city": "1000",
        "province": "400",
        "friends_count": 880,
        "user_location": "海外",
        "mid": "4020641235736056",
        "verified_reason": "",
        "attitudes_count": 0,
        "followers_count": 3036,
        "verified_type": -1,
        "statuses_count": 45,
        "parent": "4020448675492792",
        "verified": false,
        "geo": null,
        "user_created_at": 1471383660,
        "favourites_count": 630,
        "screen_name": "SAYUKI__",
        "gender": "f",
        "user_geo_enabled": false,
        "username": "SAYUKI__",
        "comments_count": 0,
        "t": 1474079032,
        "video_status_count": 0,
        "urank": 9,
        "user_ability": 2097152,
        "credit_score": 80
    },
    {
        "reposts_count": 0,
        "uid": 6003906050,
        "bi_followers_count": 13,
        "text": "能不胡扯吗，都说了是抑郁症！死的应该是你，造谣🐶",
        "user_description": "",
        "user_avatar": "https://tvax2.sinaimg.cn/crop.0.0.828.828.50/006yjMemly8gcon4ulh09j30n00n0mxn.jpg?KID=imgbed,tva&Expires=1584956051&ssig=iKfXxU09Bn",
        "id": "4020641102002990",
        "city": "1000",
        "province": "400",
        "friends_count": 880,
        "user_location": "海外",
        "mid": "4020641102002990",
        "verified_reason": "",
        "attitudes_count": 0,
        "followers_count": 3036,
        "verified_type": -1,
        "statuses_count": 45,
        "parent": "4020448675492792",
        "verified": false,
        "geo": null,
        "user_created_at": 1471383660,
        "favourites_count": 630,
        "screen_name": "SAYUKI__",
        "gender": "f",
        "user_geo_enabled": false,
        "username": "SAYUKI__",
        "comments_count": 0,
        "t": 1474079001,
        "video_status_count": 0,
        "urank": 9,
        "user_ability": 2097152,
        "credit_score": 80
    },
    {
        "reposts_count": 0,
        "uid": 5645313421,
        "bi_followers_count": 48,
        "text": "别看 http://t.cn/Rco5Li0",
        "user_description": "💚",
        "user_avatar": "https://tvax3.sinaimg.cn/crop.0.0.664.664.50/006a39Uhly8gd3m1pde7dj30ig0ig0v5.jpg?KID=imgbed,tva&Expires=1584956051&ssig=GBVtFw7292",
        "id": "4020624294202147",
        "city": "1000",
        "province": "33",
        "friends_count": 394,
        "user_location": "浙江",
        "mid": "4020624294202147",
        "verified_reason": "",
        "attitudes_count": 0,
        "followers_count": 142,
        "verified_type": -1,
        "statuses_count": 1927,
        "parent": "4020448675492792",
        "verified": false,
        "geo": null,
        "user_created_at": 1435978887,
        "favourites_count": 316,
        "screen_name": "Qinw1ko10",
        "gender": "f",
        "user_geo_enabled": true,
        "username": "Qinw1ko10",
        "comments_count": 0,
        "t": 1474074994,
        "video_status_count": 0,
        "urank": 9,
        "user_ability": 35913728,
        "credit_score": 80
    },
    {
        "reposts_count": 0,
        "uid": 3207417074,
        "bi_followers_count": 65,
        "text": "尊重死者，不要捕风捉影谢谢[微笑]",
        "user_description": "",
        "user_avatar": "https://tvax1.sinaimg.cn/crop.0.0.512.512.50/bf2d4cf2ly8gbz29pc8wlj20e80e8mxl.jpg?KID=imgbed,tva&Expires=1584956051&ssig=JSMCthHwOm",
        "id": "4020623975798851",
        "city": "1",
        "province": "62",
        "friends_count": 408,
        "user_location": "甘肃 兰州",
        "mid": "4020623975798851",
        "verified_reason": "",
        "attitudes_count": 0,
        "followers_count": 1738,
        "verified_type": -1,
        "statuses_count": 360,
        "parent": "4020448675492792",
        "verified": false,
        "geo": null,
        "user_created_at": 1362147073,
        "favourites_count": 134,
        "screen_name": "locoyau",
        "gender": "m",
        "user_geo_enabled": true,
        "username": "locoyau",
        "comments_count": 0,
        "t": 1474074918,
        "video_status_count": 0,
        "urank": 35,
        "user_ability": 2360320,
        "credit_score": 80
    },
    {
        "reposts_count": 0,
        "uid": 3678141353,
        "bi_followers_count": 1,
        "text": "抑郁症",
        "user_description": "Swaggin/Peace&Love",
        "user_avatar": "https://tvax2.sinaimg.cn/crop.0.0.751.751.50/db3bfba9ly8fy48ewjsgyj20kv0kvjrd.jpg?KID=imgbed,tva&Expires=1584956051&ssig=H20T384Zwp",
        "id": "4020617311796157",
        "city": "1000",
        "province": "21",
        "friends_count": 0,
        "user_location": "辽宁",
        "mid": "4020617311796157",
        "verified_reason": "",
        "attitudes_count": 0,
        "followers_count": 138,
        "verified_type": -1,
        "statuses_count": 5,
        "parent": "4020448675492792",
        "verified": false,
        "geo": null,
        "user_created_at": 1375178867,
        "favourites_count": 1,
        "screen_name": "还没出名的姜舒琪",
        "gender": "f",
        "user_geo_enabled": true,
        "username": "还没出名的姜舒琪",
        "comments_count": 0,
        "t": 1474073329,
        "video_status_count": 0,
        "urank": 14,
        "user_ability": 2097152,
        "credit_score": 80
    },
    {
        "reposts_count": 0,
        "uid": 5953326383,
        "bi_followers_count": 39,
        "text": "普及：Sm是性虐待的意思...",
        "user_description": "➕V：YAOKL0909",
        "user_avatar": "https://tvax1.sinaimg.cn/crop.0.0.512.512.50/006uTy9hly8fs1wdr449vj30e80e8aai.jpg?KID=imgbed,tva&Expires=1584956051&ssig=gtsyH0uv9a",
        "id": "4020531567744563",
        "city": "1",
        "province": "61",
        "friends_count": 107,
        "user_location": "陕西 西安",
        "mid": "4020531567744563",
        "verified_reason": "",
        "attitudes_count": 0,
        "followers_count": 4785,
        "verified_type": -1,
        "statuses_count": 362,
        "parent": "4020448675492792",
        "verified": false,
        "geo": null,
        "user_created_at": 1465783844,
        "favourites_count": 20,
        "screen_name": "么凯利",
        "gender": "f",
        "user_geo_enabled": true,
        "username": "么凯利",
        "comments_count": 0,
        "t": 1474052886,
        "video_status_count": 0,
        "urank": 27,
        "user_ability": 33817600,
        "credit_score": 80
    },
    {
        "reposts_count": 0,
        "uid": 5722744445,
        "bi_followers_count": 16,
        "text": "[泪]都不重要了 只希望在天堂安好",
        "user_description": "来去",
        "user_avatar": "https://tvax2.sinaimg.cn/crop.0.0.1080.1080.50/006fi3fLly8gcs6ubmtnnj30u00u0gna.jpg?KID=imgbed,tva&Expires=1584956051&ssig=LUwXNNbfig",
        "id": "4020529206035028",
        "city": "1000",
        "province": "400",
        "friends_count": 96,
        "user_location": "海外",
        "mid": "4020529206035028",
        "verified_reason": "",
        "attitudes_count": 0,
        "followers_count": 21638,
        "verified_type": -1,
        "statuses_count": 380,
        "parent": "4020448675492792",
        "verified": false,
        "geo": null,
        "user_created_at": 1444384900,
        "favourites_count": 10,
        "screen_name": "Yezouu",
        "gender": "f",
        "user_geo_enabled": true,
        "username": "Yezouu",
        "comments_count": 0,
        "t": 1474052323,
        "video_status_count": 0,
        "urank": 37,
        "user_ability": 3408904,
        "credit_score": 80
    },
    {
        "reposts_count": 0,
        "uid": 2307781135,
        "bi_followers_count": 92,
        "text": "这么年轻的生命 太可惜了 既然逝去就不要再谣言了 让他安息吧",
        "user_description": "v信 jing525215",
        "user_avatar": "https://tva1.sinaimg.cn/crop.14.0.722.722.50/898df20fjw8f6o2eo9vjij20ku0k240w.jpg?KID=imgbed,tva&Expires=1584956051&ssig=5wAN0VLach",
        "id": "4020527246938092",
        "city": "1000",
        "province": "12",
        "friends_count": 522,
        "user_location": "天津",
        "mid": "4020527246938092",
        "verified_reason": "",
        "attitudes_count": 0,
        "followers_count": 5217,
        "verified_type": -1,
        "statuses_count": 186,
        "parent": "4020448675492792",
        "verified": false,
        "geo": null,
        "user_created_at": 1313553577,
        "favourites_count": 27,
        "screen_name": "w_大美丽本人",
        "gender": "f",
        "user_geo_enabled": true,
        "username": "w_大美丽本人",
        "comments_count": 0,
        "t": 1474051856,
        "video_status_count": 0,
        "urank": 31,
        "user_ability": 2359296,
        "credit_score": 80
    },
    {
        "reposts_count": 0,
        "uid": 2925821053,
        "bi_followers_count": 98,
        "text": "手贱别点",
        "user_description": "",
        "user_avatar": "https://tvax4.sinaimg.cn/crop.0.0.1080.1080.50/ae647c7dly8fysna9bi9lj20u00u0n22.jpg?KID=imgbed,tva&Expires=1584956051&ssig=B2uA8vfyN%2F",
        "id": "4020521743923034",
        "city": "1",
        "province": "51",
        "friends_count": 149,
        "user_location": "四川 成都",
        "mid": "4020521743923034",
        "verified_reason": "",
        "attitudes_count": 0,
        "followers_count": 521,
        "verified_type": 220,
        "statuses_count": 1,
        "parent": "4020448675492792",
        "verified": false,
        "geo": null,
        "user_created_at": 1345525805,
        "favourites_count": 1,
        "screen_name": "Lnnnnnnnnen",
        "gender": "f",
        "user_geo_enabled": true,
        "username": "Lnnnnnnnnen",
        "comments_count": 0,
        "t": 1474050544,
        "video_status_count": 0,
        "urank": 35,
        "user_ability": 33555456,
        "credit_score": 80
    },
    {
        "reposts_count": 0,
        "uid": 3734967190,
        "bi_followers_count": 8,
        "text": "小道消息比较早[微笑][微笑] http://t.cn/RcSsqPz",
        "user_description": "🤐🤐🦄",
        "user_avatar": "https://tvax4.sinaimg.cn/crop.17.0.1208.1208.50/de9f1396ly8flikdaxbxmj20yi0xk3zi.jpg?KID=imgbed,tva&Expires=1584956051&ssig=JfdlMTHKVg",
        "id": "4020509496394559",
        "city": "1",
        "province": "51",
        "friends_count": 275,
        "user_location": "四川 成都",
        "mid": "4020509496394559",
        "verified_reason": "",
        "attitudes_count": 0,
        "followers_count": 102,
        "verified_type": -1,
        "statuses_count": 13,
        "parent": "4020448675492792",
        "verified": false,
        "geo": null,
        "user_created_at": 1377098013,
        "favourites_count": 13,
        "screen_name": "啊啊啊啊都是屎呀",
        "gender": "f",
        "user_geo_enabled": true,
        "username": "啊啊啊啊都是屎呀",
        "comments_count": 0,
        "t": 1474047624,
        "video_status_count": 0,
        "urank": 29,
        "user_ability": 35652608,
        "credit_score": 80
    },
    {
        "reposts_count": 0,
        "uid": 3601955657,
        "bi_followers_count": 18,
        "text": "不知道就别乱说[拜拜]网络暴力",
        "user_description": "♡⃝ ʜᴇʟʟᴏ ◡̈ ☽⋆小景程的麻麻",
        "user_avatar": "https://tvax1.sinaimg.cn/crop.0.0.996.996.50/d6b17b49ly8fodgxfh4k8j20ro0rpaee.jpg?KID=imgbed,tva&Expires=1584956051&ssig=amGumpgBq0",
        "id": "4020508653333156",
        "city": "5",
        "province": "32",
        "friends_count": 121,
        "user_location": "江苏 苏州",
        "mid": "4020508653333156",
        "verified_reason": "",
        "attitudes_count": 0,
        "followers_count": 512,
        "verified_type": -1,
        "statuses_count": 495,
        "parent": "4020448675492792",
        "verified": false,
        "geo": null,
        "user_created_at": 1373287998,
        "favourites_count": 0,
        "screen_name": "Minli琦",
        "gender": "f",
        "user_geo_enabled": true,
        "username": "Minli琦",
        "comments_count": 0,
        "t": 1474047423,
        "video_status_count": 0,
        "urank": 43,
        "user_ability": 36963328,
        "credit_score": 80
    },
    {
        "reposts_count": 0,
        "uid": 5789013460,
        "bi_followers_count": 17,
        "text": "回复@楊楊楊_和自己对话:抑郁症自杀 http://t.cn/RcSs7PI",
        "user_description": "已婚妇女",
        "user_avatar": "https://tvax1.sinaimg.cn/crop.0.0.512.512.50/006jM6QQly8fygucuyeo9j30e80e8gmi.jpg?KID=imgbed,tva&Expires=1584956051&ssig=UczUYM1bhc",
        "id": "4020507428907059",
        "city": "1",
        "province": "51",
        "friends_count": 1237,
        "user_location": "四川 成都",
        "mid": "4020507428907059",
        "verified_reason": "",
        "attitudes_count": 0,
        "followers_count": 323,
        "verified_type": -1,
        "statuses_count": 3584,
        "parent": "4020448675492792",
        "verified": false,
        "geo": null,
        "user_created_at": 1449841492,
        "favourites_count": 220,
        "screen_name": "婧婧的_布布",
        "gender": "f",
        "user_geo_enabled": true,
        "username": "婧婧的_布布",
        "comments_count": 0,
        "t": 1474047130,
        "video_status_count": 0,
        "urank": 9,
        "user_ability": 35651584,
        "credit_score": 79
    },
    {
        "reposts_count": 0,
        "uid": 5904318400,
        "bi_followers_count": 4,
        "text": "没确认就别逼逼谢谢",
        "user_description": "Oguri Shun｜Suda Masaki｜Kaku Kento",
        "user_avatar": "https://tvax4.sinaimg.cn/crop.0.0.480.480.50/006rzUVWly8gc5enegkj2j30dc0dcq4t.jpg?KID=imgbed,tva&Expires=1584956051&ssig=VyeDrCp5Aa",
        "id": "4020484729074568",
        "city": "1000",
        "province": "100",
        "friends_count": 107,
        "user_location": "其他",
        "mid": "4020484729074568",
        "verified_reason": "",
        "attitudes_count": 0,
        "followers_count": 33,
        "verified_type": -1,
        "statuses_count": 2441,
        "parent": "4020448675492792",
        "verified": false,
        "geo": null,
        "user_created_at": 1461319340,
        "favourites_count": 132,
        "screen_name": "115向我招手",
        "gender": "f",
        "user_geo_enabled": true,
        "username": "115向我招手",
        "comments_count": 0,
        "t": 1474041719,
        "video_status_count": 0,
        "urank": 9,
        "user_ability": 2360320,
        "credit_score": 80
    },
    {
        "reposts_count": 0,
        "uid": 5450067140,
        "bi_followers_count": 0,
        "text": "是抑郁好吗",
        "user_description": "",
        "user_avatar": "https://tvax3.sinaimg.cn/crop.0.0.512.512.50/005WPVqIly8fgn0igzl4tj30e80e8wep.jpg?KID=imgbed,tva&Expires=1584956051&ssig=eXEQqQWsiq",
        "id": "4020483014349258",
        "city": "4",
        "province": "51",
        "friends_count": 6,
        "user_location": "四川 攀枝花",
        "mid": "4020483014349258",
        "verified_reason": "",
        "attitudes_count": 0,
        "followers_count": 9,
        "verified_type": -1,
        "statuses_count": 0,
        "parent": "4020448675492792",
        "verified": false,
        "geo": null,
        "user_created_at": 1419575294,
        "favourites_count": 0,
        "screen_name": "knemxk",
        "gender": "f",
        "user_geo_enabled": true,
        "username": "knemxk",
        "comments_count": 0,
        "t": 1474041310,
        "video_status_count": 0,
        "urank": 14,
        "user_ability": 1024,
        "credit_score": 80
    },
    {
        "reposts_count": 0,
        "uid": 1777735447,
        "bi_followers_count": 8,
        "text": "别点 http://t.cn/RcSdEf2",
        "user_description": "得不到的永远在骚动，被偏爱的都有恃无恐",
        "user_avatar": "https://tvax2.sinaimg.cn/crop.0.0.512.512.50/69f61717ly8fohheq6tngj20e80e874m.jpg?KID=imgbed,tva&Expires=1584956051&ssig=%2F9H6zbmnn6",
        "id": "4020479766924330",
        "city": "6",
        "province": "44",
        "friends_count": 522,
        "user_location": "广东 佛山",
        "mid": "4020479766924330",
        "verified_reason": "",
        "attitudes_count": 0,
        "followers_count": 511,
        "verified_type": -1,
        "statuses_count": 28,
        "parent": "4020448675492792",
        "verified": false,
        "geo": null,
        "user_created_at": 1279371574,
        "favourites_count": 6,
        "screen_name": "-Yss__莎莎",
        "gender": "f",
        "user_geo_enabled": false,
        "username": "-Yss__莎莎",
        "comments_count": 0,
        "t": 1474040536,
        "video_status_count": 0,
        "urank": 36,
        "user_ability": 35651584,
        "credit_score": 80
    },
    {
        "reposts_count": 0,
        "uid": 5150529327,
        "bi_followers_count": 40,
        "text": "你消息出的居然比扒圈他们还快",
        "user_description": "欢喜地",
        "user_avatar": "https://tvax4.sinaimg.cn/crop.0.0.996.996.50/005Cz5XFly8g9an0ub2wij30ro0rojup.jpg?KID=imgbed,tva&Expires=1584956051&ssig=XwRffIZVfB",
        "id": "4020479481632923",
        "city": "1000",
        "province": "21",
        "friends_count": 89,
        "user_location": "辽宁",
        "mid": "4020479481632923",
        "verified_reason": "",
        "attitudes_count": 0,
        "followers_count": 2376,
        "verified_type": -1,
        "statuses_count": 90,
        "parent": "4020448675492792",
        "verified": false,
        "geo": null,
        "user_created_at": 1400894405,
        "favourites_count": 171,
        "screen_name": "HANJXTT",
        "gender": "f",
        "user_geo_enabled": true,
        "username": "HANJXTT",
        "comments_count": 0,
        "t": 1474040468,
        "video_status_count": 0,
        "urank": 38,
        "user_ability": 262144,
        "credit_score": 80
    },
    {
        "reposts_count": 0,
        "uid": 5217790137,
        "bi_followers_count": 1,
        "text": "是我太污？",
        "user_description": "",
        "user_avatar": "https://tva2.sinaimg.cn/crop.0.0.720.720.50/005H7jzrjw8evx9y6095oj30k00k0gmn.jpg?KID=imgbed,tva&Expires=1584956051&ssig=etWffWmBky",
        "id": "4020470930387727",
        "city": "1",
        "province": "34",
        "friends_count": 72,
        "user_location": "安徽 合肥",
        "mid": "4020470930387727",
        "verified_reason": "",
        "attitudes_count": 0,
        "followers_count": 33,
        "verified_type": -1,
        "statuses_count": 4,
        "parent": "4020448675492792",
        "verified": false,
        "geo": null,
        "user_created_at": 1405387330,
        "favourites_count": 2,
        "screen_name": "温柔阿梦",
        "gender": "f",
        "user_geo_enabled": true,
        "username": "温柔阿梦",
        "comments_count": 0,
        "t": 1474038429,
        "video_status_count": 0,
        "urank": 9,
        "user_ability": 0,
        "credit_score": 80
    },
    {
        "reposts_count": 0,
        "uid": 1791166761,
        "bi_followers_count": 150,
        "text": "我热搜进不去…",
        "user_description": "2013年12月23日 花心的极端就是痴心的可怕",
        "user_avatar": "https://tvax2.sinaimg.cn/crop.0.0.512.512.50/6ac30929ly8gbhbav2b3jj20e80e8q3y.jpg?KID=imgbed,tva&Expires=1584956051&ssig=lCeIxdhZp%2B",
        "id": "4020467495077241",
        "city": "1",
        "province": "51",
        "friends_count": 511,
        "user_location": "四川 成都",
        "mid": "4020467495077241",
        "verified_reason": "",
        "attitudes_count": 0,
        "followers_count": 1646,
        "verified_type": 220,
        "statuses_count": 367,
        "parent": "4020448675492792",
        "verified": false,
        "geo": null,
        "user_created_at": 1281408947,
        "favourites_count": 3,
        "screen_name": "陈蓓莹_HY",
        "gender": "f",
        "user_geo_enabled": true,
        "username": "陈蓓莹_HY",
        "comments_count": 0,
        "t": 1474037610,
        "video_status_count": 0,
        "urank": 33,
        "user_ability": 2098176,
        "credit_score": 80
    },
    {
        "reposts_count": 0,
        "uid": 5944446917,
        "bi_followers_count": 7,
        "text": "哇塞 好多人在说这事",
        "user_description": "",
        "user_avatar": "https://tvax1.sinaimg.cn/crop.0.0.664.664.50/006uiic5ly8foogoihee1j30ig0ig3zz.jpg?KID=imgbed,tva&Expires=1584956051&ssig=FfjH808KX3",
        "id": "4020463677630655",
        "city": "1000",
        "province": "31",
        "friends_count": 58,
        "user_location": "上海",
        "mid": "4020463677630655",
        "verified_reason": "",
        "attitudes_count": 0,
        "followers_count": 188,
        "verified_type": -1,
        "statuses_count": 181,
        "parent": "4020448675492792",
        "verified": false,
        "geo": null,
        "user_created_at": 1464864323,
        "favourites_count": 29,
        "screen_name": "清烟吖",
        "gender": "f",
        "user_geo_enabled": true,
        "username": "清烟吖",
        "comments_count": 0,
        "t": 1474036700,
        "video_status_count": 0,
        "urank": 27,
        "user_ability": 2097152,
        "credit_score": 80
    },
    {
        "reposts_count": 0,
        "uid": 1793186681,
        "bi_followers_count": 42,
        "text": "@张晓晨-Hepburn",
        "user_description": "细水长流",
        "user_avatar": "https://tva1.sinaimg.cn/crop.0.0.750.750.50/6ae1db79jw8f1pdfmbnw3j20ku0kumy3.jpg?KID=imgbed,tva&Expires=1584956051&ssig=w3pfScthkp",
        "id": "4020460318204093",
        "city": "4",
        "province": "13",
        "friends_count": 216,
        "user_location": "河北 邯郸",
        "mid": "4020460318204093",
        "verified_reason": "",
        "attitudes_count": 0,
        "followers_count": 256,
        "verified_type": 220,
        "statuses_count": 841,
        "parent": "4020448675492792",
        "verified": false,
        "geo": null,
        "user_created_at": 1281630897,
        "favourites_count": 112,
        "screen_name": "咕嗒咕嗒拜",
        "gender": "f",
        "user_geo_enabled": true,
        "username": "咕嗒咕嗒拜",
        "comments_count": 0,
        "t": 1474035899,
        "video_status_count": 0,
        "urank": 32,
        "user_ability": 2098176,
        "credit_score": 80
    },
    {
        "reposts_count": 0,
        "uid": 1793186681,
        "bi_followers_count": 42,
        "text": "回复@柯柯圆滚滚-:有情况？",
        "user_description": "细水长流",
        "user_avatar": "https://tva1.sinaimg.cn/crop.0.0.750.750.50/6ae1db79jw8f1pdfmbnw3j20ku0kumy3.jpg?KID=imgbed,tva&Expires=1584956051&ssig=w3pfScthkp",
        "id": "4020460180503170",
        "city": "4",
        "province": "13",
        "friends_count": 216,
        "user_location": "河北 邯郸",
        "mid": "4020460180503170",
        "verified_reason": "",
        "attitudes_count": 0,
        "followers_count": 256,
        "verified_type": 220,
        "statuses_count": 841,
        "parent": "4020448675492792",
        "verified": false,
        "geo": null,
        "user_created_at": 1281630897,
        "favourites_count": 112,
        "screen_name": "咕嗒咕嗒拜",
        "gender": "f",
        "user_geo_enabled": true,
        "username": "咕嗒咕嗒拜",
        "comments_count": 0,
        "t": 1474035866,
        "video_status_count": 0,
        "urank": 32,
        "user_ability": 2098176,
        "credit_score": 80
    },
    {
        "reposts_count": 0,
        "uid": 5872340079,
        "bi_followers_count": 0,
        "text": "回复@NarcissuRay:[阴险]讨厌",
        "user_description": "偶尔发博 有事私信",
        "user_avatar": "https://tva4.sinaimg.cn/crop.8.0.495.495.50/006ppJUzjw8f6sik5towoj30e80dr75a.jpg?KID=imgbed,tva&Expires=1584956051&ssig=kzsG5Tpprv",
        "id": "4020460125206014",
        "city": "1000",
        "province": "11",
        "friends_count": 22,
        "user_location": "北京",
        "mid": "4020460125206014",
        "verified_reason": "",
        "attitudes_count": 0,
        "followers_count": 410,
        "verified_type": -1,
        "statuses_count": 1135,
        "parent": "4020448675492792",
        "verified": false,
        "geo": null,
        "user_created_at": 1456938688,
        "favourites_count": 1,
        "screen_name": "滴哩哩小韬韬",
        "gender": "f",
        "user_geo_enabled": true,
        "username": "滴哩哩小韬韬",
        "comments_count": 0,
        "t": 1474035853,
        "video_status_count": 0,
        "urank": 4,
        "user_ability": 1024,
        "credit_score": 80
    },
    {
        "reposts_count": 0,
        "uid": 3276733381,
        "bi_followers_count": 7,
        "text": "回复@TAT刘欣宇:666666",
        "user_description": "一个卖皮草大衣的傻缺🚺",
        "user_avatar": "https://tva3.sinaimg.cn/crop.0.7.497.497.50/c34efbc5jw8f8xpwmuu1pj20dt0e80tj.jpg?KID=imgbed,tva&Expires=1584956051&ssig=zR8yf8uG0%2F",
        "id": "4020459256815174",
        "city": "4",
        "province": "33",
        "friends_count": 194,
        "user_location": "浙江 嘉兴",
        "mid": "4020459256815174",
        "verified_reason": "",
        "attitudes_count": 0,
        "followers_count": 64,
        "verified_type": -1,
        "statuses_count": 39,
        "parent": "4020448675492792",
        "verified": false,
        "geo": null,
        "user_created_at": 1367842394,
        "favourites_count": 5,
        "screen_name": "豆角mo",
        "gender": "f",
        "user_geo_enabled": true,
        "username": "豆角mo",
        "comments_count": 0,
        "t": 1474035646,
        "video_status_count": 0,
        "urank": 14,
        "user_ability": 34603008,
        "credit_score": 80
    },
    {
        "reposts_count": 0,
        "uid": 2865662990,
        "bi_followers_count": 66,
        "text": "回复@他说做自己别太累:捉",
        "user_description": "生活就像爱情从来不讲道理 如你所愿万事如意💅",
        "user_avatar": "https://tvax1.sinaimg.cn/crop.0.0.1008.1008.50/aace8c0ely8g97pw1quf6j20s00s0wgn.jpg?KID=imgbed,tva&Expires=1584956051&ssig=Wl3GAE%2F%2F15",
        "id": "4020458955758849",
        "city": "1000",
        "province": "37",
        "friends_count": 354,
        "user_location": "山东",
        "mid": "4020458955758849",
        "verified_reason": "",
        "attitudes_count": 0,
        "followers_count": 2658,
        "verified_type": -1,
        "statuses_count": 156,
        "parent": "4020448675492792",
        "verified": false,
        "geo": null,
        "user_created_at": 1341905077,
        "favourites_count": 250,
        "screen_name": "酒後表演藝術家v",
        "gender": "f",
        "user_geo_enabled": true,
        "username": "酒後表演藝術家v",
        "comments_count": 0,
        "t": 1474035574,
        "video_status_count": 0,
        "urank": 40,
        "user_ability": 3408900,
        "credit_score": 79
    },
    {
        "reposts_count": 0,
        "uid": 3516705683,
        "bi_followers_count": 29,
        "text": "@是爱爸爸妈妈的谢燕萍啦",
        "user_description": "",
        "user_avatar": "https://tva4.sinaimg.cn/crop.0.1.640.640.50/d19cab93jw8emnk453apej20hs0huwfh.jpg?KID=imgbed,tva&Expires=1584956051&ssig=dIw5dG129z",
        "id": "4020457612857795",
        "city": "8",
        "province": "33",
        "friends_count": 388,
        "user_location": "浙江 衢州",
        "mid": "4020457612857795",
        "verified_reason": "",
        "attitudes_count": 0,
        "followers_count": 176,
        "verified_type": -1,
        "statuses_count": 107,
        "parent": "4020448675492792",
        "verified": false,
        "geo": null,
        "user_created_at": 1370502504,
        "favourites_count": 2,
        "screen_name": "雏阿",
        "gender": "f",
        "user_geo_enabled": true,
        "username": "雏阿",
        "comments_count": 0,
        "t": 1474035253,
        "video_status_count": 0,
        "urank": 29,
        "user_ability": 2098176,
        "credit_score": 80
    },
    {
        "reposts_count": 0,
        "uid": 3176116394,
        "bi_followers_count": 238,
        "text": "回复@吴佳轩的自拍杆-:sm是韩国一家娱乐公司[doge]",
        "user_description": "国家一级端碗表演艺术家、蜡笔艺术家",
        "user_avatar": "https://tvax1.sinaimg.cn/crop.0.0.512.512.50/bd4fb0aaly8gbcwl884usj20e80e8t8w.jpg?KID=imgbed,tva&Expires=1584956051&ssig=5MUKUGUdRy",
        "id": "4020457541212395",
        "city": "1000",
        "province": "82",
        "friends_count": 612,
        "user_location": "澳门",
        "mid": "4020457541212395",
        "verified_reason": "",
        "attitudes_count": 0,
        "followers_count": 1663,
        "verified_type": -1,
        "statuses_count": 1914,
        "parent": "4020448675492792",
        "verified": false,
        "geo": null,
        "user_created_at": 1359806099,
        "favourites_count": 1012,
        "screen_name": "啾一口甜梨",
        "gender": "f",
        "user_geo_enabled": true,
        "username": "啾一口甜梨",
        "comments_count": 0,
        "t": 1474035237,
        "video_status_count": 0,
        "urank": 39,
        "user_ability": 3408896,
        "credit_score": 80
    },
    {
        "reposts_count": 0,
        "uid": 5944225539,
        "bi_followers_count": 0,
        "text": "我今晚想证实一下   不想睡觉了",
        "user_description": "一只爱李易峰的-蜜蜂",
        "user_avatar": "https://tva4.sinaimg.cn/crop.0.0.996.996.50/006uhmBtjw8f7d1xpm4tyj30ro0roq4y.jpg?KID=imgbed,tva&Expires=1584956051&ssig=MTJqZ3nPem",
        "id": "4020456715000371",
        "city": "1000",
        "province": "50",
        "friends_count": 92,
        "user_location": "重庆",
        "mid": "4020456715000371",
        "verified_reason": "",
        "attitudes_count": 0,
        "followers_count": 14,
        "verified_type": -1,
        "statuses_count": 51,
        "parent": "4020448675492792",
        "verified": false,
        "geo": null,
        "user_created_at": 1465037014,
        "favourites_count": 1,
        "screen_name": "陈怡liyifeng",
        "gender": "f",
        "user_geo_enabled": true,
        "username": "陈怡liyifeng",
        "comments_count": 0,
        "t": 1474035041,
        "video_status_count": 0,
        "urank": 4,
        "user_ability": 0,
        "credit_score": 80
    },
    {
        "reposts_count": 0,
        "uid": 5944225539,
        "bi_followers_count": 0,
        "text": "回复@宇宙第一花:我笑了   [酷]",
        "user_description": "一只爱李易峰的-蜜蜂",
        "user_avatar": "https://tva4.sinaimg.cn/crop.0.0.996.996.50/006uhmBtjw8f7d1xpm4tyj30ro0roq4y.jpg?KID=imgbed,tva&Expires=1584956051&ssig=MTJqZ3nPem",
        "id": "4020456506113769",
        "city": "1000",
        "province": "50",
        "friends_count": 92,
        "user_location": "重庆",
        "mid": "4020456506113769",
        "verified_reason": "",
        "attitudes_count": 0,
        "followers_count": 14,
        "verified_type": -1,
        "statuses_count": 51,
        "parent": "4020448675492792",
        "verified": false,
        "geo": null,
        "user_created_at": 1465037014,
        "favourites_count": 1,
        "screen_name": "陈怡liyifeng",
        "gender": "f",
        "user_geo_enabled": true,
        "username": "陈怡liyifeng",
        "comments_count": 0,
        "t": 1474034990,
        "video_status_count": 0,
        "urank": 4,
        "user_ability": 0,
        "credit_score": 80
    },
    {
        "reposts_count": 0,
        "uid": 5173717927,
        "bi_followers_count": 62,
        "text": "回复@吴佳轩的自拍杆-:是韩国的经纪公司阿！这么有名！你不知道吗！张艺兴就是sm公司的",
        "user_description": "一个破玩手机的",
        "user_avatar": "https://tvax1.sinaimg.cn/crop.0.0.996.996.50/005E8onlly8g360ab7hhjj30ro0ro0t1.jpg?KID=imgbed,tva&Expires=1584956051&ssig=lJQBWqooJm",
        "id": "4020456190913274",
        "city": "1000",
        "province": "100",
        "friends_count": 480,
        "user_location": "其他",
        "mid": "4020456190913274",
        "verified_reason": "",
        "attitudes_count": 0,
        "followers_count": 1463,
        "verified_type": -1,
        "statuses_count": 281,
        "parent": "4020448675492792",
        "verified": false,
        "geo": null,
        "user_created_at": 1402304742,
        "favourites_count": 524,
        "screen_name": "宇宙第一花",
        "gender": "f",
        "user_geo_enabled": true,
        "username": "宇宙第一花",
        "comments_count": 0,
        "t": 1474034914,
        "video_status_count": 0,
        "urank": 31,
        "user_ability": 2098176,
        "credit_score": 80
    },
    {
        "reposts_count": 0,
        "uid": 2796383052,
        "bi_followers_count": 3,
        "text": "sm就是虐待与受虐 尤其在性方面。sm是一种性快感与痛感联系在一起的特殊性活动！",
        "user_description": "博",
        "user_avatar": "https://tvax3.sinaimg.cn/crop.0.0.1080.1080.50/a6ad6b4cly8gcfx36j4zjj20u00u0adc.jpg?KID=imgbed,tva&Expires=1584956051&ssig=7PX8adzVZ8",
        "id": "4020455964303463",
        "city": "1000",
        "province": "81",
        "friends_count": 23,
        "user_location": "香港",
        "mid": "4020455964303463",
        "verified_reason": "",
        "attitudes_count": 0,
        "followers_count": 483,
        "verified_type": -1,
        "statuses_count": 60,
        "parent": "4020448675492792",
        "verified": false,
        "geo": null,
        "user_created_at": 1336284187,
        "favourites_count": 48,
        "screen_name": "娣娣Jelena",
        "gender": "f",
        "user_geo_enabled": true,
        "username": "娣娣Jelena",
        "comments_count": 0,
        "t": 1474034861,
        "video_status_count": 0,
        "urank": 34,
        "user_ability": 1024,
        "credit_score": 80
    },
    {
        "reposts_count": 0,
        "uid": 5305156230,
        "bi_followers_count": 94,
        "text": "不知道sm 请自行百度",
        "user_description": "很酷不爱笑",
        "user_avatar": "https://tvax3.sinaimg.cn/crop.0.0.828.828.50/005N1TtYly8gctqxsrlibj30n00n0abx.jpg?KID=imgbed,tva&Expires=1584956051&ssig=DtGGBC1Mga",
        "id": "4020454622525870",
        "city": "1000",
        "province": "100",
        "friends_count": 279,
        "user_location": "其他",
        "mid": "4020454622525870",
        "verified_reason": "",
        "attitudes_count": 0,
        "followers_count": 514,
        "verified_type": -1,
        "statuses_count": 182,
        "parent": "4020448675492792",
        "verified": false,
        "geo": null,
        "user_created_at": 1411631185,
        "favourites_count": 0,
        "screen_name": "美白甜呀",
        "gender": "f",
        "user_geo_enabled": true,
        "username": "美白甜呀",
        "comments_count": 0,
        "t": 1474034541,
        "video_status_count": 0,
        "urank": 32,
        "user_ability": 0,
        "credit_score": 80
    },
    {
        "reposts_count": 0,
        "uid": 5659418714,
        "bi_followers_count": 6,
        "text": "回复@诺喏糯米:性虐",
        "user_description": "生长的环境再黑暗 也有开花的权利",
        "user_avatar": "https://tvax4.sinaimg.cn/crop.0.9.733.733.50/006b0ll0ly8fn3d8yufy9j30kd0kvq41.jpg?KID=imgbed,tva&Expires=1584956051&ssig=aLU6YFDefG",
        "id": "4020454093726267",
        "city": "1",
        "province": "23",
        "friends_count": 51,
        "user_location": "黑龙江 哈尔滨",
        "mid": "4020454093726267",
        "verified_reason": "",
        "attitudes_count": 0,
        "followers_count": 70,
        "verified_type": -1,
        "statuses_count": 3,
        "parent": "4020448675492792",
        "verified": false,
        "geo": null,
        "user_created_at": 1437570711,
        "favourites_count": 4,
        "screen_name": "Betray-A",
        "gender": "f",
        "user_geo_enabled": true,
        "username": "Betray-A",
        "comments_count": 0,
        "t": 1474034415,
        "video_status_count": 0,
        "urank": 14,
        "user_ability": 33554432,
        "credit_score": 80
    },
    {
        "reposts_count": 0,
        "uid": 2154102852,
        "bi_followers_count": 49,
        "text": "感觉假，要是真，大开眼界[赞]",
        "user_description": "",
        "user_avatar": "https://tvax4.sinaimg.cn/crop.0.0.1242.1242.50/80650044ly8fwrwyfww9lj20yi0yigp3.jpg?KID=imgbed,tva&Expires=1584956051&ssig=Di%2BHOkDMmE",
        "id": "4020454081141091",
        "city": "3",
        "province": "33",
        "friends_count": 939,
        "user_location": "浙江 温州",
        "mid": "4020454081141091",
        "verified_reason": "",
        "attitudes_count": 0,
        "followers_count": 263,
        "verified_type": 220,
        "statuses_count": 4847,
        "parent": "4020448675492792",
        "verified": false,
        "geo": null,
        "user_created_at": 1307437421,
        "favourites_count": 6,
        "screen_name": "CaiSS_",
        "gender": "f",
        "user_geo_enabled": true,
        "username": "CaiSS_",
        "comments_count": 0,
        "t": 1474034413,
        "video_status_count": 0,
        "urank": 41,
        "user_ability": 2097152,
        "credit_score": 80
    },
    {
        "reposts_count": 0,
        "uid": 5659418714,
        "bi_followers_count": 6,
        "text": "回复@沈大牙MoMo:性虐而已",
        "user_description": "生长的环境再黑暗 也有开花的权利",
        "user_avatar": "https://tvax4.sinaimg.cn/crop.0.9.733.733.50/006b0ll0ly8fn3d8yufy9j30kd0kvq41.jpg?KID=imgbed,tva&Expires=1584956051&ssig=aLU6YFDefG",
        "id": "4020454073107778",
        "city": "1",
        "province": "23",
        "friends_count": 51,
        "user_location": "黑龙江 哈尔滨",
        "mid": "4020454073107778",
        "verified_reason": "",
        "attitudes_count": 0,
        "followers_count": 70,
        "verified_type": -1,
        "statuses_count": 3,
        "parent": "4020448675492792",
        "verified": false,
        "geo": null,
        "user_created_at": 1437570711,
        "favourites_count": 4,
        "screen_name": "Betray-A",
        "gender": "f",
        "user_geo_enabled": true,
        "username": "Betray-A",
        "comments_count": 0,
        "t": 1474034409,
        "video_status_count": 0,
        "urank": 14,
        "user_ability": 33554432,
        "credit_score": 80
    },
    {
        "reposts_count": 0,
        "uid": 1945284712,
        "bi_followers_count": 53,
        "text": "回复@很鸡汤的笑脸:百度",
        "user_description": "憋不出话",
        "user_avatar": "https://tvax2.sinaimg.cn/crop.0.0.1080.1080.50/73f2b068ly8gbeuyy7ft8j20u00u0myw.jpg?KID=imgbed,tva&Expires=1584956051&ssig=%2BDfl%2B6mF6V",
        "id": "4020454055969090",
        "city": "1000",
        "province": "100",
        "friends_count": 665,
        "user_location": "其他",
        "mid": "4020454055969090",
        "verified_reason": "",
        "attitudes_count": 0,
        "followers_count": 4797,
        "verified_type": 200,
        "statuses_count": 1038,
        "parent": "4020448675492792",
        "verified": false,
        "geo": null,
        "user_created_at": 1298028094,
        "favourites_count": 229,
        "screen_name": "一年只有一次的机会用掉了",
        "gender": "f",
        "user_geo_enabled": false,
        "username": "一年只有一次的机会用掉了",
        "comments_count": 0,
        "t": 1474034406,
        "video_status_count": 0,
        "urank": 43,
        "user_ability": 3146754,
        "credit_score": 80
    },
    {
        "reposts_count": 0,
        "uid": 1759998453,
        "bi_followers_count": 25,
        "text": "他不是直男么",
        "user_description": "",
        "user_avatar": "https://tvax1.sinaimg.cn/crop.0.0.996.996.50/68e771f5ly8fnc0vetn3rj20ro0rowh9.jpg?KID=imgbed,tva&Expires=1584956051&ssig=mEsakbXZl0",
        "id": "4020453884169573",
        "city": "7",
        "province": "400",
        "friends_count": 646,
        "user_location": "海外 澳大利亚",
        "mid": "4020453884169573",
        "verified_reason": "",
        "attitudes_count": 0,
        "followers_count": 414,
        "verified_type": 200,
        "statuses_count": 1481,
        "parent": "4020448675492792",
        "verified": false,
        "geo": null,
        "user_created_at": 1276957505,
        "favourites_count": 2561,
        "screen_name": "wwelllllll",
        "gender": "f",
        "user_geo_enabled": false,
        "username": "wwelllllll",
        "comments_count": 0,
        "t": 1474034365,
        "video_status_count": 0,
        "urank": 30,
        "user_ability": 2097152,
        "credit_score": 80
    },
    {
        "reposts_count": 0,
        "uid": 1797049082,
        "bi_followers_count": 106,
        "text": "@咕嗒咕嗒拜 今晚别睡啊",
        "user_description": "麻烦精",
        "user_avatar": "https://tvax2.sinaimg.cn/crop.0.0.1080.1080.50/6b1ccafaly8fz4ai9hwiqj20u00u0dhu.jpg?KID=imgbed,tva&Expires=1584956051&ssig=4oM7N%2B3H2C",
        "id": "4020453574150849",
        "city": "1000",
        "province": "100",
        "friends_count": 264,
        "user_location": "其他",
        "mid": "4020453574150849",
        "verified_reason": "",
        "attitudes_count": 0,
        "followers_count": 8277,
        "verified_type": -1,
        "statuses_count": 386,
        "parent": "4020448675492792",
        "verified": false,
        "geo": null,
        "user_created_at": 1282376032,
        "favourites_count": 787,
        "screen_name": "柯柯圆滚滚-",
        "gender": "f",
        "user_geo_enabled": true,
        "username": "柯柯圆滚滚-",
        "comments_count": 0,
        "t": 1474034291,
        "video_status_count": 0,
        "urank": 39,
        "user_ability": 1310728,
        "credit_score": 80
    },
    {
        "reposts_count": 0,
        "uid": 2774367445,
        "bi_followers_count": 2,
        "text": "谁告诉我sm是神马",
        "user_description": "没啥好介绍的",
        "user_avatar": "https://tvax4.sinaimg.cn/crop.0.0.750.750.50/a55d7cd5ly8g3j65qi0qvj20ku0kuq4b.jpg?KID=imgbed,tva&Expires=1584956051&ssig=ztraFMCCFj",
        "id": "4020452341182870",
        "city": "1000",
        "province": "11",
        "friends_count": 312,
        "user_location": "北京",
        "mid": "4020452341182870",
        "verified_reason": "",
        "attitudes_count": 0,
        "followers_count": 88,
        "verified_type": -1,
        "statuses_count": 121,
        "parent": "4020448675492792",
        "verified": false,
        "geo": null,
        "user_created_at": 1337443463,
        "favourites_count": 113,
        "screen_name": "我柴儿",
        "gender": "m",
        "user_geo_enabled": true,
        "username": "我柴儿",
        "comments_count": 0,
        "t": 1474033997,
        "video_status_count": 0,
        "urank": 9,
        "user_ability": 35652608,
        "credit_score": 80
    },
    {
        "reposts_count": 0,
        "uid": 2708321951,
        "bi_followers_count": 50,
        "text": "@rainbowyoring",
        "user_description": "事已至此，先吃饭吧",
        "user_avatar": "https://tvax4.sinaimg.cn/crop.0.0.512.512.50/a16db69fly8gcxaay62ckj20e80e80t5.jpg?KID=imgbed,tva&Expires=1584956051&ssig=j8qAirMtaN",
        "id": "4020452231274626",
        "city": "1000",
        "province": "44",
        "friends_count": 273,
        "user_location": "广东",
        "mid": "4020452231274626",
        "verified_reason": "",
        "attitudes_count": 0,
        "followers_count": 211,
        "verified_type": 200,
        "statuses_count": 106,
        "parent": "4020448675492792",
        "verified": false,
        "geo": null,
        "user_created_at": 1334401851,
        "favourites_count": 491,
        "screen_name": "畏等待",
        "gender": "f",
        "user_geo_enabled": true,
        "username": "畏等待",
        "comments_count": 0,
        "t": 1474033971,
        "video_status_count": 0,
        "urank": 32,
        "user_ability": 2098176,
        "credit_score": 80
    },
    {
        "reposts_count": 0,
        "uid": 5030356870,
        "bi_followers_count": 7,
        "text": "sm啥意思",
        "user_description": "我的梦只有你知道，这一生有你就够了",
        "user_avatar": "https://tva3.sinaimg.cn/crop.0.0.1242.1242.50/005uqRCejw8es0bd6eounj30yi0yi0v9.jpg?KID=imgbed,tva&Expires=1584956051&ssig=t2Huq5Avc2",
        "id": "4020451745608113",
        "city": "1",
        "province": "33",
        "friends_count": 1369,
        "user_location": "浙江 杭州",
        "mid": "4020451745608113",
        "verified_reason": "",
        "attitudes_count": 0,
        "followers_count": 313,
        "verified_type": -1,
        "statuses_count": 805,
        "parent": "4020448675492792",
        "verified": false,
        "geo": null,
        "user_created_at": 1391866696,
        "favourites_count": 11,
        "screen_name": "诺喏糯米",
        "gender": "f",
        "user_geo_enabled": true,
        "username": "诺喏糯米",
        "comments_count": 0,
        "t": 1474033855,
        "video_status_count": 0,
        "urank": 13,
        "user_ability": 35652608,
        "credit_score": 80
    },
    {
        "reposts_count": 0,
        "uid": 5872340079,
        "bi_followers_count": 0,
        "text": "[哆啦A梦吃惊][哆啦A梦吃惊][哆啦A梦吃惊][哆啦A梦吃惊][哆啦A梦吃惊][哆啦A梦吃惊]肯定是假的",
        "user_description": "偶尔发博 有事私信",
        "user_avatar": "https://tva4.sinaimg.cn/crop.8.0.495.495.50/006ppJUzjw8f6sik5towoj30e80dr75a.jpg?KID=imgbed,tva&Expires=1584956051&ssig=kzsG5Tpprv",
        "id": "4020451522836268",
        "city": "1000",
        "province": "11",
        "friends_count": 22,
        "user_location": "北京",
        "mid": "4020451522836268",
        "verified_reason": "",
        "attitudes_count": 0,
        "followers_count": 410,
        "verified_type": -1,
        "statuses_count": 1135,
        "parent": "4020448675492792",
        "verified": false,
        "geo": null,
        "user_created_at": 1456938688,
        "favourites_count": 1,
        "screen_name": "滴哩哩小韬韬",
        "gender": "f",
        "user_geo_enabled": true,
        "username": "滴哩哩小韬韬",
        "comments_count": 0,
        "t": 1474033802,
        "video_status_count": 0,
        "urank": 4,
        "user_ability": 1024,
        "credit_score": 80
    },
    {
        "reposts_count": 0,
        "uid": 5646680057,
        "bi_followers_count": 5,
        "text": "卧槽，这年头真是什么鬼都有……",
        "user_description": "2020不留遗憾♡",
        "user_avatar": "https://tvax4.sinaimg.cn/crop.0.0.664.664.50/006a8TqNly8gcz071yr57j30ig0igdg5.jpg?KID=imgbed,tva&Expires=1584956051&ssig=VbveezoSu4",
        "id": "4020451501831111",
        "city": "21",
        "province": "400",
        "friends_count": 118,
        "user_location": "海外 爱尔兰",
        "mid": "4020451501831111",
        "verified_reason": "",
        "attitudes_count": 0,
        "followers_count": 177,
        "verified_type": -1,
        "statuses_count": 4,
        "parent": "4020448675492792",
        "verified": false,
        "geo": null,
        "user_created_at": 1436010837,
        "favourites_count": 87,
        "screen_name": "追赶星光吖",
        "gender": "f",
        "user_geo_enabled": true,
        "username": "追赶星光吖",
        "comments_count": 0,
        "t": 1474033797,
        "video_status_count": 0,
        "urank": 9,
        "user_ability": 2360320,
        "credit_score": 80
    },
    {
        "reposts_count": 0,
        "uid": 3991360338,
        "bi_followers_count": 18,
        "text": "真假？太劲爆了吧？",
        "user_description": "好好工作，好好学习，好好玩，热气腾腾的记录生活。🌸💕 ​​​🍓🍎🍻🍭",
        "user_avatar": "https://tvax3.sinaimg.cn/crop.0.0.996.996.50/ede75352ly8fzbxkbwy27j20ro0ro0vt.jpg?KID=imgbed,tva&Expires=1584956051&ssig=1iNsIzOvQd",
        "id": "4020451296894547",
        "city": "1000",
        "province": "100",
        "friends_count": 183,
        "user_location": "其他",
        "mid": "4020451296894547",
        "verified_reason": "",
        "attitudes_count": 0,
        "followers_count": 354,
        "verified_type": -1,
        "statuses_count": 293,
        "parent": "4020448675492792",
        "verified": false,
        "geo": null,
        "user_created_at": 1390444675,
        "favourites_count": 641,
        "screen_name": "刘口水Yf",
        "gender": "f",
        "user_geo_enabled": false,
        "username": "刘口水Yf",
        "comments_count": 0,
        "t": 1474033748,
        "video_status_count": 0,
        "urank": 34,
        "user_ability": 262144,
        "credit_score": 80
    },
    {
        "reposts_count": 0,
        "uid": 2639975971,
        "bi_followers_count": 121,
        "text": "@爱宅的何小萌 @_Ccchensiyaooo",
        "user_description": "1+1=3",
        "user_avatar": "https://tvax3.sinaimg.cn/crop.0.0.512.512.50/9d5ad623ly8fsirwa0nctj20e80e8jrt.jpg?KID=imgbed,tva&Expires=1584956051&ssig=3Ya1ljIN2U",
        "id": "4020451233058114",
        "city": "1",
        "province": "51",
        "friends_count": 343,
        "user_location": "四川 成都",
        "mid": "4020451233058114",
        "verified_reason": "",
        "attitudes_count": 0,
        "followers_count": 1622,
        "verified_type": 220,
        "statuses_count": 252,
        "parent": "4020448675492792",
        "verified": false,
        "geo": null,
        "user_created_at": 1330530077,
        "favourites_count": 689,
        "screen_name": "肉嘎嘎麻麻",
        "gender": "f",
        "user_geo_enabled": true,
        "username": "肉嘎嘎麻麻",
        "comments_count": 0,
        "t": 1474033733,
        "video_status_count": 0,
        "urank": 34,
        "user_ability": 262144,
        "credit_score": 80
    },
    {
        "reposts_count": 0,
        "uid": 1759736511,
        "bi_followers_count": 21,
        "text": "@嘀-学生卡 ？？？？？",
        "user_description": "给我亲一下",
        "user_avatar": "https://tvax4.sinaimg.cn/crop.0.0.1080.1080.50/68e372bfly8gbto1afmsej20u00u00wx.jpg?KID=imgbed,tva&Expires=1584956051&ssig=x77cs4aiNH",
        "id": "4020451192240765",
        "city": "1000",
        "province": "100",
        "friends_count": 261,
        "user_location": "其他",
        "mid": "4020451192240765",
        "verified_reason": "",
        "attitudes_count": 0,
        "followers_count": 159,
        "verified_type": -1,
        "statuses_count": 42,
        "parent": "4020448675492792",
        "verified": false,
        "geo": null,
        "user_created_at": 1276916083,
        "favourites_count": 32,
        "screen_name": "爱吃胡萝卜和青菜哦",
        "gender": "f",
        "user_geo_enabled": true,
        "username": "爱吃胡萝卜和青菜哦",
        "comments_count": 0,
        "t": 1474033723,
        "video_status_count": 0,
        "urank": 9,
        "user_ability": 3407872,
        "credit_score": 80
    },
    {
        "reposts_count": 0,
        "uid": 2639975971,
        "bi_followers_count": 121,
        "text": "@zxy0828zoe [吃惊][吃惊]",
        "user_description": "1+1=3",
        "user_avatar": "https://tvax3.sinaimg.cn/crop.0.0.512.512.50/9d5ad623ly8fsirwa0nctj20e80e8jrt.jpg?KID=imgbed,tva&Expires=1584956051&ssig=3Ya1ljIN2U",
        "id": "4020451094614574",
        "city": "1",
        "province": "51",
        "friends_count": 343,
        "user_location": "四川 成都",
        "mid": "4020451094614574",
        "verified_reason": "",
        "attitudes_count": 0,
        "followers_count": 1622,
        "verified_type": 220,
        "statuses_count": 252,
        "parent": "4020448675492792",
        "verified": false,
        "geo": null,
        "user_created_at": 1330530077,
        "favourites_count": 689,
        "screen_name": "肉嘎嘎麻麻",
        "gender": "f",
        "user_geo_enabled": true,
        "username": "肉嘎嘎麻麻",
        "comments_count": 0,
        "t": 1474033700,
        "video_status_count": 0,
        "urank": 34,
        "user_ability": 262144,
        "credit_score": 80
    },
    {
        "reposts_count": 0,
        "uid": 2549491721,
        "bi_followers_count": 52,
        "text": "@CyuGaa ？？？",
        "user_description": "冬天想夏天",
        "user_avatar": "https://tvax1.sinaimg.cn/crop.0.0.828.828.50/97f62809ly8gcffh0ezepj20n00n0my7.jpg?KID=imgbed,tva&Expires=1584956051&ssig=pF9Bk9UzKO",
        "id": "4020450982163354",
        "city": "12",
        "province": "81",
        "friends_count": 143,
        "user_location": "香港 葵青区",
        "mid": "4020450982163354",
        "verified_reason": "",
        "attitudes_count": 0,
        "followers_count": 244,
        "verified_type": -1,
        "statuses_count": 3,
        "parent": "4020448675492792",
        "verified": false,
        "geo": null,
        "user_created_at": 1324652007,
        "favourites_count": 8,
        "screen_name": "早起抱猫",
        "gender": "f",
        "user_geo_enabled": true,
        "username": "早起抱猫",
        "comments_count": 0,
        "t": 1474033673,
        "video_status_count": 0,
        "urank": 32,
        "user_ability": 2097152,
        "credit_score": 80
    },
    {
        "reposts_count": 0,
        "uid": 2828658694,
        "bi_followers_count": 171,
        "text": "@一天没读书感觉很像猪 啊？？？？？？这种话都敢说……",
        "user_description": ".做个温柔善良的人.",
        "user_avatar": "https://tvax1.sinaimg.cn/crop.0.0.750.750.50/a899e806ly8g2kj3nkbxdj20ku0kuab7.jpg?KID=imgbed,tva&Expires=1584956051&ssig=LvRVasqcwf",
        "id": "4020450956492059",
        "city": "3",
        "province": "44",
        "friends_count": 211,
        "user_location": "广东 深圳",
        "mid": "4020450956492059",
        "verified_reason": "",
        "attitudes_count": 0,
        "followers_count": 760,
        "verified_type": 220,
        "statuses_count": 2038,
        "parent": "4020448675492792",
        "verified": false,
        "geo": null,
        "user_created_at": 1339236693,
        "favourites_count": 286,
        "screen_name": "-Zzzzzr-",
        "gender": "f",
        "user_geo_enabled": true,
        "username": "-Zzzzzr-",
        "comments_count": 0,
        "t": 1474033667,
        "video_status_count": 0,
        "urank": 34,
        "user_ability": 2098176,
        "credit_score": 80
    },
    {
        "reposts_count": 0,
        "uid": 3276733381,
        "bi_followers_count": 7,
        "text": "快来个老司机科普一下，sm什么意思",
        "user_description": "一个卖皮草大衣的傻缺🚺",
        "user_avatar": "https://tva3.sinaimg.cn/crop.0.7.497.497.50/c34efbc5jw8f8xpwmuu1pj20dt0e80tj.jpg?KID=imgbed,tva&Expires=1584956051&ssig=zR8yf8uG0%2F",
        "id": "4020450873313624",
        "city": "4",
        "province": "33",
        "friends_count": 194,
        "user_location": "浙江 嘉兴",
        "mid": "4020450873313624",
        "verified_reason": "",
        "attitudes_count": 0,
        "followers_count": 64,
        "verified_type": -1,
        "statuses_count": 39,
        "parent": "4020448675492792",
        "verified": false,
        "geo": null,
        "user_created_at": 1367842394,
        "favourites_count": 5,
        "screen_name": "豆角mo",
        "gender": "f",
        "user_geo_enabled": true,
        "username": "豆角mo",
        "comments_count": 0,
        "t": 1474033647,
        "video_status_count": 0,
        "urank": 14,
        "user_ability": 34603008,
        "credit_score": 80
    },
    {
        "reposts_count": 0,
        "uid": 2529935380,
        "bi_followers_count": 134,
        "text": "@典典大教主 坐等",
        "user_description": "不知名酷狗",
        "user_avatar": "https://tvax2.sinaimg.cn/crop.0.0.750.750.50/96cbc014ly8g4ygqy5lsxj20ku0kutaf.jpg?KID=imgbed,tva&Expires=1584956051&ssig=p7Bg7npOUR",
        "id": "4020450663670469",
        "city": "9",
        "province": "400",
        "friends_count": 2948,
        "user_location": "海外 泰国",
        "mid": "4020450663670469",
        "verified_reason": "",
        "attitudes_count": 0,
        "followers_count": 561,
        "verified_type": -1,
        "statuses_count": 5182,
        "parent": "4020448675492792",
        "verified": false,
        "geo": null,
        "user_created_at": 1321082054,
        "favourites_count": 507,
        "screen_name": "好长一根卤粉",
        "gender": "f",
        "user_geo_enabled": true,
        "username": "好长一根卤粉",
        "comments_count": 0,
        "t": 1474033597,
        "video_status_count": 0,
        "urank": 42,
        "user_ability": 3408896,
        "credit_score": 80
    },
    {
        "reposts_count": 0,
        "uid": 5339706745,
        "bi_followers_count": 8,
        "text": "谁是乔任梁？？？",
        "user_description": "夏天有荫 春天有花",
        "user_avatar": "https://tva4.sinaimg.cn/crop.0.0.480.480.50/005PmREljw8ey8yimu6l5j30dc0dcjse.jpg?KID=imgbed,tva&Expires=1584956051&ssig=xDgLxxgXim",
        "id": "4020450638448286",
        "city": "28",
        "province": "42",
        "friends_count": 107,
        "user_location": "湖北 恩施土家族苗族自治州",
        "mid": "4020450638448286",
        "verified_reason": "",
        "attitudes_count": 0,
        "followers_count": 33,
        "verified_type": -1,
        "statuses_count": 211,
        "parent": "4020448675492792",
        "verified": false,
        "geo": null,
        "user_created_at": 1414027602,
        "favourites_count": 124,
        "screen_name": "王迎盈盈迎王",
        "gender": "f",
        "user_geo_enabled": true,
        "username": "王迎盈盈迎王",
        "comments_count": 0,
        "t": 1474033591,
        "video_status_count": 0,
        "urank": 14,
        "user_ability": 1024,
        "credit_score": 80
    },
    {
        "reposts_count": 0,
        "uid": 3038767864,
        "bi_followers_count": 3,
        "text": "@吐槽鬼",
        "user_description": "",
        "user_avatar": "https://tvax3.sinaimg.cn/crop.0.0.664.664.50/b51feaf8ly8fyhrxenmbcj20ig0igjsp.jpg?KID=imgbed,tva&Expires=1584956051&ssig=ZkLeTOE%2BN%2F",
        "id": "4020450620812632",
        "city": "1000",
        "province": "44",
        "friends_count": 80,
        "user_location": "广东",
        "mid": "4020450620812632",
        "verified_reason": "",
        "attitudes_count": 0,
        "followers_count": 531,
        "verified_type": -1,
        "statuses_count": 4,
        "parent": "4020448675492792",
        "verified": false,
        "geo": null,
        "user_created_at": 1350212483,
        "favourites_count": 10,
        "screen_name": "Kschwarzenbach",
        "gender": "f",
        "user_geo_enabled": false,
        "username": "Kschwarzenbach",
        "comments_count": 0,
        "t": 1474033587,
        "video_status_count": 0,
        "urank": 35,
        "user_ability": 35652608,
        "credit_score": 78
    },
    {
        "reposts_count": 0,
        "uid": 1842773554,
        "bi_followers_count": 6,
        "text": "卧槽简直！希望是假的吧",
        "user_description": "爱睡懒觉协会荣誉会长",
        "user_avatar": "https://tvax2.sinaimg.cn/crop.0.0.828.828.50/6dd67e32ly8gcw2nrptsfj20n00n0q4g.jpg?KID=imgbed,tva&Expires=1584956051&ssig=KhvTl2f8zt",
        "id": "4020450231750968",
        "city": "16",
        "province": "400",
        "friends_count": 228,
        "user_location": "海外 其他",
        "mid": "4020450231750968",
        "verified_reason": "",
        "attitudes_count": 0,
        "followers_count": 96,
        "verified_type": -1,
        "statuses_count": 679,
        "parent": "4020448675492792",
        "verified": false,
        "geo": null,
        "user_created_at": 1286273529,
        "favourites_count": 7,
        "screen_name": "这颗草莓真酸",
        "gender": "f",
        "user_geo_enabled": true,
        "username": "这颗草莓真酸",
        "comments_count": 0,
        "t": 1474033494,
        "video_status_count": 0,
        "urank": 9,
        "user_ability": 3408896,
        "credit_score": 80
    },
    {
        "reposts_count": 0,
        "uid": 2690392820,
        "bi_followers_count": 60,
        "text": "sm啥意思…",
        "user_description": "万事胜意🤡",
        "user_avatar": "https://tvax2.sinaimg.cn/crop.0.0.512.512.50/a05c22f4ly8gaabhraixrj20e80e874j.jpg?KID=imgbed,tva&Expires=1584956051&ssig=Q0z%2Bi2NSFH",
        "id": "4020450134584801",
        "city": "15",
        "province": "37",
        "friends_count": 554,
        "user_location": "山东 聊城",
        "mid": "4020450134584801",
        "verified_reason": "",
        "attitudes_count": 0,
        "followers_count": 221,
        "verified_type": -1,
        "statuses_count": 134,
        "parent": "4020448675492792",
        "verified": false,
        "geo": null,
        "user_created_at": 1327734254,
        "favourites_count": 342,
        "screen_name": "Love-yourself_Y",
        "gender": "f",
        "user_geo_enabled": true,
        "username": "Love-yourself_Y",
        "comments_count": 0,
        "t": 1474033470,
        "video_status_count": 0,
        "urank": 30,
        "user_ability": 3145728,
        "credit_score": 80
    },
    {
        "reposts_count": 0,
        "uid": 5751714662,
        "bi_followers_count": 10,
        "text": "啥意思",
        "user_description": "与有荣焉",
        "user_avatar": "https://tvax2.sinaimg.cn/crop.0.0.951.951.50/006hfBJkly8g59va97mzsj30qf0qfha1.jpg?KID=imgbed,tva&Expires=1584956051&ssig=bbyq1PdrJt",
        "id": "4020450109377856",
        "city": "1000",
        "province": "100",
        "friends_count": 373,
        "user_location": "其他",
        "mid": "4020450109377856",
        "verified_reason": "",
        "attitudes_count": 0,
        "followers_count": 124,
        "verified_type": -1,
        "statuses_count": 214,
        "parent": "4020448675492792",
        "verified": false,
        "geo": null,
        "user_created_at": 1446900289,
        "favourites_count": 12,
        "screen_name": "火星小七喝雪碧",
        "gender": "m",
        "user_geo_enabled": true,
        "username": "火星小七喝雪碧",
        "comments_count": 0,
        "t": 1474033465,
        "video_status_count": 0,
        "urank": 9,
        "user_ability": 2098176,
        "credit_score": 80
    },
    {
        "reposts_count": 0,
        "uid": 3317623371,
        "bi_followers_count": 5,
        "text": "等官方消息😱",
        "user_description": "美妆热爱者🌚买买买重度患者代购号rengjijiao1004",
        "user_avatar": "https://tva4.sinaimg.cn/crop.7.0.1111.1111.50/c5beea4bjw8fcfm9ut32lj20v90uvwgl.jpg?KID=imgbed,tva&Expires=1584956051&ssig=7%2BfGQF%2Bkai",
        "id": "4020449912652937",
        "city": "16",
        "province": "400",
        "friends_count": 216,
        "user_location": "海外 其他",
        "mid": "4020449912652937",
        "verified_reason": "",
        "attitudes_count": 0,
        "followers_count": 437,
        "verified_type": -1,
        "statuses_count": 867,
        "parent": "4020448675492792",
        "verified": false,
        "geo": null,
        "user_created_at": 1370487218,
        "favourites_count": 4,
        "screen_name": "小雨浪Oni的小天地",
        "gender": "f",
        "user_geo_enabled": true,
        "username": "小雨浪Oni的小天地",
        "comments_count": 0,
        "t": 1474033417,
        "video_status_count": 0,
        "urank": 9,
        "user_ability": 2359296,
        "credit_score": 80
    },
    {
        "reposts_count": 0,
        "uid": 2413355741,
        "bi_followers_count": 2,
        "text": "有新戏炒作吧",
        "user_description": "",
        "user_avatar": "https://tvax3.sinaimg.cn/crop.0.3.1242.1242.50/8fd8e2ddly8flvbrqoq39j20yi0yp76n.jpg?KID=imgbed,tva&Expires=1584956051&ssig=vQnzxz7V3N",
        "id": "4020449874055821",
        "city": "1",
        "province": "43",
        "friends_count": 76,
        "user_location": "湖南 长沙",
        "mid": "4020449874055821",
        "verified_reason": "",
        "attitudes_count": 0,
        "followers_count": 86,
        "verified_type": -1,
        "statuses_count": 83,
        "parent": "4020448675492792",
        "verified": false,
        "geo": null,
        "user_created_at": 1318722526,
        "favourites_count": 147,
        "screen_name": "我爱笨笨熊肥妞",
        "gender": "f",
        "user_geo_enabled": true,
        "username": "我爱笨笨熊肥妞",
        "comments_count": 0,
        "t": 1474033410,
        "video_status_count": 0,
        "urank": 9,
        "user_ability": 36701184,
        "credit_score": 80
    },
    {
        "reposts_count": 0,
        "uid": 5868104418,
        "bi_followers_count": 28,
        "text": "不可能空穴来风吧",
        "user_description": "咪咪",
        "user_avatar": "https://tvax3.sinaimg.cn/crop.0.0.512.512.50/006p7Y1sly8fuknkko2s6j30e80e8gmh.jpg?KID=imgbed,tva&Expires=1584956051&ssig=FHmfXH4%2FZ6",
        "id": "4020449862476283",
        "city": "1000",
        "province": "50",
        "friends_count": 425,
        "user_location": "重庆",
        "mid": "4020449862476283",
        "verified_reason": "",
        "attitudes_count": 0,
        "followers_count": 108,
        "verified_type": -1,
        "statuses_count": 43,
        "parent": "4020448675492792",
        "verified": false,
        "geo": null,
        "user_created_at": 1456409883,
        "favourites_count": 0,
        "screen_name": "callmeShawn",
        "gender": "f",
        "user_geo_enabled": true,
        "username": "callmeShawn",
        "comments_count": 0,
        "t": 1474033406,
        "video_status_count": 0,
        "urank": 14,
        "user_ability": 2098176,
        "credit_score": 80
    },
    {
        "reposts_count": 0,
        "uid": 5868104418,
        "bi_followers_count": 28,
        "text": "什么情况？？？",
        "user_description": "咪咪",
        "user_avatar": "https://tvax3.sinaimg.cn/crop.0.0.512.512.50/006p7Y1sly8fuknkko2s6j30e80e8gmh.jpg?KID=imgbed,tva&Expires=1584956051&ssig=FHmfXH4%2FZ6",
        "id": "4020449765697515",
        "city": "1000",
        "province": "50",
        "friends_count": 425,
        "user_location": "重庆",
        "mid": "4020449765697515",
        "verified_reason": "",
        "attitudes_count": 0,
        "followers_count": 108,
        "verified_type": -1,
        "statuses_count": 43,
        "parent": "4020448675492792",
        "verified": false,
        "geo": null,
        "user_created_at": 1456409883,
        "favourites_count": 0,
        "screen_name": "callmeShawn",
        "gender": "f",
        "user_geo_enabled": true,
        "username": "callmeShawn",
        "comments_count": 0,
        "t": 1474033383,
        "video_status_count": 0,
        "urank": 14,
        "user_ability": 2098176,
        "credit_score": 80
    },
    {
        "reposts_count": 0,
        "uid": 2075851323,
        "bi_followers_count": 169,
        "text": "我天😳",
        "user_description": "厚积薄发型的狮子座",
        "user_avatar": "https://tvax3.sinaimg.cn/crop.0.0.512.512.50/7bbafa3bly8fvbuqg24qoj20e80e8ab3.jpg?KID=imgbed,tva&Expires=1584956051&ssig=XwACpZ2izb",
        "id": "4020449732599582",
        "city": "7",
        "province": "41",
        "friends_count": 517,
        "user_location": "河南 新乡",
        "mid": "4020449732599582",
        "verified_reason": "郑好超话小主持人",
        "attitudes_count": 0,
        "followers_count": 642,
        "verified_type": 0,
        "statuses_count": 1226,
        "parent": "4020448675492792",
        "verified": true,
        "geo": null,
        "user_created_at": 1302240440,
        "favourites_count": 868,
        "screen_name": "武张志妍",
        "gender": "f",
        "user_geo_enabled": true,
        "username": "武张志妍",
        "comments_count": 0,
        "t": 1474033375,
        "video_status_count": 0,
        "urank": 39,
        "user_ability": 36963328,
        "credit_score": 80
    },
    {
        "reposts_count": 0,
        "uid": 5602097678,
        "bi_followers_count": 142,
        "text": "@一只绿桔子",
        "user_description": "女作精🤐",
        "user_avatar": "https://tvax1.sinaimg.cn/crop.0.0.1080.1080.50/00677Pwaly8gcvoyjf8d5j30u00u075s.jpg?KID=imgbed,tva&Expires=1584956051&ssig=mAZx%2BEMwjC",
        "id": "4020449497183822",
        "city": "1000",
        "province": "12",
        "friends_count": 180,
        "user_location": "天津",
        "mid": "4020449497183822",
        "verified_reason": "",
        "attitudes_count": 0,
        "followers_count": 1486,
        "verified_type": 10,
        "statuses_count": 283,
        "parent": "4020448675492792",
        "verified": false,
        "geo": null,
        "user_created_at": 1430823933,
        "favourites_count": 289,
        "screen_name": "博Stephanie",
        "gender": "f",
        "user_geo_enabled": true,
        "username": "博Stephanie",
        "comments_count": 0,
        "t": 1474033319,
        "video_status_count": 0,
        "urank": 38,
        "user_ability": 1049600,
        "credit_score": 80
    },
    {
        "reposts_count": 0,
        "uid": 3983507643,
        "bi_followers_count": 20,
        "text": "@wpmgmgmgdjdg SM是什么",
        "user_description": "",
        "user_avatar": "https://tvax1.sinaimg.cn/crop.0.0.1080.1080.50/ed6f80bbly8g9f1avacz9j20u00u0wfs.jpg?KID=imgbed,tva&Expires=1584956051&ssig=jBBnWBpvar",
        "id": "4020449384060264",
        "city": "1000",
        "province": "100",
        "friends_count": 253,
        "user_location": "其他",
        "mid": "4020449384060264",
        "verified_reason": "",
        "attitudes_count": 0,
        "followers_count": 289,
        "verified_type": -1,
        "statuses_count": 109,
        "parent": "4020448675492792",
        "verified": false,
        "geo": null,
        "user_created_at": 1389666174,
        "favourites_count": 0,
        "screen_name": "jnyydhyqqgcmpd",
        "gender": "f",
        "user_geo_enabled": true,
        "username": "jnyydhyqqgcmpd",
        "comments_count": 0,
        "t": 1474033292,
        "video_status_count": 0,
        "urank": 35,
        "user_ability": 2097152,
        "credit_score": 80
    },
    {
        "reposts_count": 0,
        "uid": 1998980001,
        "bi_followers_count": 31,
        "text": "回复@不要给我搞事情_:你是猴子派来的逗逼吗😂它说求辟谣 而且还是疑问句 制杖",
        "user_description": "",
        "user_avatar": "https://tvax1.sinaimg.cn/crop.0.0.1080.1080.50/772603a1ly8gbigcbx43ej20u00u0q5c.jpg?KID=imgbed,tva&Expires=1584956051&ssig=BbIXndEP%2FY",
        "id": "4020449312152671",
        "city": "1",
        "province": "42",
        "friends_count": 117,
        "user_location": "湖北 武汉",
        "mid": "4020449312152671",
        "verified_reason": "",
        "attitudes_count": 0,
        "followers_count": 427,
        "verified_type": -1,
        "statuses_count": 6788,
        "parent": "4020448675492792",
        "verified": false,
        "geo": null,
        "user_created_at": 1298904335,
        "favourites_count": 259,
        "screen_name": "YYY_WONDERLAND",
        "gender": "f",
        "user_geo_enabled": true,
        "username": "YYY_WONDERLAND",
        "comments_count": 0,
        "t": 1474033275,
        "video_status_count": 0,
        "urank": 48,
        "user_ability": 36962304,
        "credit_score": 80
    },
    {
        "reposts_count": 0,
        "uid": 1574183310,
        "bi_followers_count": 2,
        "text": "卧槽 真假啊",
        "user_description": "么么哒嘀嗒",
        "user_avatar": "https://tvax1.sinaimg.cn/crop.0.0.1242.1242.50/5dd4218ely8fqdpjxiwb4j20yi0yi766.jpg?KID=imgbed,tva&Expires=1584956051&ssig=Nu1SmjuCGY",
        "id": "4020449270200591",
        "city": "1",
        "province": "44",
        "friends_count": 258,
        "user_location": "广东 广州",
        "mid": "4020449270200591",
        "verified_reason": "",
        "attitudes_count": 0,
        "followers_count": 100,
        "verified_type": -1,
        "statuses_count": 69,
        "parent": "4020448675492792",
        "verified": false,
        "geo": null,
        "user_created_at": 1303267425,
        "favourites_count": 21,
        "screen_name": "双瞳艾丽斯",
        "gender": "f",
        "user_geo_enabled": true,
        "username": "双瞳艾丽斯",
        "comments_count": 0,
        "t": 1474033266,
        "video_status_count": 0,
        "urank": 14,
        "user_ability": 33554432,
        "credit_score": 80
    },
    {
        "reposts_count": 0,
        "uid": 2843730564,
        "bi_followers_count": 9,
        "text": "不会吧？但是乔任梁到底是哪个？",
        "user_description": "要美一点要白一点要富一点",
        "user_avatar": "https://tvax3.sinaimg.cn/crop.0.0.1328.1328.50/a97fe284ly8fwe7r4t75wj210w10waci.jpg?KID=imgbed,tva&Expires=1584956051&ssig=87AD2yA4nh",
        "id": "4020449250262248",
        "city": "1000",
        "province": "44",
        "friends_count": 721,
        "user_location": "广东",
        "mid": "4020449250262248",
        "verified_reason": "",
        "attitudes_count": 0,
        "followers_count": 1273,
        "verified_type": -1,
        "statuses_count": 2660,
        "parent": "4020448675492792",
        "verified": false,
        "geo": null,
        "user_created_at": 1340365083,
        "favourites_count": 11,
        "screen_name": "小白那么美",
        "gender": "f",
        "user_geo_enabled": true,
        "username": "小白那么美",
        "comments_count": 0,
        "t": 1474033260,
        "video_status_count": 0,
        "urank": 39,
        "user_ability": 2359296,
        "credit_score": 75
    },
    {
        "reposts_count": 0,
        "uid": 5666905156,
        "bi_followers_count": 3,
        "text": "sm什么意思",
        "user_description": "",
        "user_avatar": "https://tvax1.sinaimg.cn/crop.0.0.996.996.50/006bvKU4ly8fkanecrtqmj30ro0rpweu.jpg?KID=imgbed,tva&Expires=1584956051&ssig=WLOpB2sUT%2B",
        "id": "4020449019584815",
        "city": "1000",
        "province": "23",
        "friends_count": 79,
        "user_location": "黑龙江",
        "mid": "4020449019584815",
        "verified_reason": "",
        "attitudes_count": 0,
        "followers_count": 37,
        "verified_type": -1,
        "statuses_count": 0,
        "parent": "4020448675492792",
        "verified": false,
        "geo": null,
        "user_created_at": 1438474754,
        "favourites_count": 0,
        "screen_name": "apkM戟",
        "gender": "m",
        "user_geo_enabled": false,
        "username": "apkM戟",
        "comments_count": 0,
        "t": 1474033204,
        "video_status_count": 0,
        "urank": 9,
        "user_ability": 1024,
        "credit_score": 80
    },
    {
        "reposts_count": 0,
        "uid": 5137954980,
        "bi_followers_count": 20,
        "text": "？？？？？",
        "user_description": "没脱粉 没爬墙 只是慢慢不混圈了。",
        "user_avatar": "https://tvax3.sinaimg.cn/crop.0.0.751.751.50/005BIkNCly8g1ez2zqbkbj30kv0kvgmm.jpg?KID=imgbed,tva&Expires=1584956051&ssig=Bf7gRsqkty",
        "id": "4020448956528612",
        "city": "1000",
        "province": "81",
        "friends_count": 327,
        "user_location": "香港",
        "mid": "4020448956528612",
        "verified_reason": "黄子韬超话粉丝大咖",
        "attitudes_count": 0,
        "followers_count": 729,
        "verified_type": 0,
        "statuses_count": 13529,
        "parent": "4020448675492792",
        "verified": true,
        "geo": null,
        "user_created_at": 1399638022,
        "favourites_count": 668,
        "screen_name": "旭旭他女朋友",
        "gender": "f",
        "user_geo_enabled": true,
        "username": "旭旭他女朋友",
        "comments_count": 0,
        "t": 1474033189,
        "video_status_count": 0,
        "urank": 14,
        "user_ability": 3148800,
        "credit_score": 80
    },
    {
        "reposts_count": 0,
        "uid": 5024936350,
        "bi_followers_count": 4,
        "text": "这种你也敢发？不怕经纪人告你吗？",
        "user_description": "千人千面",
        "user_avatar": "https://tvax1.sinaimg.cn/crop.0.0.1080.1080.50/005u47uuly8gah48fdhlij30u00u0tbj.jpg?KID=imgbed,tva&Expires=1584956051&ssig=3G6npy1C8w",
        "id": "4020448947440575",
        "city": "5",
        "province": "11",
        "friends_count": 656,
        "user_location": "北京 朝阳区",
        "mid": "4020448947440575",
        "verified_reason": "",
        "attitudes_count": 0,
        "followers_count": 230,
        "verified_type": -1,
        "statuses_count": 145,
        "parent": "4020448675492792",
        "verified": false,
        "geo": null,
        "user_created_at": 1391775696,
        "favourites_count": 1,
        "screen_name": "2020争取不改微博名",
        "gender": "m",
        "user_geo_enabled": true,
        "username": "2020争取不改微博名",
        "comments_count": 0,
        "t": 1474033187,
        "video_status_count": 0,
        "urank": 40,
        "user_ability": 2360320,
        "credit_score": 80
    },
    {
        "reposts_count": 0,
        "uid": 1998980001,
        "bi_followers_count": 31,
        "text": "说是和一个导演  说的有鼻子有眼的 还说什么法医都去了[汗][汗][汗][汗]会知道呢",
        "user_description": "",
        "user_avatar": "https://tvax1.sinaimg.cn/crop.0.0.1080.1080.50/772603a1ly8gbigcbx43ej20u00u0q5c.jpg?KID=imgbed,tva&Expires=1584956051&ssig=BbIXndEP%2FY",
        "id": "4020448909630959",
        "city": "1",
        "province": "42",
        "friends_count": 117,
        "user_location": "湖北 武汉",
        "mid": "4020448909630959",
        "verified_reason": "",
        "attitudes_count": 0,
        "followers_count": 427,
        "verified_type": -1,
        "statuses_count": 6788,
        "parent": "4020448675492792",
        "verified": false,
        "geo": null,
        "user_created_at": 1298904335,
        "favourites_count": 259,
        "screen_name": "YYY_WONDERLAND",
        "gender": "f",
        "user_geo_enabled": true,
        "username": "YYY_WONDERLAND",
        "comments_count": 0,
        "t": 1474033179,
        "video_status_count": 0,
        "urank": 48,
        "user_ability": 36962304,
        "credit_score": 80
    },
    {
        "reposts_count": 0,
        "uid": 5503900547,
        "bi_followers_count": 5,
        "text": "可能么[泪]刚看了他电影啊",
        "user_description": "🆒俊男",
        "user_avatar": "https://tva2.sinaimg.cn/crop.0.25.1242.1242.50/0060tNXtjw8f7eypxmeknj30yi0zxjvd.jpg?KID=imgbed,tva&Expires=1584956051&ssig=EmTcIZ8BRI",
        "id": "4020448855916769",
        "city": "1000",
        "province": "11",
        "friends_count": 155,
        "user_location": "北京",
        "mid": "4020448855916769",
        "verified_reason": "",
        "attitudes_count": 0,
        "followers_count": 262,
        "verified_type": -1,
        "statuses_count": 282,
        "parent": "4020448675492792",
        "verified": false,
        "geo": null,
        "user_created_at": 1422807276,
        "favourites_count": 8,
        "screen_name": "在你心里C",
        "gender": "f",
        "user_geo_enabled": true,
        "username": "在你心里C",
        "comments_count": 0,
        "t": 1474033166,
        "video_status_count": 0,
        "urank": 14,
        "user_ability": 1024,
        "credit_score": 80
    },
    {
        "reposts_count": 0,
        "uid": 5277395459,
        "bi_followers_count": 247,
        "text": "……exo me？",
        "user_description": "COCOSTUDIO主理人",
        "user_avatar": "https://tvax1.sinaimg.cn/crop.0.0.1080.1080.50/005L9pDBly8gcshcn87pjj30u00u0afn.jpg?KID=imgbed,tva&Expires=1584956051&ssig=E9TxFG%2FJTF",
        "id": "4020448779666638",
        "city": "12",
        "province": "400",
        "friends_count": 837,
        "user_location": "海外 菲律宾",
        "mid": "4020448779666638",
        "verified_reason": "",
        "attitudes_count": 0,
        "followers_count": 4391,
        "verified_type": -1,
        "statuses_count": 264,
        "parent": "4020448675492792",
        "verified": false,
        "geo": null,
        "user_created_at": 1409549377,
        "favourites_count": 1,
        "screen_name": "可可babe",
        "gender": "f",
        "user_geo_enabled": true,
        "username": "可可babe",
        "comments_count": 0,
        "t": 1474033147,
        "video_status_count": 0,
        "urank": 40,
        "user_ability": 3408896,
        "credit_score": 80
    }
]