[
    {
        "reposts_count": 0,
        "uid": 2093068955,
        "bi_followers_count": 199,
        "text": "#乔任梁去世# 以后再也不玩sm啦，我发誓 ​",
        "user_description": "未来还长，一切难讲",
        "user_avatar": "https://tva2.sinaimg.cn/crop.0.0.749.749.50/7cc1b29bjw8fa26ifeln6j20ku0ktq4x.jpg?KID=imgbed,tva&Expires=1584956118&ssig=ZgtkJjiG7E",
        "id": "4020554853501447",
        "city": "2",
        "province": "21",
        "friends_count": 513,
        "user_location": "辽宁 大连",
        "mid": "4020554853501447",
        "verified_reason": "",
        "attitudes_count": 6,
        "followers_count": 562,
        "verified_type": -1,
        "statuses_count": 1364,
        "parent": null,
        "verified": false,
        "geo": null,
        "user_created_at": 1303086490,
        "favourites_count": 12,
        "screen_name": "一个凯尔特人",
        "gender": "m",
        "user_geo_enabled": true,
        "username": "一个凯尔特人",
        "comments_count": 27,
        "t": 1474058439,
        "video_status_count": 0,
        "urank": 24,
        "user_ability": 33554944,
        "credit_score": 80
    },
    {
        "reposts_count": 0,
        "uid": 5817376377,
        "bi_followers_count": 0,
        "text": "回复@一个凯尔特人:谢谢😜",
        "user_description": "",
        "user_avatar": "https://tvax2.sinaimg.cn/crop.0.0.664.664.50/006lH7lfly8ftv14bmkb3j30ig0igjst.jpg?KID=imgbed,tva&Expires=1584956118&ssig=VvnCQ5mh68",
        "id": "4021896624441418",
        "city": "10",
        "province": "42",
        "friends_count": 94,
        "user_location": "湖北 荆州",
        "mid": "4021896624441418",
        "verified_reason": "",
        "attitudes_count": 0,
        "followers_count": 14,
        "verified_type": -1,
        "statuses_count": 603,
        "parent": "4020554853501447",
        "verified": false,
        "geo": null,
        "user_created_at": 1451621909,
        "favourites_count": 170,
        "screen_name": "羱殇",
        "gender": "f",
        "user_geo_enabled": true,
        "username": "羱殇",
        "comments_count": 0,
        "t": 1474378340,
        "video_status_count": 0,
        "urank": 4,
        "user_ability": 0,
        "credit_score": 80
    },
    {
        "reposts_count": 0,
        "uid": 5400020223,
        "bi_followers_count": 3,
        "text": "回复@一个凯尔特人:[微笑]你到现在还是这种态度，逝者为尊最基本的道德，别人发的图片又怎样[微笑]，我没看见别人就看见你[微笑]，你以为抑郁症那么好得的？？？是要到心理压力一定的情况下[微笑]，你还不至于[微笑]，删除图片，谢谢，道歉就不必了[微笑]反正也不是出自真心[微笑]",
        "user_description": "",
        "user_avatar": "https://tvax2.sinaimg.cn/crop.0.0.512.512.50/005TrVWnly8g0xlwwwgwfj30e80e874l.jpg?KID=imgbed,tva&Expires=1584956118&ssig=lsj%2FJ1RfRh",
        "id": "4020658575059066",
        "city": "1000",
        "province": "53",
        "friends_count": 546,
        "user_location": "云南",
        "mid": "4020658575059066",
        "verified_reason": "",
        "attitudes_count": 0,
        "followers_count": 3158,
        "verified_type": -1,
        "statuses_count": 0,
        "parent": "4020554853501447",
        "verified": false,
        "geo": null,
        "user_created_at": 1417829535,
        "favourites_count": 32,
        "screen_name": "小熊肉很多",
        "gender": "f",
        "user_geo_enabled": true,
        "username": "小熊肉很多",
        "comments_count": 0,
        "t": 1474083167,
        "video_status_count": 0,
        "urank": 14,
        "user_ability": 2097152,
        "credit_score": 80
    },
    {
        "reposts_count": 0,
        "uid": 2093068955,
        "bi_followers_count": 199,
        "text": "回复@是于先生不是干先生:求，哈哈哈[doge]",
        "user_description": "未来还长，一切难讲",
        "user_avatar": "https://tva2.sinaimg.cn/crop.0.0.749.749.50/7cc1b29bjw8fa26ifeln6j20ku0ktq4x.jpg?KID=imgbed,tva&Expires=1584956118&ssig=ZgtkJjiG7E",
        "id": "4020657169288456",
        "city": "2",
        "province": "21",
        "friends_count": 513,
        "user_location": "辽宁 大连",
        "mid": "4020657169288456",
        "verified_reason": "",
        "attitudes_count": 0,
        "followers_count": 562,
        "verified_type": -1,
        "statuses_count": 1364,
        "parent": "4020554853501447",
        "verified": false,
        "geo": null,
        "user_created_at": 1303086490,
        "favourites_count": 12,
        "screen_name": "一个凯尔特人",
        "gender": "m",
        "user_geo_enabled": true,
        "username": "一个凯尔特人",
        "comments_count": 0,
        "t": 1474082833,
        "video_status_count": 0,
        "urank": 24,
        "user_ability": 33554944,
        "credit_score": 80
    },
    {
        "reposts_count": 0,
        "uid": 3843529031,
        "bi_followers_count": 5,
        "text": "回复@一个凯尔特人:你也没悄悄的啊。。。",
        "user_description": "",
        "user_avatar": "https://tvax3.sinaimg.cn/crop.0.0.996.996.50/e5179947ly8gbsl5331p6j20ro0ro0vh.jpg?KID=imgbed,tva&Expires=1584956118&ssig=RrY6if%2FIM2",
        "id": "4020655030805272",
        "city": "2",
        "province": "21",
        "friends_count": 36,
        "user_location": "辽宁 大连",
        "mid": "4020655030805272",
        "verified_reason": "",
        "attitudes_count": 0,
        "followers_count": 175,
        "verified_type": -1,
        "statuses_count": 711,
        "parent": "4020554853501447",
        "verified": false,
        "geo": null,
        "user_created_at": 1381198872,
        "favourites_count": 14,
        "screen_name": "那猜猜",
        "gender": "f",
        "user_geo_enabled": true,
        "username": "那猜猜",
        "comments_count": 0,
        "t": 1474082322,
        "video_status_count": 0,
        "urank": 36,
        "user_ability": 36962304,
        "credit_score": 80
    },
    {
        "reposts_count": 0,
        "uid": 1503069277,
        "bi_followers_count": 257,
        "text": "哈哈哈哈哈哈 小心人肉哈",
        "user_description": "大连队球迷",
        "user_avatar": "https://tvax4.sinaimg.cn/crop.0.0.749.749.50/5997045dly8fint8te85kj20ku0ktmys.jpg?KID=imgbed,tva&Expires=1584956118&ssig=JPcS22JaAL",
        "id": "4020651721137043",
        "city": "1000",
        "province": "11",
        "friends_count": 816,
        "user_location": "北京",
        "mid": "4020651721137043",
        "verified_reason": "",
        "attitudes_count": 0,
        "followers_count": 309,
        "verified_type": 220,
        "statuses_count": 218,
        "parent": "4020554853501447",
        "verified": false,
        "geo": null,
        "user_created_at": 1265113458,
        "favourites_count": 34,
        "screen_name": "是于先生不是干先生",
        "gender": "m",
        "user_geo_enabled": false,
        "username": "是于先生不是干先生",
        "comments_count": 0,
        "t": 1474081533,
        "video_status_count": 0,
        "urank": 40,
        "user_ability": 3145728,
        "credit_score": 79
    },
    {
        "reposts_count": 0,
        "uid": 2093068955,
        "bi_followers_count": 199,
        "text": "回复@INBIXI:你再这样我也会有抑郁症的[doge]",
        "user_description": "未来还长，一切难讲",
        "user_avatar": "https://tva2.sinaimg.cn/crop.0.0.749.749.50/7cc1b29bjw8fa26ifeln6j20ku0ktq4x.jpg?KID=imgbed,tva&Expires=1584956118&ssig=ZgtkJjiG7E",
        "id": "4020633630698956",
        "city": "2",
        "province": "21",
        "friends_count": 513,
        "user_location": "辽宁 大连",
        "mid": "4020633630698956",
        "verified_reason": "",
        "attitudes_count": 0,
        "followers_count": 562,
        "verified_type": -1,
        "statuses_count": 1364,
        "parent": "4020554853501447",
        "verified": false,
        "geo": null,
        "user_created_at": 1303086490,
        "favourites_count": 12,
        "screen_name": "一个凯尔特人",
        "gender": "m",
        "user_geo_enabled": true,
        "username": "一个凯尔特人",
        "comments_count": 0,
        "t": 1474077220,
        "video_status_count": 0,
        "urank": 24,
        "user_ability": 33554944,
        "credit_score": 80
    },
    {
        "reposts_count": 0,
        "uid": 2093068955,
        "bi_followers_count": 199,
        "text": "回复@钢琴黑白键的距离y:失眠",
        "user_description": "未来还长，一切难讲",
        "user_avatar": "https://tva2.sinaimg.cn/crop.0.0.749.749.50/7cc1b29bjw8fa26ifeln6j20ku0ktq4x.jpg?KID=imgbed,tva&Expires=1584956118&ssig=ZgtkJjiG7E",
        "id": "4020631853066918",
        "city": "2",
        "province": "21",
        "friends_count": 513,
        "user_location": "辽宁 大连",
        "mid": "4020631853066918",
        "verified_reason": "",
        "attitudes_count": 0,
        "followers_count": 562,
        "verified_type": -1,
        "statuses_count": 1364,
        "parent": "4020554853501447",
        "verified": false,
        "geo": null,
        "user_created_at": 1303086490,
        "favourites_count": 12,
        "screen_name": "一个凯尔特人",
        "gender": "m",
        "user_geo_enabled": true,
        "username": "一个凯尔特人",
        "comments_count": 0,
        "t": 1474076796,
        "video_status_count": 0,
        "urank": 24,
        "user_ability": 33554944,
        "credit_score": 80
    },
    {
        "reposts_count": 0,
        "uid": 2093068955,
        "bi_followers_count": 199,
        "text": "回复@那猜猜:就你话多",
        "user_description": "未来还长，一切难讲",
        "user_avatar": "https://tva2.sinaimg.cn/crop.0.0.749.749.50/7cc1b29bjw8fa26ifeln6j20ku0ktq4x.jpg?KID=imgbed,tva&Expires=1584956118&ssig=ZgtkJjiG7E",
        "id": "4020631642578492",
        "city": "2",
        "province": "21",
        "friends_count": 513,
        "user_location": "辽宁 大连",
        "mid": "4020631642578492",
        "verified_reason": "",
        "attitudes_count": 0,
        "followers_count": 562,
        "verified_type": -1,
        "statuses_count": 1364,
        "parent": "4020554853501447",
        "verified": false,
        "geo": null,
        "user_created_at": 1303086490,
        "favourites_count": 12,
        "screen_name": "一个凯尔特人",
        "gender": "m",
        "user_geo_enabled": true,
        "username": "一个凯尔特人",
        "comments_count": 0,
        "t": 1474076747,
        "video_status_count": 0,
        "urank": 24,
        "user_ability": 33554944,
        "credit_score": 80
    },
    {
        "reposts_count": 0,
        "uid": 2093068955,
        "bi_followers_count": 199,
        "text": "回复@王浩博v5:别人发的图，活该我被骂[doge] http://t.cn/RcocAaq",
        "user_description": "未来还长，一切难讲",
        "user_avatar": "https://tva2.sinaimg.cn/crop.0.0.749.749.50/7cc1b29bjw8fa26ifeln6j20ku0ktq4x.jpg?KID=imgbed,tva&Expires=1584956118&ssig=ZgtkJjiG7E",
        "id": "4020631328455794",
        "city": "2",
        "province": "21",
        "friends_count": 513,
        "user_location": "辽宁 大连",
        "mid": "4020631328455794",
        "verified_reason": "",
        "attitudes_count": 0,
        "followers_count": 562,
        "verified_type": -1,
        "statuses_count": 1364,
        "parent": "4020554853501447",
        "verified": false,
        "geo": null,
        "user_created_at": 1303086490,
        "favourites_count": 12,
        "screen_name": "一个凯尔特人",
        "gender": "m",
        "user_geo_enabled": true,
        "username": "一个凯尔特人",
        "comments_count": 0,
        "t": 1474076671,
        "video_status_count": 0,
        "urank": 24,
        "user_ability": 33554944,
        "credit_score": 80
    },
    {
        "reposts_count": 0,
        "uid": 3843529031,
        "bi_followers_count": 5,
        "text": "活该大家骂你啊。。。。。",
        "user_description": "",
        "user_avatar": "https://tvax3.sinaimg.cn/crop.0.0.996.996.50/e5179947ly8gbsl5331p6j20ro0ro0vh.jpg?KID=imgbed,tva&Expires=1584956118&ssig=RrY6if%2FIM2",
        "id": "4020616401349231",
        "city": "2",
        "province": "21",
        "friends_count": 36,
        "user_location": "辽宁 大连",
        "mid": "4020616401349231",
        "verified_reason": "",
        "attitudes_count": 0,
        "followers_count": 175,
        "verified_type": -1,
        "statuses_count": 711,
        "parent": "4020554853501447",
        "verified": false,
        "geo": null,
        "user_created_at": 1381198872,
        "favourites_count": 14,
        "screen_name": "那猜猜",
        "gender": "f",
        "user_geo_enabled": true,
        "username": "那猜猜",
        "comments_count": 0,
        "t": 1474073111,
        "video_status_count": 0,
        "urank": 36,
        "user_ability": 36962304,
        "credit_score": 80
    },
    {
        "reposts_count": 0,
        "uid": 3752883630,
        "bi_followers_count": 35,
        "text": "(▼皿▼#)",
        "user_description": "我还是我，不想改变",
        "user_avatar": "https://tvax4.sinaimg.cn/crop.0.0.1002.1002.50/dfb075aely8gchqj82os9j20ru0ru76i.jpg?KID=imgbed,tva&Expires=1584956118&ssig=opjmENLfrh",
        "id": "4020594037623897",
        "city": "1000",
        "province": "100",
        "friends_count": 150,
        "user_location": "其他",
        "mid": "4020594037623897",
        "verified_reason": "",
        "attitudes_count": 0,
        "followers_count": 190,
        "verified_type": -1,
        "statuses_count": 1972,
        "parent": "4020554853501447",
        "verified": false,
        "geo": null,
        "user_created_at": 1377702696,
        "favourites_count": 4,
        "screen_name": "怪我出生太早lou",
        "gender": "f",
        "user_geo_enabled": true,
        "username": "怪我出生太早lou",
        "comments_count": 0,
        "t": 1474067780,
        "video_status_count": 0,
        "urank": 14,
        "user_ability": 2098176,
        "credit_score": 80
    },
    {
        "reposts_count": 0,
        "uid": 5817376377,
        "bi_followers_count": 0,
        "text": "sm是什么？",
        "user_description": "",
        "user_avatar": "https://tvax2.sinaimg.cn/crop.0.0.664.664.50/006lH7lfly8ftv14bmkb3j30ig0igjst.jpg?KID=imgbed,tva&Expires=1584956118&ssig=VvnCQ5mh68",
        "id": "4020593902670038",
        "city": "10",
        "province": "42",
        "friends_count": 94,
        "user_location": "湖北 荆州",
        "mid": "4020593902670038",
        "verified_reason": "",
        "attitudes_count": 0,
        "followers_count": 14,
        "verified_type": -1,
        "statuses_count": 603,
        "parent": "4020554853501447",
        "verified": false,
        "geo": null,
        "user_created_at": 1451621909,
        "favourites_count": 170,
        "screen_name": "羱殇",
        "gender": "f",
        "user_geo_enabled": true,
        "username": "羱殇",
        "comments_count": 0,
        "t": 1474067748,
        "video_status_count": 0,
        "urank": 4,
        "user_ability": 0,
        "credit_score": 80
    },
    {
        "reposts_count": 0,
        "uid": 6019614550,
        "bi_followers_count": 6,
        "text": "恶心   贱货",
        "user_description": "啦啦啦～",
        "user_avatar": "https://tvax3.sinaimg.cn/crop.0.0.664.664.50/006znGJgly8fi9tyzx3e2j30ig0igab5.jpg?KID=imgbed,tva&Expires=1584956118&ssig=ZZvwZoixPJ",
        "id": "4020593248468179",
        "city": "15",
        "province": "41",
        "friends_count": 202,
        "user_location": "河南 信阳",
        "mid": "4020593248468179",
        "verified_reason": "",
        "attitudes_count": 0,
        "followers_count": 38,
        "verified_type": -1,
        "statuses_count": 187,
        "parent": "4020554853501447",
        "verified": false,
        "geo": null,
        "user_created_at": 1473568685,
        "favourites_count": 1,
        "screen_name": "小五是好孩纸",
        "gender": "f",
        "user_geo_enabled": true,
        "username": "小五是好孩纸",
        "comments_count": 0,
        "t": 1474067592,
        "video_status_count": 0,
        "urank": 9,
        "user_ability": 2097152,
        "credit_score": 80
    },
    {
        "reposts_count": 0,
        "uid": 5358619007,
        "bi_followers_count": 37,
        "text": "留点口德吧",
        "user_description": "精分不止一点点！😂",
        "user_avatar": "https://tva3.sinaimg.cn/crop.0.0.996.996.50/005QEdAPjw8ezi3rpwriyj30ro0romz1.jpg?KID=imgbed,tva&Expires=1584956118&ssig=r%2B4%2B%2FsJQIj",
        "id": "4020592497477924",
        "city": "1",
        "province": "23",
        "friends_count": 849,
        "user_location": "黑龙江 哈尔滨",
        "mid": "4020592497477924",
        "verified_reason": "",
        "attitudes_count": 0,
        "followers_count": 183,
        "verified_type": -1,
        "statuses_count": 2369,
        "parent": "4020554853501447",
        "verified": false,
        "geo": null,
        "user_created_at": 1415170331,
        "favourites_count": 398,
        "screen_name": "无量天尊MAX",
        "gender": "m",
        "user_geo_enabled": true,
        "username": "无量天尊MAX",
        "comments_count": 0,
        "t": 1474067413,
        "video_status_count": 0,
        "urank": 17,
        "user_ability": 35652608,
        "credit_score": 80
    },
    {
        "reposts_count": 0,
        "uid": 5070404194,
        "bi_followers_count": 15,
        "text": "能不能别闹了。",
        "user_description": "可与语之无二三。",
        "user_avatar": "https://tva2.sinaimg.cn/crop.0.0.720.720.50/005x8TKOjw8f9rlgdsd3vj30k00k0mzl.jpg?KID=imgbed,tva&Expires=1584956118&ssig=kMtuS%2Fw1zM",
        "id": "4020590182577868",
        "city": "1",
        "province": "62",
        "friends_count": 31,
        "user_location": "甘肃 兰州",
        "mid": "4020590182577868",
        "verified_reason": "",
        "attitudes_count": 0,
        "followers_count": 53,
        "verified_type": -1,
        "statuses_count": 322,
        "parent": "4020554853501447",
        "verified": false,
        "geo": null,
        "user_created_at": 1394787920,
        "favourites_count": 96,
        "screen_name": "phoenixteng",
        "gender": "f",
        "user_geo_enabled": true,
        "username": "phoenixteng",
        "comments_count": 0,
        "t": 1474066861,
        "video_status_count": 0,
        "urank": 14,
        "user_ability": 1024,
        "credit_score": 80
    },
    {
        "reposts_count": 0,
        "uid": 3693637714,
        "bi_followers_count": 3,
        "text": "你不说话没人把你当哑巴，拿逝者开玩笑，你TM是智障啊",
        "user_description": "",
        "user_avatar": "https://tvax2.sinaimg.cn/crop.0.0.664.664.50/dc287052ly8g50zcfxzuzj20ig0igdg5.jpg?KID=imgbed,tva&Expires=1584956118&ssig=Wqk%2FxiibWy",
        "id": "4020587448262083",
        "city": "21",
        "province": "400",
        "friends_count": 118,
        "user_location": "海外 爱尔兰",
        "mid": "4020587448262083",
        "verified_reason": "",
        "attitudes_count": 0,
        "followers_count": 29,
        "verified_type": -1,
        "statuses_count": 281,
        "parent": "4020554853501447",
        "verified": false,
        "geo": null,
        "user_created_at": 1375439605,
        "favourites_count": 856,
        "screen_name": "没事儿做想换个名字",
        "gender": "f",
        "user_geo_enabled": true,
        "username": "没事儿做想换个名字",
        "comments_count": 0,
        "t": 1474066209,
        "video_status_count": 0,
        "urank": 9,
        "user_ability": 2098176,
        "credit_score": 80
    },
    {
        "reposts_count": 0,
        "uid": 1957906583,
        "bi_followers_count": 24,
        "text": "你tm有病吧？",
        "user_description": "干什么呢？只要不虚度时光。",
        "user_avatar": "https://tva1.sinaimg.cn/crop.0.0.180.180.50/74b34897jw1e8qgp5bmzyj2050050aa8.jpg?KID=imgbed,tva&Expires=1584956118&ssig=KDNnJETLq8",
        "id": "4020587401430483",
        "city": "1",
        "province": "43",
        "friends_count": 856,
        "user_location": "湖南 长沙",
        "mid": "4020587401430483",
        "verified_reason": "",
        "attitudes_count": 0,
        "followers_count": 184,
        "verified_type": -1,
        "statuses_count": 4925,
        "parent": "4020554853501447",
        "verified": false,
        "geo": null,
        "user_created_at": 1297183624,
        "favourites_count": 98,
        "screen_name": "_郑允儿__",
        "gender": "f",
        "user_geo_enabled": true,
        "username": "_郑允儿__",
        "comments_count": 0,
        "t": 1474066198,
        "video_status_count": 0,
        "urank": 34,
        "user_ability": 35652608,
        "credit_score": 80
    },
    {
        "reposts_count": 0,
        "uid": 5190529751,
        "bi_followers_count": 2,
        "text": "你能闭嘴么",
        "user_description": "",
        "user_avatar": "https://tvax3.sinaimg.cn/crop.0.0.996.996.50/005FgVTNly8g8mzd5mbl6j30ro0roabb.jpg?KID=imgbed,tva&Expires=1584956118&ssig=yKlSChAExR",
        "id": "4020586541480415",
        "city": "8",
        "province": "37",
        "friends_count": 516,
        "user_location": "山东 济宁",
        "mid": "4020586541480415",
        "verified_reason": "易烊千玺超话粉丝大咖",
        "attitudes_count": 0,
        "followers_count": 185,
        "verified_type": 0,
        "statuses_count": 25513,
        "parent": "4020554853501447",
        "verified": true,
        "geo": null,
        "user_created_at": 1403593057,
        "favourites_count": 1518,
        "screen_name": "眼中有个英雄梦",
        "gender": "f",
        "user_geo_enabled": false,
        "username": "眼中有个英雄梦",
        "comments_count": 0,
        "t": 1474065994,
        "video_status_count": 0,
        "urank": 14,
        "user_ability": 35914752,
        "credit_score": 80
    },
    {
        "reposts_count": 0,
        "uid": 3484288467,
        "bi_followers_count": 45,
        "text": "你真有意思[微笑]low",
        "user_description": "做一个会说话的聪明宝贝👧🏻",
        "user_avatar": "https://tvax1.sinaimg.cn/crop.0.0.512.512.50/cfae05d3ly8gco47z8y5lj20e80e8dg5.jpg?KID=imgbed,tva&Expires=1584956118&ssig=C2VHINLyNo",
        "id": "4020586538120633",
        "city": "1000",
        "province": "100",
        "friends_count": 412,
        "user_location": "其他",
        "mid": "4020586538120633",
        "verified_reason": "",
        "attitudes_count": 0,
        "followers_count": 352,
        "verified_type": 220,
        "statuses_count": 929,
        "parent": "4020554853501447",
        "verified": false,
        "geo": null,
        "user_created_at": 1371286461,
        "favourites_count": 25,
        "screen_name": "Enchanted_w1",
        "gender": "f",
        "user_geo_enabled": true,
        "username": "Enchanted_w1",
        "comments_count": 0,
        "t": 1474065992,
        "video_status_count": 0,
        "urank": 33,
        "user_ability": 3408900,
        "credit_score": 80
    },
    {
        "reposts_count": 0,
        "uid": 5896851343,
        "bi_followers_count": 6,
        "text": "活生生一人说没就没，这是一条命啊一条命好不好，死者为大好吗，你生活到底空洞到什么地步你受的教育到底是低档到什么地步你才能说出来这样的话，人好好一大小伙子招你惹你了，不想看就不看他又没拿刀挂你脖子上逼着你看人家，至于人家都走了你在这哔哔吗，你认识人家吗就吧啦吧啦吧啦的有意思吗个碧池",
        "user_description": "",
        "user_avatar": "https://tvax3.sinaimg.cn/crop.0.0.996.996.50/006r4Apxly8ft6a2zw58fj30ro0rognn.jpg?KID=imgbed,tva&Expires=1584956118&ssig=TKfx4C668Q",
        "id": "4020582637493151",
        "city": "2",
        "province": "37",
        "friends_count": 72,
        "user_location": "山东 青岛",
        "mid": "4020582637493151",
        "verified_reason": "",
        "attitudes_count": 0,
        "followers_count": 26,
        "verified_type": -1,
        "statuses_count": 297,
        "parent": "4020554853501447",
        "verified": false,
        "geo": null,
        "user_created_at": 1460512549,
        "favourites_count": 1,
        "screen_name": "夜叶靥晔耶",
        "gender": "f",
        "user_geo_enabled": true,
        "username": "夜叶靥晔耶",
        "comments_count": 0,
        "t": 1474065062,
        "video_status_count": 0,
        "urank": 9,
        "user_ability": 2098176,
        "credit_score": 80
    },
    {
        "reposts_count": 0,
        "uid": 5977241104,
        "bi_followers_count": 6,
        "text": "你不觉得在现在这种时候开这种玩笑，是一件很无耻的事情吗？",
        "user_description": "",
        "user_avatar": "https://tvax1.sinaimg.cn/crop.0.0.996.996.50/006wvTsAly8gd3he7o49aj30ro0romzc.jpg?KID=imgbed,tva&Expires=1584956118&ssig=c8ElDM%2BGAV",
        "id": "4020580987979507",
        "city": "1000",
        "province": "31",
        "friends_count": 438,
        "user_location": "上海",
        "mid": "4020580987979507",
        "verified_reason": "",
        "attitudes_count": 0,
        "followers_count": 59,
        "verified_type": -1,
        "statuses_count": 99,
        "parent": "4020554853501447",
        "verified": false,
        "geo": null,
        "user_created_at": 1467773414,
        "favourites_count": 8,
        "screen_name": "不考上上师大不改名",
        "gender": "f",
        "user_geo_enabled": true,
        "username": "不考上上师大不改名",
        "comments_count": 0,
        "t": 1474064669,
        "video_status_count": 0,
        "urank": 9,
        "user_ability": 2098176,
        "credit_score": 80
    },
    {
        "reposts_count": 0,
        "uid": 1867500130,
        "bi_followers_count": 9,
        "text": "有病[弱][弱]",
        "user_description": "",
        "user_avatar": "https://tva1.sinaimg.cn/crop.0.0.640.640.50/6f4fca62jw8e8mu8gpem3j20hs0hs75e.jpg?KID=imgbed,tva&Expires=1584956118&ssig=ljss%2BihVpV",
        "id": "4020580392577289",
        "city": "1000",
        "province": "100",
        "friends_count": 180,
        "user_location": "其他",
        "mid": "4020580392577289",
        "verified_reason": "",
        "attitudes_count": 0,
        "followers_count": 55,
        "verified_type": -1,
        "statuses_count": 206,
        "parent": "4020554853501447",
        "verified": false,
        "geo": null,
        "user_created_at": 1288769698,
        "favourites_count": 83,
        "screen_name": "一帘幽梦在我心",
        "gender": "f",
        "user_geo_enabled": true,
        "username": "一帘幽梦在我心",
        "comments_count": 0,
        "t": 1474064528,
        "video_status_count": 0,
        "urank": 10,
        "user_ability": 2097152,
        "credit_score": 80
    },
    {
        "reposts_count": 0,
        "uid": 2938792873,
        "bi_followers_count": 13,
        "text": "你这样说有意义吗？就不能给死者尊重吗？",
        "user_description": "乔，愿你安好",
        "user_avatar": "https://tva2.sinaimg.cn/crop.0.0.996.996.50/af2a6ba9jw8fb5jowoi46j20ro0rp0vi.jpg?KID=imgbed,tva&Expires=1584956118&ssig=QeDs6GB%2BUn",
        "id": "4020576550706617",
        "city": "16",
        "province": "31",
        "friends_count": 216,
        "user_location": "上海 金山区",
        "mid": "4020576550706617",
        "verified_reason": "",
        "attitudes_count": 0,
        "followers_count": 78,
        "verified_type": -1,
        "statuses_count": 32,
        "parent": "4020554853501447",
        "verified": false,
        "geo": null,
        "user_created_at": 1346765311,
        "favourites_count": 20,
        "screen_name": "欛佔伱的訫",
        "gender": "f",
        "user_geo_enabled": true,
        "username": "欛佔伱的訫",
        "comments_count": 0,
        "t": 1474063611,
        "video_status_count": 0,
        "urank": 9,
        "user_ability": 0,
        "credit_score": 80
    },
    {
        "reposts_count": 0,
        "uid": 1557258654,
        "bi_followers_count": 126,
        "text": "能不能逝去的人一点最起码的尊重?",
        "user_description": "简单有趣深刻 公众号@简杉杉 马蜂窝@简臻",
        "user_avatar": "https://tvax2.sinaimg.cn/crop.0.0.512.512.50/5cd1e19ely8g3ieo5b7z4j20e80e80tr.jpg?KID=imgbed,tva&Expires=1584956118&ssig=62l5YsgdfU",
        "id": "4020576119343717",
        "city": "1",
        "province": "44",
        "friends_count": 662,
        "user_location": "广东 广州",
        "mid": "4020576119343717",
        "verified_reason": "",
        "attitudes_count": 0,
        "followers_count": 687,
        "verified_type": -1,
        "statuses_count": 929,
        "parent": "4020554853501447",
        "verified": false,
        "geo": null,
        "user_created_at": 1267878839,
        "favourites_count": 799,
        "screen_name": "潘小珊annie",
        "gender": "f",
        "user_geo_enabled": true,
        "username": "潘小珊annie",
        "comments_count": 0,
        "t": 1474063507,
        "video_status_count": 0,
        "urank": 27,
        "user_ability": 36963328,
        "credit_score": 80
    },
    {
        "reposts_count": 0,
        "uid": 5400020223,
        "bi_followers_count": 3,
        "text": "你有病吧，他不是sm死的，给逝者最后的尊重，谢谢[微笑]，他的抑郁症很大部分就来自于网络暴力，所以现在人没了，为他祈祷就好[微笑]别他妈再继续拿着逝者开玩笑[微笑]",
        "user_description": "",
        "user_avatar": "https://tvax2.sinaimg.cn/crop.0.0.512.512.50/005TrVWnly8g0xlwwwgwfj30e80e874l.jpg?KID=imgbed,tva&Expires=1584956118&ssig=lsj%2FJ1RfRh",
        "id": "4020574794077434",
        "city": "1000",
        "province": "53",
        "friends_count": 546,
        "user_location": "云南",
        "mid": "4020574794077434",
        "verified_reason": "",
        "attitudes_count": 0,
        "followers_count": 3158,
        "verified_type": -1,
        "statuses_count": 0,
        "parent": "4020554853501447",
        "verified": false,
        "geo": null,
        "user_created_at": 1417829535,
        "favourites_count": 32,
        "screen_name": "小熊肉很多",
        "gender": "f",
        "user_geo_enabled": true,
        "username": "小熊肉很多",
        "comments_count": 0,
        "t": 1474063192,
        "video_status_count": 0,
        "urank": 14,
        "user_ability": 2097152,
        "credit_score": 80
    }
]