[
    {
        "reposts_count": 0,
        "uid": 3849833946,
        "bi_followers_count": 5,
        "text": "乔任梁和某导演sm意外死亡？天呐，真的假的？@乔任梁 ​",
        "user_description": "真亦假时假亦真",
        "user_avatar": "https://tvax4.sinaimg.cn/crop.0.0.512.512.50/e577cddaly8fyth0afx0uj20e80e8mxp.jpg?KID=imgbed,tva&Expires=1584956108&ssig=Qn2%2FAyvZNj",
        "id": "4020464805792386",
        "city": "1000",
        "province": "11",
        "friends_count": 68,
        "user_location": "北京",
        "mid": "4020464805792386",
        "verified_reason": "综艺博主",
        "attitudes_count": 54,
        "followers_count": 1018469,
        "verified_type": 0,
        "statuses_count": 5341,
        "parent": null,
        "verified": true,
        "geo": null,
        "user_created_at": 1381675756,
        "favourites_count": 3,
        "screen_name": "娱乐扒酱",
        "gender": "f",
        "user_geo_enabled": false,
        "username": "娱乐扒酱",
        "comments_count": 18,
        "t": 1474036969,
        "video_status_count": 0,
        "urank": 40,
        "user_ability": 8651528,
        "credit_score": 80
    },
    {
        "reposts_count": 0,
        "uid": 5236218364,
        "bi_followers_count": 1,
        "text": "87年不是30岁了？都说他28？？",
        "user_description": "岁月不饶人，我亦未曾饶过岁月。",
        "user_avatar": "https://tva3.sinaimg.cn/crop.0.0.720.720.50/005ImDAUjw8ekp4o96y8dj30k00k00u3.jpg?KID=imgbed,tva&Expires=1584956108&ssig=2enD3HkQg9",
        "id": "4021570550532739",
        "city": "1000",
        "province": "31",
        "friends_count": 155,
        "user_location": "上海",
        "mid": "4021570550532739",
        "verified_reason": "",
        "attitudes_count": 0,
        "followers_count": 62,
        "verified_type": -1,
        "statuses_count": 525,
        "parent": "4020464805792386",
        "verified": false,
        "geo": null,
        "user_created_at": 1406702802,
        "favourites_count": 0,
        "screen_name": "谁说十羊九不全",
        "gender": "f",
        "user_geo_enabled": true,
        "username": "谁说十羊九不全",
        "comments_count": 0,
        "t": 1474300599,
        "video_status_count": 0,
        "urank": 29,
        "user_ability": 0,
        "credit_score": 80
    },
    {
        "reposts_count": 0,
        "uid": 5052402895,
        "bi_followers_count": 5,
        "text": "逝者也需要尊重，请给逝者尊重[伤心][伤心]",
        "user_description": "we gon’ die for the shit💉",
        "user_avatar": "https://tvax1.sinaimg.cn/crop.0.0.828.828.50/005vVmNhly8g9fmppccguj30n00n0gmz.jpg?KID=imgbed,tva&Expires=1584956108&ssig=xc31KR1ZL4",
        "id": "4020631211529282",
        "city": "1000",
        "province": "100",
        "friends_count": 293,
        "user_location": "其他",
        "mid": "4020631211529282",
        "verified_reason": "",
        "attitudes_count": 0,
        "followers_count": 50,
        "verified_type": -1,
        "statuses_count": 12,
        "parent": "4020464805792386",
        "verified": false,
        "geo": null,
        "user_created_at": 1393482310,
        "favourites_count": 15,
        "screen_name": "Xxxxnd-",
        "gender": "f",
        "user_geo_enabled": true,
        "username": "Xxxxnd-",
        "comments_count": 0,
        "t": 1474076642,
        "video_status_count": 0,
        "urank": 9,
        "user_ability": 2359296,
        "credit_score": 80
    },
    {
        "reposts_count": 0,
        "uid": 5861745408,
        "bi_followers_count": 15,
        "text": "有许多明星已经发微博了，但真的不敢相信",
        "user_description": "独一无二",
        "user_avatar": "https://tvax4.sinaimg.cn/crop.0.0.1242.1242.50/006oHhKMly8frtr5isxcgj30yi0yi41m.jpg?KID=imgbed,tva&Expires=1584956108&ssig=oCtWvUQ8TX",
        "id": "4020542220506938",
        "city": "50",
        "province": "400",
        "friends_count": 112,
        "user_location": "海外 捷克",
        "mid": "4020542220506938",
        "verified_reason": "",
        "attitudes_count": 0,
        "followers_count": 100,
        "verified_type": -1,
        "statuses_count": 77,
        "parent": "4020464805792386",
        "verified": false,
        "geo": null,
        "user_created_at": 1455703064,
        "favourites_count": 171,
        "screen_name": "她是大啵儿",
        "gender": "f",
        "user_geo_enabled": true,
        "username": "她是大啵儿",
        "comments_count": 0,
        "t": 1474055426,
        "video_status_count": 0,
        "urank": 9,
        "user_ability": 33555456,
        "credit_score": 80
    },
    {
        "reposts_count": 0,
        "uid": 2877679441,
        "bi_followers_count": 73,
        "text": "不要瞎说了，就是谢谢流言蜚语人人们越来越脆弱。",
        "user_description": "不期待不失望不妄想",
        "user_avatar": "https://tvax1.sinaimg.cn/crop.0.0.1006.1006.50/ab85e751ly8g8qngw6ddrj20ry0rywgp.jpg?KID=imgbed,tva&Expires=1584956108&ssig=l0pD1igcAy",
        "id": "4020523505713057",
        "city": "1",
        "province": "34",
        "friends_count": 1944,
        "user_location": "安徽 合肥",
        "mid": "4020523505713057",
        "verified_reason": "",
        "attitudes_count": 0,
        "followers_count": 350,
        "verified_type": -1,
        "statuses_count": 1128,
        "parent": "4020464805792386",
        "verified": false,
        "geo": null,
        "user_created_at": 1341804004,
        "favourites_count": 137,
        "screen_name": "突突突的兔",
        "gender": "f",
        "user_geo_enabled": true,
        "username": "突突突的兔",
        "comments_count": 0,
        "t": 1474050964,
        "video_status_count": 0,
        "urank": 29,
        "user_ability": 3408896,
        "credit_score": 80
    },
    {
        "reposts_count": 0,
        "uid": 5869668525,
        "bi_followers_count": 2,
        "text": "是抑郁死的",
        "user_description": "再露锋芒，宜将剩勇追穷寇；一展鸿图，不可沽名学霸王。",
        "user_avatar": "https://tva4.sinaimg.cn/crop.0.0.996.996.50/006pewUZjw8f6zkfqa7e6j30ro0ro40e.jpg?KID=imgbed,tva&Expires=1584956108&ssig=UJg0hMfZkf",
        "id": "4020490886073343",
        "city": "7",
        "province": "34",
        "friends_count": 275,
        "user_location": "安徽 铜陵",
        "mid": "4020490886073343",
        "verified_reason": "",
        "attitudes_count": 0,
        "followers_count": 45,
        "verified_type": -1,
        "statuses_count": 208,
        "parent": "4020464805792386",
        "verified": false,
        "geo": null,
        "user_created_at": 1456581237,
        "favourites_count": 5,
        "screen_name": "z0z0z0应",
        "gender": "m",
        "user_geo_enabled": true,
        "username": "z0z0z0应",
        "comments_count": 0,
        "t": 1474043188,
        "video_status_count": 0,
        "urank": 9,
        "user_ability": 2097152,
        "credit_score": 80
    },
    {
        "reposts_count": 0,
        "uid": 3983718818,
        "bi_followers_count": 7,
        "text": "我希望是假的，就算是他们为了炒作也行，但是就是不要死",
        "user_description": "",
        "user_avatar": "https://tva1.sinaimg.cn/crop.0.1.750.750.50/ed72b9a2jw8f062g2ytyij20ku0kwaaw.jpg?KID=imgbed,tva&Expires=1584956108&ssig=%2FmYXyoHkTd",
        "id": "4020481378354980",
        "city": "1000",
        "province": "51",
        "friends_count": 409,
        "user_location": "四川",
        "mid": "4020481378354980",
        "verified_reason": "",
        "attitudes_count": 0,
        "followers_count": 48,
        "verified_type": -1,
        "statuses_count": 205,
        "parent": "4020464805792386",
        "verified": false,
        "geo": null,
        "user_created_at": 1389741310,
        "favourites_count": 6,
        "screen_name": "袋子二奶奶",
        "gender": "f",
        "user_geo_enabled": true,
        "username": "袋子二奶奶",
        "comments_count": 0,
        "t": 1474040920,
        "video_status_count": 0,
        "urank": 9,
        "user_ability": 44040192,
        "credit_score": 80
    },
    {
        "reposts_count": 0,
        "uid": 5938280546,
        "bi_followers_count": 0,
        "text": "不开心😭",
        "user_description": "九九九九命猫",
        "user_avatar": "https://tvax1.sinaimg.cn/crop.0.0.996.996.50/006tSq2uly8fh0z0uhkvwj30ro0rotcw.jpg?KID=imgbed,tva&Expires=1584956108&ssig=LfLW7quYeq",
        "id": "4020478575932743",
        "city": "1",
        "province": "52",
        "friends_count": 197,
        "user_location": "贵州 贵阳",
        "mid": "4020478575932743",
        "verified_reason": "",
        "attitudes_count": 0,
        "followers_count": 25,
        "verified_type": -1,
        "statuses_count": 30,
        "parent": "4020464805792386",
        "verified": false,
        "geo": null,
        "user_created_at": 1464022293,
        "favourites_count": 14,
        "screen_name": "Smile_九九九九命猫",
        "gender": "f",
        "user_geo_enabled": true,
        "username": "Smile_九九九九命猫",
        "comments_count": 0,
        "t": 1474040251,
        "video_status_count": 0,
        "urank": 4,
        "user_ability": 33554432,
        "credit_score": 80
    },
    {
        "reposts_count": 0,
        "uid": 5870197811,
        "bi_followers_count": 3,
        "text": "都确认了就别议论了",
        "user_description": "Pilgrim",
        "user_avatar": "https://tvax4.sinaimg.cn/crop.0.0.664.664.50/006pgKBRly8futj5m9e9sj30ig0igaaw.jpg?KID=imgbed,tva&Expires=1584956108&ssig=LCM4BQZTpX",
        "id": "4020477808172047",
        "city": "16",
        "province": "400",
        "friends_count": 227,
        "user_location": "海外 其他",
        "mid": "4020477808172047",
        "verified_reason": "",
        "attitudes_count": 0,
        "followers_count": 69,
        "verified_type": -1,
        "statuses_count": 579,
        "parent": "4020464805792386",
        "verified": false,
        "geo": null,
        "user_created_at": 1456840782,
        "favourites_count": 4,
        "screen_name": "1王宇柯",
        "gender": "f",
        "user_geo_enabled": true,
        "username": "1王宇柯",
        "comments_count": 0,
        "t": 1474040070,
        "video_status_count": 0,
        "urank": 9,
        "user_ability": 2098176,
        "credit_score": 80
    },
    {
        "reposts_count": 0,
        "uid": 2877069803,
        "bi_followers_count": 4,
        "text": "一定不是真的！",
        "user_description": "",
        "user_avatar": "https://tvax2.sinaimg.cn/crop.0.0.1080.1080.50/ab7c99ebly8gcz4svnz59j20u00u0abx.jpg?KID=imgbed,tva&Expires=1584956108&ssig=9yczZbrH6I",
        "id": "4020468744791803",
        "city": "1000",
        "province": "14",
        "friends_count": 808,
        "user_location": "山西",
        "mid": "4020468744791803",
        "verified_reason": "",
        "attitudes_count": 0,
        "followers_count": 85,
        "verified_type": -1,
        "statuses_count": 144,
        "parent": "4020464805792386",
        "verified": false,
        "geo": null,
        "user_created_at": 1341743725,
        "favourites_count": 33,
        "screen_name": "你是七月滚烫的浪",
        "gender": "m",
        "user_geo_enabled": true,
        "username": "你是七月滚烫的浪",
        "comments_count": 0,
        "t": 1474037908,
        "video_status_count": 0,
        "urank": 9,
        "user_ability": 2098176,
        "credit_score": 80
    },
    {
        "reposts_count": 0,
        "uid": 5876694716,
        "bi_followers_count": 16,
        "text": "假的啦 只是同名而已",
        "user_description": "努力努力在努力",
        "user_avatar": "https://tvax4.sinaimg.cn/crop.0.0.996.996.50/006pI0KEly8fjl6i5c6i3j30ro0ro77p.jpg?KID=imgbed,tva&Expires=1584956108&ssig=P%2FGY%2FSS2g9",
        "id": "4020467041790439",
        "city": "1000",
        "province": "42",
        "friends_count": 189,
        "user_location": "湖北",
        "mid": "4020467041790439",
        "verified_reason": "",
        "attitudes_count": 0,
        "followers_count": 1206,
        "verified_type": -1,
        "statuses_count": 310,
        "parent": "4020464805792386",
        "verified": false,
        "geo": null,
        "user_created_at": 1457510036,
        "favourites_count": 132,
        "screen_name": "兔小姐的狐狸面具",
        "gender": "f",
        "user_geo_enabled": true,
        "username": "兔小姐的狐狸面具",
        "comments_count": 0,
        "t": 1474037502,
        "video_status_count": 0,
        "urank": 9,
        "user_ability": 2359296,
        "credit_score": 80
    },
    {
        "reposts_count": 0,
        "uid": 5876694716,
        "bi_followers_count": 16,
        "text": "假的啦  同名人遭业！[怒][怒][怒]",
        "user_description": "努力努力在努力",
        "user_avatar": "https://tvax4.sinaimg.cn/crop.0.0.996.996.50/006pI0KEly8fjl6i5c6i3j30ro0ro77p.jpg?KID=imgbed,tva&Expires=1584956108&ssig=P%2FGY%2FSS2g9",
        "id": "4020466769389618",
        "city": "1000",
        "province": "42",
        "friends_count": 189,
        "user_location": "湖北",
        "mid": "4020466769389618",
        "verified_reason": "",
        "attitudes_count": 0,
        "followers_count": 1206,
        "verified_type": -1,
        "statuses_count": 310,
        "parent": "4020464805792386",
        "verified": false,
        "geo": null,
        "user_created_at": 1457510036,
        "favourites_count": 132,
        "screen_name": "兔小姐的狐狸面具",
        "gender": "f",
        "user_geo_enabled": true,
        "username": "兔小姐的狐狸面具",
        "comments_count": 0,
        "t": 1474037436,
        "video_status_count": 0,
        "urank": 9,
        "user_ability": 2359296,
        "credit_score": 80
    },
    {
        "reposts_count": 0,
        "uid": 5722767068,
        "bi_followers_count": 12,
        "text": "还想问你呢。",
        "user_description": "狂举上山大旗！死命不放！",
        "user_avatar": "https://tvax3.sinaimg.cn/crop.0.0.1002.1002.50/006fi98Ely8gcw1orv56yj30ru0ru76e.jpg?KID=imgbed,tva&Expires=1584956108&ssig=vDHiKy1pxV",
        "id": "4020466210847460",
        "city": "1",
        "province": "42",
        "friends_count": 192,
        "user_location": "湖北 武汉",
        "mid": "4020466210847460",
        "verified_reason": "",
        "attitudes_count": 0,
        "followers_count": 57,
        "verified_type": -1,
        "statuses_count": 53,
        "parent": "4020464805792386",
        "verified": false,
        "geo": null,
        "user_created_at": 1444392647,
        "favourites_count": 99,
        "screen_name": "四海之内皆鲸鱼",
        "gender": "f",
        "user_geo_enabled": true,
        "username": "四海之内皆鲸鱼",
        "comments_count": 0,
        "t": 1474037305,
        "video_status_count": 0,
        "urank": 9,
        "user_ability": 35914752,
        "credit_score": 80
    },
    {
        "reposts_count": 0,
        "uid": 5226003134,
        "bi_followers_count": 15,
        "text": "大哥求真相[泪]",
        "user_description": "不疯魔不成活",
        "user_avatar": "https://tvax1.sinaimg.cn/crop.0.0.996.996.50/005HFM98ly8gbrva5qfhrj30ro0rpadn.jpg?KID=imgbed,tva&Expires=1584956108&ssig=0u0F83MaWF",
        "id": "4020466123131961",
        "city": "1000",
        "province": "11",
        "friends_count": 234,
        "user_location": "北京",
        "mid": "4020466123131961",
        "verified_reason": "",
        "attitudes_count": 0,
        "followers_count": 1311,
        "verified_type": -1,
        "statuses_count": 35,
        "parent": "4020464805792386",
        "verified": false,
        "geo": null,
        "user_created_at": 1405959025,
        "favourites_count": 101,
        "screen_name": "还是那个禹阿禹",
        "gender": "f",
        "user_geo_enabled": true,
        "username": "还是那个禹阿禹",
        "comments_count": 0,
        "t": 1474037282,
        "video_status_count": 0,
        "urank": 9,
        "user_ability": 2098176,
        "credit_score": 80
    },
    {
        "reposts_count": 0,
        "uid": 5141356436,
        "bi_followers_count": 36,
        "text": "希望是假的🙏🙏🙏",
        "user_description": "岁月漫长,要心地善良.",
        "user_avatar": "https://tvax4.sinaimg.cn/crop.0.0.751.751.50/005BWBFOly8fy7fmddlqrj30kv0kvq4z.jpg?KID=imgbed,tva&Expires=1584956108&ssig=LJs7X43XLr",
        "id": "4020465842471837",
        "city": "6",
        "province": "13",
        "friends_count": 652,
        "user_location": "河北 保定",
        "mid": "4020465842471837",
        "verified_reason": "",
        "attitudes_count": 0,
        "followers_count": 178,
        "verified_type": -1,
        "statuses_count": 2975,
        "parent": "4020464805792386",
        "verified": false,
        "geo": null,
        "user_created_at": 1400228642,
        "favourites_count": 587,
        "screen_name": "真不知道叫什么昵称好了",
        "gender": "f",
        "user_geo_enabled": true,
        "username": "真不知道叫什么昵称好了",
        "comments_count": 0,
        "t": 1474037215,
        "video_status_count": 0,
        "urank": 14,
        "user_ability": 35652608,
        "credit_score": 80
    },
    {
        "reposts_count": 0,
        "uid": 5199522611,
        "bi_followers_count": 31,
        "text": "到底是真的假的啊！！！？？？",
        "user_description": "少年的热血和青春的诗，才刚刚开始。",
        "user_avatar": "https://tvax3.sinaimg.cn/crop.0.0.512.512.50/005FSFlVly8gcxvqsandoj30e80e8dkz.jpg?KID=imgbed,tva&Expires=1584956108&ssig=VxLb6zZHlq",
        "id": "4020465607032848",
        "city": "1000",
        "province": "100",
        "friends_count": 737,
        "user_location": "其他",
        "mid": "4020465607032848",
        "verified_reason": "",
        "attitudes_count": 0,
        "followers_count": 126,
        "verified_type": -1,
        "statuses_count": 4091,
        "parent": "4020464805792386",
        "verified": false,
        "geo": null,
        "user_created_at": 1404131577,
        "favourites_count": 900,
        "screen_name": "要去宇宙的飞船",
        "gender": "f",
        "user_geo_enabled": true,
        "username": "要去宇宙的飞船",
        "comments_count": 0,
        "t": 1474037160,
        "video_status_count": 0,
        "urank": 14,
        "user_ability": 3407872,
        "credit_score": 80
    },
    {
        "reposts_count": 0,
        "uid": 2139176143,
        "bi_followers_count": 50,
        "text": "我们还想问你呢，啥情况啊？？",
        "user_description": "i’ll give you shelter from the storm",
        "user_avatar": "https://tvax3.sinaimg.cn/crop.0.0.996.996.50/7f813ccfly8gcojcilsdjj20ro0roq4i.jpg?KID=imgbed,tva&Expires=1584956108&ssig=bQHzKT%2FxyI",
        "id": "4020465230547849",
        "city": "8",
        "province": "21",
        "friends_count": 268,
        "user_location": "辽宁 营口",
        "mid": "4020465230547849",
        "verified_reason": "",
        "attitudes_count": 0,
        "followers_count": 508,
        "verified_type": 220,
        "statuses_count": 57,
        "parent": "4020464805792386",
        "verified": false,
        "geo": null,
        "user_created_at": 1306202528,
        "favourites_count": 101,
        "screen_name": "爱减肥的彤彤呀_",
        "gender": "f",
        "user_geo_enabled": true,
        "username": "爱减肥的彤彤呀_",
        "comments_count": 0,
        "t": 1474037070,
        "video_status_count": 0,
        "urank": 37,
        "user_ability": 2097152,
        "credit_score": 80
    }
]