[
    {
        "reposts_count": 0,
        "uid": 5945222623,
        "bi_followers_count": 5,
        "text": "#乔任梁去世#应该真的是sm死的，不然干嘛申请名人保护？不想公开就是因为死亡原因见不得人，说不定身上还有精液。死者为大，希望安息，其实参加我们相爱吧，我就感觉他是gay，其实蛮可惜的，愿走好，天堂里你不用压抑自己的取向，祝福你。 ​",
        "user_description": "我就是一个特立独行的人",
        "user_avatar": "https://tva4.sinaimg.cn/crop.0.0.996.996.50/006ulxZtjw8f5mmlid82hj30ro0rptbg.jpg?KID=imgbed,tva&Expires=1584956097&ssig=Fo%2BjSAFHvp",
        "id": "4020499358548961",
        "city": "4",
        "province": "43",
        "friends_count": 1071,
        "user_location": "湖南 衡阳",
        "mid": "4020499358548961",
        "verified_reason": "",
        "attitudes_count": 2,
        "followers_count": 686,
        "verified_type": -1,
        "statuses_count": 14,
        "parent": null,
        "verified": false,
        "geo": null,
        "user_created_at": 1465105510,
        "favourites_count": 44,
        "screen_name": "小雨的奇妙心情",
        "gender": "m",
        "user_geo_enabled": true,
        "username": "小雨的奇妙心情",
        "comments_count": 8,
        "t": 1474045208,
        "video_status_count": 0,
        "urank": 9,
        "user_ability": 2098176,
        "credit_score": 80
    },
    {
        "reposts_count": 0,
        "uid": 6041627632,
        "bi_followers_count": 25,
        "text": "你才是人妖，你大概是徐璐买来的黑粉吧",
        "user_description": "",
        "user_avatar": "https://tva4.sinaimg.cn/crop.0.0.996.996.50/006AS3kYjw8faodsqk9uyj30ro0rpwgw.jpg?KID=imgbed,tva&Expires=1584956097&ssig=JC%2BcM%2Fuxhi",
        "id": "4032365401577100",
        "city": "2",
        "province": "42",
        "friends_count": 176,
        "user_location": "湖北 黄石",
        "mid": "4032365401577100",
        "verified_reason": "",
        "attitudes_count": 0,
        "followers_count": 52,
        "verified_type": -1,
        "statuses_count": 306,
        "parent": "4020499358548961",
        "verified": false,
        "geo": null,
        "user_created_at": 1475917033,
        "favourites_count": 11,
        "screen_name": "嗯迷6041627632",
        "gender": "f",
        "user_geo_enabled": true,
        "username": "嗯迷6041627632",
        "comments_count": 0,
        "t": 1476874292,
        "video_status_count": 0,
        "urank": 12,
        "user_ability": 2097152,
        "credit_score": 80
    },
    {
        "reposts_count": 0,
        "uid": 5642909438,
        "bi_followers_count": 27,
        "text": "我去你妈的。你这种人就是给你一个小皮鞭你也搞不起来的东西",
        "user_description": "好好做人",
        "user_avatar": "https://tvax1.sinaimg.cn/crop.0.0.996.996.50/0069T4wmly8ga90p90vt6j30ro0ro427.jpg?KID=imgbed,tva&Expires=1584956097&ssig=7jJguncOvA",
        "id": "4027914121588892",
        "city": "1000",
        "province": "100",
        "friends_count": 918,
        "user_location": "其他",
        "mid": "4027914121588892",
        "verified_reason": "",
        "attitudes_count": 0,
        "followers_count": 665,
        "verified_type": -1,
        "statuses_count": 1514,
        "parent": "4020499358548961",
        "verified": false,
        "geo": null,
        "user_created_at": 1435580972,
        "favourites_count": 6,
        "screen_name": "达西呢",
        "gender": "f",
        "user_geo_enabled": true,
        "username": "达西呢",
        "comments_count": 0,
        "t": 1475813024,
        "video_status_count": 0,
        "urank": 14,
        "user_ability": 2098176,
        "credit_score": 80
    },
    {
        "reposts_count": 0,
        "uid": 5541636806,
        "bi_followers_count": 0,
        "text": "有病，",
        "user_description": "存我心者将心比心，心存我者以真换真",
        "user_avatar": "https://tva1.sinaimg.cn/crop.0.2.750.750.50/006328SOjw8f7iyz1pbikj30ku0kywfj.jpg?KID=imgbed,tva&Expires=1584956097&ssig=bM5tx6Jlz2",
        "id": "4023032961404808",
        "city": "2",
        "province": "35",
        "friends_count": 86,
        "user_location": "福建 厦门",
        "mid": "4023032961404808",
        "verified_reason": "",
        "attitudes_count": 0,
        "followers_count": 33,
        "verified_type": -1,
        "statuses_count": 6,
        "parent": "4020499358548961",
        "verified": false,
        "geo": null,
        "user_created_at": 1425453965,
        "favourites_count": 53,
        "screen_name": "要像海绵宝宝那样无愁",
        "gender": "f",
        "user_geo_enabled": true,
        "username": "要像海绵宝宝那样无愁",
        "comments_count": 0,
        "t": 1474649265,
        "video_status_count": 0,
        "urank": 9,
        "user_ability": 1024,
        "credit_score": 80
    },
    {
        "reposts_count": 0,
        "uid": 5581563545,
        "bi_followers_count": 97,
        "text": "都说你说的虚假的了，真是够不要脸的",
        "user_description": "🌸 尼古拉斯狗剩儿",
        "user_avatar": "https://tvax4.sinaimg.cn/crop.0.0.996.996.50/0065JFEtly8g6mcx29plxj30ro0ro41q.jpg?KID=imgbed,tva&Expires=1584956097&ssig=qGWZEaJZiB",
        "id": "4023027022991693",
        "city": "1000",
        "province": "51",
        "friends_count": 179,
        "user_location": "四川",
        "mid": "4023027022991693",
        "verified_reason": "",
        "attitudes_count": 0,
        "followers_count": 374,
        "verified_type": -1,
        "statuses_count": 45,
        "parent": "4020499358548961",
        "verified": false,
        "geo": null,
        "user_created_at": 1428331363,
        "favourites_count": 32,
        "screen_name": "Pengshyun",
        "gender": "f",
        "user_geo_enabled": true,
        "username": "Pengshyun",
        "comments_count": 0,
        "t": 1474647849,
        "video_status_count": 0,
        "urank": 28,
        "user_ability": 35914752,
        "credit_score": 80
    },
    {
        "reposts_count": 0,
        "uid": 2704371972,
        "bi_followers_count": 1,
        "text": "我他妈真想问候你全家一遍，怎么生出你这种货色",
        "user_description": "安",
        "user_avatar": "https://tva4.sinaimg.cn/crop.0.5.1536.1536.50/a1317104jw8f51104mn00j216o16y77m.jpg?KID=imgbed,tva&Expires=1584956097&ssig=FTqkS%2FGPZf",
        "id": "4022883816135929",
        "city": "4",
        "province": "31",
        "friends_count": 180,
        "user_location": "上海 徐汇区",
        "mid": "4022883816135929",
        "verified_reason": "",
        "attitudes_count": 0,
        "followers_count": 43,
        "verified_type": -1,
        "statuses_count": 3,
        "parent": "4020499358548961",
        "verified": false,
        "geo": null,
        "user_created_at": 1328344801,
        "favourites_count": 438,
        "screen_name": "RegretAbout",
        "gender": "f",
        "user_geo_enabled": true,
        "username": "RegretAbout",
        "comments_count": 0,
        "t": 1474613706,
        "video_status_count": 0,
        "urank": 14,
        "user_ability": 2360320,
        "credit_score": 80
    },
    {
        "reposts_count": 0,
        "uid": 5800525020,
        "bi_followers_count": 17,
        "text": "神经",
        "user_description": "事事有回应  件件有着落",
        "user_avatar": "https://tva2.sinaimg.cn/crop.0.0.640.640.50/006kypxajw8f71b6zwow4j30hs0hs74t.jpg?KID=imgbed,tva&Expires=1584956097&ssig=okBWKd2psL",
        "id": "4021935450765205",
        "city": "1000",
        "province": "100",
        "friends_count": 209,
        "user_location": "其他",
        "mid": "4021935450765205",
        "verified_reason": "",
        "attitudes_count": 0,
        "followers_count": 68,
        "verified_type": -1,
        "statuses_count": 92,
        "parent": "4020499358548961",
        "verified": false,
        "geo": null,
        "user_created_at": 1450579879,
        "favourites_count": 12,
        "screen_name": "哦小可爱咦",
        "gender": "f",
        "user_geo_enabled": true,
        "username": "哦小可爱咦",
        "comments_count": 0,
        "t": 1474387598,
        "video_status_count": 0,
        "urank": 9,
        "user_ability": 2359296,
        "credit_score": 80
    },
    {
        "reposts_count": 0,
        "uid": 2286894840,
        "bi_followers_count": 108,
        "text": "我说你有那么想出名吗，你说这话真他妈有病",
        "user_description": "愿你永怀善意 清澈明朗",
        "user_avatar": "https://tvax2.sinaimg.cn/crop.0.0.512.512.50/884f3ef8ly8gcv4p4j45nj20e80e8q37.jpg?KID=imgbed,tva&Expires=1584956097&ssig=l8AW8rZfO3",
        "id": "4020544539680346",
        "city": "7",
        "province": "44",
        "friends_count": 118,
        "user_location": "广东 江门",
        "mid": "4020544539680346",
        "verified_reason": "",
        "attitudes_count": 0,
        "followers_count": 427,
        "verified_type": 220,
        "statuses_count": 15,
        "parent": "4020499358548961",
        "verified": false,
        "geo": null,
        "user_created_at": 1312459242,
        "favourites_count": 31,
        "screen_name": "余温柔-",
        "gender": "f",
        "user_geo_enabled": true,
        "username": "余温柔-",
        "comments_count": 0,
        "t": 1474055980,
        "video_status_count": 0,
        "urank": 27,
        "user_ability": 1048576,
        "credit_score": 80
    }
]