[
    {
        "reposts_count": 0,
        "uid": 1686400515,
        "bi_followers_count": 1747,
        "text": "传闻乔任梁SM过度意外死亡，让人想起韩国自杀女星张紫妍，遗书曝光被迫玩5P，各种性交易上百次！  http://t.cn/RytoFvf ​",
        "user_description": "宇宙第一网红！",
        "user_avatar": "https://tvax1.sinaimg.cn/crop.0.0.512.512.50/64846e03ly8g93kqsurd2j20e80e8glu.jpg?KID=imgbed,tva&Expires=1584956084&ssig=0HykZ8A6ef",
        "id": "4021923309129324",
        "city": "3",
        "province": "44",
        "friends_count": 2189,
        "user_location": "广东 深圳",
        "mid": "4021923309129324",
        "verified_reason": "前 卫时代(香港)有限公司CEO 头条文章作者",
        "attitudes_count": 3,
        "followers_count": 442589,
        "verified_type": 0,
        "statuses_count": 8077,
        "parent": null,
        "verified": true,
        "geo": null,
        "user_created_at": 1264430683,
        "favourites_count": 7,
        "screen_name": "外星海盗",
        "gender": "m",
        "user_geo_enabled": true,
        "username": "外星海盗",
        "comments_count": 6,
        "t": 1474384703,
        "video_status_count": 0,
        "urank": 43,
        "user_ability": -2136733176,
        "credit_score": 80
    },
    {
        "reposts_count": 0,
        "uid": 2870367160,
        "bi_followers_count": 2,
        "text": "去你吗的 你脑子是不是有病？ 你妈把你生下来脑子里给你装的净是屎？ 让你变成又臭又垃圾！脑残啊你简直就是 你要不要躲回去哭会 做人做的这么失败",
        "user_description": "",
        "user_avatar": "https://tva3.sinaimg.cn/crop.0.1.510.510.50/ab1653b8jw8f818l7wvr6j20e60e874h.jpg?KID=imgbed,tva&Expires=1584956084&ssig=hxUyerc%2Ftz",
        "id": "4022164976554311",
        "city": "1000",
        "province": "33",
        "friends_count": 21,
        "user_location": "浙江",
        "mid": "4022164976554311",
        "verified_reason": "",
        "attitudes_count": 0,
        "followers_count": 19,
        "verified_type": -1,
        "statuses_count": 0,
        "parent": "4021923309129324",
        "verified": false,
        "geo": null,
        "user_created_at": 1342321187,
        "favourites_count": 0,
        "screen_name": "KikikiJqq",
        "gender": "f",
        "user_geo_enabled": true,
        "username": "KikikiJqq",
        "comments_count": 0,
        "t": 1474442321,
        "video_status_count": 0,
        "urank": 8,
        "user_ability": 1024,
        "credit_score": 80
    },
    {
        "reposts_count": 0,
        "uid": 5754538560,
        "bi_followers_count": 3,
        "text": "乔任梁不是因为sm过度死亡  不要瞎说。",
        "user_description": "",
        "user_avatar": "https://tva3.sinaimg.cn/crop.0.0.996.996.50/006hrsm4jw8f8wt9gkgxjj30ro0rpdis.jpg?KID=imgbed,tva&Expires=1584956084&ssig=uwlmyWWLLM",
        "id": "4022077646412451",
        "city": "12",
        "province": "43",
        "friends_count": 205,
        "user_location": "湖南 怀化",
        "mid": "4022077646412451",
        "verified_reason": "",
        "attitudes_count": 0,
        "followers_count": 21,
        "verified_type": -1,
        "statuses_count": 71,
        "parent": "4021923309129324",
        "verified": false,
        "geo": null,
        "user_created_at": 1447145746,
        "favourites_count": 1,
        "screen_name": "白羊座的感觉005",
        "gender": "m",
        "user_geo_enabled": true,
        "username": "白羊座的感觉005",
        "comments_count": 0,
        "t": 1474421500,
        "video_status_count": 0,
        "urank": 9,
        "user_ability": 2098176,
        "credit_score": 80
    },
    {
        "reposts_count": 0,
        "uid": 2359948901,
        "bi_followers_count": 52,
        "text": "回复@外星海盗:你真逗，你这就像淘宝里 买家觉得质量不好给了差评 卖家说同行似得 给自己找借口 像你这种人连死人都不放过真是可怕 还各种找理由 善恶终有报 总有一天你死的会很惨 五马分尸最好 自作自受别牵连自己父母 不然你们全家都没有好下场",
        "user_description": "少点承诺 多实际☀",
        "user_avatar": "https://tvax4.sinaimg.cn/crop.0.0.512.512.50/8ca9f665ly8fzs7gglo07j20e80e8gm3.jpg?KID=imgbed,tva&Expires=1584956084&ssig=ahoo2Hdylo",
        "id": "4022076274643133",
        "city": "5",
        "province": "11",
        "friends_count": 281,
        "user_location": "北京 朝阳区",
        "mid": "4022076274643133",
        "verified_reason": "",
        "attitudes_count": 0,
        "followers_count": 389,
        "verified_type": 220,
        "statuses_count": 25,
        "parent": "4021923309129324",
        "verified": false,
        "geo": null,
        "user_created_at": 1316089885,
        "favourites_count": 767,
        "screen_name": "Yingerbaby颖儿",
        "gender": "f",
        "user_geo_enabled": true,
        "username": "Yingerbaby颖儿",
        "comments_count": 0,
        "t": 1474421173,
        "video_status_count": 0,
        "urank": 35,
        "user_ability": 2360320,
        "credit_score": 80
    },
    {
        "reposts_count": 0,
        "uid": 1686400515,
        "bi_followers_count": 1747,
        "text": "回复@kimibaby323:水军同志领了钱还不洗洗睡去！",
        "user_description": "宇宙第一网红！",
        "user_avatar": "https://tvax1.sinaimg.cn/crop.0.0.512.512.50/64846e03ly8g93kqsurd2j20e80e8glu.jpg?KID=imgbed,tva&Expires=1584956084&ssig=0HykZ8A6ef",
        "id": "4021935018912789",
        "city": "3",
        "province": "44",
        "friends_count": 2186,
        "user_location": "广东 深圳",
        "mid": "4021935018912789",
        "verified_reason": "前 卫时代(香港)有限公司CEO 头条文章作者",
        "attitudes_count": 0,
        "followers_count": 442684,
        "verified_type": 0,
        "statuses_count": 8072,
        "parent": "4021923309129324",
        "verified": true,
        "geo": null,
        "user_created_at": 1264430683,
        "favourites_count": 7,
        "screen_name": "外星海盗",
        "gender": "m",
        "user_geo_enabled": true,
        "username": "外星海盗",
        "comments_count": 0,
        "t": 1474387495,
        "video_status_count": 0,
        "urank": 43,
        "user_ability": -2136733176,
        "credit_score": 80
    },
    {
        "reposts_count": 0,
        "uid": 2359948901,
        "bi_followers_count": 52,
        "text": "你就这么想火？有没有人性了？懂不懂什么是尊重 你再造谣再乱说我们不会放过你",
        "user_description": "少点承诺 多实际☀",
        "user_avatar": "https://tvax4.sinaimg.cn/crop.0.0.512.512.50/8ca9f665ly8fzs7gglo07j20e80e8gm3.jpg?KID=imgbed,tva&Expires=1584956084&ssig=ahoo2Hdylo",
        "id": "4021934372732050",
        "city": "5",
        "province": "11",
        "friends_count": 281,
        "user_location": "北京 朝阳区",
        "mid": "4021934372732050",
        "verified_reason": "",
        "attitudes_count": 0,
        "followers_count": 389,
        "verified_type": 220,
        "statuses_count": 25,
        "parent": "4021923309129324",
        "verified": false,
        "geo": null,
        "user_created_at": 1316089885,
        "favourites_count": 767,
        "screen_name": "Yingerbaby颖儿",
        "gender": "f",
        "user_geo_enabled": true,
        "username": "Yingerbaby颖儿",
        "comments_count": 0,
        "t": 1474387341,
        "video_status_count": 0,
        "urank": 35,
        "user_ability": 2360320,
        "credit_score": 80
    },
    {
        "reposts_count": 0,
        "uid": 3679587732,
        "bi_followers_count": 12,
        "text": "有病人都没了还要传这些不属实的消息",
        "user_description": "人生若只如初见",
        "user_avatar": "https://tvax1.sinaimg.cn/crop.0.0.996.996.50/db520d94ly8fu6737q3xjj20ro0rogn4.jpg?KID=imgbed,tva&Expires=1584956084&ssig=9z8%2BI%2Fogc2",
        "id": "4021927406543884",
        "city": "3",
        "province": "44",
        "friends_count": 148,
        "user_location": "广东 深圳",
        "mid": "4021927406543884",
        "verified_reason": "",
        "attitudes_count": 0,
        "followers_count": 102,
        "verified_type": -1,
        "statuses_count": 51,
        "parent": "4021923309129324",
        "verified": false,
        "geo": null,
        "user_created_at": 1375241157,
        "favourites_count": 91,
        "screen_name": "L-樺畫",
        "gender": "f",
        "user_geo_enabled": false,
        "username": "L-樺畫",
        "comments_count": 0,
        "t": 1474385680,
        "video_status_count": 0,
        "urank": 14,
        "user_ability": 2098176,
        "credit_score": 80
    }
]