[
    {
        "reposts_count": 0,
        "uid": 5936729279,
        "bi_followers_count": 11,
        "text": "这是今天北辰富锦华庭高层着火了，结婚放礼花飞到人家屋里了。[鼓掌][鼓掌][鼓掌][鼓掌] http://t.cn/R2Wx68R http://t.cn/RcpAbbg . ​",
        "user_description": "要做就做到最好，努力奋斗",
        "user_avatar": "https://tva3.sinaimg.cn/crop.0.3.641.641.50/006tLUu3jw8f7hp9i86k0j30ht0hz762.jpg?KID=imgbed,tva&Expires=1584955985&ssig=kepEO3WaMd",
        "id": "4021503726529682",
        "city": "1000",
        "province": "12",
        "friends_count": 248,
        "user_location": "天津",
        "mid": "4021503726529682",
        "verified_reason": "",
        "attitudes_count": 1,
        "followers_count": 118,
        "verified_type": -1,
        "statuses_count": 44,
        "parent": null,
        "verified": false,
        "geo": {
            "type": "Point",
            "coordinates": [
                39.127708,
                117.636597
            ]
        },
        "user_created_at": 1463833217,
        "favourites_count": 0,
        "screen_name": "天津广源利丰石材有限公司",
        "gender": "m",
        "user_geo_enabled": true,
        "username": "天津广源利丰石材有限公司",
        "comments_count": 1,
        "t": 1474284667,
        "video_status_count": 0,
        "urank": 9,
        "user_ability": 0,
        "credit_score": 80
    },
    {
        "reposts_count": 0,
        "uid": 5917088163,
        "bi_followers_count": 26,
        "text": "您好，我们是梅州网警。您发布的该微博信息存在不实之处，该信息已被多地警方公开辟谣。为避免不实信息的扩散，请你将微博自行删除。警方提示：根据《计算机信息网络国际联网安全保护管理办法》，利用互联网制作、复制、传播不实信息等扰乱社会秩序的，都属于违法行为。",
        "user_description": "",
        "user_avatar": "https://tvax2.sinaimg.cn/crop.3.0.476.476.50/006sruVRgy1ffhhsqmddij30dd0dbjtj.jpg?KID=imgbed,tva&Expires=1584955985&ssig=L7B9eHDL06",
        "id": "4042129560717729",
        "city": "1000",
        "province": "44",
        "friends_count": 104,
        "user_location": "广东",
        "mid": "4042129560717729",
        "verified_reason": "广东省梅州市公安局网络警察支队官方微博",
        "attitudes_count": 0,
        "followers_count": 4221,
        "verified_type": 1,
        "statuses_count": 6080,
        "parent": "4021503726529682",
        "verified": true,
        "geo": {
            "type": "Point",
            "coordinates": [
                39.127708,
                117.636597
            ]
        },
        "user_created_at": 1462324693,
        "favourites_count": 15,
        "screen_name": "梅州网警巡查执法",
        "gender": "m",
        "user_geo_enabled": true,
        "username": "梅州网警巡查执法",
        "comments_count": 0,
        "t": 1479202249,
        "video_status_count": 0,
        "urank": 14,
        "user_ability": 8650752,
        "credit_score": 80
    }
]