[
    {
        "reposts_count": 75,
        "uid": 1645817972,
        "bi_followers_count": 306,
        "text": "#政协委员，违章女司机# 女 汉族 1967年3月生 山西文水人 民盟盟员 博士研究生学历 现任北京中医药大学教务处副处长 教授 博士生导师 民盟北京市委委员 民盟区委副主委 北京中医药大学委员会主委 朝阳区政协委员 看来女司机没有说谎 。。。 via 品源世界转世",
        "user_description": "汽车中国_中国汽车消费门户网站，提供最全面最新的汽车资讯、车展报道、汽车报价、厂商动态等信息，随时随地了解最新的业界动态。",
        "user_avatar": "https://tva2.sinaimg.cn/crop.0.0.179.179.50/62193074tw1edxxcvmgt5j205005074j.jpg?KID=imgbed,tva&Expires=1584956082&ssig=mQ8ifCztBh",
        "id": "4021709570950548",
        "city": "1000",
        "province": "44",
        "friends_count": 574,
        "user_location": "广东",
        "mid": "4021709570950548",
        "verified_reason": "汽车中国网【qi-che.com】官方微博",
        "attitudes_count": 26,
        "followers_count": 1597729,
        "verified_type": 5,
        "statuses_count": 41481,
        "parent": null,
        "verified": true,
        "geo": null,
        "user_created_at": 1252391964,
        "favourites_count": 4078,
        "screen_name": "汽车中国",
        "gender": "m",
        "user_geo_enabled": true,
        "username": "汽车中国",
        "comments_count": 53,
        "t": 1474333744,
        "video_status_count": 0,
        "urank": 48,
        "user_ability": 2359304,
        "credit_score": 78
    },
    {
        "reposts_count": 0,
        "uid": 2674079837,
        "bi_followers_count": 131,
        "text": "为啥上面要提示，消息不实？",
        "user_description": "很认真，很认真，很认真！",
        "user_avatar": "https://tvax2.sinaimg.cn/crop.0.0.512.512.50/9f63385dly8gbv2upcqnrj20e80e83zi.jpg?KID=imgbed,tva&Expires=1584956082&ssig=2jEpApxTlr",
        "id": "4021866933467158",
        "city": "1",
        "province": "36",
        "friends_count": 245,
        "user_location": "江西 南昌",
        "mid": "4021866933467158",
        "verified_reason": "",
        "attitudes_count": 0,
        "followers_count": 383,
        "verified_type": 220,
        "statuses_count": 1938,
        "parent": "4021709570950548",
        "verified": false,
        "geo": null,
        "user_created_at": 1332569202,
        "favourites_count": 16,
        "screen_name": "HE不可",
        "gender": "m",
        "user_geo_enabled": true,
        "username": "HE不可",
        "comments_count": 0,
        "t": 1474371262,
        "video_status_count": 0,
        "urank": 32,
        "user_ability": 35913728,
        "credit_score": 80
    },
    {
        "reposts_count": 0,
        "uid": 5397961405,
        "bi_followers_count": 0,
        "text": "看来你说谎了！",
        "user_description": "嗯？",
        "user_avatar": "https://tva3.sinaimg.cn/crop.0.0.664.664.50/005TjilDjw8f252iriogyj30ig0igjsu.jpg?KID=imgbed,tva&Expires=1584956082&ssig=2v9oze1oOq",
        "id": "4021814428006344",
        "city": "1",
        "province": "11",
        "friends_count": 61,
        "user_location": "北京 东城区",
        "mid": "4021814428006344",
        "verified_reason": "",
        "attitudes_count": 0,
        "followers_count": 62,
        "verified_type": -1,
        "statuses_count": 8,
        "parent": "4021709570950548",
        "verified": false,
        "geo": null,
        "user_created_at": 1417579990,
        "favourites_count": 0,
        "screen_name": "wwwX_D",
        "gender": "m",
        "user_geo_enabled": true,
        "username": "wwwX_D",
        "comments_count": 0,
        "t": 1474358744,
        "video_status_count": 0,
        "urank": 9,
        "user_ability": 0,
        "credit_score": 80
    },
    {
        "reposts_count": 0,
        "uid": 1969335737,
        "bi_followers_count": 73,
        "text": "在北京永远别觉得自己官大，千万别吹牛逼！",
        "user_description": "",
        "user_avatar": "https://tva2.sinaimg.cn/crop.0.0.512.512.50/7561adb9jw8eyomf2q0adj20e80e8q3q.jpg?KID=imgbed,tva&Expires=1584956082&ssig=IrY1AD5NyR",
        "id": "4021789338845515",
        "city": "1000",
        "province": "11",
        "friends_count": 285,
        "user_location": "北京",
        "mid": "4021789338845515",
        "verified_reason": "",
        "attitudes_count": 0,
        "followers_count": 353,
        "verified_type": 220,
        "statuses_count": 185,
        "parent": "4021709570950548",
        "verified": false,
        "geo": null,
        "user_created_at": 1297691354,
        "favourites_count": 22,
        "screen_name": "DesireMask",
        "gender": "m",
        "user_geo_enabled": true,
        "username": "DesireMask",
        "comments_count": 0,
        "t": 1474352762,
        "video_status_count": 0,
        "urank": 33,
        "user_ability": 0,
        "credit_score": 79
    },
    {
        "reposts_count": 0,
        "uid": 1658391561,
        "bi_followers_count": 64,
        "text": "@汽车中国，身为公众号，没有一点责任感，视频中根本不是中医药大学那位老师！",
        "user_description": "",
        "user_avatar": "https://tva2.sinaimg.cn/crop.0.0.180.180.50/62d90c09jw1e8qgp5bmzyj2050050aa8.jpg?KID=imgbed,tva&Expires=1584956082&ssig=P6z9UMdq8Y",
        "id": "4021777027390010",
        "city": "5",
        "province": "11",
        "friends_count": 138,
        "user_location": "北京 朝阳区",
        "mid": "4021777027390010",
        "verified_reason": "",
        "attitudes_count": 0,
        "followers_count": 150,
        "verified_type": -1,
        "statuses_count": 830,
        "parent": "4021709570950548",
        "verified": false,
        "geo": null,
        "user_created_at": 1257305164,
        "favourites_count": 7,
        "screen_name": "奔跑的香锅",
        "gender": "m",
        "user_geo_enabled": true,
        "username": "奔跑的香锅",
        "comments_count": 0,
        "t": 1474349827,
        "video_status_count": 0,
        "urank": 15,
        "user_ability": 2097152,
        "credit_score": 80
    },
    {
        "reposts_count": 0,
        "uid": 3180438280,
        "bi_followers_count": 0,
        "text": "文化素质和学历貌似没啥关系，不一定学历高就是有文化有素质[doge]，算是应验了",
        "user_description": "",
        "user_avatar": "https://tvax3.sinaimg.cn/crop.0.0.1242.1242.50/bd91a308ly8fe158nl0iej20yi0yi0t7.jpg?KID=imgbed,tva&Expires=1584956082&ssig=msoQbaw8BZ",
        "id": "4021764046092580",
        "city": "1",
        "province": "35",
        "friends_count": 7,
        "user_location": "福建 福州",
        "mid": "4021764046092580",
        "verified_reason": "",
        "attitudes_count": 0,
        "followers_count": 39,
        "verified_type": -1,
        "statuses_count": 0,
        "parent": "4021709570950548",
        "verified": false,
        "geo": null,
        "user_created_at": 1361522183,
        "favourites_count": 32,
        "screen_name": "寻寻觅觅小熊猫m",
        "gender": "f",
        "user_geo_enabled": true,
        "username": "寻寻觅觅小熊猫m",
        "comments_count": 0,
        "t": 1474346733,
        "video_status_count": 0,
        "urank": 28,
        "user_ability": 0,
        "credit_score": 80
    },
    {
        "reposts_count": 0,
        "uid": 1156852392,
        "bi_followers_count": 31,
        "text": "政协的？那麻烦俞正声主席处理一下吧！",
        "user_description": "像杜先生那样做人！",
        "user_avatar": "https://tva4.sinaimg.cn/crop.0.0.720.720.50/44f42aa8jw8ehvaor5ye2j20k00k0dgt.jpg?KID=imgbed,tva&Expires=1584956082&ssig=gEmzRN836I",
        "id": "4021762033027881",
        "city": "5",
        "province": "11",
        "friends_count": 663,
        "user_location": "北京 朝阳区",
        "mid": "4021762033027881",
        "verified_reason": "",
        "attitudes_count": 0,
        "followers_count": 274,
        "verified_type": -1,
        "statuses_count": 1669,
        "parent": "4021709570950548",
        "verified": false,
        "geo": null,
        "user_created_at": 1266312941,
        "favourites_count": 0,
        "screen_name": "小杜城南九尺天",
        "gender": "m",
        "user_geo_enabled": true,
        "username": "小杜城南九尺天",
        "comments_count": 0,
        "t": 1474346251,
        "video_status_count": 0,
        "urank": 25,
        "user_ability": 2359296,
        "credit_score": 80
    },
    {
        "reposts_count": 0,
        "uid": 2316629307,
        "bi_followers_count": 0,
        "text": "交警也是醉了",
        "user_description": "互联网雏鸟",
        "user_avatar": "https://tva2.sinaimg.cn/crop.448.3.1152.1152.50/8a14f53bjw1efu8kbnzv1j21hc0xcqm6.jpg?KID=imgbed,tva&Expires=1584956082&ssig=cW7VQHI84Y",
        "id": "4021745947690204",
        "city": "8",
        "province": "11",
        "friends_count": 97,
        "user_location": "北京 海淀区",
        "mid": "4021745947690204",
        "verified_reason": "",
        "attitudes_count": 0,
        "followers_count": 13,
        "verified_type": -1,
        "statuses_count": 18,
        "parent": "4021709570950548",
        "verified": false,
        "geo": null,
        "user_created_at": 1398586770,
        "favourites_count": 1,
        "screen_name": "大爱大黑马",
        "gender": "m",
        "user_geo_enabled": true,
        "username": "大爱大黑马",
        "comments_count": 0,
        "t": 1474342418,
        "video_status_count": 0,
        "urank": 6,
        "user_ability": 0,
        "credit_score": 80
    },
    {
        "reposts_count": 0,
        "uid": 1042162555,
        "bi_followers_count": 26,
        "text": "身为公众号都不求证一下信息的真实性么？别被利用了！最近围脖造谣抹黑中医的太多了！明显是有人在带节奏[挖鼻][挖鼻][挖鼻]。不说这女的气质穿着绝不是大学老师的风格，就是网上搜下闫永红老师也根本不长这样好么？",
        "user_description": "爱好飘忽不定的双子上升双鱼，常年懒癌发作",
        "user_avatar": "https://tvax1.sinaimg.cn/crop.0.0.996.996.50/3e1e237bly8frkl2dd1akj20ro0rowgo.jpg?KID=imgbed,tva&Expires=1584956082&ssig=oI9SnKiFrn",
        "id": "4021744639171477",
        "city": "8",
        "province": "11",
        "friends_count": 696,
        "user_location": "北京 海淀区",
        "mid": "4021744639171477",
        "verified_reason": "",
        "attitudes_count": 0,
        "followers_count": 248,
        "verified_type": -1,
        "statuses_count": 215,
        "parent": "4021709570950548",
        "verified": false,
        "geo": null,
        "user_created_at": 1358240334,
        "favourites_count": 5,
        "screen_name": "o0燕草如碧丝0o",
        "gender": "f",
        "user_geo_enabled": true,
        "username": "o0燕草如碧丝0o",
        "comments_count": 0,
        "t": 1474342104,
        "video_status_count": 0,
        "urank": 32,
        "user_ability": 3145728,
        "credit_score": 80
    },
    {
        "reposts_count": 0,
        "uid": 1939035843,
        "bi_followers_count": 86,
        "text": "很快她就会变成一个普通人了",
        "user_description": "",
        "user_avatar": "https://tvax3.sinaimg.cn/crop.0.0.664.664.50/739356c3ly8g4v9bq8i24j20ig0igaae.jpg?KID=imgbed,tva&Expires=1584956082&ssig=EejqQo%2FHuq",
        "id": "4021739812083230",
        "city": "1000",
        "province": "100",
        "friends_count": 206,
        "user_location": "其他",
        "mid": "4021739812083230",
        "verified_reason": "",
        "attitudes_count": 0,
        "followers_count": 311,
        "verified_type": -1,
        "statuses_count": 18,
        "parent": "4021709570950548",
        "verified": false,
        "geo": null,
        "user_created_at": 1297516450,
        "favourites_count": 561,
        "screen_name": "Mr--伟荣",
        "gender": "m",
        "user_geo_enabled": false,
        "username": "Mr--伟荣",
        "comments_count": 0,
        "t": 1474340953,
        "video_status_count": 0,
        "urank": 29,
        "user_ability": 3146752,
        "credit_score": 80
    },
    {
        "reposts_count": 0,
        "uid": 2937312401,
        "bi_followers_count": 33,
        "text": "直接贴条走人",
        "user_description": "思想前卫，行为保守！",
        "user_avatar": "https://tvax3.sinaimg.cn/crop.0.0.996.996.50/af13d491ly8gcw5xvuw63j20ro0romzc.jpg?KID=imgbed,tva&Expires=1584956082&ssig=BRBfEwl0v1",
        "id": "4021732895064205",
        "city": "5",
        "province": "32",
        "friends_count": 1413,
        "user_location": "江苏 苏州",
        "mid": "4021732895064205",
        "verified_reason": "",
        "attitudes_count": 0,
        "followers_count": 479,
        "verified_type": -1,
        "statuses_count": 3401,
        "parent": "4021709570950548",
        "verified": false,
        "geo": null,
        "user_created_at": 1346553766,
        "favourites_count": 531,
        "screen_name": "千里难挑一万里难成对",
        "gender": "m",
        "user_geo_enabled": true,
        "username": "千里难挑一万里难成对",
        "comments_count": 0,
        "t": 1474339306,
        "video_status_count": 0,
        "urank": 37,
        "user_ability": 35651584,
        "credit_score": 80
    },
    {
        "reposts_count": 0,
        "uid": 5022511954,
        "bi_followers_count": 0,
        "text": "教授的新课题：违停对人生活影响因素的相关性",
        "user_description": "飞机中的战斗鸡",
        "user_avatar": "https://tva2.sinaimg.cn/crop.0.0.996.996.50/005tTWNkjw8f36kpoj489j30ro0rp425.jpg?KID=imgbed,tva&Expires=1584956082&ssig=T3ckiukHVe",
        "id": "4021732425386972",
        "city": "1000",
        "province": "21",
        "friends_count": 169,
        "user_location": "辽宁",
        "mid": "4021732425386972",
        "verified_reason": "",
        "attitudes_count": 0,
        "followers_count": 38,
        "verified_type": -1,
        "statuses_count": 130,
        "parent": "4021709570950548",
        "verified": false,
        "geo": null,
        "user_created_at": 1391428266,
        "favourites_count": 1,
        "screen_name": "阿诺德大帝",
        "gender": "m",
        "user_geo_enabled": true,
        "username": "阿诺德大帝",
        "comments_count": 0,
        "t": 1474339192,
        "video_status_count": 0,
        "urank": 4,
        "user_ability": 0,
        "credit_score": 80
    },
    {
        "reposts_count": 0,
        "uid": 5884451161,
        "bi_followers_count": 1,
        "text": "不到北京不知道自己管儿多大[哈哈]",
        "user_description": "",
        "user_avatar": "https://tva4.sinaimg.cn/crop.14.61.266.266.50/006qeyyBjw8f20tf1ccq3j30hs09f3zm.jpg?KID=imgbed,tva&Expires=1584956082&ssig=13LKlpL%2Fep",
        "id": "4021732232727816",
        "city": "1",
        "province": "21",
        "friends_count": 66,
        "user_location": "辽宁 沈阳",
        "mid": "4021732232727816",
        "verified_reason": "",
        "attitudes_count": 0,
        "followers_count": 12,
        "verified_type": -1,
        "statuses_count": 16,
        "parent": "4021709570950548",
        "verified": false,
        "geo": null,
        "user_created_at": 1458267336,
        "favourites_count": 9,
        "screen_name": "F俩眼一抹黑",
        "gender": "m",
        "user_geo_enabled": true,
        "username": "F俩眼一抹黑",
        "comments_count": 0,
        "t": 1474339146,
        "video_status_count": 0,
        "urank": 4,
        "user_ability": 0,
        "credit_score": 80
    },
    {
        "reposts_count": 0,
        "uid": 2515414063,
        "bi_followers_count": 4,
        "text": "垃圾",
        "user_description": "小龙女虎爸爸",
        "user_avatar": "https://tva3.sinaimg.cn/crop.0.4.750.750.50/95ee2c2fjw8f5msshre15j20ku0l20tn.jpg?KID=imgbed,tva&Expires=1584956082&ssig=9R1osQ6wKk",
        "id": "4021726977565754",
        "city": "9",
        "province": "33",
        "friends_count": 201,
        "user_location": "浙江 舟山",
        "mid": "4021726977565754",
        "verified_reason": "",
        "attitudes_count": 0,
        "followers_count": 234,
        "verified_type": -1,
        "statuses_count": 319,
        "parent": "4021709570950548",
        "verified": false,
        "geo": null,
        "user_created_at": 1335636783,
        "favourites_count": 26,
        "screen_name": "龙腾虎育",
        "gender": "m",
        "user_geo_enabled": true,
        "username": "龙腾虎育",
        "comments_count": 0,
        "t": 1474337894,
        "video_status_count": 0,
        "urank": 24,
        "user_ability": 2359296,
        "credit_score": 80
    },
    {
        "reposts_count": 0,
        "uid": 3916630461,
        "bi_followers_count": 24,
        "text": "//@汽车中国: #政协委员，违章女司机# 女 汉族 1967年3月生 山西文水人 民盟盟员 博士研究生学历 现任北京中医药大学教务处副处长 教授 博士生导师 民盟北京市委委员 民盟区委副主委 北京中医药大学委员会主委 朝阳区政协委员 看来女司机没有说谎 。。。 via 品源世界转世",
        "user_description": "",
        "user_avatar": "https://tva4.sinaimg.cn/crop.0.128.640.640.50/e97309bdjw8eavdroyllaj20hs0owmzv.jpg?KID=imgbed,tva&Expires=1584956082&ssig=v7IA4ULxn7",
        "id": "4021726327642779",
        "city": "1",
        "province": "37",
        "friends_count": 237,
        "user_location": "山东 济南",
        "mid": "4021726327642779",
        "verified_reason": "",
        "attitudes_count": 0,
        "followers_count": 67,
        "verified_type": -1,
        "statuses_count": 275,
        "parent": "4021709570950548",
        "verified": false,
        "geo": null,
        "user_created_at": 1385220138,
        "favourites_count": 8,
        "screen_name": "大青灬哥",
        "gender": "m",
        "user_geo_enabled": true,
        "username": "大青灬哥",
        "comments_count": 0,
        "t": 1474337739,
        "video_status_count": 0,
        "urank": 14,
        "user_ability": 35651584,
        "credit_score": 80
    },
    {
        "reposts_count": 0,
        "uid": 1869741457,
        "bi_followers_count": 44,
        "text": "能教出什么样的学生？",
        "user_description": "每个城市都有自己的精彩",
        "user_avatar": "https://tvax4.sinaimg.cn/crop.0.0.664.664.50/6f71fd91ly8fnjxoi312oj20ig0ihabr.jpg?KID=imgbed,tva&Expires=1584956082&ssig=33UqvxtB4t",
        "id": "4021725890792307",
        "city": "1",
        "province": "34",
        "friends_count": 279,
        "user_location": "安徽 合肥",
        "mid": "4021725890792307",
        "verified_reason": "",
        "attitudes_count": 0,
        "followers_count": 88,
        "verified_type": -1,
        "statuses_count": 742,
        "parent": "4021709570950548",
        "verified": false,
        "geo": null,
        "user_created_at": 1290332618,
        "favourites_count": 122,
        "screen_name": "爆熊22",
        "gender": "m",
        "user_geo_enabled": false,
        "username": "爆熊22",
        "comments_count": 0,
        "t": 1474337635,
        "video_status_count": 0,
        "urank": 26,
        "user_ability": 35651584,
        "credit_score": 80
    },
    {
        "reposts_count": 0,
        "uid": 5160020142,
        "bi_followers_count": 3,
        "text": "难怪这么霸道的停车呢！政协的，下次出门应该安排武警开道才是！",
        "user_description": "不是每一句‘对不起’都能换来‘没关系’！",
        "user_avatar": "https://tva4.sinaimg.cn/crop.0.0.664.664.50/005DcUXkjw8f67p21app0j30ig0ig0sx.jpg?KID=imgbed,tva&Expires=1584956082&ssig=v0ZDRKavDH",
        "id": "4021721683845183",
        "city": "3",
        "province": "34",
        "friends_count": 152,
        "user_location": "安徽 蚌埠",
        "mid": "4021721683845183",
        "verified_reason": "",
        "attitudes_count": 0,
        "followers_count": 116,
        "verified_type": -1,
        "statuses_count": 108,
        "parent": "4021709570950548",
        "verified": false,
        "geo": null,
        "user_created_at": 1401510845,
        "favourites_count": 8,
        "screen_name": "幸福的人挺好-LJ",
        "gender": "m",
        "user_geo_enabled": true,
        "username": "幸福的人挺好-LJ",
        "comments_count": 0,
        "t": 1474336632,
        "video_status_count": 0,
        "urank": 28,
        "user_ability": 0,
        "credit_score": 80
    },
    {
        "reposts_count": 0,
        "uid": 5887829662,
        "bi_followers_count": 0,
        "text": "博导，出来的学生也是这个样吗",
        "user_description": "",
        "user_avatar": "https://tvax1.sinaimg.cn/default/images/default_avatar_male_50.gif?KID=imgbed,tva&Expires=1584956082&ssig=%2FAWycCDqyQ",
        "id": "4021721658529535",
        "city": "19",
        "province": "44",
        "friends_count": 335,
        "user_location": "广东 东莞",
        "mid": "4021721658529535",
        "verified_reason": "",
        "attitudes_count": 0,
        "followers_count": 12,
        "verified_type": -1,
        "statuses_count": 2,
        "parent": "4021709570950548",
        "verified": false,
        "geo": null,
        "user_created_at": 1458700659,
        "favourites_count": 1,
        "screen_name": "xiaodong0769",
        "gender": "m",
        "user_geo_enabled": true,
        "username": "xiaodong0769",
        "comments_count": 0,
        "t": 1474336627,
        "video_status_count": 0,
        "urank": 4,
        "user_ability": 0,
        "credit_score": 80
    },
    {
        "reposts_count": 0,
        "uid": 1782385163,
        "bi_followers_count": 101,
        "text": "不敢想象这帮败类，都在参与。。。//@汽车中国: #政协委员，违章女司机# 女 汉族 1967年3月生 山西文水人 民盟盟员 博士研究生学历 现任北京中医药大学教务处副处长 教授 博士生导师 民盟北京市委委员 民盟区委副主委 北京中医药大学委员会主委 朝阳区政协委员 看来女司机没有说谎",
        "user_description": "没原则 没底线 没文化 不中立 不正义 不着调",
        "user_avatar": "https://tvax1.sinaimg.cn/crop.0.0.1010.1010.50/6a3d0a0bly8g9yqjmgimpj20s20s2jug.jpg?KID=imgbed,tva&Expires=1584956082&ssig=Xl1X%2FuIR6m",
        "id": "4021719897369753",
        "city": "8",
        "province": "11",
        "friends_count": 1072,
        "user_location": "北京 海淀区",
        "mid": "4021719897369753",
        "verified_reason": "",
        "attitudes_count": 0,
        "followers_count": 379,
        "verified_type": 220,
        "statuses_count": 24044,
        "parent": "4021709570950548",
        "verified": false,
        "geo": null,
        "user_created_at": 1279854103,
        "favourites_count": 3,
        "screen_name": "海淀贫民窟的百万负翁",
        "gender": "m",
        "user_geo_enabled": true,
        "username": "海淀贫民窟的百万负翁",
        "comments_count": 0,
        "t": 1474336206,
        "video_status_count": 0,
        "urank": 46,
        "user_ability": 0,
        "credit_score": 80
    },
    {
        "reposts_count": 0,
        "uid": 1869351277,
        "bi_followers_count": 76,
        "text": "哈哈哈66666真是耿直",
        "user_description": "THE ONLY EASY DAY WAS YESTERDAY",
        "user_avatar": "https://tvax1.sinaimg.cn/crop.0.0.512.512.50/6f6c096dly8g701fa3cqqj20e80e8gm6.jpg?KID=imgbed,tva&Expires=1584956082&ssig=nUNKPrgvjM",
        "id": "4021719569960810",
        "city": "3",
        "province": "44",
        "friends_count": 324,
        "user_location": "广东 深圳",
        "mid": "4021719569960810",
        "verified_reason": "",
        "attitudes_count": 0,
        "followers_count": 479,
        "verified_type": -1,
        "statuses_count": 274,
        "parent": "4021709570950548",
        "verified": false,
        "geo": null,
        "user_created_at": 1290307509,
        "favourites_count": 792,
        "screen_name": "mrlamkrZ",
        "gender": "m",
        "user_geo_enabled": true,
        "username": "mrlamkrZ",
        "comments_count": 0,
        "t": 1474336128,
        "video_status_count": 0,
        "urank": 38,
        "user_ability": 1049600,
        "credit_score": 80
    },
    {
        "reposts_count": 0,
        "uid": 1450002715,
        "bi_followers_count": 781,
        "text": "为诚实转发~[doge]//@汽车中国: #政协委员，违章女司机# 女 汉族 1967年3月生 山西文水人 民盟盟员 博士研究生学历 现任北京中医药大学教务处副处长 教授 博士生导师 民盟北京市委委员 民盟区委副主委 北京中医药大学委员会主委 朝阳区政协委员 看来女司机没有说谎 。。。 via 品源世界转世",
        "user_description": "带好头，走好路，服务好领导，照顾好队友~",
        "user_avatar": "https://tva3.sinaimg.cn/crop.95.163.552.552.50/566d491bgw1eji0o4atzlj21kw0sgwpj.jpg?KID=imgbed,tva&Expires=1584956082&ssig=4bzM7WkN46",
        "id": "4021719415482589",
        "city": "7",
        "province": "33",
        "friends_count": 1079,
        "user_location": "浙江 金华",
        "mid": "4021719415482589",
        "verified_reason": "义乌市广播电视台 交通广播主持人 广播频率策划中心主任",
        "attitudes_count": 0,
        "followers_count": 15625,
        "verified_type": 0,
        "statuses_count": 11325,
        "parent": "4021709570950548",
        "verified": true,
        "geo": null,
        "user_created_at": 1265337170,
        "favourites_count": 41226,
        "screen_name": "1062田野",
        "gender": "m",
        "user_geo_enabled": true,
        "username": "1062田野",
        "comments_count": 0,
        "t": 1474336091,
        "video_status_count": 0,
        "urank": 40,
        "user_ability": 2056,
        "credit_score": 80
    },
    {
        "reposts_count": 0,
        "uid": 1782385163,
        "bi_followers_count": 101,
        "text": "//@汽车中国: #政协委员，违章女司机# 女 汉族 1967年3月生 山西文水人 民盟盟员 博士研究生学历 现任北京中医药大学教务处副处长 教授 博士生导师 民盟北京市委委员 民盟区委副主委 北京中医药大学委员会主委 朝阳区政协委员 看来女司机没有说谎 。。。 via 品源世界转世",
        "user_description": "没原则 没底线 没文化 不中立 不正义 不着调",
        "user_avatar": "https://tvax1.sinaimg.cn/crop.0.0.1010.1010.50/6a3d0a0bly8g9yqjmgimpj20s20s2jug.jpg?KID=imgbed,tva&Expires=1584956082&ssig=Xl1X%2FuIR6m",
        "id": "4021719351566070",
        "city": "8",
        "province": "11",
        "friends_count": 1072,
        "user_location": "北京 海淀区",
        "mid": "4021719351566070",
        "verified_reason": "",
        "attitudes_count": 0,
        "followers_count": 379,
        "verified_type": 220,
        "statuses_count": 24044,
        "parent": "4021709570950548",
        "verified": false,
        "geo": null,
        "user_created_at": 1279854103,
        "favourites_count": 3,
        "screen_name": "海淀贫民窟的百万负翁",
        "gender": "m",
        "user_geo_enabled": true,
        "username": "海淀贫民窟的百万负翁",
        "comments_count": 0,
        "t": 1474336076,
        "video_status_count": 0,
        "urank": 46,
        "user_ability": 0,
        "credit_score": 80
    },
    {
        "reposts_count": 0,
        "uid": 2218761251,
        "bi_followers_count": 17,
        "text": " //@汽车中国:#政协委员，违章女司机# 女 汉族 1967年3月生 山西文水人 民盟盟员 博士研究生学历 现任北京中医药大学教务处副处长 教授 博士生导师 民盟北京市委委员 民盟区委副主委 北京中医药大学委员会主委 朝阳区政协委员 看来女司机没有说谎 。。。 via 品源世界转世",
        "user_description": "爱园艺 ，爱旅游 ，爱摄影 ，爱军事 ，爱水族",
        "user_avatar": "https://tva2.sinaimg.cn/crop.133.0.533.533.50/843f9c23jw8ebij1ksgesj20m80etaal.jpg?KID=imgbed,tva&Expires=1584956082&ssig=jJwmqPY%2FbC",
        "id": "4021719293138427",
        "city": "6",
        "province": "32",
        "friends_count": 937,
        "user_location": "江苏 南通",
        "mid": "4021719293138427",
        "verified_reason": "",
        "attitudes_count": 0,
        "followers_count": 748,
        "verified_type": -1,
        "statuses_count": 5646,
        "parent": "4021709570950548",
        "verified": false,
        "geo": null,
        "user_created_at": 1309835890,
        "favourites_count": 0,
        "screen_name": "梦想家深蓝",
        "gender": "m",
        "user_geo_enabled": true,
        "username": "梦想家深蓝",
        "comments_count": 0,
        "t": 1474336062,
        "video_status_count": 0,
        "urank": 37,
        "user_ability": 36700160,
        "credit_score": 80
    },
    {
        "reposts_count": 0,
        "uid": 5705591502,
        "bi_followers_count": 22,
        "text": "政协委员也是人民给你的！所以你也应该跟人民一样遵纪守法！不是说你是政协的你就可以牛逼的凌驾于法律之上了！坐等处理结果！",
        "user_description": "积极！健康！乐观！阳光！",
        "user_avatar": "https://tva3.sinaimg.cn/crop.387.19.718.718.50/006e84Zojw8ew7kijisfej30zk0m8wk4.jpg?KID=imgbed,tva&Expires=1584956082&ssig=bLPa5nzpAN",
        "id": "4021719162793772",
        "city": "1000",
        "province": "21",
        "friends_count": 643,
        "user_location": "辽宁",
        "mid": "4021719162793772",
        "verified_reason": "",
        "attitudes_count": 0,
        "followers_count": 632,
        "verified_type": -1,
        "statuses_count": 1110,
        "parent": "4021709570950548",
        "verified": false,
        "geo": null,
        "user_created_at": 1442629246,
        "favourites_count": 0,
        "screen_name": "LAKB-平先生",
        "gender": "m",
        "user_geo_enabled": true,
        "username": "LAKB-平先生",
        "comments_count": 0,
        "t": 1474336032,
        "video_status_count": 0,
        "urank": 14,
        "user_ability": 2097152,
        "credit_score": 80
    },
    {
        "reposts_count": 0,
        "uid": 1868650075,
        "bi_followers_count": 9,
        "text": "回复@汽车中国:我草，这B好吓人",
        "user_description": "大便吞噬者",
        "user_avatar": "https://tvax4.sinaimg.cn/crop.0.0.996.996.50/6f61565bly8g2g8ymwis8j20ro0rowg7.jpg?KID=imgbed,tva&Expires=1584956082&ssig=gXco7RKJyU",
        "id": "4021718962471982",
        "city": "2",
        "province": "13",
        "friends_count": 411,
        "user_location": "河北 唐山",
        "mid": "4021718962471982",
        "verified_reason": "",
        "attitudes_count": 0,
        "followers_count": 546,
        "verified_type": -1,
        "statuses_count": 198,
        "parent": "4021709570950548",
        "verified": false,
        "geo": null,
        "user_created_at": 1290239952,
        "favourites_count": 2,
        "screen_name": "大便吞噬者",
        "gender": "m",
        "user_geo_enabled": true,
        "username": "大便吞噬者",
        "comments_count": 0,
        "t": 1474335983,
        "video_status_count": 0,
        "urank": 38,
        "user_ability": 3407872,
        "credit_score": 80
    },
    {
        "reposts_count": 0,
        "uid": 2697706591,
        "bi_followers_count": 64,
        "text": "纪委介入",
        "user_description": "真实，平凡",
        "user_avatar": "https://tva3.sinaimg.cn/crop.0.0.996.996.50/a0cbbc5fjw8f7qx52h9iyj20ro0rotcm.jpg?KID=imgbed,tva&Expires=1584956082&ssig=AkslR3qbd6",
        "id": "4021717662232622",
        "city": "1000",
        "province": "100",
        "friends_count": 443,
        "user_location": "其他",
        "mid": "4021717662232622",
        "verified_reason": "",
        "attitudes_count": 0,
        "followers_count": 433,
        "verified_type": -1,
        "statuses_count": 7296,
        "parent": "4021709570950548",
        "verified": false,
        "geo": null,
        "user_created_at": 1333780116,
        "favourites_count": 8,
        "screen_name": "ZJ70年代",
        "gender": "m",
        "user_geo_enabled": true,
        "username": "ZJ70年代",
        "comments_count": 0,
        "t": 1474335673,
        "video_status_count": 0,
        "urank": 37,
        "user_ability": 0,
        "credit_score": 80
    },
    {
        "reposts_count": 0,
        "uid": 1682244011,
        "bi_followers_count": 39,
        "text": "这类人都是咋当上政协的？",
        "user_description": "⸝⸝⸝⸝◟̆◞̆♡ 一个人的碎碎念 •",
        "user_avatar": "https://tvax1.sinaimg.cn/crop.0.0.512.512.50/644501ably8gcg1lbfy76j20e80e80t4.jpg?KID=imgbed,tva&Expires=1584956082&ssig=9WY5AatKKn",
        "id": "4021716924219202",
        "city": "1000",
        "province": "400",
        "friends_count": 300,
        "user_location": "海外",
        "mid": "4021716924219202",
        "verified_reason": "",
        "attitudes_count": 0,
        "followers_count": 1645,
        "verified_type": -1,
        "statuses_count": 2813,
        "parent": "4021709570950548",
        "verified": false,
        "geo": null,
        "user_created_at": 1263530960,
        "favourites_count": 5,
        "screen_name": "happinesslifeddxx",
        "gender": "f",
        "user_geo_enabled": true,
        "username": "happinesslifeddxx",
        "comments_count": 0,
        "t": 1474335496,
        "video_status_count": 0,
        "urank": 48,
        "user_ability": 3407872,
        "credit_score": 80
    },
    {
        "reposts_count": 0,
        "uid": 1763956901,
        "bi_followers_count": 5,
        "text": "我只是觉得，交警终于找到一个办法，来对付那些嚣张号称自己是某某的人了。就是上网，警察权力不够用，可以用公众监督权。",
        "user_description": "",
        "user_avatar": "https://tva3.sinaimg.cn/crop.41.101.351.351.50/6923d8a5gw1ejixpyuvf0j20c80gaacc.jpg?KID=imgbed,tva&Expires=1584956082&ssig=%2BsUpKi5UG%2B",
        "id": "4021715706842302",
        "city": "1",
        "province": "51",
        "friends_count": 217,
        "user_location": "四川 成都",
        "mid": "4021715706842302",
        "verified_reason": "",
        "attitudes_count": 0,
        "followers_count": 203,
        "verified_type": -1,
        "statuses_count": 1000,
        "parent": "4021709570950548",
        "verified": false,
        "geo": null,
        "user_created_at": 1277697509,
        "favourites_count": 19,
        "screen_name": "今天柚子吃饱了吗",
        "gender": "m",
        "user_geo_enabled": true,
        "username": "今天柚子吃饱了吗",
        "comments_count": 0,
        "t": 1474335206,
        "video_status_count": 0,
        "urank": 33,
        "user_ability": 35652608,
        "credit_score": 80
    },
    {
        "reposts_count": 0,
        "uid": 3811997758,
        "bi_followers_count": 41,
        "text": "职位不保啊",
        "user_description": "",
        "user_avatar": "https://tva4.sinaimg.cn/crop.0.0.512.512.50/e336783ejw8f68a8c2ocpj20e80e8755.jpg?KID=imgbed,tva&Expires=1584956082&ssig=S5RgpvWEbK",
        "id": "4021715169717513",
        "city": "6",
        "province": "13",
        "friends_count": 172,
        "user_location": "河北 保定",
        "mid": "4021715169717513",
        "verified_reason": "",
        "attitudes_count": 0,
        "followers_count": 106,
        "verified_type": -1,
        "statuses_count": 176,
        "parent": "4021709570950548",
        "verified": false,
        "geo": null,
        "user_created_at": 1379948198,
        "favourites_count": 22,
        "screen_name": "0齐天大圣o",
        "gender": "m",
        "user_geo_enabled": true,
        "username": "0齐天大圣o",
        "comments_count": 0,
        "t": 1474335080,
        "video_status_count": 0,
        "urank": 24,
        "user_ability": 33555456,
        "credit_score": 80
    },
    {
        "reposts_count": 0,
        "uid": 1911491067,
        "bi_followers_count": 120,
        "text": "呦，博导，还是民盟的",
        "user_description": "人类精神大爆炸紧急救治中心🏥 一枚严厉的执业小医师😷",
        "user_avatar": "https://tva4.sinaimg.cn/crop.0.0.1144.1144.50/71ef09fbjw8f9x48w04zmj20vs0vstb6.jpg?KID=imgbed,tva&Expires=1584956082&ssig=M9OiZq30OA",
        "id": "4021715061620782",
        "city": "1000",
        "province": "41",
        "friends_count": 460,
        "user_location": "河南",
        "mid": "4021715061620782",
        "verified_reason": "",
        "attitudes_count": 0,
        "followers_count": 836,
        "verified_type": 220,
        "statuses_count": 1579,
        "parent": "4021709570950548",
        "verified": false,
        "geo": null,
        "user_created_at": 1298284611,
        "favourites_count": 1969,
        "screen_name": "Dr·林木木",
        "gender": "m",
        "user_geo_enabled": true,
        "username": "Dr·林木木",
        "comments_count": 0,
        "t": 1474335053,
        "video_status_count": 0,
        "urank": 34,
        "user_ability": 0,
        "credit_score": 80
    },
    {
        "reposts_count": 0,
        "uid": 5976815873,
        "bi_followers_count": 0,
        "text": "车玻璃窗上还有CCTV的标志",
        "user_description": "",
        "user_avatar": "https://tva3.sinaimg.cn/crop.0.0.996.996.50/006wu6Q1jw8f5leaja1gaj30ro0rodhk.jpg?KID=imgbed,tva&Expires=1584956082&ssig=%2FiiL%2FWwz2%2B",
        "id": "4021714779965082",
        "city": "35",
        "province": "50",
        "friends_count": 153,
        "user_location": "重庆 云阳县",
        "mid": "4021714779965082",
        "verified_reason": "",
        "attitudes_count": 0,
        "followers_count": 7,
        "verified_type": -1,
        "statuses_count": 135,
        "parent": "4021709570950548",
        "verified": false,
        "geo": null,
        "user_created_at": 1467808755,
        "favourites_count": 0,
        "screen_name": "精卫006",
        "gender": "m",
        "user_geo_enabled": true,
        "username": "精卫006",
        "comments_count": 0,
        "t": 1474334986,
        "video_status_count": 0,
        "urank": 4,
        "user_ability": 1024,
        "credit_score": 80
    },
    {
        "reposts_count": 0,
        "uid": 2301726263,
        "bi_followers_count": 85,
        "text": "这么多头衔，咋还是这么傻呢",
        "user_description": "cs wow dota skate car",
        "user_avatar": "https://tva3.sinaimg.cn/crop.0.0.180.180.50/89318e37jw1e8qgp5bmzyj2050050aa8.jpg?KID=imgbed,tva&Expires=1584956082&ssig=kRLHY6hSHl",
        "id": "4021714247927467",
        "city": "1",
        "province": "51",
        "friends_count": 566,
        "user_location": "四川 成都",
        "mid": "4021714247927467",
        "verified_reason": "",
        "attitudes_count": 0,
        "followers_count": 763,
        "verified_type": -1,
        "statuses_count": 7686,
        "parent": "4021709570950548",
        "verified": false,
        "geo": null,
        "user_created_at": 1313256141,
        "favourites_count": 41,
        "screen_name": "laqiuzetz",
        "gender": "m",
        "user_geo_enabled": true,
        "username": "laqiuzetz",
        "comments_count": 0,
        "t": 1474334859,
        "video_status_count": 0,
        "urank": 40,
        "user_ability": 33554432,
        "credit_score": 80
    },
    {
        "reposts_count": 0,
        "uid": 1879389687,
        "bi_followers_count": 94,
        "text": "让你得瑟！再挖，肯定还有料！",
        "user_description": "",
        "user_avatar": "https://tva2.sinaimg.cn/crop.0.0.720.720.50/700535f7jw8ew2rukir6qj20k00k0gnj.jpg?KID=imgbed,tva&Expires=1584956082&ssig=7uLCjrpjlY",
        "id": "4021713426049051",
        "city": "11",
        "province": "32",
        "friends_count": 497,
        "user_location": "江苏 镇江",
        "mid": "4021713426049051",
        "verified_reason": "",
        "attitudes_count": 0,
        "followers_count": 204,
        "verified_type": -1,
        "statuses_count": 643,
        "parent": "4021709570950548",
        "verified": false,
        "geo": null,
        "user_created_at": 1291203223,
        "favourites_count": 36,
        "screen_name": "小城-大陈",
        "gender": "m",
        "user_geo_enabled": true,
        "username": "小城-大陈",
        "comments_count": 0,
        "t": 1474334663,
        "video_status_count": 0,
        "urank": 28,
        "user_ability": 0,
        "credit_score": 80
    },
    {
        "reposts_count": 0,
        "uid": 2981401121,
        "bi_followers_count": 202,
        "text": "顶上去！！！可是这女的太TM丑了 千万别手贱点击图片 http://t.cn/Rc0LKhB",
        "user_description": "If you",
        "user_avatar": "https://tvax3.sinaimg.cn/crop.0.0.512.512.50/b1b49221ly8gayr9b26t3j20e80e8751.jpg?KID=imgbed,tva&Expires=1584956082&ssig=vxDB0yMKIs",
        "id": "4021713190219671",
        "city": "1000",
        "province": "44",
        "friends_count": 545,
        "user_location": "广东",
        "mid": "4021713190219671",
        "verified_reason": "",
        "attitudes_count": 0,
        "followers_count": 721,
        "verified_type": -1,
        "statuses_count": 1128,
        "parent": "4021709570950548",
        "verified": false,
        "geo": null,
        "user_created_at": 1349483065,
        "favourites_count": 7,
        "screen_name": "Pan剑圣",
        "gender": "m",
        "user_geo_enabled": true,
        "username": "Pan剑圣",
        "comments_count": 0,
        "t": 1474334608,
        "video_status_count": 0,
        "urank": 31,
        "user_ability": 2360320,
        "credit_score": 80
    },
    {
        "reposts_count": 0,
        "uid": 5262426205,
        "bi_followers_count": 16,
        "text": "停在斑马线有理吗？政协的又咋样？",
        "user_description": "有些时候不能太天真",
        "user_avatar": "https://tvax1.sinaimg.cn/crop.0.0.664.664.50/005K8Bs1ly8gcjynlc08uj30ig0igab0.jpg?KID=imgbed,tva&Expires=1584956082&ssig=qeWWW8itFj",
        "id": "4021713174368535",
        "city": "3",
        "province": "36",
        "friends_count": 101,
        "user_location": "江西 萍乡",
        "mid": "4021713174368535",
        "verified_reason": "",
        "attitudes_count": 0,
        "followers_count": 2803,
        "verified_type": -1,
        "statuses_count": 1368,
        "parent": "4021709570950548",
        "verified": false,
        "geo": null,
        "user_created_at": 1408587696,
        "favourites_count": 7,
        "screen_name": "白小小黄",
        "gender": "m",
        "user_geo_enabled": true,
        "username": "白小小黄",
        "comments_count": 0,
        "t": 1474334603,
        "video_status_count": 0,
        "urank": 9,
        "user_ability": 262144,
        "credit_score": 80
    },
    {
        "reposts_count": 0,
        "uid": 1589043191,
        "bi_followers_count": 327,
        "text": "这样暴露个人信息真的好吗？明显这个大妈和警察都处于不冷静状态…哎 媒体导向迟早有一天让人们不再相信媒体",
        "user_description": "我其实就是个痞子…",
        "user_avatar": "https://tvax4.sinaimg.cn/crop.20.0.1201.1201.50/5eb6dff7ly8fecfz9u8h0j20yi0xddjq.jpg?KID=imgbed,tva&Expires=1584956082&ssig=cQMn0PtJRm",
        "id": "4021712162824181",
        "city": "5",
        "province": "11",
        "friends_count": 524,
        "user_location": "北京 朝阳区",
        "mid": "4021712162824181",
        "verified_reason": "",
        "attitudes_count": 0,
        "followers_count": 1847,
        "verified_type": 220,
        "statuses_count": 10574,
        "parent": "4021709570950548",
        "verified": false,
        "geo": null,
        "user_created_at": 1294247462,
        "favourites_count": 288,
        "screen_name": "蹦跶会儿",
        "gender": "m",
        "user_geo_enabled": true,
        "username": "蹦跶会儿",
        "comments_count": 0,
        "t": 1474334362,
        "video_status_count": 0,
        "urank": 36,
        "user_ability": 2098176,
        "credit_score": 80
    },
    {
        "reposts_count": 0,
        "uid": 2150328550,
        "bi_followers_count": 65,
        "text": "民盟哎",
        "user_description": "",
        "user_avatar": "https://tvax1.sinaimg.cn/crop.0.0.512.512.50/802b68e6ly8fz31t80mcaj20e80e8t96.jpg?KID=imgbed,tva&Expires=1584956082&ssig=UuUTrhN9Vy",
        "id": "4021711710067942",
        "city": "13",
        "province": "31",
        "friends_count": 288,
        "user_location": "上海 宝山区",
        "mid": "4021711710067942",
        "verified_reason": "",
        "attitudes_count": 0,
        "followers_count": 210,
        "verified_type": -1,
        "statuses_count": 901,
        "parent": "4021709570950548",
        "verified": false,
        "geo": null,
        "user_created_at": 1306719104,
        "favourites_count": 105,
        "screen_name": "饺子饺子咚咚",
        "gender": "m",
        "user_geo_enabled": true,
        "username": "饺子饺子咚咚",
        "comments_count": 0,
        "t": 1474334254,
        "video_status_count": 0,
        "urank": 32,
        "user_ability": 2097152,
        "credit_score": 80
    },
    {
        "reposts_count": 0,
        "uid": 1591311881,
        "bi_followers_count": 17,
        "text": "北京就是这么被毁了的",
        "user_description": "会炒股的厨子才是好爸爸",
        "user_avatar": "https://tva1.sinaimg.cn/crop.29.10.414.414.50/5ed97e09jw1e8d6je4fajj20j60dijug.jpg?KID=imgbed,tva&Expires=1584956082&ssig=LeHM%2FpXKkZ",
        "id": "4021711340964193",
        "city": "14",
        "province": "11",
        "friends_count": 1008,
        "user_location": "北京 昌平区",
        "mid": "4021711340964193",
        "verified_reason": "",
        "attitudes_count": 0,
        "followers_count": 471,
        "verified_type": -1,
        "statuses_count": 3559,
        "parent": "4021709570950548",
        "verified": false,
        "geo": null,
        "user_created_at": 1291742422,
        "favourites_count": 2573,
        "screen_name": "网上大象",
        "gender": "m",
        "user_geo_enabled": false,
        "username": "网上大象",
        "comments_count": 0,
        "t": 1474334166,
        "video_status_count": 0,
        "urank": 38,
        "user_ability": 2097152,
        "credit_score": 80
    },
    {
        "reposts_count": 0,
        "uid": 1645817972,
        "bi_followers_count": 306,
        "text": "图片评论 http://t.cn/Rc02dFB",
        "user_description": "汽车中国_中国汽车消费门户网站，提供最全面最新的汽车资讯、车展报道、汽车报价、厂商动态等信息，随时随地了解最新的业界动态。",
        "user_avatar": "https://tva2.sinaimg.cn/crop.0.0.179.179.50/62193074tw1edxxcvmgt5j205005074j.jpg?KID=imgbed,tva&Expires=1584956082&ssig=mQ8ifCztBh",
        "id": "4021711034798439",
        "city": "1000",
        "province": "44",
        "friends_count": 574,
        "user_location": "广东",
        "mid": "4021711034798439",
        "verified_reason": "汽车中国网【qi-che.com】官方微博",
        "attitudes_count": 0,
        "followers_count": 1597729,
        "verified_type": 5,
        "statuses_count": 41481,
        "parent": "4021709570950548",
        "verified": true,
        "geo": null,
        "user_created_at": 1252391964,
        "favourites_count": 4078,
        "screen_name": "汽车中国",
        "gender": "m",
        "user_geo_enabled": true,
        "username": "汽车中国",
        "comments_count": 0,
        "t": 1474334093,
        "video_status_count": 0,
        "urank": 48,
        "user_ability": 2359304,
        "credit_score": 78
    },
    {
        "reposts_count": 0,
        "uid": 1692460887,
        "bi_followers_count": 69,
        "text": "双方都有点意气用事😒 //@汽车中国:#政协委员，违章女司机# 女 汉族 1967年3月生 山西文水人 民盟盟员 博士研究生学历 现任北京中医药大学教务处副处长 教授 博士生导师 民盟北京市委委员 民盟区委副主委 北京中医药大学委员会主委 朝阳区政协委员 看来女司机没有说谎 。。。 via 品源世界转世",
        "user_description": "平安是福😄😊",
        "user_avatar": "https://tva3.sinaimg.cn/crop.50.0.1436.1436.50/64e0e757jw8f6xuma60yij216o13wwj0.jpg?KID=imgbed,tva&Expires=1584956082&ssig=wkSUMiw8Nf",
        "id": "4021710787415516",
        "city": "15",
        "province": "31",
        "friends_count": 1194,
        "user_location": "上海 浦东新区",
        "mid": "4021710787415516",
        "verified_reason": "",
        "attitudes_count": 0,
        "followers_count": 234,
        "verified_type": -1,
        "statuses_count": 918,
        "parent": "4021709570950548",
        "verified": false,
        "geo": null,
        "user_created_at": 1265769612,
        "favourites_count": 9,
        "screen_name": "limingniao",
        "gender": "m",
        "user_geo_enabled": true,
        "username": "limingniao",
        "comments_count": 0,
        "t": 1474334034,
        "video_status_count": 0,
        "urank": 13,
        "user_ability": 0,
        "credit_score": 80
    },
    {
        "reposts_count": 0,
        "uid": 2703198165,
        "bi_followers_count": 5,
        "text": "这是公路！谁也不好使！警车挡道了照样挪开！",
        "user_description": "我我我我我",
        "user_avatar": "https://tvax1.sinaimg.cn/crop.0.0.1242.1242.50/a11f87d5ly8fx0vig1obuj20yi0yit9k.jpg?KID=imgbed,tva&Expires=1584956082&ssig=RZb95r9pTf",
        "id": "4021710766895066",
        "city": "1",
        "province": "21",
        "friends_count": 262,
        "user_location": "辽宁 沈阳",
        "mid": "4021710766895066",
        "verified_reason": "",
        "attitudes_count": 0,
        "followers_count": 114,
        "verified_type": -1,
        "statuses_count": 720,
        "parent": "4021709570950548",
        "verified": false,
        "geo": null,
        "user_created_at": 1333777916,
        "favourites_count": 9,
        "screen_name": "轰轰烈烈的屌炸天",
        "gender": "m",
        "user_geo_enabled": true,
        "username": "轰轰烈烈的屌炸天",
        "comments_count": 0,
        "t": 1474334029,
        "video_status_count": 0,
        "urank": 27,
        "user_ability": 36962304,
        "credit_score": 80
    },
    {
        "reposts_count": 0,
        "uid": 1228059051,
        "bi_followers_count": 18,
        "text": "果然是老实人，不说谎……",
        "user_description": "",
        "user_avatar": "https://tva2.sinaimg.cn/crop.0.0.180.180.50/4932b1abjw1e8qgp5bmzyj2050050aa8.jpg?KID=imgbed,tva&Expires=1584956082&ssig=Zsewdh7ARJ",
        "id": "4021710699271007",
        "city": "9",
        "province": "44",
        "friends_count": 359,
        "user_location": "广东 茂名",
        "mid": "4021710699271007",
        "verified_reason": "",
        "attitudes_count": 0,
        "followers_count": 373,
        "verified_type": -1,
        "statuses_count": 2984,
        "parent": "4021709570950548",
        "verified": false,
        "geo": null,
        "user_created_at": 1256485177,
        "favourites_count": 0,
        "screen_name": "wychang",
        "gender": "m",
        "user_geo_enabled": true,
        "username": "wychang",
        "comments_count": 0,
        "t": 1474334013,
        "video_status_count": 0,
        "urank": 23,
        "user_ability": 2097152,
        "credit_score": 80
    },
    {
        "reposts_count": 0,
        "uid": 5082069452,
        "bi_followers_count": 46,
        "text": "民主党派也学会作威作福了？",
        "user_description": "以斗争求团结则团结存，以退让求团结则团结亡。",
        "user_avatar": "https://tva3.sinaimg.cn/crop.58.16.480.480.50/005xVQq8jw1eeqok2g1htj30g20m8dn0.jpg?KID=imgbed,tva&Expires=1584956082&ssig=0JjE0BsNtC",
        "id": "4021710694699398",
        "city": "1",
        "province": "61",
        "friends_count": 1881,
        "user_location": "陕西 西安",
        "mid": "4021710694699398",
        "verified_reason": "",
        "attitudes_count": 0,
        "followers_count": 475,
        "verified_type": -1,
        "statuses_count": 10286,
        "parent": "4021709570950548",
        "verified": false,
        "geo": null,
        "user_created_at": 1395584051,
        "favourites_count": 897,
        "screen_name": "秦军尚武",
        "gender": "m",
        "user_geo_enabled": true,
        "username": "秦军尚武",
        "comments_count": 0,
        "t": 1474334011,
        "video_status_count": 0,
        "urank": 34,
        "user_ability": 0,
        "credit_score": 80
    },
    {
        "reposts_count": 0,
        "uid": 5324709717,
        "bi_followers_count": 4,
        "text": "你是委员你牛逼//@汽车中国:#政协委员，违章女司机# 女 汉族 1967年3月生 山西文水人 民盟盟员 博士研究生学历 现任北京中医药大学教务处副处长 教授 博士生导师 民盟北京市委委员 民盟区委副主委 北京中医药大学委员会主委 朝阳区政协委员 看来女司机没有说谎 。。。 via 品源世界转世",
        "user_description": "",
        "user_avatar": "https://tva2.sinaimg.cn/crop.0.0.664.664.50/005OlWeNjw8f6vw8lezb1j30ig0igdgd.jpg?KID=imgbed,tva&Expires=1584956082&ssig=oftGy9dw81",
        "id": "4021710506186378",
        "city": "9",
        "province": "13",
        "friends_count": 147,
        "user_location": "河北 沧州",
        "mid": "4021710506186378",
        "verified_reason": "",
        "attitudes_count": 0,
        "followers_count": 67,
        "verified_type": -1,
        "statuses_count": 132,
        "parent": "4021709570950548",
        "verified": false,
        "geo": null,
        "user_created_at": 1412912712,
        "favourites_count": 6,
        "screen_name": "从零做起做回自己",
        "gender": "m",
        "user_geo_enabled": true,
        "username": "从零做起做回自己",
        "comments_count": 0,
        "t": 1474333966,
        "video_status_count": 0,
        "urank": 9,
        "user_ability": 2097152,
        "credit_score": 80
    },
    {
        "reposts_count": 0,
        "uid": 1733353173,
        "bi_followers_count": 22,
        "text": "多大的官，在北京都不要牛逼，外地人不懂这个道理，以为他们家村口呢",
        "user_description": "从博弈的角度看，朴素的坚持，还是比自以为聪明的不断变化，赢面大一些。别人也许有许多优势，但我知道怎么赢。",
        "user_avatar": "https://tva4.sinaimg.cn/crop.0.0.180.180.50/6750ded5jw1e8qgp5bmzyj2050050aa8.jpg?KID=imgbed,tva&Expires=1584956082&ssig=6FGlsqjNPV",
        "id": "4021710426282749",
        "city": "2",
        "province": "11",
        "friends_count": 1115,
        "user_location": "北京 西城区",
        "mid": "4021710426282749",
        "verified_reason": "",
        "attitudes_count": 0,
        "followers_count": 317,
        "verified_type": -1,
        "statuses_count": 2271,
        "parent": "4021709570950548",
        "verified": false,
        "geo": null,
        "user_created_at": 1307254305,
        "favourites_count": 66,
        "screen_name": "赤龙趋势",
        "gender": "m",
        "user_geo_enabled": true,
        "username": "赤龙趋势",
        "comments_count": 0,
        "t": 1474333947,
        "video_status_count": 0,
        "urank": 33,
        "user_ability": 2097152,
        "credit_score": 80
    },
    {
        "reposts_count": 0,
        "uid": 3297589323,
        "bi_followers_count": 10,
        "text": "那就更应该好好，自己这样怎么去教育别人",
        "user_description": "",
        "user_avatar": "https://tvax2.sinaimg.cn/crop.0.0.512.512.50/c48d384bly8fl662odyrzj20e80e8q33.jpg?KID=imgbed,tva&Expires=1584956082&ssig=9egul1t82N",
        "id": "4021710044523351",
        "city": "4",
        "province": "32",
        "friends_count": 518,
        "user_location": "江苏 常州",
        "mid": "4021710044523351",
        "verified_reason": "",
        "attitudes_count": 0,
        "followers_count": 84,
        "verified_type": -1,
        "statuses_count": 930,
        "parent": "4021709570950548",
        "verified": false,
        "geo": null,
        "user_created_at": 1362152002,
        "favourites_count": 2,
        "screen_name": "1111那你呢",
        "gender": "m",
        "user_geo_enabled": true,
        "username": "1111那你呢",
        "comments_count": 0,
        "t": 1474333858,
        "video_status_count": 0,
        "urank": 33,
        "user_ability": 35652608,
        "credit_score": 80
    },
    {
        "reposts_count": 0,
        "uid": 3436422910,
        "bi_followers_count": 218,
        "text": "很快就不是了[微笑] //@汽车中国:#政协委员，违章女司机# 女 汉族 1967年3月生 山西文水人 民盟盟员 博士研究生学历 现任北京中医药大学教务处副处长 教授 博士生导师 民盟北京市委委员 民盟区委副主委 北京中医药大学委员会主委 朝阳区政协委员 看来女司机没有说谎 。。。 via 品源世界转世",
        "user_description": "粗茶淡饭香",
        "user_avatar": "https://tvax2.sinaimg.cn/crop.0.0.996.996.50/ccd3a6fely8g9vh57kxt9j20ro0ro0ux.jpg?KID=imgbed,tva&Expires=1584956082&ssig=j7s%2F2zH39U",
        "id": "4021710015636915",
        "city": "1000",
        "province": "37",
        "friends_count": 294,
        "user_location": "山东",
        "mid": "4021710015636915",
        "verified_reason": "",
        "attitudes_count": 0,
        "followers_count": 981,
        "verified_type": 220,
        "statuses_count": 7,
        "parent": "4021709570950548",
        "verified": false,
        "geo": null,
        "user_created_at": 1368004112,
        "favourites_count": 1425,
        "screen_name": "李_大吉",
        "gender": "m",
        "user_geo_enabled": true,
        "username": "李_大吉",
        "comments_count": 0,
        "t": 1474333849,
        "video_status_count": 0,
        "urank": 44,
        "user_ability": 2097152,
        "credit_score": 80
    },
    {
        "reposts_count": 0,
        "uid": 2850763987,
        "bi_followers_count": 85,
        "text": "吕梁文水县",
        "user_description": "生活不止眼前的苟且，还有G和远方。",
        "user_avatar": "https://tvax1.sinaimg.cn/crop.0.0.1080.1080.50/a9eb34d3ly8fftdyffg1qj20u00u0q4f.jpg?KID=imgbed,tva&Expires=1584956082&ssig=vrMrOJVj%2BK",
        "id": "4021709977613431",
        "city": "1000",
        "province": "14",
        "friends_count": 437,
        "user_location": "山西",
        "mid": "4021709977613431",
        "verified_reason": "汽车博主",
        "attitudes_count": 0,
        "followers_count": 11408,
        "verified_type": 0,
        "statuses_count": 9666,
        "parent": "4021709570950548",
        "verified": true,
        "geo": null,
        "user_created_at": 1341368079,
        "favourites_count": 94,
        "screen_name": "奔驰的大G",
        "gender": "m",
        "user_geo_enabled": true,
        "username": "奔驰的大G",
        "comments_count": 0,
        "t": 1474333841,
        "video_status_count": 0,
        "urank": 39,
        "user_ability": 2359304,
        "credit_score": 80
    },
    {
        "reposts_count": 0,
        "uid": 1460412760,
        "bi_followers_count": 0,
        "text": "//@汽车中国: #政协委员，违章女司机# 女 汉族 1967年3月生 山西文水人 民盟盟员 博士研究生学历 现任北京中医药大学教务处副处长 教授 博士生导师 民盟北京市委委员 民盟区委副主委 北京中医药大学委员会主委 朝阳区政协委员 看来女司机没有说谎 。。。 via 品源世界转世",
        "user_description": "",
        "user_avatar": "https://tvax1.sinaimg.cn/default/images/default_avatar_male_50.gif?KID=imgbed,tva&Expires=1584956082&ssig=%2FAWycCDqyQ",
        "id": "4021709864524099",
        "city": "4",
        "province": "12",
        "friends_count": 29,
        "user_location": "天津 南开区",
        "mid": "4021709864524099",
        "verified_reason": "",
        "attitudes_count": 0,
        "followers_count": 51,
        "verified_type": -1,
        "statuses_count": 337,
        "parent": "4021709570950548",
        "verified": false,
        "geo": null,
        "user_created_at": 1322008702,
        "favourites_count": 67,
        "screen_name": "beyond676",
        "gender": "m",
        "user_geo_enabled": false,
        "username": "beyond676",
        "comments_count": 0,
        "t": 1474333814,
        "video_status_count": 0,
        "urank": 8,
        "user_ability": 2097152,
        "credit_score": 80
    }
]