[
    {
        "reposts_count": 3,
        "uid": 1689313121,
        "bi_followers_count": 761,
        "text": "女 汉族 1967年3月生 山西文水人 民盟盟员 博士研究生学历 现任北京中医药大学教务处副处长 教授 博士生导师 民盟北京市委委员 民盟区委副主委 北京中医药大学委员会主委 朝阳区政协委员-这个就是前几天违章停车，和交警叫嚣自己是委员的那个 ​",
        "user_description": "乐途旅游网专栏作家 河北省燕赵名博沙龙成员 爱特传媒 董事长",
        "user_avatar": "https://tvax1.sinaimg.cn/crop.0.0.996.996.50/64b0df61ly8g1gjgpc1jgj20ro0ro433.jpg?KID=imgbed,tva&Expires=1584956081&ssig=3O4JV%2B1yXj",
        "id": "4021680039284934",
        "city": "1000",
        "province": "13",
        "friends_count": 848,
        "user_location": "河北",
        "mid": "4021680039284934",
        "verified_reason": "微博签约自媒体",
        "attitudes_count": 5,
        "followers_count": 81372,
        "verified_type": 0,
        "statuses_count": 55620,
        "parent": null,
        "verified": true,
        "geo": null,
        "user_created_at": 1280843370,
        "favourites_count": 58,
        "screen_name": "塞外黑嘴",
        "gender": "m",
        "user_geo_enabled": false,
        "username": "塞外黑嘴",
        "comments_count": 19,
        "t": 1474326703,
        "video_status_count": 0,
        "urank": 48,
        "user_ability": 9702168,
        "credit_score": 78
    },
    {
        "reposts_count": 0,
        "uid": 2315455021,
        "bi_followers_count": 73,
        "text": "假的，谣言",
        "user_description": "打两个滚，踢几脚球，赛几趟跑",
        "user_avatar": "https://tva2.sinaimg.cn/crop.0.112.550.550.50/8a030a2djw1ejq2ko6w5xj20fa0ljtak.jpg?KID=imgbed,tva&Expires=1584956081&ssig=DMBjuIpMjm",
        "id": "4022210798253165",
        "city": "10",
        "province": "37",
        "friends_count": 278,
        "user_location": "山东 威海",
        "mid": "4022210798253165",
        "verified_reason": "",
        "attitudes_count": 0,
        "followers_count": 569,
        "verified_type": -1,
        "statuses_count": 1087,
        "parent": "4021680039284934",
        "verified": false,
        "geo": null,
        "user_created_at": 1325301781,
        "favourites_count": 15,
        "screen_name": "去你一边",
        "gender": "m",
        "user_geo_enabled": true,
        "username": "去你一边",
        "comments_count": 0,
        "t": 1474453246,
        "video_status_count": 0,
        "urank": 32,
        "user_ability": 0,
        "credit_score": 80
    },
    {
        "reposts_count": 0,
        "uid": 1176628583,
        "bi_followers_count": 156,
        "text": "造谣生事，等正上法院吧，垃圾",
        "user_description": "Имя твоё неизвестно. Подвиг твой бессмертен.",
        "user_avatar": "https://tvax3.sinaimg.cn/crop.0.0.996.996.50/4621ed67ly8fxbet2l5aaj20ro0rota0.jpg?KID=imgbed,tva&Expires=1584956081&ssig=%2BDKgQkhK1c",
        "id": "4022164409587699",
        "city": "2",
        "province": "11",
        "friends_count": 1936,
        "user_location": "北京 西城区",
        "mid": "4022164409587699",
        "verified_reason": "",
        "attitudes_count": 0,
        "followers_count": 746,
        "verified_type": 220,
        "statuses_count": 25316,
        "parent": "4021680039284934",
        "verified": false,
        "geo": null,
        "user_created_at": 1259595042,
        "favourites_count": 229,
        "screen_name": "九十点钟的太阳",
        "gender": "m",
        "user_geo_enabled": true,
        "username": "九十点钟的太阳",
        "comments_count": 0,
        "t": 1474442186,
        "video_status_count": 0,
        "urank": 40,
        "user_ability": 2097152,
        "credit_score": 80
    },
    {
        "reposts_count": 0,
        "uid": 1904420787,
        "bi_followers_count": 712,
        "text": "你被和谐了",
        "user_description": "时间能让你看清一切",
        "user_avatar": "https://tvax1.sinaimg.cn/crop.0.0.1080.1080.50/718327b3ly8g6keinqtk5j20u00u041j.jpg?KID=imgbed,tva&Expires=1584956081&ssig=KSVu3%2BJCD8",
        "id": "4022121166997674",
        "city": "1000",
        "province": "400",
        "friends_count": 782,
        "user_location": "海外",
        "mid": "4022121166997674",
        "verified_reason": "",
        "attitudes_count": 0,
        "followers_count": 1886,
        "verified_type": 220,
        "statuses_count": 2259,
        "parent": "4021680039284934",
        "verified": false,
        "geo": null,
        "user_created_at": 1293449869,
        "favourites_count": 193,
        "screen_name": "人呀余生",
        "gender": "m",
        "user_geo_enabled": true,
        "username": "人呀余生",
        "comments_count": 0,
        "t": 1474431876,
        "video_status_count": 0,
        "urank": 37,
        "user_ability": 0,
        "credit_score": 80
    },
    {
        "reposts_count": 0,
        "uid": 1359560847,
        "bi_followers_count": 2,
        "text": "如果造谣可以判刑该多好",
        "user_description": "这是一只宅",
        "user_avatar": "https://tva1.sinaimg.cn/crop.0.0.996.996.50/5109408fjw8f47ht0r27bj20ro0rpgnv.jpg?KID=imgbed,tva&Expires=1584956081&ssig=tHLs9F4In7",
        "id": "4021836163061087",
        "city": "1",
        "province": "32",
        "friends_count": 92,
        "user_location": "江苏 南京",
        "mid": "4021836163061087",
        "verified_reason": "",
        "attitudes_count": 0,
        "followers_count": 19,
        "verified_type": -1,
        "statuses_count": 123,
        "parent": "4021680039284934",
        "verified": false,
        "geo": null,
        "user_created_at": 1394116802,
        "favourites_count": 29,
        "screen_name": "狂犬琪露诺poi",
        "gender": "f",
        "user_geo_enabled": true,
        "username": "狂犬琪露诺poi",
        "comments_count": 0,
        "t": 1474363925,
        "video_status_count": 0,
        "urank": 9,
        "user_ability": 35651584,
        "credit_score": 80
    },
    {
        "reposts_count": 0,
        "uid": 5359864941,
        "bi_followers_count": 13,
        "text": "微博管理已发微博处理你[good]",
        "user_description": "记录生活点滴从新浪开始",
        "user_avatar": "https://tvax2.sinaimg.cn/crop.0.19.1242.1242.50/005QJrIxly8fh0pr7sjnxj30yi0zl0zo.jpg?KID=imgbed,tva&Expires=1584956081&ssig=sGUTG7vrya",
        "id": "4021828307067097",
        "city": "1",
        "province": "11",
        "friends_count": 124,
        "user_location": "北京 东城区",
        "mid": "4021828307067097",
        "verified_reason": "北京金腾美业教育科技有限公司深圳分公司执行人",
        "attitudes_count": 0,
        "followers_count": 2625,
        "verified_type": 0,
        "statuses_count": 107,
        "parent": "4021680039284934",
        "verified": true,
        "geo": null,
        "user_created_at": 1415173800,
        "favourites_count": 19,
        "screen_name": "力生Tyrant",
        "gender": "m",
        "user_geo_enabled": true,
        "username": "力生Tyrant",
        "comments_count": 0,
        "t": 1474362053,
        "video_status_count": 0,
        "urank": 14,
        "user_ability": 0,
        "credit_score": 80
    },
    {
        "reposts_count": 0,
        "uid": 1997114105,
        "bi_followers_count": 76,
        "text": "我就是北京中医药大学的职工，您博文里描述的人跟您照片上的人根本就不是一个人！！！您的博文不仅诋毁了我们同事的名誉，也诋毁了我们北中医的名誉。希望博主发表博文之前对事情做个调查，不要无中生有。",
        "user_description": "",
        "user_avatar": "https://tva2.sinaimg.cn/crop.0.0.180.180.50/77098af9jw1e8qgp5bmzyj2050050aa8.jpg?KID=imgbed,tva&Expires=1584956081&ssig=lmn5Q9LSp2",
        "id": "4021782161779077",
        "city": "1",
        "province": "11",
        "friends_count": 121,
        "user_location": "北京 东城区",
        "mid": "4021782161779077",
        "verified_reason": "",
        "attitudes_count": 0,
        "followers_count": 253,
        "verified_type": -1,
        "statuses_count": 2598,
        "parent": "4021680039284934",
        "verified": false,
        "geo": null,
        "user_created_at": 1298855128,
        "favourites_count": 2,
        "screen_name": "丫儿爱飞鱼",
        "gender": "f",
        "user_geo_enabled": true,
        "username": "丫儿爱飞鱼",
        "comments_count": 0,
        "t": 1474351051,
        "video_status_count": 0,
        "urank": 16,
        "user_ability": 0,
        "credit_score": 80
    },
    {
        "reposts_count": 0,
        "uid": 2856814670,
        "bi_followers_count": 3,
        "text": "次博文中当事人信息严重失实，当事人已经报案，涉嫌诽谤和人生攻击。",
        "user_description": "中国民主同盟盟员",
        "user_avatar": "https://tvax2.sinaimg.cn/crop.0.147.1314.1314.50/aa47884ely1fsikggxiuhj210i18ptk4.jpg?KID=imgbed,tva&Expires=1584956081&ssig=TZMzFuG3Im",
        "id": "4021744127382156",
        "city": "5",
        "province": "11",
        "friends_count": 85,
        "user_location": "北京 朝阳区",
        "mid": "4021744127382156",
        "verified_reason": "",
        "attitudes_count": 0,
        "followers_count": 28,
        "verified_type": -1,
        "statuses_count": 9,
        "parent": "4021680039284934",
        "verified": false,
        "geo": null,
        "user_created_at": 1341116184,
        "favourites_count": 0,
        "screen_name": "潜影飞龙",
        "gender": "m",
        "user_geo_enabled": true,
        "username": "潜影飞龙",
        "comments_count": 0,
        "t": 1474341983,
        "video_status_count": 0,
        "urank": 8,
        "user_ability": 0,
        "credit_score": 80
    },
    {
        "reposts_count": 0,
        "uid": 1658391561,
        "bi_followers_count": 64,
        "text": "回复@塞外黑嘴:的确，世间自有公道，每个人都需要为自己的作为承担责任，您也一样。",
        "user_description": "",
        "user_avatar": "https://tva2.sinaimg.cn/crop.0.0.180.180.50/62d90c09jw1e8qgp5bmzyj2050050aa8.jpg?KID=imgbed,tva&Expires=1584956081&ssig=98oDqdTGaK",
        "id": "4021709667157403",
        "city": "5",
        "province": "11",
        "friends_count": 138,
        "user_location": "北京 朝阳区",
        "mid": "4021709667157403",
        "verified_reason": "",
        "attitudes_count": 0,
        "followers_count": 150,
        "verified_type": -1,
        "statuses_count": 830,
        "parent": "4021680039284934",
        "verified": false,
        "geo": null,
        "user_created_at": 1257305164,
        "favourites_count": 7,
        "screen_name": "奔跑的香锅",
        "gender": "m",
        "user_geo_enabled": true,
        "username": "奔跑的香锅",
        "comments_count": 0,
        "t": 1474333766,
        "video_status_count": 0,
        "urank": 15,
        "user_ability": 2097152,
        "credit_score": 80
    },
    {
        "reposts_count": 0,
        "uid": 1689313121,
        "bi_followers_count": 761,
        "text": "回复@心平气和-王铮:世间自有公道",
        "user_description": "乐途旅游网专栏作家 河北省燕赵名博沙龙成员 爱特传媒 董事长",
        "user_avatar": "https://tvax1.sinaimg.cn/crop.0.0.996.996.50/64b0df61ly8g1gjgpc1jgj20ro0ro433.jpg?KID=imgbed,tva&Expires=1584956081&ssig=3O4JV%2B1yXj",
        "id": "4021708695008259",
        "city": "1000",
        "province": "13",
        "friends_count": 848,
        "user_location": "河北",
        "mid": "4021708695008259",
        "verified_reason": "微博签约自媒体",
        "attitudes_count": 0,
        "followers_count": 81373,
        "verified_type": 0,
        "statuses_count": 55620,
        "parent": "4021680039284934",
        "verified": true,
        "geo": null,
        "user_created_at": 1280843370,
        "favourites_count": 58,
        "screen_name": "塞外黑嘴",
        "gender": "m",
        "user_geo_enabled": false,
        "username": "塞外黑嘴",
        "comments_count": 0,
        "t": 1474333535,
        "video_status_count": 0,
        "urank": 48,
        "user_ability": 9702168,
        "credit_score": 78
    },
    {
        "reposts_count": 0,
        "uid": 1658391561,
        "bi_followers_count": 64,
        "text": "@塞外黑嘴，您好！您的微博中提到了民盟组织，我恰好是其中的一位盟员。经查，“919违章停车\"事件中的当事人并非您微博中提及的那位我区盟员。我个人郑重要求您立即做出以下反应：承认微博发布失实、向您提及的盟员及民盟组织道歉，并负责消除后续影响。否则，您恐怕需承担相应的法律责任。",
        "user_description": "",
        "user_avatar": "https://tva2.sinaimg.cn/crop.0.0.180.180.50/62d90c09jw1e8qgp5bmzyj2050050aa8.jpg?KID=imgbed,tva&Expires=1584956081&ssig=98oDqdTGaK",
        "id": "4021707330917372",
        "city": "5",
        "province": "11",
        "friends_count": 138,
        "user_location": "北京 朝阳区",
        "mid": "4021707330917372",
        "verified_reason": "",
        "attitudes_count": 0,
        "followers_count": 150,
        "verified_type": -1,
        "statuses_count": 830,
        "parent": "4021680039284934",
        "verified": false,
        "geo": null,
        "user_created_at": 1257305164,
        "favourites_count": 7,
        "screen_name": "奔跑的香锅",
        "gender": "m",
        "user_geo_enabled": true,
        "username": "奔跑的香锅",
        "comments_count": 0,
        "t": 1474333210,
        "video_status_count": 0,
        "urank": 15,
        "user_ability": 2097152,
        "credit_score": 80
    },
    {
        "reposts_count": 0,
        "uid": 1153440221,
        "bi_followers_count": 1060,
        "text": "行为不检",
        "user_description": "戏中有文 文中有戏 懂调的看调 不懂调的听音 音中有调 调中有音 识文者看文 不识文者看戏",
        "user_avatar": "https://tva2.sinaimg.cn/crop.302.7.711.711.50/44c019ddjw8evocy6aivlj20zk0k1abw.jpg?KID=imgbed,tva&Expires=1584956081&ssig=J7yGSZCxlo",
        "id": "4021700217489324",
        "city": "1000",
        "province": "32",
        "friends_count": 1712,
        "user_location": "江苏",
        "mid": "4021700217489324",
        "verified_reason": "红豆居家移动电商部经理",
        "attitudes_count": 0,
        "followers_count": 106869,
        "verified_type": 0,
        "statuses_count": 1035,
        "parent": "4021680039284934",
        "verified": true,
        "geo": null,
        "user_created_at": 1376510350,
        "favourites_count": 27,
        "screen_name": "東哥東",
        "gender": "m",
        "user_geo_enabled": false,
        "username": "東哥東",
        "comments_count": 0,
        "t": 1474331514,
        "video_status_count": 0,
        "urank": 34,
        "user_ability": 2099212,
        "credit_score": 80
    },
    {
        "reposts_count": 0,
        "uid": 1919167153,
        "bi_followers_count": 42,
        "text": "浮躁",
        "user_description": "老板，给我来碗真爱，不要加盐，不要加醋，什么都不要加，我喜欢原味",
        "user_avatar": "https://tva4.sinaimg.cn/crop.0.0.720.720.50/72642ab1jw8ewid4frwqfj20k00k00tv.jpg?KID=imgbed,tva&Expires=1584956081&ssig=im6SI52RWO",
        "id": "4021687970836333",
        "city": "7",
        "province": "13",
        "friends_count": 171,
        "user_location": "河北 张家口",
        "mid": "4021687970836333",
        "verified_reason": "",
        "attitudes_count": 0,
        "followers_count": 114,
        "verified_type": -1,
        "statuses_count": 3815,
        "parent": "4021680039284934",
        "verified": false,
        "geo": null,
        "user_created_at": 1294821325,
        "favourites_count": 185,
        "screen_name": "-不碰爱情-",
        "gender": "m",
        "user_geo_enabled": true,
        "username": "-不碰爱情-",
        "comments_count": 0,
        "t": 1474328593,
        "video_status_count": 0,
        "urank": 33,
        "user_ability": 0,
        "credit_score": 80
    },
    {
        "reposts_count": 0,
        "uid": 1807846753,
        "bi_followers_count": 776,
        "text": "我以为是全国政协委员呢。。。",
        "user_description": "暂被官方认定为一个有功利性，有目的性的人…",
        "user_avatar": "https://tvax2.sinaimg.cn/crop.0.0.1125.1125.50/6bc18d61ly8fqei9oak2tj20v90v9wi0.jpg?KID=imgbed,tva&Expires=1584956081&ssig=tO49IgJYJw",
        "id": "4021687144133837",
        "city": "1000",
        "province": "11",
        "friends_count": 785,
        "user_location": "北京",
        "mid": "4021687144133837",
        "verified_reason": "",
        "attitudes_count": 0,
        "followers_count": 5460,
        "verified_type": 220,
        "statuses_count": 4082,
        "parent": "4021680039284934",
        "verified": false,
        "geo": null,
        "user_created_at": 1283378713,
        "favourites_count": 456,
        "screen_name": "骑驴去首都",
        "gender": "m",
        "user_geo_enabled": true,
        "username": "骑驴去首都",
        "comments_count": 0,
        "t": 1474328397,
        "video_status_count": 0,
        "urank": 47,
        "user_ability": 2098184,
        "credit_score": 79
    },
    {
        "reposts_count": 0,
        "uid": 2972422571,
        "bi_followers_count": 2,
        "text": "国家的法律都是领导们破坏的，领导们到什么时候开始尊重法律，国家才有希望。",
        "user_description": "",
        "user_avatar": "https://tva3.sinaimg.cn/crop.0.0.180.180.50/b12b91abjw1e8qgp5bmzyj2050050aa8.jpg?KID=imgbed,tva&Expires=1584956081&ssig=dzWQkKuU9P",
        "id": "4021684430758187",
        "city": "1000",
        "province": "13",
        "friends_count": 192,
        "user_location": "河北",
        "mid": "4021684430758187",
        "verified_reason": "",
        "attitudes_count": 0,
        "followers_count": 58,
        "verified_type": -1,
        "statuses_count": 174,
        "parent": "4021680039284934",
        "verified": false,
        "geo": null,
        "user_created_at": 1349227744,
        "favourites_count": 97,
        "screen_name": "华仔佳嘉",
        "gender": "f",
        "user_geo_enabled": true,
        "username": "华仔佳嘉",
        "comments_count": 0,
        "t": 1474327749,
        "video_status_count": 0,
        "urank": 14,
        "user_ability": 0,
        "credit_score": 80
    },
    {
        "reposts_count": 0,
        "uid": 3372475764,
        "bi_followers_count": 182,
        "text": "面由心生，长得就凶",
        "user_description": "我有时候会想到你，你应该是在北方……",
        "user_avatar": "https://tvax2.sinaimg.cn/crop.0.0.1080.1080.50/c903e574ly8fzr1ob35f9j20u00u07a4.jpg?KID=imgbed,tva&Expires=1584956081&ssig=PHqgCt%2BMa5",
        "id": "4021682295547295",
        "city": "1",
        "province": "13",
        "friends_count": 1457,
        "user_location": "河北 石家庄",
        "mid": "4021682295547295",
        "verified_reason": "",
        "attitudes_count": 0,
        "followers_count": 10394,
        "verified_type": 220,
        "statuses_count": 5161,
        "parent": "4021680039284934",
        "verified": false,
        "geo": null,
        "user_created_at": 1367026575,
        "favourites_count": 36,
        "screen_name": "镜_心_苑",
        "gender": "f",
        "user_geo_enabled": true,
        "username": "镜_心_苑",
        "comments_count": 0,
        "t": 1474327240,
        "video_status_count": 0,
        "urank": 41,
        "user_ability": 3145736,
        "credit_score": 80
    },
    {
        "reposts_count": 0,
        "uid": 1173362110,
        "bi_followers_count": 76,
        "text": "老母猪一枚",
        "user_description": "北京天意供暖有限公司总工程师。主营小区锅炉供暖托管运行，低氮燃烧技术设备推广，物业管理。",
        "user_avatar": "https://tva3.sinaimg.cn/crop.0.0.664.664.50/45f015bejw8f7k3ckr466j20ig0igmye.jpg?KID=imgbed,tva&Expires=1584956081&ssig=YfRhNLmGVV",
        "id": "4021680974124348",
        "city": "1000",
        "province": "11",
        "friends_count": 838,
        "user_location": "北京",
        "mid": "4021680974124348",
        "verified_reason": "",
        "attitudes_count": 0,
        "followers_count": 1192,
        "verified_type": -1,
        "statuses_count": 15677,
        "parent": "4021680039284934",
        "verified": false,
        "geo": null,
        "user_created_at": 1278643649,
        "favourites_count": 143,
        "screen_name": "城市热冷运营",
        "gender": "m",
        "user_geo_enabled": true,
        "username": "城市热冷运营",
        "comments_count": 0,
        "t": 1474326926,
        "video_status_count": 0,
        "urank": 35,
        "user_ability": 2097152,
        "credit_score": 69
    }
]