[
    {
        "reposts_count": 20,
        "uid": 3043920452,
        "bi_followers_count": 68,
        "text": "婚礼喜庆放烟花，飞入高层一人家，火势汹汹不可挡，又从楼上蔓楼下。（据悉，时间:9月19日。地点:天津市北辰区富錦华庭。） http://t.cn/RcOe3Rf . ​",
        "user_description": "创建微博初衷，因为《星光大道》征集歌词。《星光闪耀》虽百余文字，却也煞费心思绞尽脑汁。",
        "user_avatar": "https://tva1.sinaimg.cn/crop.0.0.664.664.50/b56e8a44jw8ezhu28mjdvj20ig0ig0tu.jpg?KID=imgbed,tva&Expires=1584956073&ssig=L7Rf3PlMme",
        "id": "4022074198881227",
        "city": "1000",
        "province": "13",
        "friends_count": 301,
        "user_location": "河北",
        "mid": "4022074198881227",
        "verified_reason": "",
        "attitudes_count": 29,
        "followers_count": 576,
        "verified_type": -1,
        "statuses_count": 4213,
        "parent": null,
        "verified": false,
        "geo": null,
        "user_created_at": 1356837954,
        "favourites_count": 3,
        "screen_name": "苍生路语",
        "gender": "m",
        "user_geo_enabled": true,
        "username": "苍生路语",
        "comments_count": 16,
        "t": 1474420678,
        "video_status_count": 0,
        "urank": 38,
        "user_ability": 262144,
        "credit_score": 78
    },
    {
        "reposts_count": 0,
        "uid": 3043920452,
        "bi_followers_count": 68,
        "text": "回复@独自等待3150248070:是的，但是现在微博无法删除。[doge]",
        "user_description": "创建微博初衷，因为《星光大道》征集歌词。《星光闪耀》虽百余文字，却也煞费心思绞尽脑汁。",
        "user_avatar": "https://tva1.sinaimg.cn/crop.0.0.664.664.50/b56e8a44jw8ezhu28mjdvj20ig0ig0tu.jpg?KID=imgbed,tva&Expires=1584956073&ssig=L7Rf3PlMme",
        "id": "4024388451999673",
        "city": "1000",
        "province": "13",
        "friends_count": 301,
        "user_location": "河北",
        "mid": "4024388451999673",
        "verified_reason": "",
        "attitudes_count": 0,
        "followers_count": 575,
        "verified_type": -1,
        "statuses_count": 4194,
        "parent": "4022074198881227",
        "verified": false,
        "geo": null,
        "user_created_at": 1356837954,
        "favourites_count": 3,
        "screen_name": "苍生路语",
        "gender": "m",
        "user_geo_enabled": true,
        "username": "苍生路语",
        "comments_count": 0,
        "t": 1474972439,
        "video_status_count": 0,
        "urank": 38,
        "user_ability": 262144,
        "credit_score": 78
    },
    {
        "reposts_count": 0,
        "uid": 3150248070,
        "bi_followers_count": 4,
        "text": "看着设施和车辆也不像国内的。楼体外墙易燃材料。",
        "user_description": "普天之下，莫非王土；率土之滨，莫非王臣。",
        "user_avatar": "https://tva2.sinaimg.cn/crop.0.0.749.749.50/bbc4f886jw8f3mtx26zd0j20ku0ktt9y.jpg?KID=imgbed,tva&Expires=1584956073&ssig=WqpUd%2BIKV9",
        "id": "4024358151802467",
        "city": "12",
        "province": "37",
        "friends_count": 250,
        "user_location": "山东 莱芜",
        "mid": "4024358151802467",
        "verified_reason": "",
        "attitudes_count": 0,
        "followers_count": 65,
        "verified_type": -1,
        "statuses_count": 38,
        "parent": "4022074198881227",
        "verified": false,
        "geo": null,
        "user_created_at": 1359653351,
        "favourites_count": 568,
        "screen_name": "独自等待3150248070",
        "gender": "m",
        "user_geo_enabled": true,
        "username": "独自等待3150248070",
        "comments_count": 0,
        "t": 1474965215,
        "video_status_count": 0,
        "urank": 9,
        "user_ability": 0,
        "credit_score": 80
    },
    {
        "reposts_count": 0,
        "uid": 3043920452,
        "bi_followers_count": 68,
        "text": "回复@庄燕翔:欲删除这条微博，该怎么办?[作揖]",
        "user_description": "创建微博初衷，因为《星光大道》征集歌词。《星光闪耀》虽百余文字，却也煞费心思绞尽脑汁。",
        "user_avatar": "https://tva1.sinaimg.cn/crop.0.0.664.664.50/b56e8a44jw8ezhu28mjdvj20ig0ig0tu.jpg?KID=imgbed,tva&Expires=1584956073&ssig=L7Rf3PlMme",
        "id": "4024043164226097",
        "city": "1000",
        "province": "13",
        "friends_count": 301,
        "user_location": "河北",
        "mid": "4024043164226097",
        "verified_reason": "",
        "attitudes_count": 0,
        "followers_count": 575,
        "verified_type": -1,
        "statuses_count": 4194,
        "parent": "4022074198881227",
        "verified": false,
        "geo": null,
        "user_created_at": 1356837954,
        "favourites_count": 3,
        "screen_name": "苍生路语",
        "gender": "m",
        "user_geo_enabled": true,
        "username": "苍生路语",
        "comments_count": 0,
        "t": 1474890116,
        "video_status_count": 0,
        "urank": 38,
        "user_ability": 262144,
        "credit_score": 78
    },
    {
        "reposts_count": 0,
        "uid": 1975158357,
        "bi_followers_count": 324,
        "text": "这个不是辟谣了吗？？？你确定不是谣言？",
        "user_description": "己所不欲勿施于人~！",
        "user_avatar": "https://tvax1.sinaimg.cn/crop.8.0.734.734.50/75ba8655ly8fhxhhdryfyj20ku0keaba.jpg?KID=imgbed,tva&Expires=1584956073&ssig=AWFxY%2BR2%2FJ",
        "id": "4023726456417313",
        "city": "15",
        "province": "31",
        "friends_count": 1580,
        "user_location": "上海 浦东新区",
        "mid": "4023726456417313",
        "verified_reason": "",
        "attitudes_count": 0,
        "followers_count": 751,
        "verified_type": -1,
        "statuses_count": 2849,
        "parent": "4022074198881227",
        "verified": false,
        "geo": null,
        "user_created_at": 1394369461,
        "favourites_count": 11,
        "screen_name": "啸看風雲tiger",
        "gender": "m",
        "user_geo_enabled": true,
        "username": "啸看風雲tiger",
        "comments_count": 0,
        "t": 1474814606,
        "video_status_count": 0,
        "urank": 33,
        "user_ability": 2097152,
        "credit_score": 80
    },
    {
        "reposts_count": 0,
        "uid": 3043920452,
        "bi_followers_count": 68,
        "text": "回复@就是不爱吃草的兔子 的赞:事件地点与时间皆为虚假，谢赞。[作揖]",
        "user_description": "创建微博初衷，因为《星光大道》征集歌词。《星光闪耀》虽百余文字，却也煞费心思绞尽脑汁。",
        "user_avatar": "https://tva1.sinaimg.cn/crop.0.0.664.664.50/b56e8a44jw8ezhu28mjdvj20ig0ig0tu.jpg?KID=imgbed,tva&Expires=1584956073&ssig=L7Rf3PlMme",
        "id": "4023245478698054",
        "city": "1000",
        "province": "13",
        "friends_count": 301,
        "user_location": "河北",
        "mid": "4023245478698054",
        "verified_reason": "",
        "attitudes_count": 0,
        "followers_count": 575,
        "verified_type": -1,
        "statuses_count": 4194,
        "parent": "4022074198881227",
        "verified": false,
        "geo": null,
        "user_created_at": 1356837954,
        "favourites_count": 3,
        "screen_name": "苍生路语",
        "gender": "m",
        "user_geo_enabled": true,
        "username": "苍生路语",
        "comments_count": 0,
        "t": 1474699933,
        "video_status_count": 0,
        "urank": 38,
        "user_ability": 262144,
        "credit_score": 78
    },
    {
        "reposts_count": 0,
        "uid": 3043920452,
        "bi_followers_count": 68,
        "text": "回复@碧雪清风3888 的赞:证实为虚假的，系阿联酋大火。[作揖]",
        "user_description": "创建微博初衷，因为《星光大道》征集歌词。《星光闪耀》虽百余文字，却也煞费心思绞尽脑汁。",
        "user_avatar": "https://tva1.sinaimg.cn/crop.0.0.664.664.50/b56e8a44jw8ezhu28mjdvj20ig0ig0tu.jpg?KID=imgbed,tva&Expires=1584956073&ssig=L7Rf3PlMme",
        "id": "4023237366677629",
        "city": "1000",
        "province": "13",
        "friends_count": 301,
        "user_location": "河北",
        "mid": "4023237366677629",
        "verified_reason": "",
        "attitudes_count": 0,
        "followers_count": 575,
        "verified_type": -1,
        "statuses_count": 4194,
        "parent": "4022074198881227",
        "verified": false,
        "geo": null,
        "user_created_at": 1356837954,
        "favourites_count": 3,
        "screen_name": "苍生路语",
        "gender": "m",
        "user_geo_enabled": true,
        "username": "苍生路语",
        "comments_count": 0,
        "t": 1474697998,
        "video_status_count": 0,
        "urank": 38,
        "user_ability": 262144,
        "credit_score": 78
    },
    {
        "reposts_count": 0,
        "uid": 5053971243,
        "bi_followers_count": 36,
        "text": "我母校四十七中学旁边就是富锦华庭，一年没回去就这样了？逗比吧！瞎说！看30秒那种热带树木天津还是种不了吧",
        "user_description": "~(≧▽≦)/~",
        "user_avatar": "https://tvax1.sinaimg.cn/crop.0.0.512.512.50/005w1WNdly8g3tzjryzmbj30e80e8abh.jpg?KID=imgbed,tva&Expires=1584956073&ssig=GSXST9TDgt",
        "id": "4022648105276786",
        "city": "13",
        "province": "12",
        "friends_count": 95,
        "user_location": "天津 北辰区",
        "mid": "4022648105276786",
        "verified_reason": "",
        "attitudes_count": 0,
        "followers_count": 222,
        "verified_type": -1,
        "statuses_count": 111,
        "parent": "4022074198881227",
        "verified": false,
        "geo": null,
        "user_created_at": 1393685004,
        "favourites_count": 8,
        "screen_name": "偷偷的wwwwin",
        "gender": "m",
        "user_geo_enabled": true,
        "username": "偷偷的wwwwin",
        "comments_count": 0,
        "t": 1474557507,
        "video_status_count": 0,
        "urank": 29,
        "user_ability": 36963328,
        "credit_score": 80
    },
    {
        "reposts_count": 0,
        "uid": 1911305863,
        "bi_followers_count": 172,
        "text": "胡说八道，你见过中国消防车是黄色的？",
        "user_description": "",
        "user_avatar": "https://tva4.sinaimg.cn/crop.0.0.374.374.50/71ec3687jw8f1k4iddi9rj20ae0aemxi.jpg?KID=imgbed,tva&Expires=1584956073&ssig=Z9UaroSzxT",
        "id": "4022286895741774",
        "city": "1000",
        "province": "32",
        "friends_count": 1377,
        "user_location": "江苏",
        "mid": "4022286895741774",
        "verified_reason": "",
        "attitudes_count": 0,
        "followers_count": 1054,
        "verified_type": -1,
        "statuses_count": 2556,
        "parent": "4022074198881227",
        "verified": false,
        "geo": null,
        "user_created_at": 1294115920,
        "favourites_count": 100,
        "screen_name": "千乘六石",
        "gender": "m",
        "user_geo_enabled": true,
        "username": "千乘六石",
        "comments_count": 0,
        "t": 1474471389,
        "video_status_count": 0,
        "urank": 33,
        "user_ability": 0,
        "credit_score": 79
    },
    {
        "reposts_count": 0,
        "uid": 3043920452,
        "bi_followers_count": 68,
        "text": "视频由微信转发而来，似乎当为阿联酋2015年大火。[挖鼻][挖鼻]",
        "user_description": "创建微博初衷，因为《星光大道》征集歌词。《星光闪耀》虽百余文字，却也煞费心思绞尽脑汁。",
        "user_avatar": "https://tva1.sinaimg.cn/crop.0.0.664.664.50/b56e8a44jw8ezhu28mjdvj20ig0ig0tu.jpg?KID=imgbed,tva&Expires=1584956073&ssig=L7Rf3PlMme",
        "id": "4022260786655113",
        "city": "1000",
        "province": "13",
        "friends_count": 301,
        "user_location": "河北",
        "mid": "4022260786655113",
        "verified_reason": "",
        "attitudes_count": 0,
        "followers_count": 575,
        "verified_type": -1,
        "statuses_count": 4194,
        "parent": "4022074198881227",
        "verified": false,
        "geo": null,
        "user_created_at": 1356837954,
        "favourites_count": 3,
        "screen_name": "苍生路语",
        "gender": "m",
        "user_geo_enabled": true,
        "username": "苍生路语",
        "comments_count": 0,
        "t": 1474465164,
        "video_status_count": 0,
        "urank": 38,
        "user_ability": 262144,
        "credit_score": 78
    },
    {
        "reposts_count": 0,
        "uid": 3043920452,
        "bi_followers_count": 68,
        "text": "回复@大鼻Sam:多谢指正[作揖]",
        "user_description": "创建微博初衷，因为《星光大道》征集歌词。《星光闪耀》虽百余文字，却也煞费心思绞尽脑汁。",
        "user_avatar": "https://tva1.sinaimg.cn/crop.0.0.664.664.50/b56e8a44jw8ezhu28mjdvj20ig0ig0tu.jpg?KID=imgbed,tva&Expires=1584956073&ssig=L7Rf3PlMme",
        "id": "4022258290273792",
        "city": "1000",
        "province": "13",
        "friends_count": 301,
        "user_location": "河北",
        "mid": "4022258290273792",
        "verified_reason": "",
        "attitudes_count": 0,
        "followers_count": 575,
        "verified_type": -1,
        "statuses_count": 4194,
        "parent": "4022074198881227",
        "verified": false,
        "geo": null,
        "user_created_at": 1356837954,
        "favourites_count": 3,
        "screen_name": "苍生路语",
        "gender": "m",
        "user_geo_enabled": true,
        "username": "苍生路语",
        "comments_count": 0,
        "t": 1474464569,
        "video_status_count": 0,
        "urank": 38,
        "user_ability": 262144,
        "credit_score": 78
    },
    {
        "reposts_count": 0,
        "uid": 3043920452,
        "bi_followers_count": 68,
        "text": "回复@谁在记忆里流连:感谢指正[作揖]",
        "user_description": "创建微博初衷，因为《星光大道》征集歌词。《星光闪耀》虽百余文字，却也煞费心思绞尽脑汁。",
        "user_avatar": "https://tva1.sinaimg.cn/crop.0.0.664.664.50/b56e8a44jw8ezhu28mjdvj20ig0ig0tu.jpg?KID=imgbed,tva&Expires=1584956073&ssig=L7Rf3PlMme",
        "id": "4022257057944682",
        "city": "1000",
        "province": "13",
        "friends_count": 301,
        "user_location": "河北",
        "mid": "4022257057944682",
        "verified_reason": "",
        "attitudes_count": 0,
        "followers_count": 575,
        "verified_type": -1,
        "statuses_count": 4194,
        "parent": "4022074198881227",
        "verified": false,
        "geo": null,
        "user_created_at": 1356837954,
        "favourites_count": 3,
        "screen_name": "苍生路语",
        "gender": "m",
        "user_geo_enabled": true,
        "username": "苍生路语",
        "comments_count": 0,
        "t": 1474464275,
        "video_status_count": 0,
        "urank": 38,
        "user_ability": 262144,
        "credit_score": 78
    },
    {
        "reposts_count": 0,
        "uid": 2043366560,
        "bi_followers_count": 16,
        "text": "图片评论 http://t.cn/RcWlQva",
        "user_description": "一个在无锡生活的河南人！",
        "user_avatar": "https://tvax4.sinaimg.cn/crop.0.0.888.888.50/79cb4ca0ly8g6mvmsfhb9j20oo0oota7.jpg?KID=imgbed,tva&Expires=1584956073&ssig=pPuU8lHYNK",
        "id": "4022211246854957",
        "city": "1000",
        "province": "32",
        "friends_count": 255,
        "user_location": "江苏",
        "mid": "4022211246854957",
        "verified_reason": "",
        "attitudes_count": 0,
        "followers_count": 3703,
        "verified_type": -1,
        "statuses_count": 4557,
        "parent": "4022074198881227",
        "verified": false,
        "geo": null,
        "user_created_at": 1306018993,
        "favourites_count": 180,
        "screen_name": "谁在记忆里流连",
        "gender": "m",
        "user_geo_enabled": true,
        "username": "谁在记忆里流连",
        "comments_count": 0,
        "t": 1474453353,
        "video_status_count": 0,
        "urank": 41,
        "user_ability": 3407872,
        "credit_score": 79
    },
    {
        "reposts_count": 0,
        "uid": 1304267602,
        "bi_followers_count": 204,
        "text": "2015.10.1阿联酋沙迦市火灾",
        "user_description": "革命尚未成功",
        "user_avatar": "https://tva2.sinaimg.cn/crop.0.0.180.180.50/4dbd8b52jw1e8qgp5bmzyj2050050aa8.jpg?KID=imgbed,tva&Expires=1584956073&ssig=k3CwAgHfOH",
        "id": "4022132775695243",
        "city": "1",
        "province": "44",
        "friends_count": 585,
        "user_location": "广东 广州",
        "mid": "4022132775695243",
        "verified_reason": "",
        "attitudes_count": 0,
        "followers_count": 1167,
        "verified_type": 220,
        "statuses_count": 3884,
        "parent": "4022074198881227",
        "verified": false,
        "geo": null,
        "user_created_at": 1266126583,
        "favourites_count": 451,
        "screen_name": "大鼻Sam",
        "gender": "m",
        "user_geo_enabled": true,
        "username": "大鼻Sam",
        "comments_count": 0,
        "t": 1474434645,
        "video_status_count": 0,
        "urank": 28,
        "user_ability": 2097152,
        "credit_score": 80
    },
    {
        "reposts_count": 0,
        "uid": 5923166339,
        "bi_followers_count": 1754,
        "text": "喜悲交加",
        "user_description": "一路有我欢歌笑语，善于发现真善美",
        "user_avatar": "https://tva4.sinaimg.cn/crop.0.0.996.996.50/006sR08Xjw8fci7dzcb2ij30ro0rojt9.jpg?KID=imgbed,tva&Expires=1584956073&ssig=1k8v8ao8Fz",
        "id": "4022088979468820",
        "city": "1000",
        "province": "12",
        "friends_count": 2649,
        "user_location": "天津",
        "mid": "4022088979468820",
        "verified_reason": "",
        "attitudes_count": 0,
        "followers_count": 4814,
        "verified_type": -1,
        "statuses_count": 3100,
        "parent": "4022074198881227",
        "verified": false,
        "geo": null,
        "user_created_at": 1462627643,
        "favourites_count": 185,
        "screen_name": "欢歌笑语122",
        "gender": "f",
        "user_geo_enabled": true,
        "username": "欢歌笑语122",
        "comments_count": 0,
        "t": 1474424201,
        "video_status_count": 0,
        "urank": 37,
        "user_ability": 3407872,
        "credit_score": 80
    },
    {
        "reposts_count": 0,
        "uid": 1715314203,
        "bi_followers_count": 28,
        "text": "所以您是正宗的天津老乡？ [握手]",
        "user_description": "生性厥强！",
        "user_avatar": "https://tva2.sinaimg.cn/crop.0.0.180.180.50/663d9e1bjw1e8qgp5bmzyj2050050aa8.jpg?KID=imgbed,tva&Expires=1584956073&ssig=pl5vs4VfyE",
        "id": "4022074789673203",
        "city": "12",
        "province": "31",
        "friends_count": 662,
        "user_location": "上海 闵行区",
        "mid": "4022074789673203",
        "verified_reason": "",
        "attitudes_count": 0,
        "followers_count": 409,
        "verified_type": -1,
        "statuses_count": 13685,
        "parent": "4022074198881227",
        "verified": false,
        "geo": null,
        "user_created_at": 1270167078,
        "favourites_count": 22,
        "screen_name": "庄燕翔",
        "gender": "f",
        "user_geo_enabled": true,
        "username": "庄燕翔",
        "comments_count": 0,
        "t": 1474420819,
        "video_status_count": 0,
        "urank": 48,
        "user_ability": 10747904,
        "credit_score": 80
    }
]