[
    {
        "reposts_count": 0,
        "uid": 2105975232,
        "bi_followers_count": 9,
        "text": "10月1日起，全国公交正式成为中国失联儿童安全守护车！公交驾驶员就是失散儿童守护人！只要孩子上了公交车，即便暂时与家长失去联系，孩子也不会被拐卖或出现意外！转起，大爱绽放～请接力！真要都接力起来能帮助多少走丢的孩子 ​",
        "user_description": "稳稳的爱！",
        "user_avatar": "https://tva4.sinaimg.cn/crop.0.0.996.996.50/7d86a1c0jw8f1d1b4djp2j20ro0rpjuw.jpg?KID=imgbed,tva&Expires=1584956081&ssig=8XZ4%2B7MceZ",
        "id": "4022813625267885",
        "city": "21",
        "province": "45",
        "friends_count": 46,
        "user_location": "广西 南宁",
        "mid": "4022813625267885",
        "verified_reason": "",
        "attitudes_count": 0,
        "followers_count": 214,
        "verified_type": -1,
        "statuses_count": 14,
        "parent": null,
        "verified": false,
        "geo": null,
        "user_created_at": 1308472909,
        "favourites_count": 367,
        "screen_name": "Anne的凡间生活",
        "gender": "f",
        "user_geo_enabled": false,
        "username": "Anne的凡间生活",
        "comments_count": 1,
        "t": 1474596971,
        "video_status_count": 0,
        "urank": 19,
        "user_ability": 0,
        "credit_score": 80
    },
    {
        "reposts_count": 0,
        "uid": 2124165765,
        "bi_followers_count": 31,
        "text": "脑子是个好东西，希望你也有。不要再传播谣言了。",
        "user_description": "减肥好难",
        "user_avatar": "https://tva1.sinaimg.cn/crop.12.0.1217.1217.50/7e9c3285jw8f51kkkhzskj20yi0xtacl.jpg?KID=imgbed,tva&Expires=1584956081&ssig=KgvbfbLWn7",
        "id": "4022869781973082",
        "city": "16",
        "province": "400",
        "friends_count": 414,
        "user_location": "海外 其他",
        "mid": "4022869781973082",
        "verified_reason": "",
        "attitudes_count": 0,
        "followers_count": 124,
        "verified_type": -1,
        "statuses_count": 1569,
        "parent": "4022813625267885",
        "verified": false,
        "geo": null,
        "user_created_at": 1304786974,
        "favourites_count": 132,
        "screen_name": "精分少女33",
        "gender": "f",
        "user_geo_enabled": true,
        "username": "精分少女33",
        "comments_count": 0,
        "t": 1474610360,
        "video_status_count": 0,
        "urank": 21,
        "user_ability": 2097152,
        "credit_score": 80
    }
]