[
    {
        "reposts_count": 5,
        "uid": 2380986174,
        "bi_followers_count": 1709,
        "text": "请告诉您的孩子：\n如果在外面和爸爸妈妈走失的时候，不要慌乱，去坐任意一辆公交车，告诉司机你找不到家人了，公交司机会联系你的家人的。10月1日起，全国公交正式成为中国失联儿童安全守护车！公交驾驶员就是失散儿童守护人！只要孩子上了公交车，即便暂时与家长失去联系，孩子也不会被拐卖或出现意外...全文： http://m.weibo.cn/2380986174/4022134810878549 ​",
        "user_description": "魔兽战队创始人、魔兽健身中心创始人、锐力健身公司总经理、IFBB国际健美裁判、 资深健身健美顾问",
        "user_avatar": "https://tvax4.sinaimg.cn/crop.0.20.1242.1242.50/8deaf73ely8fkapso7dh9j20yi0zngqn.jpg?KID=imgbed,tva&Expires=1584956075&ssig=1T76SkvqeC",
        "id": "4022134810878549",
        "city": "1000",
        "province": "31",
        "friends_count": 2755,
        "user_location": "上海",
        "mid": "4022134810878549",
        "verified_reason": "香港健身健美总会（HKFBF）国际顾问、IFBB亚洲级裁判",
        "attitudes_count": 10,
        "followers_count": 636667,
        "verified_type": 0,
        "statuses_count": 10054,
        "parent": null,
        "verified": true,
        "geo": {
            "type": "Point",
            "coordinates": [
                33.994694,
                -117.891273
            ]
        },
        "user_created_at": 1315465701,
        "favourites_count": 318,
        "screen_name": "魔兽--于洪Max",
        "gender": "m",
        "user_geo_enabled": false,
        "username": "魔兽--于洪Max",
        "comments_count": 9,
        "t": 1474435129,
        "video_status_count": 0,
        "urank": 48,
        "user_ability": 3410696,
        "credit_score": 80
    },
    {
        "reposts_count": 0,
        "uid": 2380986174,
        "bi_followers_count": 1709,
        "text": "回复@梅州网警巡查执法:好的，我因为人在美国，无法及时阅读微博留言，刚刚才看见你们的消息，感谢",
        "user_description": "魔兽战队创始人、魔兽健身中心创始人、锐力健身公司总经理、IFBB国际健美裁判、 资深健身健美顾问",
        "user_avatar": "https://tvax4.sinaimg.cn/crop.0.20.1242.1242.50/8deaf73ely8fkapso7dh9j20yi0zngqn.jpg?KID=imgbed,tva&Expires=1584956075&ssig=1T76SkvqeC",
        "id": "4022905115527101",
        "city": "1000",
        "province": "31",
        "friends_count": 2755,
        "user_location": "上海",
        "mid": "4022905115527101",
        "verified_reason": "香港健身健美总会（HKFBF）国际顾问、IFBB亚洲级裁判",
        "attitudes_count": 0,
        "followers_count": 636794,
        "verified_type": 0,
        "statuses_count": 10053,
        "parent": "4022134810878549",
        "verified": true,
        "geo": {
            "type": "Point",
            "coordinates": [
                33.994694,
                -117.891273
            ]
        },
        "user_created_at": 1315465701,
        "favourites_count": 318,
        "screen_name": "魔兽--于洪Max",
        "gender": "m",
        "user_geo_enabled": false,
        "username": "魔兽--于洪Max",
        "comments_count": 0,
        "t": 1474618784,
        "video_status_count": 0,
        "urank": 48,
        "user_ability": 3410696,
        "credit_score": 80
    },
    {
        "reposts_count": 0,
        "uid": 5917088163,
        "bi_followers_count": 26,
        "text": "您好，我们是梅州网警。您发布的该微博信息存在不实之处，该信息已被多地警方公开辟谣。为避免不实信息的扩散，请你将微博自行删除。警方提示：根据《计算机信息网络国际联网安全保护管理办法》，利用互联网制作、复制、传播不实信息等扰乱社会秩序的，都属于违法行为。",
        "user_description": "",
        "user_avatar": "https://tvax2.sinaimg.cn/crop.3.0.476.476.50/006sruVRgy1ffhhsqmddij30dd0dbjtj.jpg?KID=imgbed,tva&Expires=1584956075&ssig=%2FbSVjDwtPE",
        "id": "4022811905157118",
        "city": "1000",
        "province": "44",
        "friends_count": 104,
        "user_location": "广东",
        "mid": "4022811905157118",
        "verified_reason": "广东省梅州市公安局网络警察支队官方微博",
        "attitudes_count": 0,
        "followers_count": 4221,
        "verified_type": 1,
        "statuses_count": 6080,
        "parent": "4022134810878549",
        "verified": true,
        "geo": {
            "type": "Point",
            "coordinates": [
                33.994694,
                -117.891273
            ]
        },
        "user_created_at": 1462324693,
        "favourites_count": 15,
        "screen_name": "梅州网警巡查执法",
        "gender": "m",
        "user_geo_enabled": true,
        "username": "梅州网警巡查执法",
        "comments_count": 0,
        "t": 1474596560,
        "video_status_count": 0,
        "urank": 14,
        "user_ability": 8650752,
        "credit_score": 80
    },
    {
        "reposts_count": 0,
        "uid": 3167785834,
        "bi_followers_count": 2,
        "text": "[拜拜]",
        "user_description": "",
        "user_avatar": "https://tva4.sinaimg.cn/crop.0.1.640.640.50/bcd0936ajw8esuh5r1p5qj20hs0hudhf.jpg?KID=imgbed,tva&Expires=1584956075&ssig=3OAQi%2B7w54",
        "id": "4022561651895507",
        "city": "4",
        "province": "36",
        "friends_count": 472,
        "user_location": "江西 九江",
        "mid": "4022561651895507",
        "verified_reason": "",
        "attitudes_count": 0,
        "followers_count": 49,
        "verified_type": -1,
        "statuses_count": 137,
        "parent": "4022134810878549",
        "verified": false,
        "geo": {
            "type": "Point",
            "coordinates": [
                33.994694,
                -117.891273
            ]
        },
        "user_created_at": 1359129126,
        "favourites_count": 52,
        "screen_name": "勤奋虎tiger",
        "gender": "m",
        "user_geo_enabled": true,
        "username": "勤奋虎tiger",
        "comments_count": 0,
        "t": 1474536896,
        "video_status_count": 0,
        "urank": 26,
        "user_ability": 0,
        "credit_score": 80
    },
    {
        "reposts_count": 0,
        "uid": 1674478774,
        "bi_followers_count": 169,
        "text": "就算是真的，首先，小朋友要能挤上公交车。",
        "user_description": "",
        "user_avatar": "https://tvax4.sinaimg.cn/crop.0.1.510.510.50/63ce84b6ly8fftz1353k3j20e60e8dgq.jpg?KID=imgbed,tva&Expires=1584956075&ssig=6XUlxnPVxc",
        "id": "4022411639023507",
        "city": "3",
        "province": "32",
        "friends_count": 1527,
        "user_location": "江苏 徐州",
        "mid": "4022411639023507",
        "verified_reason": "",
        "attitudes_count": 0,
        "followers_count": 369,
        "verified_type": -1,
        "statuses_count": 2210,
        "parent": "4022134810878549",
        "verified": false,
        "geo": {
            "type": "Point",
            "coordinates": [
                33.994694,
                -117.891273
            ]
        },
        "user_created_at": 1261722734,
        "favourites_count": 24,
        "screen_name": "邓老D",
        "gender": "m",
        "user_geo_enabled": true,
        "username": "邓老D",
        "comments_count": 0,
        "t": 1474501130,
        "video_status_count": 0,
        "urank": 29,
        "user_ability": 2097152,
        "credit_score": 80
    },
    {
        "reposts_count": 0,
        "uid": 1990111887,
        "bi_followers_count": 57,
        "text": "怎么可能",
        "user_description": "游离间，何处应挂心，在梦里，勿忘亲故里",
        "user_avatar": "https://tvax3.sinaimg.cn/crop.0.0.996.996.50/769eb28fly8fzkuufl49qj20ro0roabh.jpg?KID=imgbed,tva&Expires=1584956075&ssig=G6mnVjhOt5",
        "id": "4022369825142377",
        "city": "1",
        "province": "71",
        "friends_count": 2157,
        "user_location": "台湾 台北市",
        "mid": "4022369825142377",
        "verified_reason": "",
        "attitudes_count": 0,
        "followers_count": 1048,
        "verified_type": -1,
        "statuses_count": 1718,
        "parent": "4022134810878549",
        "verified": false,
        "geo": {
            "type": "Point",
            "coordinates": [
                33.994694,
                -117.891273
            ]
        },
        "user_created_at": 1298612924,
        "favourites_count": 3,
        "screen_name": "Timi-0n",
        "gender": "m",
        "user_geo_enabled": false,
        "username": "Timi-0n",
        "comments_count": 0,
        "t": 1474491161,
        "video_status_count": 0,
        "urank": 38,
        "user_ability": 2359296,
        "credit_score": 80
    },
    {
        "reposts_count": 0,
        "uid": 2380986174,
        "bi_followers_count": 1709,
        "text": "回复@Zhangsimon007:这样啊[汗] 这些人为什么这么无聊啊，这也能瞎编！[鄙视]",
        "user_description": "魔兽战队创始人、魔兽健身中心创始人、锐力健身公司总经理、IFBB国际健美裁判、 资深健身健美顾问",
        "user_avatar": "https://tvax4.sinaimg.cn/crop.0.20.1242.1242.50/8deaf73ely8fkapso7dh9j20yi0zngqn.jpg?KID=imgbed,tva&Expires=1584956075&ssig=1T76SkvqeC",
        "id": "4022360505355532",
        "city": "1000",
        "province": "31",
        "friends_count": 2755,
        "user_location": "上海",
        "mid": "4022360505355532",
        "verified_reason": "香港健身健美总会（HKFBF）国际顾问、IFBB亚洲级裁判",
        "attitudes_count": 0,
        "followers_count": 636794,
        "verified_type": 0,
        "statuses_count": 10053,
        "parent": "4022134810878549",
        "verified": true,
        "geo": {
            "type": "Point",
            "coordinates": [
                33.994694,
                -117.891273
            ]
        },
        "user_created_at": 1315465701,
        "favourites_count": 318,
        "screen_name": "魔兽--于洪Max",
        "gender": "m",
        "user_geo_enabled": false,
        "username": "魔兽--于洪Max",
        "comments_count": 0,
        "t": 1474488939,
        "video_status_count": 0,
        "urank": 48,
        "user_ability": 3410696,
        "credit_score": 80
    },
    {
        "reposts_count": 0,
        "uid": 1643340143,
        "bi_followers_count": 28,
        "text": "[生病]官方已经辟谣好几次了。你善良，但是也要保持睿智。。。[偷笑]",
        "user_description": "hehehehhehe",
        "user_avatar": "https://tva1.sinaimg.cn/crop.409.3.1228.1228.50/61f3616fgw1ee2q4z2lgnj21kw0zkanu.jpg?KID=imgbed,tva&Expires=1584956075&ssig=CEHcpfEOMB",
        "id": "4022238585811828",
        "city": "8",
        "province": "11",
        "friends_count": 179,
        "user_location": "北京 海淀区",
        "mid": "4022238585811828",
        "verified_reason": "",
        "attitudes_count": 0,
        "followers_count": 140,
        "verified_type": -1,
        "statuses_count": 149,
        "parent": "4022134810878549",
        "verified": false,
        "geo": {
            "type": "Point",
            "coordinates": [
                33.994694,
                -117.891273
            ]
        },
        "user_created_at": 1301410678,
        "favourites_count": 13,
        "screen_name": "Zhangsimon007",
        "gender": "m",
        "user_geo_enabled": false,
        "username": "Zhangsimon007",
        "comments_count": 0,
        "t": 1474459871,
        "video_status_count": 0,
        "urank": 26,
        "user_ability": 0,
        "credit_score": 80
    },
    {
        "reposts_count": 0,
        "uid": 3172397260,
        "bi_followers_count": 264,
        "text": "还是找警察吧……",
        "user_description": "本人丑逼 点赞狂魔 不用回粉 见到好看就关注点赞",
        "user_avatar": "https://tvax1.sinaimg.cn/crop.0.1.750.750.50/bd16f0ccly8fhamefclhxj20ku0kwq3n.jpg?KID=imgbed,tva&Expires=1584956075&ssig=VoPsVCgfDj",
        "id": "4022220088979948",
        "city": "1",
        "province": "45",
        "friends_count": 4465,
        "user_location": "广西 南宁",
        "mid": "4022220088979948",
        "verified_reason": "",
        "attitudes_count": 0,
        "followers_count": 410,
        "verified_type": -1,
        "statuses_count": 3686,
        "parent": "4022134810878549",
        "verified": false,
        "geo": {
            "type": "Point",
            "coordinates": [
                33.994694,
                -117.891273
            ]
        },
        "user_created_at": 1359429566,
        "favourites_count": 195,
        "screen_name": "不着调的烂人",
        "gender": "m",
        "user_geo_enabled": true,
        "username": "不着调的烂人",
        "comments_count": 0,
        "t": 1474455461,
        "video_status_count": 0,
        "urank": 43,
        "user_ability": 35913728,
        "credit_score": 80
    },
    {
        "reposts_count": 0,
        "uid": 5999205304,
        "bi_followers_count": 1,
        "text": "请告诉孩子走丢了要找警察叔叔…………！",
        "user_description": "打卡机 滴滴滴",
        "user_avatar": "https://tva1.sinaimg.cn/crop.1.0.748.748.50/006y03lSjw8f6qqtmj955j30ku0ksmxx.jpg?KID=imgbed,tva&Expires=1584956075&ssig=NRU%2B9bzKnr",
        "id": "4022143559505251",
        "city": "1",
        "province": "43",
        "friends_count": 335,
        "user_location": "湖南 长沙",
        "mid": "4022143559505251",
        "verified_reason": "",
        "attitudes_count": 0,
        "followers_count": 26,
        "verified_type": -1,
        "statuses_count": 28,
        "parent": "4022134810878549",
        "verified": false,
        "geo": {
            "type": "Point",
            "coordinates": [
                33.994694,
                -117.891273
            ]
        },
        "user_created_at": 1470968019,
        "favourites_count": 66,
        "screen_name": "阿阿柠u",
        "gender": "f",
        "user_geo_enabled": true,
        "username": "阿阿柠u",
        "comments_count": 0,
        "t": 1474437215,
        "video_status_count": 0,
        "urank": 9,
        "user_ability": 0,
        "credit_score": 80
    }
]