[
    {
        "reposts_count": 0,
        "uid": 5672857697,
        "bi_followers_count": 11,
        "text": "罗志刚152-6859-6854今天上午罗志刚的三岁女儿在锦绣花园小区附近被人拐走了，女儿能说出她爸爸的手机号码 从监控上看是被一个四十多岁男人抱走了现我们家老太太都急疯了 有知情者请告之 万分感谢 看到信息的兄弟姐妹留意一下 联系人 罗志刚152-6859-6854 谢谢你必有重谢  ！ ​",
        "user_description": "我是个无趣的人！！",
        "user_avatar": "https://tvax2.sinaimg.cn/crop.0.0.996.996.50/006bUJqNly8g2twxm3vl6j30ro0rognj.jpg?KID=imgbed,tva&Expires=1584956085&ssig=bsiitFqM2L",
        "id": "4022186979705100",
        "city": "8",
        "province": "42",
        "friends_count": 75,
        "user_location": "湖北 荆门",
        "mid": "4022186979705100",
        "verified_reason": "",
        "attitudes_count": 1,
        "followers_count": 125,
        "verified_type": -1,
        "statuses_count": 657,
        "parent": null,
        "verified": false,
        "geo": null,
        "user_created_at": 1439185973,
        "favourites_count": 3,
        "screen_name": "dj快来抓个笔",
        "gender": "m",
        "user_geo_enabled": true,
        "username": "dj快来抓个笔",
        "comments_count": 1,
        "t": 1474447567,
        "video_status_count": 0,
        "urank": 9,
        "user_ability": 2098176,
        "credit_score": 80
    },
    {
        "reposts_count": 0,
        "uid": 5917088163,
        "bi_followers_count": 26,
        "text": "您好，我们是梅州网警。您发布的该微博信息存在不实之处，该信息已被多地警方公开辟谣。为避免不实信息的扩散，请你将微博自行删除。警方提示：根据《计算机信息网络国际联网安全保护管理办法》，利用互联网制作、复制、传播不实信息等扰乱社会秩序的，都属于违法行为。",
        "user_description": "",
        "user_avatar": "https://tvax2.sinaimg.cn/crop.3.0.476.476.50/006sruVRgy1ffhhsqmddij30dd0dbjtj.jpg?KID=imgbed,tva&Expires=1584956085&ssig=AND5pvgPga",
        "id": "4028709935295196",
        "city": "1000",
        "province": "44",
        "friends_count": 104,
        "user_location": "广东",
        "mid": "4028709935295196",
        "verified_reason": "广东省梅州市公安局网络警察支队官方微博",
        "attitudes_count": 0,
        "followers_count": 4221,
        "verified_type": 1,
        "statuses_count": 6080,
        "parent": "4022186979705100",
        "verified": true,
        "geo": null,
        "user_created_at": 1462324693,
        "favourites_count": 15,
        "screen_name": "梅州网警巡查执法",
        "gender": "m",
        "user_geo_enabled": true,
        "username": "梅州网警巡查执法",
        "comments_count": 0,
        "t": 1476002761,
        "video_status_count": 0,
        "urank": 14,
        "user_ability": 8650752,
        "credit_score": 80
    }
]