[
    {
        "reposts_count": 7,
        "uid": 5071326516,
        "bi_followers_count": 93,
        "text": "这是今天北京北辰富锦华庭高层着火了，结婚放礼花飞到人家屋里了。这祸闯大了！太惨了！ 外墙保温材料燃烧了，和多年前上海静安区的原因一样，开发商或施工方没用阻燃型的，违法了。 http://t.cn/RcjCPm0 . ​",
        "user_description": "没啥好介绍的",
        "user_avatar": "https://tvax3.sinaimg.cn/crop.0.0.888.888.50/005xcLGYly8frlrvvr3p9j30oo0oo75u.jpg?KID=imgbed,tva&Expires=1584955989&ssig=PLrTgd8wL%2F",
        "id": "4022609811065748",
        "city": "1000",
        "province": "100",
        "friends_count": 113,
        "user_location": "其他",
        "mid": "4022609811065748",
        "verified_reason": "",
        "attitudes_count": 14,
        "followers_count": 554,
        "verified_type": -1,
        "statuses_count": 7725,
        "parent": null,
        "verified": false,
        "geo": null,
        "user_created_at": 1394855337,
        "favourites_count": 184,
        "screen_name": "荷叶-清清",
        "gender": "f",
        "user_geo_enabled": true,
        "username": "荷叶-清清",
        "comments_count": 16,
        "t": 1474548378,
        "video_status_count": 0,
        "urank": 40,
        "user_ability": 262144,
        "credit_score": 80
    },
    {
        "reposts_count": 0,
        "uid": 1907201493,
        "bi_followers_count": 36,
        "text": "就说么，咱的消防车什么时候变成黄色了",
        "user_description": "……",
        "user_avatar": "https://tva3.sinaimg.cn/crop.0.0.750.750.50/71ad95d5jw8ezdg8h3zeqj20ku0kvmyb.jpg?KID=imgbed,tva&Expires=1584955989&ssig=2WcRbjjTXm",
        "id": "4099101782394587",
        "city": "1",
        "province": "61",
        "friends_count": 103,
        "user_location": "陕西 西安",
        "mid": "4099101782394587",
        "verified_reason": "",
        "attitudes_count": 0,
        "followers_count": 264,
        "verified_type": -1,
        "statuses_count": 4352,
        "parent": "4022609811065748",
        "verified": false,
        "geo": null,
        "user_created_at": 1293714426,
        "favourites_count": 142,
        "screen_name": "MANMAN01",
        "gender": "f",
        "user_geo_enabled": true,
        "username": "MANMAN01",
        "comments_count": 0,
        "t": 1492785484,
        "video_status_count": 0,
        "urank": 25,
        "user_ability": 2097152,
        "credit_score": 80
    },
    {
        "reposts_count": 0,
        "uid": 3277541381,
        "bi_followers_count": 44,
        "text": "造谣造大了。查证了一下15年阿联酋沙迦的火灾",
        "user_description": "",
        "user_avatar": "https://tvax1.sinaimg.cn/crop.0.0.1242.1242.50/c35b5005ly8fggx4ota2cj20yi0yitae.jpg?KID=imgbed,tva&Expires=1584955989&ssig=lTm0wmevBG",
        "id": "4033349872329834",
        "city": "1000",
        "province": "11",
        "friends_count": 364,
        "user_location": "北京",
        "mid": "4033349872329834",
        "verified_reason": "前 北京韩啸医疗美容 首席美学顾问",
        "attitudes_count": 0,
        "followers_count": 5519,
        "verified_type": 0,
        "statuses_count": 211,
        "parent": "4022609811065748",
        "verified": true,
        "geo": null,
        "user_created_at": 1364373306,
        "favourites_count": 0,
        "screen_name": "唯儿姐姐",
        "gender": "f",
        "user_geo_enabled": true,
        "username": "唯儿姐姐",
        "comments_count": 0,
        "t": 1477109008,
        "video_status_count": 0,
        "urank": 20,
        "user_ability": 0,
        "credit_score": 80
    },
    {
        "reposts_count": 0,
        "uid": 3589669987,
        "bi_followers_count": 46,
        "text": "今天上海阴雨天[拜拜]",
        "user_description": "",
        "user_avatar": "https://tva1.sinaimg.cn/crop.0.0.180.180.50/d5f60463jw1e8qgp5bmzyj2050050aa8.jpg?KID=imgbed,tva&Expires=1584955989&ssig=Vi2wQE%2BV6j",
        "id": "4033152798465990",
        "city": "6",
        "province": "35",
        "friends_count": 395,
        "user_location": "福建 漳州",
        "mid": "4033152798465990",
        "verified_reason": "",
        "attitudes_count": 0,
        "followers_count": 272,
        "verified_type": -1,
        "statuses_count": 704,
        "parent": "4022609811065748",
        "verified": false,
        "geo": null,
        "user_created_at": 1373036591,
        "favourites_count": 37,
        "screen_name": "佛系小海猪猪猪",
        "gender": "f",
        "user_geo_enabled": true,
        "username": "佛系小海猪猪猪",
        "comments_count": 0,
        "t": 1477062022,
        "video_status_count": 0,
        "urank": 26,
        "user_ability": 0,
        "credit_score": 80
    },
    {
        "reposts_count": 0,
        "uid": 3118396401,
        "bi_followers_count": 55,
        "text": "回复@踏板老骑士:一下子河南 一下子又上海  现在变成北京   真会传[衰]",
        "user_description": "",
        "user_avatar": "https://tvax4.sinaimg.cn/crop.0.0.996.996.50/b9def3f1ly8g0rs6kmq9pj20ro0ro75b.jpg?KID=imgbed,tva&Expires=1584955989&ssig=ZAvs41NdCA",
        "id": "4033029641379941",
        "city": "1000",
        "province": "35",
        "friends_count": 297,
        "user_location": "福建",
        "mid": "4033029641379941",
        "verified_reason": "",
        "attitudes_count": 0,
        "followers_count": 22264,
        "verified_type": 220,
        "statuses_count": 3,
        "parent": "4022609811065748",
        "verified": false,
        "geo": null,
        "user_created_at": 1353021016,
        "favourites_count": 288,
        "screen_name": "忆侵",
        "gender": "m",
        "user_geo_enabled": false,
        "username": "忆侵",
        "comments_count": 0,
        "t": 1477032659,
        "video_status_count": 0,
        "urank": 38,
        "user_ability": 2098186,
        "credit_score": 80
    },
    {
        "reposts_count": 0,
        "uid": 3207961775,
        "bi_followers_count": 34,
        "text": "谣言",
        "user_description": "哟哟哟",
        "user_avatar": "https://tvax3.sinaimg.cn/crop.0.0.664.664.50/bf359cafly8fd9plnzje6j20ig0igjt0.jpg?KID=imgbed,tva&Expires=1584955989&ssig=AAmVoKBkb6",
        "id": "4032993750008207",
        "city": "5",
        "province": "44",
        "friends_count": 84,
        "user_location": "广东 汕头",
        "mid": "4032993750008207",
        "verified_reason": "",
        "attitudes_count": 0,
        "followers_count": 100,
        "verified_type": -1,
        "statuses_count": 185,
        "parent": "4022609811065748",
        "verified": false,
        "geo": null,
        "user_created_at": 1356783977,
        "favourites_count": 9,
        "screen_name": "曼珠沙华demi",
        "gender": "f",
        "user_geo_enabled": true,
        "username": "曼珠沙华demi",
        "comments_count": 0,
        "t": 1477024102,
        "video_status_count": 0,
        "urank": 22,
        "user_ability": 35652608,
        "credit_score": 80
    },
    {
        "reposts_count": 0,
        "uid": 5071326516,
        "bi_followers_count": 93,
        "text": "回复@刘兴济:[挤眼]",
        "user_description": "没啥好介绍的",
        "user_avatar": "https://tvax3.sinaimg.cn/crop.0.0.888.888.50/005xcLGYly8frlrvvr3p9j30oo0oo75u.jpg?KID=imgbed,tva&Expires=1584955989&ssig=PLrTgd8wL%2F",
        "id": "4032753684470246",
        "city": "1000",
        "province": "100",
        "friends_count": 112,
        "user_location": "其他",
        "mid": "4032753684470246",
        "verified_reason": "",
        "attitudes_count": 0,
        "followers_count": 550,
        "verified_type": -1,
        "statuses_count": 7731,
        "parent": "4022609811065748",
        "verified": false,
        "geo": null,
        "user_created_at": 1394855337,
        "favourites_count": 184,
        "screen_name": "荷叶-清清",
        "gender": "f",
        "user_geo_enabled": true,
        "username": "荷叶-清清",
        "comments_count": 0,
        "t": 1476966866,
        "video_status_count": 0,
        "urank": 40,
        "user_ability": 262144,
        "credit_score": 80
    },
    {
        "reposts_count": 0,
        "uid": 2305054097,
        "bi_followers_count": 5,
        "text": "网友大言不惭还留着不删，呵呵...",
        "user_description": "好好学习，天天向上。",
        "user_avatar": "https://tva4.sinaimg.cn/crop.0.0.180.180.50/89645591jw1e8qgp5bmzyj2050050aa8.jpg?KID=imgbed,tva&Expires=1584955989&ssig=uUcIaS2wSL",
        "id": "4032752950951889",
        "city": "1",
        "province": "21",
        "friends_count": 186,
        "user_location": "辽宁 沈阳",
        "mid": "4032752950951889",
        "verified_reason": "",
        "attitudes_count": 0,
        "followers_count": 78,
        "verified_type": -1,
        "statuses_count": 165,
        "parent": "4022609811065748",
        "verified": false,
        "geo": null,
        "user_created_at": 1313449815,
        "favourites_count": 2,
        "screen_name": "刘兴济",
        "gender": "m",
        "user_geo_enabled": false,
        "username": "刘兴济",
        "comments_count": 0,
        "t": 1476966691,
        "video_status_count": 0,
        "urank": 23,
        "user_ability": 2097152,
        "credit_score": 80
    },
    {
        "reposts_count": 0,
        "uid": 5071326516,
        "bi_followers_count": 93,
        "text": "回复@Monkey-YKChow:哦[微笑]",
        "user_description": "没啥好介绍的",
        "user_avatar": "https://tvax3.sinaimg.cn/crop.0.0.888.888.50/005xcLGYly8frlrvvr3p9j30oo0oo75u.jpg?KID=imgbed,tva&Expires=1584955989&ssig=PLrTgd8wL%2F",
        "id": "4027708125813792",
        "city": "1000",
        "province": "100",
        "friends_count": 112,
        "user_location": "其他",
        "mid": "4027708125813792",
        "verified_reason": "",
        "attitudes_count": 0,
        "followers_count": 550,
        "verified_type": -1,
        "statuses_count": 7731,
        "parent": "4022609811065748",
        "verified": false,
        "geo": null,
        "user_created_at": 1394855337,
        "favourites_count": 184,
        "screen_name": "荷叶-清清",
        "gender": "f",
        "user_geo_enabled": true,
        "username": "荷叶-清清",
        "comments_count": 0,
        "t": 1475763911,
        "video_status_count": 0,
        "urank": 40,
        "user_ability": 262144,
        "credit_score": 80
    },
    {
        "reposts_count": 0,
        "uid": 3845596226,
        "bi_followers_count": 0,
        "text": "这个是2015.10.1阿联酋沙迦市火灾",
        "user_description": "初心不变",
        "user_avatar": "https://tvax4.sinaimg.cn/crop.0.5.751.751.50/e5372442ly8ffpe4rnsx5j20kv0l6myv.jpg?KID=imgbed,tva&Expires=1584955989&ssig=gMWyqmjEqV",
        "id": "4027672033785769",
        "city": "3",
        "province": "400",
        "friends_count": 103,
        "user_location": "海外 法国",
        "mid": "4027672033785769",
        "verified_reason": "",
        "attitudes_count": 0,
        "followers_count": 71,
        "verified_type": -1,
        "statuses_count": 1046,
        "parent": "4022609811065748",
        "verified": false,
        "geo": null,
        "user_created_at": 1381643505,
        "favourites_count": 58,
        "screen_name": "Monkey-YKChow",
        "gender": "f",
        "user_geo_enabled": true,
        "username": "Monkey-YKChow",
        "comments_count": 0,
        "t": 1475755306,
        "video_status_count": 0,
        "urank": 14,
        "user_ability": 263168,
        "credit_score": 80
    },
    {
        "reposts_count": 0,
        "uid": 5071326516,
        "bi_followers_count": 93,
        "text": "已查实为假新闻，留着不删，特意告知大家的",
        "user_description": "没啥好介绍的",
        "user_avatar": "https://tvax3.sinaimg.cn/crop.0.0.888.888.50/005xcLGYly8frlrvvr3p9j30oo0oo75u.jpg?KID=imgbed,tva&Expires=1584955989&ssig=PLrTgd8wL%2F",
        "id": "4022652978462019",
        "city": "1000",
        "province": "100",
        "friends_count": 112,
        "user_location": "其他",
        "mid": "4022652978462019",
        "verified_reason": "",
        "attitudes_count": 0,
        "followers_count": 550,
        "verified_type": -1,
        "statuses_count": 7731,
        "parent": "4022609811065748",
        "verified": false,
        "geo": null,
        "user_created_at": 1394855337,
        "favourites_count": 184,
        "screen_name": "荷叶-清清",
        "gender": "f",
        "user_geo_enabled": true,
        "username": "荷叶-清清",
        "comments_count": 0,
        "t": 1474558670,
        "video_status_count": 0,
        "urank": 40,
        "user_ability": 262144,
        "credit_score": 80
    },
    {
        "reposts_count": 0,
        "uid": 1401101454,
        "bi_followers_count": 81,
        "text": "造谣造大了。查证了一下15年阿联酋沙迦的火灾",
        "user_description": "我不知将去何方，但我已经在路上。",
        "user_avatar": "https://tvax4.sinaimg.cn/crop.0.0.480.480.50/53831c8ely8fp4o8lzgthj20dc0dcq46.jpg?KID=imgbed,tva&Expires=1584955989&ssig=VZg%2BcewNua",
        "id": "4022648436351915",
        "city": "1000",
        "province": "31",
        "friends_count": 258,
        "user_location": "上海",
        "mid": "4022648436351915",
        "verified_reason": "",
        "attitudes_count": 0,
        "followers_count": 442,
        "verified_type": 220,
        "statuses_count": 882,
        "parent": "4022609811065748",
        "verified": false,
        "geo": null,
        "user_created_at": 1318835672,
        "favourites_count": 33,
        "screen_name": "耙子BG4FQD",
        "gender": "m",
        "user_geo_enabled": true,
        "username": "耙子BG4FQD",
        "comments_count": 0,
        "t": 1474557587,
        "video_status_count": 0,
        "urank": 34,
        "user_ability": 2359296,
        "credit_score": 80
    },
    {
        "reposts_count": 0,
        "uid": 5071326516,
        "bi_followers_count": 93,
        "text": "回复@大白白白668:哦",
        "user_description": "没啥好介绍的",
        "user_avatar": "https://tvax3.sinaimg.cn/crop.0.0.888.888.50/005xcLGYly8frlrvvr3p9j30oo0oo75u.jpg?KID=imgbed,tva&Expires=1584955989&ssig=PLrTgd8wL%2F",
        "id": "4022631927182138",
        "city": "1000",
        "province": "100",
        "friends_count": 112,
        "user_location": "其他",
        "mid": "4022631927182138",
        "verified_reason": "",
        "attitudes_count": 0,
        "followers_count": 550,
        "verified_type": -1,
        "statuses_count": 7731,
        "parent": "4022609811065748",
        "verified": false,
        "geo": null,
        "user_created_at": 1394855337,
        "favourites_count": 184,
        "screen_name": "荷叶-清清",
        "gender": "f",
        "user_geo_enabled": true,
        "username": "荷叶-清清",
        "comments_count": 0,
        "t": 1474553652,
        "video_status_count": 0,
        "urank": 40,
        "user_ability": 262144,
        "credit_score": 80
    },
    {
        "reposts_count": 0,
        "uid": 1728839304,
        "bi_followers_count": 16,
        "text": "假的[doge]已经辟谣l",
        "user_description": "大白是一只男喵，时而高冷，时而犯贱，时而贴心，时而找踹❤️❤️❤️",
        "user_avatar": "https://tva2.sinaimg.cn/crop.0.4.750.750.50/670bfe88jw8fcz3gbpuasj20ku0l376d.jpg?KID=imgbed,tva&Expires=1584955989&ssig=KOfeAlJK1T",
        "id": "4022629532722185",
        "city": "15",
        "province": "31",
        "friends_count": 148,
        "user_location": "上海 浦东新区",
        "mid": "4022629532722185",
        "verified_reason": "",
        "attitudes_count": 0,
        "followers_count": 235,
        "verified_type": -1,
        "statuses_count": 209,
        "parent": "4022609811065748",
        "verified": false,
        "geo": null,
        "user_created_at": 1271039490,
        "favourites_count": 224,
        "screen_name": "摸妖喵",
        "gender": "f",
        "user_geo_enabled": true,
        "username": "摸妖喵",
        "comments_count": 0,
        "t": 1474553080,
        "video_status_count": 0,
        "urank": 14,
        "user_ability": 262144,
        "credit_score": 80
    },
    {
        "reposts_count": 0,
        "uid": 1864794863,
        "bi_followers_count": 142,
        "text": "这是五角大楼爆炸了吧",
        "user_description": "读书明理，心存孝道。",
        "user_avatar": "https://tvax4.sinaimg.cn/crop.0.63.385.385.50/6f2682efly8g9ciuth7y7j20ap0e83ym.jpg?KID=imgbed,tva&Expires=1584955989&ssig=LgJKdRydX2",
        "id": "4022624709981228",
        "city": "4",
        "province": "44",
        "friends_count": 161,
        "user_location": "广东 珠海",
        "mid": "4022624709981228",
        "verified_reason": "珠海市香洲玖玖佳讯通讯设备行 技术部网站设计",
        "attitudes_count": 0,
        "followers_count": 945,
        "verified_type": 0,
        "statuses_count": 907,
        "parent": "4022609811065748",
        "verified": true,
        "geo": null,
        "user_created_at": 1289920052,
        "favourites_count": 0,
        "screen_name": "李志强Leejhon",
        "gender": "m",
        "user_geo_enabled": true,
        "username": "李志强Leejhon",
        "comments_count": 0,
        "t": 1474551930,
        "video_status_count": 0,
        "urank": 29,
        "user_ability": 2359304,
        "credit_score": 80
    },
    {
        "reposts_count": 0,
        "uid": 5071326516,
        "bi_followers_count": 93,
        "text": "回复@踏板老骑士:谬传了[白眼]",
        "user_description": "没啥好介绍的",
        "user_avatar": "https://tvax3.sinaimg.cn/crop.0.0.888.888.50/005xcLGYly8frlrvvr3p9j30oo0oo75u.jpg?KID=imgbed,tva&Expires=1584955989&ssig=PLrTgd8wL%2F",
        "id": "4022622809632074",
        "city": "1000",
        "province": "100",
        "friends_count": 112,
        "user_location": "其他",
        "mid": "4022622809632074",
        "verified_reason": "",
        "attitudes_count": 0,
        "followers_count": 550,
        "verified_type": -1,
        "statuses_count": 7731,
        "parent": "4022609811065748",
        "verified": false,
        "geo": null,
        "user_created_at": 1394855337,
        "favourites_count": 184,
        "screen_name": "荷叶-清清",
        "gender": "f",
        "user_geo_enabled": true,
        "username": "荷叶-清清",
        "comments_count": 0,
        "t": 1474551476,
        "video_status_count": 0,
        "urank": 40,
        "user_ability": 262144,
        "credit_score": 80
    },
    {
        "reposts_count": 0,
        "uid": 3096169227,
        "bi_followers_count": 45,
        "text": "哈哈 假的吧？国内哪有黄色消防车[阴险]",
        "user_description": "迎风沐雨  只为在路上",
        "user_avatar": "https://tva3.sinaimg.cn/crop.0.0.1242.1242.50/b88bcb0bjw8eqmeecpqf0j20yi0yitc1.jpg?KID=imgbed,tva&Expires=1584955989&ssig=2dLPoHUyXo",
        "id": "4022616525827978",
        "city": "15",
        "province": "31",
        "friends_count": 532,
        "user_location": "上海 浦东新区",
        "mid": "4022616525827978",
        "verified_reason": "",
        "attitudes_count": 0,
        "followers_count": 181,
        "verified_type": -1,
        "statuses_count": 1076,
        "parent": "4022609811065748",
        "verified": false,
        "geo": null,
        "user_created_at": 1352253628,
        "favourites_count": 495,
        "screen_name": "踏板老骑士",
        "gender": "m",
        "user_geo_enabled": true,
        "username": "踏板老骑士",
        "comments_count": 0,
        "t": 1474549979,
        "video_status_count": 0,
        "urank": 30,
        "user_ability": 0,
        "credit_score": 80
    }
]