[
    {
        "reposts_count": 1,
        "uid": 1637751001,
        "bi_followers_count": 2,
        "text": "请告诉您的孩子：找不到爸爸妈妈的时候，不要惊慌，去任意一家银行坐下，告诉叔叔阿姨，保安爷爷，你找不到家人了，他们会联系你的家人。10月1日起，全国银行正式成为中国失联儿童安全守护点！银行就是失散儿童守护人！只要孩子进了银行，即便暂时与家长失去联系，孩子也不会被拐卖或出现意外！真要都...全文： http://m.weibo.cn/1637751001/4023608005739289 ​",
        "user_description": "咳嗽，咽炎来找我，肯定管用，电话13790253270",
        "user_avatar": "https://tvax4.sinaimg.cn/crop.0.0.664.664.50/619e18d9ly8fwnytdc2kej20ig0igq4e.jpg?KID=imgbed,tva&Expires=1584956052&ssig=JGH6xPUql6",
        "id": "4023608005739289",
        "city": "1000",
        "province": "100",
        "friends_count": 226,
        "user_location": "其他",
        "mid": "4023608005739289",
        "verified_reason": "",
        "attitudes_count": 0,
        "followers_count": 91,
        "verified_type": -1,
        "statuses_count": 520,
        "parent": null,
        "verified": false,
        "geo": null,
        "user_created_at": 1394752056,
        "favourites_count": 4,
        "screen_name": "咳嗽咽炎有妙招",
        "gender": "f",
        "user_geo_enabled": true,
        "username": "咳嗽咽炎有妙招",
        "comments_count": 3,
        "t": 1474786366,
        "video_status_count": 0,
        "urank": 9,
        "user_ability": 3407872,
        "credit_score": 80
    },
    {
        "reposts_count": 0,
        "uid": 1637751001,
        "bi_followers_count": 2,
        "text": "回复@梅州网警巡查执法:删不掉了",
        "user_description": "咳嗽，咽炎来找我，肯定管用，电话13790253270",
        "user_avatar": "https://tvax4.sinaimg.cn/crop.0.0.664.664.50/619e18d9ly8fwnytdc2kej20ig0igq4e.jpg?KID=imgbed,tva&Expires=1584956052&ssig=JGH6xPUql6",
        "id": "4024456906805355",
        "city": "1000",
        "province": "100",
        "friends_count": 225,
        "user_location": "其他",
        "mid": "4024456906805355",
        "verified_reason": "",
        "attitudes_count": 0,
        "followers_count": 93,
        "verified_type": -1,
        "statuses_count": 520,
        "parent": "4023608005739289",
        "verified": false,
        "geo": null,
        "user_created_at": 1394752056,
        "favourites_count": 4,
        "screen_name": "咳嗽咽炎有妙招",
        "gender": "f",
        "user_geo_enabled": true,
        "username": "咳嗽咽炎有妙招",
        "comments_count": 0,
        "t": 1474988760,
        "video_status_count": 0,
        "urank": 9,
        "user_ability": 3407872,
        "credit_score": 80
    },
    {
        "reposts_count": 0,
        "uid": 1637751001,
        "bi_followers_count": 2,
        "text": "回复@梅州网警巡查执法:好的",
        "user_description": "咳嗽，咽炎来找我，肯定管用，电话13790253270",
        "user_avatar": "https://tvax4.sinaimg.cn/crop.0.0.664.664.50/619e18d9ly8fwnytdc2kej20ig0igq4e.jpg?KID=imgbed,tva&Expires=1584956052&ssig=JGH6xPUql6",
        "id": "4024455942582908",
        "city": "1000",
        "province": "100",
        "friends_count": 225,
        "user_location": "其他",
        "mid": "4024455942582908",
        "verified_reason": "",
        "attitudes_count": 0,
        "followers_count": 93,
        "verified_type": -1,
        "statuses_count": 520,
        "parent": "4023608005739289",
        "verified": false,
        "geo": null,
        "user_created_at": 1394752056,
        "favourites_count": 4,
        "screen_name": "咳嗽咽炎有妙招",
        "gender": "f",
        "user_geo_enabled": true,
        "username": "咳嗽咽炎有妙招",
        "comments_count": 0,
        "t": 1474988530,
        "video_status_count": 0,
        "urank": 9,
        "user_ability": 3407872,
        "credit_score": 80
    },
    {
        "reposts_count": 0,
        "uid": 5917088163,
        "bi_followers_count": 26,
        "text": "您好，我们是梅州网警。您发布的该微博信息存在不实之处，该信息已被多地警方公开辟谣。为避免不实信息的扩散，请你将微博自行删除。警方提示：根据《计算机信息网络国际联网安全保护管理办法》，利用互联网制作、复制、传播不实信息等扰乱社会秩序的，都属于违法行为。",
        "user_description": "",
        "user_avatar": "https://tvax2.sinaimg.cn/crop.3.0.476.476.50/006sruVRgy1ffhhsqmddij30dd0dbjtj.jpg?KID=imgbed,tva&Expires=1584956052&ssig=NhZps%2Fwuxs",
        "id": "4024368625463421",
        "city": "1000",
        "province": "44",
        "friends_count": 104,
        "user_location": "广东",
        "mid": "4024368625463421",
        "verified_reason": "广东省梅州市公安局网络警察支队官方微博",
        "attitudes_count": 0,
        "followers_count": 4221,
        "verified_type": 1,
        "statuses_count": 6080,
        "parent": "4023608005739289",
        "verified": true,
        "geo": null,
        "user_created_at": 1462324693,
        "favourites_count": 15,
        "screen_name": "梅州网警巡查执法",
        "gender": "m",
        "user_geo_enabled": true,
        "username": "梅州网警巡查执法",
        "comments_count": 0,
        "t": 1474967712,
        "video_status_count": 0,
        "urank": 14,
        "user_ability": 8650752,
        "credit_score": 80
    }
]