[
    {
        "reposts_count": 147,
        "uid": 5888665722,
        "bi_followers_count": 4,
        "text": "💞      人贩子太可恶    💞 孩子才失踪2个小时，心肝肺都让人挖了，孩子妈当场疯了，孩子爸爸跪在哪里说不上话来，提醒有小孩的家长，出门时必须看好小孩，确保在自己的视线以内[难过]，好恐怖！别人那转的。有软件的，转走吧，宝妈们，一定要看好自己的宝贝[大哭] http://t.cn/RcRNyg5 . ​",
        "user_description": "选择美丽，天生美丽，选择TST",
        "user_avatar": "https://tva1.sinaimg.cn/crop.0.1.750.750.50/006qweXojw8f2h5oj5kivj30ku0kwmyi.jpg?KID=imgbed,tva&Expires=1584956051&ssig=PCwdcLRteD",
        "id": "4023694944423224",
        "city": "3",
        "province": "44",
        "friends_count": 16,
        "user_location": "广东 深圳",
        "mid": "4023694944423224",
        "verified_reason": "",
        "attitudes_count": 138,
        "followers_count": 318,
        "verified_type": -1,
        "statuses_count": 2599,
        "parent": null,
        "verified": false,
        "geo": null,
        "user_created_at": 1459010704,
        "favourites_count": 0,
        "screen_name": "Jinger靖",
        "gender": "f",
        "user_geo_enabled": true,
        "username": "Jinger靖",
        "comments_count": 70,
        "t": 1474807094,
        "video_status_count": 0,
        "urank": 9,
        "user_ability": 2097152,
        "credit_score": 80
    },
    {
        "reposts_count": 0,
        "uid": 1773686814,
        "bi_followers_count": 211,
        "text": "回复@Jinger靖:事实是车祸还是什么？你写的文字是事实嘛？",
        "user_description": "知足常乐.",
        "user_avatar": "https://tva1.sinaimg.cn/crop.0.0.511.511.50/69b8501ejw8ep9c30fy84j20e70e874s.jpg?KID=imgbed,tva&Expires=1584956051&ssig=yFyL%2BoQsF%2F",
        "id": "4025356249462527",
        "city": "1",
        "province": "44",
        "friends_count": 459,
        "user_location": "广东 广州",
        "mid": "4025356249462527",
        "verified_reason": "",
        "attitudes_count": 0,
        "followers_count": 1067,
        "verified_type": 220,
        "statuses_count": 841,
        "parent": "4023694944423224",
        "verified": false,
        "geo": null,
        "user_created_at": 1280412001,
        "favourites_count": 92,
        "screen_name": "胖瞄淼",
        "gender": "f",
        "user_geo_enabled": true,
        "username": "胖瞄淼",
        "comments_count": 0,
        "t": 1475203181,
        "video_status_count": 0,
        "urank": 31,
        "user_ability": 2097152,
        "credit_score": 80
    },
    {
        "reposts_count": 0,
        "uid": 5583999829,
        "bi_followers_count": 76,
        "text": "@Xiao_沈阳Y",
        "user_description": "",
        "user_avatar": "https://tvax2.sinaimg.cn/crop.0.0.996.996.50/0065TTrnly8g86c3rvz4dj30ro0ro77j.jpg?KID=imgbed,tva&Expires=1584956051&ssig=zsHqinfDJz",
        "id": "4025093765507237",
        "city": "1",
        "province": "35",
        "friends_count": 127,
        "user_location": "福建 福州",
        "mid": "4025093765507237",
        "verified_reason": "",
        "attitudes_count": 0,
        "followers_count": 142,
        "verified_type": -1,
        "statuses_count": 0,
        "parent": "4023694944423224",
        "verified": false,
        "geo": null,
        "user_created_at": 1428680082,
        "favourites_count": 10,
        "screen_name": "张-轩-诚___",
        "gender": "m",
        "user_geo_enabled": true,
        "username": "张-轩-诚___",
        "comments_count": 0,
        "t": 1475140599,
        "video_status_count": 0,
        "urank": 24,
        "user_ability": 35652608,
        "credit_score": 80
    },
    {
        "reposts_count": 0,
        "uid": 2972142664,
        "bi_followers_count": 10,
        "text": "这个视频好几个月前就看过了，明明是车祸死的，非要说是挖器官，你这样来博知名度有意思吗？夸大事实，标题党，扰乱社会稳定。",
        "user_description": "热爱生活 热爱美食。",
        "user_avatar": "https://tva4.sinaimg.cn/crop.0.0.1242.1242.50/b1274c48jw8fd52fig36yj20yi0yinde.jpg?KID=imgbed,tva&Expires=1584956051&ssig=1F5mp%2BoiHs",
        "id": "4025073436460344",
        "city": "14",
        "province": "44",
        "friends_count": 137,
        "user_location": "广东 梅州",
        "mid": "4025073436460344",
        "verified_reason": "",
        "attitudes_count": 0,
        "followers_count": 173,
        "verified_type": -1,
        "statuses_count": 140,
        "parent": "4023694944423224",
        "verified": false,
        "geo": null,
        "user_created_at": 1346049119,
        "favourites_count": 24,
        "screen_name": "嗯芒果妹儿",
        "gender": "f",
        "user_geo_enabled": true,
        "username": "嗯芒果妹儿",
        "comments_count": 0,
        "t": 1475135751,
        "video_status_count": 0,
        "urank": 14,
        "user_ability": 1024,
        "credit_score": 80
    },
    {
        "reposts_count": 0,
        "uid": 5479883985,
        "bi_followers_count": 17,
        "text": "人贩子太可怕了",
        "user_description": "",
        "user_avatar": "https://tva4.sinaimg.cn/crop.0.0.664.664.50/005YR29zjw8f4w210sl94j30ig0igq31.jpg?KID=imgbed,tva&Expires=1584956051&ssig=PPwvNGiK0E",
        "id": "4025044516620192",
        "city": "1",
        "province": "61",
        "friends_count": 334,
        "user_location": "陕西 西安",
        "mid": "4025044516620192",
        "verified_reason": "",
        "attitudes_count": 0,
        "followers_count": 171,
        "verified_type": -1,
        "statuses_count": 1851,
        "parent": "4023694944423224",
        "verified": false,
        "geo": null,
        "user_created_at": 1421288461,
        "favourites_count": 233,
        "screen_name": "猫夫人1987",
        "gender": "m",
        "user_geo_enabled": true,
        "username": "猫夫人1987",
        "comments_count": 0,
        "t": 1475128857,
        "video_status_count": 0,
        "urank": 9,
        "user_ability": 33554432,
        "credit_score": 80
    },
    {
        "reposts_count": 0,
        "uid": 5888665722,
        "bi_followers_count": 4,
        "text": "再次郑重申明！此事已发生，中间的报道有质疑的成年人你们都有自己的识别力，没人强行要你们关注，转发！我转发的目的就是提醒天下父母注意孩子的人生安全！至于骗关注一说，微商也好，电商也罢都有自己的经营方式！没必要为了这几个钱昧着良心宣传！所以，请用自己成年人的思维成熟看待此事",
        "user_description": "选择美丽，天生美丽，选择TST",
        "user_avatar": "https://tva1.sinaimg.cn/crop.0.1.750.750.50/006qweXojw8f2h5oj5kivj30ku0kwmyi.jpg?KID=imgbed,tva&Expires=1584956051&ssig=PCwdcLRteD",
        "id": "4025012111596503",
        "city": "3",
        "province": "44",
        "friends_count": 16,
        "user_location": "广东 深圳",
        "mid": "4025012111596503",
        "verified_reason": "",
        "attitudes_count": 0,
        "followers_count": 317,
        "verified_type": -1,
        "statuses_count": 2599,
        "parent": "4023694944423224",
        "verified": false,
        "geo": null,
        "user_created_at": 1459010704,
        "favourites_count": 0,
        "screen_name": "Jinger靖",
        "gender": "f",
        "user_geo_enabled": true,
        "username": "Jinger靖",
        "comments_count": 0,
        "t": 1475121131,
        "video_status_count": 0,
        "urank": 9,
        "user_ability": 2097152,
        "credit_score": 80
    },
    {
        "reposts_count": 0,
        "uid": 5888665722,
        "bi_followers_count": 4,
        "text": "回复@菜姬八:问候你全家！没智商",
        "user_description": "选择美丽，天生美丽，选择TST",
        "user_avatar": "https://tva1.sinaimg.cn/crop.0.1.750.750.50/006qweXojw8f2h5oj5kivj30ku0kwmyi.jpg?KID=imgbed,tva&Expires=1584956051&ssig=PCwdcLRteD",
        "id": "4024963336043985",
        "city": "3",
        "province": "44",
        "friends_count": 16,
        "user_location": "广东 深圳",
        "mid": "4024963336043985",
        "verified_reason": "",
        "attitudes_count": 0,
        "followers_count": 317,
        "verified_type": -1,
        "statuses_count": 2599,
        "parent": "4023694944423224",
        "verified": false,
        "geo": null,
        "user_created_at": 1459010704,
        "favourites_count": 0,
        "screen_name": "Jinger靖",
        "gender": "f",
        "user_geo_enabled": true,
        "username": "Jinger靖",
        "comments_count": 0,
        "t": 1475109502,
        "video_status_count": 0,
        "urank": 9,
        "user_ability": 2097152,
        "credit_score": 80
    },
    {
        "reposts_count": 0,
        "uid": 2670425084,
        "bi_followers_count": 35,
        "text": "你妈上天堂了",
        "user_description": "努力工作",
        "user_avatar": "https://tvax2.sinaimg.cn/crop.0.1.440.440.50/9f2b73fcly8gcsvhg5uo1j20c80cbq3e.jpg?KID=imgbed,tva&Expires=1584956051&ssig=bpE0ravvxd",
        "id": "4024893047551711",
        "city": "2",
        "province": "44",
        "friends_count": 105,
        "user_location": "广东 韶关",
        "mid": "4024893047551711",
        "verified_reason": "",
        "attitudes_count": 0,
        "followers_count": 459,
        "verified_type": 220,
        "statuses_count": 62,
        "parent": "4023694944423224",
        "verified": false,
        "geo": null,
        "user_created_at": 1326897423,
        "favourites_count": 0,
        "screen_name": "菜官文",
        "gender": "m",
        "user_geo_enabled": true,
        "username": "菜官文",
        "comments_count": 0,
        "t": 1475092744,
        "video_status_count": 0,
        "urank": 26,
        "user_ability": 33555456,
        "credit_score": 80
    },
    {
        "reposts_count": 0,
        "uid": 5680390752,
        "bi_followers_count": 63,
        "text": "你这种造谣生事的真是比人贩子也差不了多少",
        "user_description": "一切都是最好的安排🍃",
        "user_avatar": "https://tvax4.sinaimg.cn/crop.0.5.718.718.50/006cql7Gly8fig2oo00lgj30jy0k93zo.jpg?KID=imgbed,tva&Expires=1584956051&ssig=roiHpU4Pv8",
        "id": "4024841231636401",
        "city": "9",
        "province": "37",
        "friends_count": 427,
        "user_location": "山东 泰安",
        "mid": "4024841231636401",
        "verified_reason": "",
        "attitudes_count": 0,
        "followers_count": 178,
        "verified_type": -1,
        "statuses_count": 1280,
        "parent": "4023694944423224",
        "verified": false,
        "geo": null,
        "user_created_at": 1440032915,
        "favourites_count": 588,
        "screen_name": "就是那个啥小妹",
        "gender": "f",
        "user_geo_enabled": true,
        "username": "就是那个啥小妹",
        "comments_count": 0,
        "t": 1475080390,
        "video_status_count": 0,
        "urank": 28,
        "user_ability": 3145728,
        "credit_score": 80
    },
    {
        "reposts_count": 0,
        "uid": 3761533535,
        "bi_followers_count": 10,
        "text": "回复@蔡智funnycool:博主，你又骗到了一个人，请问你开心吗",
        "user_description": "能力越大，责任越大。",
        "user_avatar": "https://tva1.sinaimg.cn/crop.0.0.1068.1068.50/e034725fjw8f6yknsjnkzj20to0tpgmq.jpg?KID=imgbed,tva&Expires=1584956051&ssig=VEUId1KM0M",
        "id": "4024831852997517",
        "city": "1",
        "province": "45",
        "friends_count": 199,
        "user_location": "广西 南宁",
        "mid": "4024831852997517",
        "verified_reason": "",
        "attitudes_count": 0,
        "followers_count": 68,
        "verified_type": -1,
        "statuses_count": 591,
        "parent": "4023694944423224",
        "verified": false,
        "geo": null,
        "user_created_at": 1377975146,
        "favourites_count": 130,
        "screen_name": "红黄蓝绿橙加灰",
        "gender": "m",
        "user_geo_enabled": true,
        "username": "红黄蓝绿橙加灰",
        "comments_count": 0,
        "t": 1475078154,
        "video_status_count": 0,
        "urank": 9,
        "user_ability": 33555456,
        "credit_score": 80
    },
    {
        "reposts_count": 0,
        "uid": 1428212635,
        "bi_followers_count": 42,
        "text": "心痛！！！强烈要求，对所有买，卖人口的人贩子执行死刑！！！",
        "user_description": "不要和意志坚定的人争辩，因为他们可以改变事实。",
        "user_avatar": "https://tva3.sinaimg.cn/crop.0.0.180.180.50/5520cb9bjw1e8qgp5bmzyj2050050aa8.jpg?KID=imgbed,tva&Expires=1584956051&ssig=bP39DLTakn",
        "id": "4024824621911408",
        "city": "9",
        "province": "31",
        "friends_count": 236,
        "user_location": "上海 虹口区",
        "mid": "4024824621911408",
        "verified_reason": "上海真趣信息科技有限公司 CEO",
        "attitudes_count": 0,
        "followers_count": 278,
        "verified_type": 0,
        "statuses_count": 1391,
        "parent": "4023694944423224",
        "verified": true,
        "geo": null,
        "user_created_at": 1310724701,
        "favourites_count": 5,
        "screen_name": "蔡智funnycool",
        "gender": "m",
        "user_geo_enabled": true,
        "username": "蔡智funnycool",
        "comments_count": 0,
        "t": 1475076430,
        "video_status_count": 0,
        "urank": 26,
        "user_ability": 2359296,
        "credit_score": 80
    },
    {
        "reposts_count": 0,
        "uid": 3147854751,
        "bi_followers_count": 51,
        "text": "孩子好可怜",
        "user_description": "✨不苛责  不假装  笑纳✨",
        "user_avatar": "https://tvax1.sinaimg.cn/crop.0.0.512.512.50/bba0739fly8gbn57gvaptj20e80e874k.jpg?KID=imgbed,tva&Expires=1584956051&ssig=%2BSYgO0B8vF",
        "id": "4024824482798610",
        "city": "1000",
        "province": "61",
        "friends_count": 288,
        "user_location": "陕西",
        "mid": "4024824482798610",
        "verified_reason": "",
        "attitudes_count": 0,
        "followers_count": 120,
        "verified_type": -1,
        "statuses_count": 86,
        "parent": "4023694944423224",
        "verified": false,
        "geo": null,
        "user_created_at": 1354120999,
        "favourites_count": 191,
        "screen_name": "姜茶1019",
        "gender": "f",
        "user_geo_enabled": true,
        "username": "姜茶1019",
        "comments_count": 0,
        "t": 1475076397,
        "video_status_count": 0,
        "urank": 22,
        "user_ability": 262144,
        "credit_score": 80
    },
    {
        "reposts_count": 0,
        "uid": 1677932660,
        "bi_followers_count": 61,
        "text": "回复@元怡芝:什么鬼，虚假消息",
        "user_description": "Lucky me",
        "user_avatar": "https://tvax4.sinaimg.cn/crop.0.0.1080.1080.50/64033874ly8gc0gmhb09xj20u00u0gmw.jpg?KID=imgbed,tva&Expires=1584956051&ssig=rYssA60rcH",
        "id": "4024821870919662",
        "city": "10",
        "province": "32",
        "friends_count": 1184,
        "user_location": "江苏 扬州",
        "mid": "4024821870919662",
        "verified_reason": "",
        "attitudes_count": 0,
        "followers_count": 324,
        "verified_type": -1,
        "statuses_count": 716,
        "parent": "4023694944423224",
        "verified": false,
        "geo": null,
        "user_created_at": 1281321753,
        "favourites_count": 238,
        "screen_name": "Lilykeaton",
        "gender": "f",
        "user_geo_enabled": true,
        "username": "Lilykeaton",
        "comments_count": 0,
        "t": 1475075774,
        "video_status_count": 0,
        "urank": 30,
        "user_ability": 2360320,
        "credit_score": 80
    },
    {
        "reposts_count": 0,
        "uid": 1806756104,
        "bi_followers_count": 27,
        "text": "回复@Jinger靖:盗用人家视频，还配了一段虚假文字，还有理[doge]，我倒是想不看的，你这说的那么惊悚，不就是让人搜的[doge]",
        "user_description": "我很好",
        "user_avatar": "https://tvax3.sinaimg.cn/crop.0.0.1125.1125.50/6bb0e908ly8fi45y8enrkj20v90v975s.jpg?KID=imgbed,tva&Expires=1584956051&ssig=NuaiIlSVdc",
        "id": "4024817127168828",
        "city": "10",
        "province": "32",
        "friends_count": 61,
        "user_location": "江苏 扬州",
        "mid": "4024817127168828",
        "verified_reason": "",
        "attitudes_count": 0,
        "followers_count": 346,
        "verified_type": -1,
        "statuses_count": 134,
        "parent": "4023694944423224",
        "verified": false,
        "geo": null,
        "user_created_at": 1283594323,
        "favourites_count": 1,
        "screen_name": "着青衣的小顾",
        "gender": "f",
        "user_geo_enabled": true,
        "username": "着青衣的小顾",
        "comments_count": 0,
        "t": 1475074643,
        "video_status_count": 0,
        "urank": 36,
        "user_ability": 0,
        "credit_score": 80
    },
    {
        "reposts_count": 0,
        "uid": 2422784707,
        "bi_followers_count": 63,
        "text": "@Lilykeaton",
        "user_description": "“凡所有相皆是虚妄。”",
        "user_avatar": "https://tvax4.sinaimg.cn/crop.0.0.751.751.50/9068c2c3ly8g0y30x55maj20kv0kv3zl.jpg?KID=imgbed,tva&Expires=1584956051&ssig=e0659m6Wrw",
        "id": "4024815671397042",
        "city": "10",
        "province": "32",
        "friends_count": 1025,
        "user_location": "江苏 扬州",
        "mid": "4024815671397042",
        "verified_reason": "",
        "attitudes_count": 0,
        "followers_count": 1607,
        "verified_type": 220,
        "statuses_count": 430,
        "parent": "4023694944423224",
        "verified": false,
        "geo": null,
        "user_created_at": 1319255007,
        "favourites_count": 152,
        "screen_name": "元怡芝",
        "gender": "f",
        "user_geo_enabled": true,
        "username": "元怡芝",
        "comments_count": 0,
        "t": 1475074296,
        "video_status_count": 0,
        "urank": 33,
        "user_ability": 2098176,
        "credit_score": 80
    },
    {
        "reposts_count": 0,
        "uid": 2410109613,
        "bi_followers_count": 54,
        "text": "@我不是舒忠鑫",
        "user_description": "—",
        "user_avatar": "https://tvax1.sinaimg.cn/crop.0.0.828.828.50/8fa75aadly8ga9gn8ia7bj20n00n0wfm.jpg?KID=imgbed,tva&Expires=1584956051&ssig=YCGFmIBqn3",
        "id": "4024812358010394",
        "city": "1000",
        "province": "51",
        "friends_count": 209,
        "user_location": "四川",
        "mid": "4024812358010394",
        "verified_reason": "",
        "attitudes_count": 0,
        "followers_count": 144,
        "verified_type": -1,
        "statuses_count": 11,
        "parent": "4023694944423224",
        "verified": false,
        "geo": null,
        "user_created_at": 1339379348,
        "favourites_count": 12,
        "screen_name": "进水了啊",
        "gender": "f",
        "user_geo_enabled": true,
        "username": "进水了啊",
        "comments_count": 0,
        "t": 1475073506,
        "video_status_count": 0,
        "urank": 24,
        "user_ability": 263168,
        "credit_score": 80
    },
    {
        "reposts_count": 0,
        "uid": 5888665722,
        "bi_followers_count": 4,
        "text": "回复@着青衣的小顾:谁也没叫你看",
        "user_description": "选择美丽，天生美丽，选择TST",
        "user_avatar": "https://tva1.sinaimg.cn/crop.0.1.750.750.50/006qweXojw8f2h5oj5kivj30ku0kwmyi.jpg?KID=imgbed,tva&Expires=1584956051&ssig=PCwdcLRteD",
        "id": "4024804107192900",
        "city": "3",
        "province": "44",
        "friends_count": 16,
        "user_location": "广东 深圳",
        "mid": "4024804107192900",
        "verified_reason": "",
        "attitudes_count": 0,
        "followers_count": 317,
        "verified_type": -1,
        "statuses_count": 2599,
        "parent": "4023694944423224",
        "verified": false,
        "geo": null,
        "user_created_at": 1459010704,
        "favourites_count": 0,
        "screen_name": "Jinger靖",
        "gender": "f",
        "user_geo_enabled": true,
        "username": "Jinger靖",
        "comments_count": 0,
        "t": 1475071539,
        "video_status_count": 0,
        "urank": 9,
        "user_ability": 2097152,
        "credit_score": 80
    },
    {
        "reposts_count": 0,
        "uid": 5888665722,
        "bi_followers_count": 4,
        "text": "回复@苫喜:你自己给我去查清楚再说话！没弄清没话语权！都是成年人！说话三思",
        "user_description": "选择美丽，天生美丽，选择TST",
        "user_avatar": "https://tva1.sinaimg.cn/crop.0.1.750.750.50/006qweXojw8f2h5oj5kivj30ku0kwmyi.jpg?KID=imgbed,tva&Expires=1584956051&ssig=PCwdcLRteD",
        "id": "4024804049144541",
        "city": "3",
        "province": "44",
        "friends_count": 16,
        "user_location": "广东 深圳",
        "mid": "4024804049144541",
        "verified_reason": "",
        "attitudes_count": 0,
        "followers_count": 317,
        "verified_type": -1,
        "statuses_count": 2599,
        "parent": "4023694944423224",
        "verified": false,
        "geo": null,
        "user_created_at": 1459010704,
        "favourites_count": 0,
        "screen_name": "Jinger靖",
        "gender": "f",
        "user_geo_enabled": true,
        "username": "Jinger靖",
        "comments_count": 0,
        "t": 1475071525,
        "video_status_count": 0,
        "urank": 9,
        "user_ability": 2097152,
        "credit_score": 80
    },
    {
        "reposts_count": 0,
        "uid": 3129665894,
        "bi_followers_count": 2,
        "text": "发这个东西的人真恶心！为了一点点关注度连人性都不要了！",
        "user_description": "喜苫",
        "user_avatar": "https://tva3.sinaimg.cn/crop.0.0.180.180.50/ba8ae966jw1e8qgp5bmzyj2050050aa8.jpg?KID=imgbed,tva&Expires=1584956051&ssig=bjeaJlZC4V",
        "id": "4024803217931625",
        "city": "3",
        "province": "15",
        "friends_count": 38,
        "user_location": "内蒙古 乌海",
        "mid": "4024803217931625",
        "verified_reason": "",
        "attitudes_count": 0,
        "followers_count": 70,
        "verified_type": -1,
        "statuses_count": 945,
        "parent": "4023694944423224",
        "verified": false,
        "geo": null,
        "user_created_at": 1358526714,
        "favourites_count": 2,
        "screen_name": "苫喜",
        "gender": "f",
        "user_geo_enabled": true,
        "username": "苫喜",
        "comments_count": 0,
        "t": 1475071327,
        "video_status_count": 0,
        "urank": 14,
        "user_ability": 2098176,
        "credit_score": 80
    },
    {
        "reposts_count": 0,
        "uid": 1806756104,
        "bi_followers_count": 27,
        "text": "回复@Jinger靖:那你还说是你家门前发生的，传谣还不删[doge]",
        "user_description": "我很好",
        "user_avatar": "https://tvax3.sinaimg.cn/crop.0.0.1125.1125.50/6bb0e908ly8fi45y8enrkj20v90v975s.jpg?KID=imgbed,tva&Expires=1584956051&ssig=NuaiIlSVdc",
        "id": "4024800236623511",
        "city": "10",
        "province": "32",
        "friends_count": 61,
        "user_location": "江苏 扬州",
        "mid": "4024800236623511",
        "verified_reason": "",
        "attitudes_count": 0,
        "followers_count": 346,
        "verified_type": -1,
        "statuses_count": 134,
        "parent": "4023694944423224",
        "verified": false,
        "geo": null,
        "user_created_at": 1283594323,
        "favourites_count": 1,
        "screen_name": "着青衣的小顾",
        "gender": "f",
        "user_geo_enabled": true,
        "username": "着青衣的小顾",
        "comments_count": 0,
        "t": 1475070616,
        "video_status_count": 0,
        "urank": 36,
        "user_ability": 0,
        "credit_score": 80
    },
    {
        "reposts_count": 0,
        "uid": 3885515088,
        "bi_followers_count": 3,
        "text": "看着爸爸跪在那里觉得好可怜",
        "user_description": "摩羯女",
        "user_avatar": "https://tva3.sinaimg.cn/crop.0.0.512.512.50/e7984150jw8f0k1rea41qj20e80e8aai.jpg?KID=imgbed,tva&Expires=1584956051&ssig=GmUIADxryf",
        "id": "4024793659791599",
        "city": "2",
        "province": "45",
        "friends_count": 158,
        "user_location": "广西 柳州",
        "mid": "4024793659791599",
        "verified_reason": "",
        "attitudes_count": 0,
        "followers_count": 82,
        "verified_type": -1,
        "statuses_count": 531,
        "parent": "4023694944423224",
        "verified": false,
        "geo": null,
        "user_created_at": 1383366401,
        "favourites_count": 14,
        "screen_name": "奥特曼要和小怪兽做好朋友",
        "gender": "f",
        "user_geo_enabled": true,
        "username": "奥特曼要和小怪兽做好朋友",
        "comments_count": 0,
        "t": 1475069048,
        "video_status_count": 0,
        "urank": 14,
        "user_ability": 2098176,
        "credit_score": 80
    },
    {
        "reposts_count": 0,
        "uid": 5888665722,
        "bi_followers_count": 4,
        "text": "回复@胖瞄淼:事实就是事实，爱信不信",
        "user_description": "选择美丽，天生美丽，选择TST",
        "user_avatar": "https://tva1.sinaimg.cn/crop.0.1.750.750.50/006qweXojw8f2h5oj5kivj30ku0kwmyi.jpg?KID=imgbed,tva&Expires=1584956051&ssig=PCwdcLRteD",
        "id": "4024789779288170",
        "city": "3",
        "province": "44",
        "friends_count": 16,
        "user_location": "广东 深圳",
        "mid": "4024789779288170",
        "verified_reason": "",
        "attitudes_count": 0,
        "followers_count": 317,
        "verified_type": -1,
        "statuses_count": 2599,
        "parent": "4023694944423224",
        "verified": false,
        "geo": null,
        "user_created_at": 1459010704,
        "favourites_count": 0,
        "screen_name": "Jinger靖",
        "gender": "f",
        "user_geo_enabled": true,
        "username": "Jinger靖",
        "comments_count": 0,
        "t": 1475068123,
        "video_status_count": 0,
        "urank": 9,
        "user_ability": 2097152,
        "credit_score": 80
    },
    {
        "reposts_count": 0,
        "uid": 1773686814,
        "bi_followers_count": 211,
        "text": "不实信息就删了吧。",
        "user_description": "知足常乐.",
        "user_avatar": "https://tva1.sinaimg.cn/crop.0.0.511.511.50/69b8501ejw8ep9c30fy84j20e70e874s.jpg?KID=imgbed,tva&Expires=1584956051&ssig=yFyL%2BoQsF%2F",
        "id": "4024787359234667",
        "city": "1",
        "province": "44",
        "friends_count": 459,
        "user_location": "广东 广州",
        "mid": "4024787359234667",
        "verified_reason": "",
        "attitudes_count": 0,
        "followers_count": 1067,
        "verified_type": 220,
        "statuses_count": 841,
        "parent": "4023694944423224",
        "verified": false,
        "geo": null,
        "user_created_at": 1280412001,
        "favourites_count": 92,
        "screen_name": "胖瞄淼",
        "gender": "f",
        "user_geo_enabled": true,
        "username": "胖瞄淼",
        "comments_count": 0,
        "t": 1475067546,
        "video_status_count": 0,
        "urank": 31,
        "user_ability": 2097152,
        "credit_score": 80
    },
    {
        "reposts_count": 0,
        "uid": 5711599924,
        "bi_followers_count": 13,
        "text": "人贩子就应该处死",
        "user_description": "又见微博",
        "user_avatar": "https://tva3.sinaimg.cn/crop.0.0.750.750.50/006exi3qjw8f2tsyf1x0ij30ku0kuaay.jpg?KID=imgbed,tva&Expires=1584956051&ssig=Uq2Xn4esbf",
        "id": "4024784511411069",
        "city": "1000",
        "province": "31",
        "friends_count": 344,
        "user_location": "上海",
        "mid": "4024784511411069",
        "verified_reason": "",
        "attitudes_count": 0,
        "followers_count": 53,
        "verified_type": -1,
        "statuses_count": 16,
        "parent": "4023694944423224",
        "verified": false,
        "geo": null,
        "user_created_at": 1443324820,
        "favourites_count": 4,
        "screen_name": "雷萌萌Lemon",
        "gender": "f",
        "user_geo_enabled": true,
        "username": "雷萌萌Lemon",
        "comments_count": 0,
        "t": 1475066867,
        "video_status_count": 0,
        "urank": 9,
        "user_ability": 2097152,
        "credit_score": 80
    },
    {
        "reposts_count": 0,
        "uid": 3802476132,
        "bi_followers_count": 220,
        "text": "假的，车祸，徐州张集的",
        "user_description": "昵称真难揍",
        "user_avatar": "https://tva3.sinaimg.cn/crop.0.0.720.720.50/e2a52e64jw8ew7h6xlg2jj20k00k0my3.jpg?KID=imgbed,tva&Expires=1584956051&ssig=JxYEsazobL",
        "id": "4024746440619958",
        "city": "3",
        "province": "32",
        "friends_count": 2105,
        "user_location": "江苏 徐州",
        "mid": "4024746440619958",
        "verified_reason": "",
        "attitudes_count": 0,
        "followers_count": 381,
        "verified_type": -1,
        "statuses_count": 1871,
        "parent": "4023694944423224",
        "verified": false,
        "geo": null,
        "user_created_at": 1379347160,
        "favourites_count": 139,
        "screen_name": "要争朝夕为了明天",
        "gender": "m",
        "user_geo_enabled": true,
        "username": "要争朝夕为了明天",
        "comments_count": 0,
        "t": 1475057790,
        "video_status_count": 0,
        "urank": 30,
        "user_ability": 3407872,
        "credit_score": 80
    },
    {
        "reposts_count": 0,
        "uid": 2920199227,
        "bi_followers_count": 6,
        "text": "强烈建议人贩子抓一个枪毙一个",
        "user_description": "expect nothing, just cherish what i get",
        "user_avatar": "https://tva4.sinaimg.cn/crop.0.0.750.750.50/ae0eb43bjw8f87fbgtolfj20ku0kuadk.jpg?KID=imgbed,tva&Expires=1584956051&ssig=9Xfnc246DK",
        "id": "4024451412825337",
        "city": "1000",
        "province": "100",
        "friends_count": 115,
        "user_location": "其他",
        "mid": "4024451412825337",
        "verified_reason": "",
        "attitudes_count": 0,
        "followers_count": 57,
        "verified_type": -1,
        "statuses_count": 540,
        "parent": "4023694944423224",
        "verified": false,
        "geo": null,
        "user_created_at": 1344957723,
        "favourites_count": 9,
        "screen_name": "散发妖气的小怪兽",
        "gender": "m",
        "user_geo_enabled": true,
        "username": "散发妖气的小怪兽",
        "comments_count": 0,
        "t": 1474987450,
        "video_status_count": 0,
        "urank": 14,
        "user_ability": 2097152,
        "credit_score": 80
    },
    {
        "reposts_count": 0,
        "uid": 3853842430,
        "bi_followers_count": 6,
        "text": "有病吧",
        "user_description": "智者不惜死，懦夫苟且生",
        "user_avatar": "https://tva1.sinaimg.cn/crop.0.0.511.511.50/e5b4f7fejw8f1jdjbwlwvj20e80e70t0.jpg?KID=imgbed,tva&Expires=1584956051&ssig=dOxl935JQO",
        "id": "4024437990882080",
        "city": "1000",
        "province": "400",
        "friends_count": 194,
        "user_location": "海外",
        "mid": "4024437990882080",
        "verified_reason": "",
        "attitudes_count": 0,
        "followers_count": 52,
        "verified_type": -1,
        "statuses_count": 109,
        "parent": "4023694944423224",
        "verified": false,
        "geo": null,
        "user_created_at": 1381718988,
        "favourites_count": 2,
        "screen_name": "不曾存在过是否",
        "gender": "m",
        "user_geo_enabled": true,
        "username": "不曾存在过是否",
        "comments_count": 0,
        "t": 1474984249,
        "video_status_count": 0,
        "urank": 9,
        "user_ability": 0,
        "credit_score": 80
    },
    {
        "reposts_count": 0,
        "uid": 5888665722,
        "bi_followers_count": 4,
        "text": "回复@xxH珀:事实已存在",
        "user_description": "选择美丽，天生美丽，选择TST",
        "user_avatar": "https://tva1.sinaimg.cn/crop.0.1.750.750.50/006qweXojw8f2h5oj5kivj30ku0kwmyi.jpg?KID=imgbed,tva&Expires=1584956051&ssig=PCwdcLRteD",
        "id": "4024393824770921",
        "city": "3",
        "province": "44",
        "friends_count": 16,
        "user_location": "广东 深圳",
        "mid": "4024393824770921",
        "verified_reason": "",
        "attitudes_count": 0,
        "followers_count": 317,
        "verified_type": -1,
        "statuses_count": 2599,
        "parent": "4023694944423224",
        "verified": false,
        "geo": null,
        "user_created_at": 1459010704,
        "favourites_count": 0,
        "screen_name": "Jinger靖",
        "gender": "f",
        "user_geo_enabled": true,
        "username": "Jinger靖",
        "comments_count": 0,
        "t": 1474973720,
        "video_status_count": 0,
        "urank": 9,
        "user_ability": 2097152,
        "credit_score": 80
    },
    {
        "reposts_count": 0,
        "uid": 5829961531,
        "bi_followers_count": 11,
        "text": "看着心痛",
        "user_description": "多愁善感",
        "user_avatar": "https://tva3.sinaimg.cn/crop.0.0.996.996.50/006mxVjBjw8f6pzjpxahmj30ro0rotc6.jpg?KID=imgbed,tva&Expires=1584956051&ssig=EfzDGjiaqN",
        "id": "4024378109456258",
        "city": "3",
        "province": "44",
        "friends_count": 52,
        "user_location": "广东 深圳",
        "mid": "4024378109456258",
        "verified_reason": "",
        "attitudes_count": 0,
        "followers_count": 28,
        "verified_type": -1,
        "statuses_count": 160,
        "parent": "4023694944423224",
        "verified": false,
        "geo": null,
        "user_created_at": 1452830452,
        "favourites_count": 0,
        "screen_name": "为爱痴狂而低落尘埃",
        "gender": "f",
        "user_geo_enabled": true,
        "username": "为爱痴狂而低落尘埃",
        "comments_count": 0,
        "t": 1474969973,
        "video_status_count": 0,
        "urank": 9,
        "user_ability": 0,
        "credit_score": 80
    },
    {
        "reposts_count": 0,
        "uid": 2546870997,
        "bi_followers_count": 19,
        "text": "回复@Jinger靖:对啊，所以这算是误导还是造谣呢",
        "user_description": "",
        "user_avatar": "https://tva2.sinaimg.cn/crop.0.0.180.180.50/97ce2ad5jw1e8qgp5bmzyj2050050aa8.jpg?KID=imgbed,tva&Expires=1584956051&ssig=sCq16M4N4D",
        "id": "4024377215355734",
        "city": "3",
        "province": "44",
        "friends_count": 87,
        "user_location": "广东 深圳",
        "mid": "4024377215355734",
        "verified_reason": "",
        "attitudes_count": 0,
        "followers_count": 70,
        "verified_type": -1,
        "statuses_count": 407,
        "parent": "4023694944423224",
        "verified": false,
        "geo": null,
        "user_created_at": 1345040710,
        "favourites_count": 1,
        "screen_name": "阿嬷公主的歧视",
        "gender": "m",
        "user_geo_enabled": true,
        "username": "阿嬷公主的歧视",
        "comments_count": 0,
        "t": 1474969760,
        "video_status_count": 0,
        "urank": 14,
        "user_ability": 2097152,
        "credit_score": 80
    },
    {
        "reposts_count": 0,
        "uid": 5888665722,
        "bi_followers_count": 4,
        "text": "事实已存在！小女孩确实是上天堂了！你既然关注我的朋友圈很明显知道我之前不发这些！对于说那些吸引关注的各位网络道德党你们不关注即可！多少人就死在你们这些暴力言论上！不相信的可绕到走！微商电商也是有良心的！买卖双方都是成年人！不相信别买很简单的道理",
        "user_description": "选择美丽，天生美丽，选择TST",
        "user_avatar": "https://tva1.sinaimg.cn/crop.0.1.750.750.50/006qweXojw8f2h5oj5kivj30ku0kwmyi.jpg?KID=imgbed,tva&Expires=1584956051&ssig=PCwdcLRteD",
        "id": "4024329114959272",
        "city": "3",
        "province": "44",
        "friends_count": 16,
        "user_location": "广东 深圳",
        "mid": "4024329114959272",
        "verified_reason": "",
        "attitudes_count": 0,
        "followers_count": 317,
        "verified_type": -1,
        "statuses_count": 2599,
        "parent": "4023694944423224",
        "verified": false,
        "geo": null,
        "user_created_at": 1459010704,
        "favourites_count": 0,
        "screen_name": "Jinger靖",
        "gender": "f",
        "user_geo_enabled": true,
        "username": "Jinger靖",
        "comments_count": 0,
        "t": 1474958292,
        "video_status_count": 0,
        "urank": 9,
        "user_ability": 2097152,
        "credit_score": 80
    },
    {
        "reposts_count": 0,
        "uid": 5888665722,
        "bi_followers_count": 4,
        "text": "回复@峰吹日赛:骗你钱啦？骗你爱情三观啦？事实就是有这件事存在！",
        "user_description": "选择美丽，天生美丽，选择TST",
        "user_avatar": "https://tva1.sinaimg.cn/crop.0.1.750.750.50/006qweXojw8f2h5oj5kivj30ku0kwmyi.jpg?KID=imgbed,tva&Expires=1584956051&ssig=PCwdcLRteD",
        "id": "4024328071186484",
        "city": "3",
        "province": "44",
        "friends_count": 16,
        "user_location": "广东 深圳",
        "mid": "4024328071186484",
        "verified_reason": "",
        "attitudes_count": 0,
        "followers_count": 317,
        "verified_type": -1,
        "statuses_count": 2599,
        "parent": "4023694944423224",
        "verified": false,
        "geo": null,
        "user_created_at": 1459010704,
        "favourites_count": 0,
        "screen_name": "Jinger靖",
        "gender": "f",
        "user_geo_enabled": true,
        "username": "Jinger靖",
        "comments_count": 0,
        "t": 1474958043,
        "video_status_count": 0,
        "urank": 9,
        "user_ability": 2097152,
        "credit_score": 80
    },
    {
        "reposts_count": 0,
        "uid": 5659248825,
        "bi_followers_count": 0,
        "text": "别无说八道，衣服穿得好好。",
        "user_description": "",
        "user_avatar": "https://tvax1.sinaimg.cn/default/images/default_avatar_male_50.gif?KID=imgbed,tva&Expires=1584956051&ssig=t2XvywXIic",
        "id": "4024313759857642",
        "city": "3",
        "province": "44",
        "friends_count": 96,
        "user_location": "广东 深圳",
        "mid": "4024313759857642",
        "verified_reason": "",
        "attitudes_count": 0,
        "followers_count": 51,
        "verified_type": -1,
        "statuses_count": 1571,
        "parent": "4023694944423224",
        "verified": false,
        "geo": null,
        "user_created_at": 1437644634,
        "favourites_count": 104,
        "screen_name": "南夫拉",
        "gender": "m",
        "user_geo_enabled": true,
        "username": "南夫拉",
        "comments_count": 0,
        "t": 1474954631,
        "video_status_count": 0,
        "urank": 4,
        "user_ability": 0,
        "credit_score": 80
    },
    {
        "reposts_count": 0,
        "uid": 5151929618,
        "bi_followers_count": 319,
        "text": "无良媒体，夸大事实，标题党，扰乱社会稳定。明明车祸，非要说挖人器官。",
        "user_description": "长得丑活的久，长得帅老的快。",
        "user_avatar": "https://tvax2.sinaimg.cn/crop.0.0.512.512.50/005CEYf0ly8g7uq8p7i12j30e80e8wf6.jpg?KID=imgbed,tva&Expires=1584956051&ssig=uaKS7kRFlz",
        "id": "4024296009539284",
        "city": "1",
        "province": "65",
        "friends_count": 633,
        "user_location": "新疆 乌鲁木齐",
        "mid": "4024296009539284",
        "verified_reason": "",
        "attitudes_count": 0,
        "followers_count": 1536,
        "verified_type": -1,
        "statuses_count": 305,
        "parent": "4023694944423224",
        "verified": false,
        "geo": null,
        "user_created_at": 1400865081,
        "favourites_count": 17,
        "screen_name": "老张今年二十又有五",
        "gender": "m",
        "user_geo_enabled": true,
        "username": "老张今年二十又有五",
        "comments_count": 0,
        "t": 1474950399,
        "video_status_count": 0,
        "urank": 42,
        "user_ability": 2360320,
        "credit_score": 80
    },
    {
        "reposts_count": 0,
        "uid": 5317855934,
        "bi_followers_count": 4,
        "text": "回复@Jinger靖:刷新三观，通过虚假消息来骗关注，这和诈骗有几个差别",
        "user_description": "手控晚期，治不好了～",
        "user_avatar": "https://tvax1.sinaimg.cn/crop.0.0.1002.1002.50/005NTbfUly8g6hqm6a7yyj30ru0run1i.jpg?KID=imgbed,tva&Expires=1584956051&ssig=Y2p7LWKRfM",
        "id": "4024288862785510",
        "city": "10",
        "province": "13",
        "friends_count": 136,
        "user_location": "河北 廊坊",
        "mid": "4024288862785510",
        "verified_reason": "",
        "attitudes_count": 0,
        "followers_count": 41,
        "verified_type": -1,
        "statuses_count": 745,
        "parent": "4023694944423224",
        "verified": false,
        "geo": null,
        "user_created_at": 1412353002,
        "favourites_count": 3,
        "screen_name": "蟲川川",
        "gender": "m",
        "user_geo_enabled": true,
        "username": "蟲川川",
        "comments_count": 0,
        "t": 1474948695,
        "video_status_count": 0,
        "urank": 14,
        "user_ability": 35652608,
        "credit_score": 80
    },
    {
        "reposts_count": 0,
        "uid": 2610948031,
        "bi_followers_count": 113,
        "text": "少传播这样的东西，",
        "user_description": "老司机，头一回",
        "user_avatar": "https://tva4.sinaimg.cn/crop.0.50.200.200.50/9b9fe7bfjw8ek2s9t015gj205k08c74b.jpg?KID=imgbed,tva&Expires=1584956051&ssig=FBsj8R4pdg",
        "id": "4024283825616963",
        "city": "3",
        "province": "53",
        "friends_count": 3733,
        "user_location": "云南 曲靖",
        "mid": "4024283825616963",
        "verified_reason": "",
        "attitudes_count": 0,
        "followers_count": 250,
        "verified_type": -1,
        "statuses_count": 1088,
        "parent": "4023694944423224",
        "verified": false,
        "geo": null,
        "user_created_at": 1328778264,
        "favourites_count": 15,
        "screen_name": "心碎的雨伞",
        "gender": "m",
        "user_geo_enabled": true,
        "username": "心碎的雨伞",
        "comments_count": 0,
        "t": 1474947494,
        "video_status_count": 0,
        "urank": 18,
        "user_ability": 262144,
        "credit_score": 80
    },
    {
        "reposts_count": 0,
        "uid": 5678779912,
        "bi_followers_count": 1,
        "text": "可怜的母亲",
        "user_description": "",
        "user_avatar": "https://tva1.sinaimg.cn/crop.0.0.720.720.50/006cjA4ojw8evm0flzm97j30k00k03zp.jpg?KID=imgbed,tva&Expires=1584956051&ssig=%2FeFEuE4W0p",
        "id": "4024123275712531",
        "city": "2",
        "province": "46",
        "friends_count": 136,
        "user_location": "海南 三亚",
        "mid": "4024123275712531",
        "verified_reason": "",
        "attitudes_count": 0,
        "followers_count": 7,
        "verified_type": -1,
        "statuses_count": 100,
        "parent": "4023694944423224",
        "verified": false,
        "geo": null,
        "user_created_at": 1439783296,
        "favourites_count": 0,
        "screen_name": "小时候是个男滴",
        "gender": "f",
        "user_geo_enabled": true,
        "username": "小时候是个男滴",
        "comments_count": 0,
        "t": 1474909216,
        "video_status_count": 0,
        "urank": 8,
        "user_ability": 0,
        "credit_score": 80
    },
    {
        "reposts_count": 0,
        "uid": 5888665722,
        "bi_followers_count": 4,
        "text": "回复@昵称番茄炒蛋:你有病吧！没事诅咒别人",
        "user_description": "选择美丽，天生美丽，选择TST",
        "user_avatar": "https://tva1.sinaimg.cn/crop.0.1.750.750.50/006qweXojw8f2h5oj5kivj30ku0kwmyi.jpg?KID=imgbed,tva&Expires=1584956051&ssig=PCwdcLRteD",
        "id": "4024100034754609",
        "city": "3",
        "province": "44",
        "friends_count": 16,
        "user_location": "广东 深圳",
        "mid": "4024100034754609",
        "verified_reason": "",
        "attitudes_count": 0,
        "followers_count": 317,
        "verified_type": -1,
        "statuses_count": 2599,
        "parent": "4023694944423224",
        "verified": false,
        "geo": null,
        "user_created_at": 1459010704,
        "favourites_count": 0,
        "screen_name": "Jinger靖",
        "gender": "f",
        "user_geo_enabled": true,
        "username": "Jinger靖",
        "comments_count": 0,
        "t": 1474903674,
        "video_status_count": 0,
        "urank": 9,
        "user_ability": 2097152,
        "credit_score": 80
    },
    {
        "reposts_count": 0,
        "uid": 5442515715,
        "bi_followers_count": 4,
        "text": "@不二库 [怒]",
        "user_description": "待到梅花绽放时，一袭红妆赏繁锦~~~",
        "user_avatar": "https://tva1.sinaimg.cn/crop.8.126.495.495.50/005WkeXxgw1enhco175wmj30g40mxqa0.jpg?KID=imgbed,tva&Expires=1584956051&ssig=FofwuSQLUa",
        "id": "4024092011221124",
        "city": "1",
        "province": "52",
        "friends_count": 138,
        "user_location": "贵州 贵阳",
        "mid": "4024092011221124",
        "verified_reason": "",
        "attitudes_count": 0,
        "followers_count": 16,
        "verified_type": -1,
        "statuses_count": 421,
        "parent": "4023694944423224",
        "verified": false,
        "geo": null,
        "user_created_at": 1419146995,
        "favourites_count": 21,
        "screen_name": "待到梅花绽放时",
        "gender": "f",
        "user_geo_enabled": true,
        "username": "待到梅花绽放时",
        "comments_count": 0,
        "t": 1474901761,
        "video_status_count": 0,
        "urank": 14,
        "user_ability": 2098176,
        "credit_score": 80
    },
    {
        "reposts_count": 0,
        "uid": 6017119133,
        "bi_followers_count": 0,
        "text": "@别别Yu_jx",
        "user_description": "已婚！",
        "user_avatar": "https://tva2.sinaimg.cn/crop.0.0.712.712.50/006zddyBjw8f7pyf4l7ktj30js0jsgmr.jpg?KID=imgbed,tva&Expires=1584956051&ssig=GSOkmC4cgn",
        "id": "4024091800815361",
        "city": "2",
        "province": "21",
        "friends_count": 1,
        "user_location": "辽宁 大连",
        "mid": "4024091800815361",
        "verified_reason": "",
        "attitudes_count": 0,
        "followers_count": 8,
        "verified_type": -1,
        "statuses_count": 4,
        "parent": "4023694944423224",
        "verified": false,
        "geo": null,
        "user_created_at": 1473082408,
        "favourites_count": 0,
        "screen_name": "杨忠宇Y_zy",
        "gender": "m",
        "user_geo_enabled": true,
        "username": "杨忠宇Y_zy",
        "comments_count": 0,
        "t": 1474901712,
        "video_status_count": 0,
        "urank": 4,
        "user_ability": 0,
        "credit_score": 80
    },
    {
        "reposts_count": 0,
        "uid": 2816959422,
        "bi_followers_count": 9,
        "text": "下一个就是你",
        "user_description": "👍",
        "user_avatar": "https://tvax2.sinaimg.cn/crop.0.0.512.512.50/a7e763bely8gav7qn6fe8j20e80e8gmo.jpg?KID=imgbed,tva&Expires=1584956051&ssig=jOuDniOPTp",
        "id": "4024090585257465",
        "city": "1",
        "province": "32",
        "friends_count": 23,
        "user_location": "江苏 南京",
        "mid": "4024090585257465",
        "verified_reason": "",
        "attitudes_count": 0,
        "followers_count": 107,
        "verified_type": -1,
        "statuses_count": 246,
        "parent": "4023694944423224",
        "verified": false,
        "geo": null,
        "user_created_at": 1338355725,
        "favourites_count": 23,
        "screen_name": "大埂少年",
        "gender": "m",
        "user_geo_enabled": true,
        "username": "大埂少年",
        "comments_count": 0,
        "t": 1474901422,
        "video_status_count": 0,
        "urank": 14,
        "user_ability": 35651584,
        "credit_score": 80
    },
    {
        "reposts_count": 0,
        "uid": 5391044949,
        "bi_followers_count": 68,
        "text": "回复@Jinger靖:加油[加油]",
        "user_description": "自先沉稳后爱人",
        "user_avatar": "https://tvax4.sinaimg.cn/crop.0.0.1125.1125.50/005SQh3Tly8frkjcx5grlj30v90v90tj.jpg?KID=imgbed,tva&Expires=1584956051&ssig=5nbzrI9nTD",
        "id": "4024090014561990",
        "city": "1000",
        "province": "100",
        "friends_count": 353,
        "user_location": "其他",
        "mid": "4024090014561990",
        "verified_reason": "",
        "attitudes_count": 0,
        "followers_count": 212,
        "verified_type": -1,
        "statuses_count": 4,
        "parent": "4023694944423224",
        "verified": false,
        "geo": null,
        "user_created_at": 1417142325,
        "favourites_count": 2,
        "screen_name": "新的一年新的憨憨",
        "gender": "m",
        "user_geo_enabled": true,
        "username": "新的一年新的憨憨",
        "comments_count": 0,
        "t": 1474901286,
        "video_status_count": 0,
        "urank": 32,
        "user_ability": 2098176,
        "credit_score": 79
    },
    {
        "reposts_count": 0,
        "uid": 5888665722,
        "bi_followers_count": 4,
        "text": "回复@后而不是:那也不能一棍子打死一片！不能一概而论",
        "user_description": "选择美丽，天生美丽，选择TST",
        "user_avatar": "https://tva1.sinaimg.cn/crop.0.1.750.750.50/006qweXojw8f2h5oj5kivj30ku0kwmyi.jpg?KID=imgbed,tva&Expires=1584956051&ssig=PCwdcLRteD",
        "id": "4024089272699255",
        "city": "3",
        "province": "44",
        "friends_count": 16,
        "user_location": "广东 深圳",
        "mid": "4024089272699255",
        "verified_reason": "",
        "attitudes_count": 0,
        "followers_count": 317,
        "verified_type": -1,
        "statuses_count": 2599,
        "parent": "4023694944423224",
        "verified": false,
        "geo": null,
        "user_created_at": 1459010704,
        "favourites_count": 0,
        "screen_name": "Jinger靖",
        "gender": "f",
        "user_geo_enabled": true,
        "username": "Jinger靖",
        "comments_count": 0,
        "t": 1474901109,
        "video_status_count": 0,
        "urank": 9,
        "user_ability": 2097152,
        "credit_score": 80
    },
    {
        "reposts_count": 0,
        "uid": 5888665722,
        "bi_followers_count": 4,
        "text": "回复@抠门少女:说不出的感觉[泪]",
        "user_description": "选择美丽，天生美丽，选择TST",
        "user_avatar": "https://tva1.sinaimg.cn/crop.0.1.750.750.50/006qweXojw8f2h5oj5kivj30ku0kwmyi.jpg?KID=imgbed,tva&Expires=1584956051&ssig=PCwdcLRteD",
        "id": "4024089121084704",
        "city": "3",
        "province": "44",
        "friends_count": 16,
        "user_location": "广东 深圳",
        "mid": "4024089121084704",
        "verified_reason": "",
        "attitudes_count": 0,
        "followers_count": 317,
        "verified_type": -1,
        "statuses_count": 2599,
        "parent": "4023694944423224",
        "verified": false,
        "geo": null,
        "user_created_at": 1459010704,
        "favourites_count": 0,
        "screen_name": "Jinger靖",
        "gender": "f",
        "user_geo_enabled": true,
        "username": "Jinger靖",
        "comments_count": 0,
        "t": 1474901073,
        "video_status_count": 0,
        "urank": 9,
        "user_ability": 2097152,
        "credit_score": 80
    },
    {
        "reposts_count": 0,
        "uid": 5391044949,
        "bi_followers_count": 68,
        "text": "回复@Jinger靖:....好吧。不过微商确实不咋样不是看不起是因为骗子多[doge]",
        "user_description": "自先沉稳后爱人",
        "user_avatar": "https://tvax4.sinaimg.cn/crop.0.0.1125.1125.50/005SQh3Tly8frkjcx5grlj30v90v90tj.jpg?KID=imgbed,tva&Expires=1584956051&ssig=5nbzrI9nTD",
        "id": "4024088835407576",
        "city": "1000",
        "province": "100",
        "friends_count": 353,
        "user_location": "其他",
        "mid": "4024088835407576",
        "verified_reason": "",
        "attitudes_count": 0,
        "followers_count": 212,
        "verified_type": -1,
        "statuses_count": 4,
        "parent": "4023694944423224",
        "verified": false,
        "geo": null,
        "user_created_at": 1417142325,
        "favourites_count": 2,
        "screen_name": "新的一年新的憨憨",
        "gender": "m",
        "user_geo_enabled": true,
        "username": "新的一年新的憨憨",
        "comments_count": 0,
        "t": 1474901005,
        "video_status_count": 0,
        "urank": 32,
        "user_ability": 2098176,
        "credit_score": 79
    },
    {
        "reposts_count": 0,
        "uid": 2944900314,
        "bi_followers_count": 12,
        "text": "回复@Jinger靖:是骑电动车 太靠近大车了 大车拐弯就给碰倒 轮子压着小孩过去了 所以远离大车",
        "user_description": "",
        "user_avatar": "https://tva1.sinaimg.cn/crop.0.0.512.512.50/af879cdajw8fapdvi21tej20e80e8jsj.jpg?KID=imgbed,tva&Expires=1584956051&ssig=HgY1N8Tfw0",
        "id": "4024087724390528",
        "city": "13",
        "province": "37",
        "friends_count": 253,
        "user_location": "山东 临沂",
        "mid": "4024087724390528",
        "verified_reason": "",
        "attitudes_count": 0,
        "followers_count": 78,
        "verified_type": -1,
        "statuses_count": 58,
        "parent": "4023694944423224",
        "verified": false,
        "geo": null,
        "user_created_at": 1344599745,
        "favourites_count": 98,
        "screen_name": "吃吃吃到起飞",
        "gender": "f",
        "user_geo_enabled": true,
        "username": "吃吃吃到起飞",
        "comments_count": 0,
        "t": 1474900740,
        "video_status_count": 0,
        "urank": 14,
        "user_ability": 33555456,
        "credit_score": 80
    },
    {
        "reposts_count": 0,
        "uid": 2295433215,
        "bi_followers_count": 14,
        "text": "一个家庭就这么毁了",
        "user_description": "她错在想改变别人",
        "user_avatar": "https://tvax2.sinaimg.cn/crop.0.0.512.512.50/88d187ffly8fsb30jn76qj20e80e8q4y.jpg?KID=imgbed,tva&Expires=1584956051&ssig=dlz9zWawGn",
        "id": "4024087702991659",
        "city": "11",
        "province": "37",
        "friends_count": 709,
        "user_location": "山东 日照",
        "mid": "4024087702991659",
        "verified_reason": "",
        "attitudes_count": 0,
        "followers_count": 191,
        "verified_type": -1,
        "statuses_count": 1323,
        "parent": "4023694944423224",
        "verified": false,
        "geo": null,
        "user_created_at": 1312902881,
        "favourites_count": 273,
        "screen_name": "猪吃老虎猪吃老虎",
        "gender": "f",
        "user_geo_enabled": true,
        "username": "猪吃老虎猪吃老虎",
        "comments_count": 0,
        "t": 1474900736,
        "video_status_count": 0,
        "urank": 21,
        "user_ability": 2097152,
        "credit_score": 80
    },
    {
        "reposts_count": 0,
        "uid": 5888665722,
        "bi_followers_count": 4,
        "text": "回复@抠门少女:各个版本都有，反正小女孩到天堂了确实是真的",
        "user_description": "选择美丽，天生美丽，选择TST",
        "user_avatar": "https://tva1.sinaimg.cn/crop.0.1.750.750.50/006qweXojw8f2h5oj5kivj30ku0kwmyi.jpg?KID=imgbed,tva&Expires=1584956051&ssig=PCwdcLRteD",
        "id": "4024087275920445",
        "city": "3",
        "province": "44",
        "friends_count": 16,
        "user_location": "广东 深圳",
        "mid": "4024087275920445",
        "verified_reason": "",
        "attitudes_count": 0,
        "followers_count": 317,
        "verified_type": -1,
        "statuses_count": 2599,
        "parent": "4023694944423224",
        "verified": false,
        "geo": null,
        "user_created_at": 1459010704,
        "favourites_count": 0,
        "screen_name": "Jinger靖",
        "gender": "f",
        "user_geo_enabled": true,
        "username": "Jinger靖",
        "comments_count": 0,
        "t": 1474900633,
        "video_status_count": 0,
        "urank": 9,
        "user_ability": 2097152,
        "credit_score": 80
    },
    {
        "reposts_count": 0,
        "uid": 5888665722,
        "bi_followers_count": 4,
        "text": "回复@后而不是:为什么要删？本来就是我们家门口发生的事！你们一个个还举报，搞笑",
        "user_description": "选择美丽，天生美丽，选择TST",
        "user_avatar": "https://tva1.sinaimg.cn/crop.0.1.750.750.50/006qweXojw8f2h5oj5kivj30ku0kwmyi.jpg?KID=imgbed,tva&Expires=1584956051&ssig=PCwdcLRteD",
        "id": "4024087074065485",
        "city": "3",
        "province": "44",
        "friends_count": 16,
        "user_location": "广东 深圳",
        "mid": "4024087074065485",
        "verified_reason": "",
        "attitudes_count": 0,
        "followers_count": 317,
        "verified_type": -1,
        "statuses_count": 2599,
        "parent": "4023694944423224",
        "verified": false,
        "geo": null,
        "user_created_at": 1459010704,
        "favourites_count": 0,
        "screen_name": "Jinger靖",
        "gender": "f",
        "user_geo_enabled": true,
        "username": "Jinger靖",
        "comments_count": 0,
        "t": 1474900585,
        "video_status_count": 0,
        "urank": 9,
        "user_ability": 2097152,
        "credit_score": 80
    },
    {
        "reposts_count": 0,
        "uid": 5391044949,
        "bi_followers_count": 68,
        "text": "还不删？",
        "user_description": "自先沉稳后爱人",
        "user_avatar": "https://tvax4.sinaimg.cn/crop.0.0.1125.1125.50/005SQh3Tly8frkjcx5grlj30v90v90tj.jpg?KID=imgbed,tva&Expires=1584956051&ssig=5nbzrI9nTD",
        "id": "4024081232287387",
        "city": "1000",
        "province": "100",
        "friends_count": 353,
        "user_location": "其他",
        "mid": "4024081232287387",
        "verified_reason": "",
        "attitudes_count": 0,
        "followers_count": 212,
        "verified_type": -1,
        "statuses_count": 4,
        "parent": "4023694944423224",
        "verified": false,
        "geo": null,
        "user_created_at": 1417142325,
        "favourites_count": 2,
        "screen_name": "新的一年新的憨憨",
        "gender": "m",
        "user_geo_enabled": true,
        "username": "新的一年新的憨憨",
        "comments_count": 0,
        "t": 1474899192,
        "video_status_count": 0,
        "urank": 32,
        "user_ability": 2098176,
        "credit_score": 79
    },
    {
        "reposts_count": 0,
        "uid": 2944900314,
        "bi_followers_count": 12,
        "text": "被车压死了 我看过完整的 心好痛 她妈妈除了叫已经说不上话了",
        "user_description": "",
        "user_avatar": "https://tva1.sinaimg.cn/crop.0.0.512.512.50/af879cdajw8fapdvi21tej20e80e8jsj.jpg?KID=imgbed,tva&Expires=1584956051&ssig=HgY1N8Tfw0",
        "id": "4024075746011903",
        "city": "13",
        "province": "37",
        "friends_count": 253,
        "user_location": "山东 临沂",
        "mid": "4024075746011903",
        "verified_reason": "",
        "attitudes_count": 0,
        "followers_count": 78,
        "verified_type": -1,
        "statuses_count": 58,
        "parent": "4023694944423224",
        "verified": false,
        "geo": null,
        "user_created_at": 1344599745,
        "favourites_count": 98,
        "screen_name": "吃吃吃到起飞",
        "gender": "f",
        "user_geo_enabled": true,
        "username": "吃吃吃到起飞",
        "comments_count": 0,
        "t": 1474897884,
        "video_status_count": 0,
        "urank": 14,
        "user_ability": 33555456,
        "credit_score": 80
    },
    {
        "reposts_count": 0,
        "uid": 1944152902,
        "bi_followers_count": 84,
        "text": "@大高咸二吉",
        "user_description": "故事很长 、别太失望。",
        "user_avatar": "https://tva3.sinaimg.cn/crop.0.0.750.750.50/73e16b46jw8f1c2dcmct3j20ku0kuwfo.jpg?KID=imgbed,tva&Expires=1584956051&ssig=x%2BwGD8FsGx",
        "id": "4024067688469768",
        "city": "1000",
        "province": "100",
        "friends_count": 345,
        "user_location": "其他",
        "mid": "4024067688469768",
        "verified_reason": "",
        "attitudes_count": 0,
        "followers_count": 348,
        "verified_type": 200,
        "statuses_count": 470,
        "parent": "4023694944423224",
        "verified": false,
        "geo": null,
        "user_created_at": 1297961246,
        "favourites_count": 10,
        "screen_name": "Capricornus1208",
        "gender": "f",
        "user_geo_enabled": true,
        "username": "Capricornus1208",
        "comments_count": 0,
        "t": 1474895963,
        "video_status_count": 0,
        "urank": 31,
        "user_ability": 2359296,
        "credit_score": 80
    },
    {
        "reposts_count": 0,
        "uid": 5888665722,
        "bi_followers_count": 4,
        "text": "回复@柔情刚大木:那你凭什么又说微商骗关注！微商就不能有良知是吧！就因为微商跟你们挣钱的方式不一样就要受到排斥咯！同样是玩手机！你拿手机瞎关注，瞎玩！我们微商同样只是拿手机玩着挣钱！拿自己的双手挣钱你凭什么就说的我们跟挣非法钱一样！",
        "user_description": "选择美丽，天生美丽，选择TST",
        "user_avatar": "https://tva1.sinaimg.cn/crop.0.1.750.750.50/006qweXojw8f2h5oj5kivj30ku0kwmyi.jpg?KID=imgbed,tva&Expires=1584956051&ssig=PCwdcLRteD",
        "id": "4024026731084895",
        "city": "3",
        "province": "44",
        "friends_count": 16,
        "user_location": "广东 深圳",
        "mid": "4024026731084895",
        "verified_reason": "",
        "attitudes_count": 0,
        "followers_count": 317,
        "verified_type": -1,
        "statuses_count": 2599,
        "parent": "4023694944423224",
        "verified": false,
        "geo": null,
        "user_created_at": 1459010704,
        "favourites_count": 0,
        "screen_name": "Jinger靖",
        "gender": "f",
        "user_geo_enabled": true,
        "username": "Jinger靖",
        "comments_count": 0,
        "t": 1474886198,
        "video_status_count": 0,
        "urank": 9,
        "user_ability": 2097152,
        "credit_score": 80
    },
    {
        "reposts_count": 0,
        "uid": 5247346730,
        "bi_followers_count": 1,
        "text": "不管怎么样，孩子的离开对父母就是天大的打击",
        "user_description": "我也不懂自己",
        "user_avatar": "https://tvax3.sinaimg.cn/crop.0.0.1008.1008.50/005J7kAGly8g1rgv9004xj30s00s0dhj.jpg?KID=imgbed,tva&Expires=1584956051&ssig=CPGPpwj6rO",
        "id": "4024008200258363",
        "city": "1000",
        "province": "52",
        "friends_count": 46,
        "user_location": "贵州",
        "mid": "4024008200258363",
        "verified_reason": "",
        "attitudes_count": 0,
        "followers_count": 25,
        "verified_type": -1,
        "statuses_count": 211,
        "parent": "4023694944423224",
        "verified": false,
        "geo": null,
        "user_created_at": 1407601006,
        "favourites_count": 5,
        "screen_name": "麻薯要抹茶哒",
        "gender": "m",
        "user_geo_enabled": true,
        "username": "麻薯要抹茶哒",
        "comments_count": 0,
        "t": 1474881779,
        "video_status_count": 0,
        "urank": 9,
        "user_ability": 2097152,
        "credit_score": 80
    },
    {
        "reposts_count": 0,
        "uid": 5888665722,
        "bi_followers_count": 4,
        "text": "回复@黄玲Huang-Ling:可怜天下父母心呀",
        "user_description": "选择美丽，天生美丽，选择TST",
        "user_avatar": "https://tva1.sinaimg.cn/crop.0.1.750.750.50/006qweXojw8f2h5oj5kivj30ku0kwmyi.jpg?KID=imgbed,tva&Expires=1584956051&ssig=PCwdcLRteD",
        "id": "4023988856172972",
        "city": "3",
        "province": "44",
        "friends_count": 16,
        "user_location": "广东 深圳",
        "mid": "4023988856172972",
        "verified_reason": "",
        "attitudes_count": 0,
        "followers_count": 317,
        "verified_type": -1,
        "statuses_count": 2599,
        "parent": "4023694944423224",
        "verified": false,
        "geo": null,
        "user_created_at": 1459010704,
        "favourites_count": 0,
        "screen_name": "Jinger靖",
        "gender": "f",
        "user_geo_enabled": true,
        "username": "Jinger靖",
        "comments_count": 0,
        "t": 1474877167,
        "video_status_count": 0,
        "urank": 9,
        "user_ability": 2097152,
        "credit_score": 80
    },
    {
        "reposts_count": 0,
        "uid": 5888665722,
        "bi_followers_count": 4,
        "text": "回复@xxH珀:器官配对都好难的样子，而且还必须是活体的吧？",
        "user_description": "选择美丽，天生美丽，选择TST",
        "user_avatar": "https://tva1.sinaimg.cn/crop.0.1.750.750.50/006qweXojw8f2h5oj5kivj30ku0kwmyi.jpg?KID=imgbed,tva&Expires=1584956051&ssig=PCwdcLRteD",
        "id": "4023988759620093",
        "city": "3",
        "province": "44",
        "friends_count": 16,
        "user_location": "广东 深圳",
        "mid": "4023988759620093",
        "verified_reason": "",
        "attitudes_count": 0,
        "followers_count": 317,
        "verified_type": -1,
        "statuses_count": 2599,
        "parent": "4023694944423224",
        "verified": false,
        "geo": null,
        "user_created_at": 1459010704,
        "favourites_count": 0,
        "screen_name": "Jinger靖",
        "gender": "f",
        "user_geo_enabled": true,
        "username": "Jinger靖",
        "comments_count": 0,
        "t": 1474877144,
        "video_status_count": 0,
        "urank": 9,
        "user_ability": 2097152,
        "credit_score": 80
    },
    {
        "reposts_count": 0,
        "uid": 5888665722,
        "bi_followers_count": 4,
        "text": "回复@jacqlineno1yo:现在的人好像什么事都只听过网络表达自己了！还是那个时候好",
        "user_description": "选择美丽，天生美丽，选择TST",
        "user_avatar": "https://tva1.sinaimg.cn/crop.0.1.750.750.50/006qweXojw8f2h5oj5kivj30ku0kwmyi.jpg?KID=imgbed,tva&Expires=1584956051&ssig=PCwdcLRteD",
        "id": "4023988613504396",
        "city": "3",
        "province": "44",
        "friends_count": 16,
        "user_location": "广东 深圳",
        "mid": "4023988613504396",
        "verified_reason": "",
        "attitudes_count": 0,
        "followers_count": 317,
        "verified_type": -1,
        "statuses_count": 2599,
        "parent": "4023694944423224",
        "verified": false,
        "geo": null,
        "user_created_at": 1459010704,
        "favourites_count": 0,
        "screen_name": "Jinger靖",
        "gender": "f",
        "user_geo_enabled": true,
        "username": "Jinger靖",
        "comments_count": 0,
        "t": 1474877109,
        "video_status_count": 0,
        "urank": 9,
        "user_ability": 2097152,
        "credit_score": 80
    },
    {
        "reposts_count": 0,
        "uid": 5351858762,
        "bi_followers_count": 9,
        "text": "心肝肺那么好挖么？不是医生的话挖出来根本不能用。还有拍视频的人，人间惨剧了还拍拍拍[怒]",
        "user_description": "想瘦想美想的发疯",
        "user_avatar": "https://tva1.sinaimg.cn/crop.0.26.1242.1242.50/005QbQWCjw8fc55qbdk2pj30yi0zy416.jpg?KID=imgbed,tva&Expires=1584956051&ssig=K7FrR0NpDP",
        "id": "4023983177209709",
        "city": "1000",
        "province": "11",
        "friends_count": 206,
        "user_location": "北京",
        "mid": "4023983177209709",
        "verified_reason": "",
        "attitudes_count": 0,
        "followers_count": 2520,
        "verified_type": -1,
        "statuses_count": 254,
        "parent": "4023694944423224",
        "verified": false,
        "geo": null,
        "user_created_at": 1414825777,
        "favourites_count": 2,
        "screen_name": "红方插曲",
        "gender": "f",
        "user_geo_enabled": true,
        "username": "红方插曲",
        "comments_count": 0,
        "t": 1474875814,
        "video_status_count": 0,
        "urank": 14,
        "user_ability": 0,
        "credit_score": 80
    },
    {
        "reposts_count": 0,
        "uid": 2546870997,
        "bi_followers_count": 19,
        "text": "其实我也不知道会不会，听说不匹配就把内脏取出来，取出来了也没用，我到觉得图中小孩是淹死的",
        "user_description": "",
        "user_avatar": "https://tva2.sinaimg.cn/crop.0.0.180.180.50/97ce2ad5jw1e8qgp5bmzyj2050050aa8.jpg?KID=imgbed,tva&Expires=1584956051&ssig=sCq16M4N4D",
        "id": "4023963765842503",
        "city": "3",
        "province": "44",
        "friends_count": 87,
        "user_location": "广东 深圳",
        "mid": "4023963765842503",
        "verified_reason": "",
        "attitudes_count": 0,
        "followers_count": 70,
        "verified_type": -1,
        "statuses_count": 407,
        "parent": "4023694944423224",
        "verified": false,
        "geo": null,
        "user_created_at": 1345040710,
        "favourites_count": 1,
        "screen_name": "阿嬷公主的歧视",
        "gender": "m",
        "user_geo_enabled": true,
        "username": "阿嬷公主的歧视",
        "comments_count": 0,
        "t": 1474871186,
        "video_status_count": 0,
        "urank": 14,
        "user_ability": 2097152,
        "credit_score": 80
    },
    {
        "reposts_count": 0,
        "uid": 5179478186,
        "bi_followers_count": 5,
        "text": "天那！最看不得这个了",
        "user_description": "",
        "user_avatar": "https://tvax2.sinaimg.cn/crop.0.0.512.512.50/005EwySKly8fu2gh7h2kxj30e80e8aae.jpg?KID=imgbed,tva&Expires=1584956051&ssig=FnM1AhK7sB",
        "id": "4023929792625926",
        "city": "1000",
        "province": "31",
        "friends_count": 541,
        "user_location": "上海",
        "mid": "4023929792625926",
        "verified_reason": "",
        "attitudes_count": 0,
        "followers_count": 209,
        "verified_type": -1,
        "statuses_count": 794,
        "parent": "4023694944423224",
        "verified": false,
        "geo": null,
        "user_created_at": 1402746418,
        "favourites_count": 4,
        "screen_name": "夏夏vx",
        "gender": "f",
        "user_geo_enabled": true,
        "username": "夏夏vx",
        "comments_count": 0,
        "t": 1474863086,
        "video_status_count": 0,
        "urank": 9,
        "user_ability": 2359296,
        "credit_score": 80
    },
    {
        "reposts_count": 0,
        "uid": 1829962911,
        "bi_followers_count": 14,
        "text": "胡说",
        "user_description": "",
        "user_avatar": "https://tvax3.sinaimg.cn/crop.0.0.511.511.50/6d13049fly8fe5w9doz2ej20j60pkjv9.jpg?KID=imgbed,tva&Expires=1584956051&ssig=xW7uR0Uwxg",
        "id": "4023904416728566",
        "city": "5",
        "province": "11",
        "friends_count": 503,
        "user_location": "北京 朝阳区",
        "mid": "4023904416728566",
        "verified_reason": "",
        "attitudes_count": 0,
        "followers_count": 624,
        "verified_type": -1,
        "statuses_count": 3244,
        "parent": "4023694944423224",
        "verified": false,
        "geo": null,
        "user_created_at": 1287063977,
        "favourites_count": 327,
        "screen_name": "我是小马Juno2005",
        "gender": "m",
        "user_geo_enabled": true,
        "username": "我是小马Juno2005",
        "comments_count": 0,
        "t": 1474857036,
        "video_status_count": 0,
        "urank": 42,
        "user_ability": 2097152,
        "credit_score": 80
    },
    {
        "reposts_count": 0,
        "uid": 5668979128,
        "bi_followers_count": 10,
        "text": "无论是什么，这对母亲来说都是场极大的伤害！母亲会精神分裂，说明平时对孩子付出最多的就是她。",
        "user_description": "只有经历，才会懂得。",
        "user_avatar": "https://tvax4.sinaimg.cn/crop.0.0.750.750.50/006bEsrely8fuoktbr0eyj30ku0kugm2.jpg?KID=imgbed,tva&Expires=1584956051&ssig=Af1xG15clD",
        "id": "4023894602500237",
        "city": "1",
        "province": "51",
        "friends_count": 311,
        "user_location": "四川 成都",
        "mid": "4023894602500237",
        "verified_reason": "",
        "attitudes_count": 0,
        "followers_count": 68,
        "verified_type": -1,
        "statuses_count": 362,
        "parent": "4023694944423224",
        "verified": false,
        "geo": null,
        "user_created_at": 1438767966,
        "favourites_count": 279,
        "screen_name": "黄玲Huang-Ling",
        "gender": "f",
        "user_geo_enabled": true,
        "username": "黄玲Huang-Ling",
        "comments_count": 0,
        "t": 1474854695,
        "video_status_count": 0,
        "urank": 9,
        "user_ability": 35651584,
        "credit_score": 80
    },
    {
        "reposts_count": 0,
        "uid": 3257450135,
        "bi_followers_count": 0,
        "text": "这只是场车祸",
        "user_description": "历年叔叔全案，内部私密课 借一步好说话Q897252092，有更多好东西。。。",
        "user_avatar": "https://tva4.sinaimg.cn/crop.0.0.664.664.50/c228be97jw8fbftfr9n3mj20ig0igjru.jpg?KID=imgbed,tva&Expires=1584956051&ssig=ZG3zCNCd0A",
        "id": "4023825098608720",
        "city": "1",
        "province": "11",
        "friends_count": 68,
        "user_location": "北京 东城区",
        "mid": "4023825098608720",
        "verified_reason": "",
        "attitudes_count": 0,
        "followers_count": 58,
        "verified_type": -1,
        "statuses_count": 35,
        "parent": "4023694944423224",
        "verified": false,
        "geo": null,
        "user_created_at": 1364709293,
        "favourites_count": 0,
        "screen_name": "痴情叔全案q897252092",
        "gender": "m",
        "user_geo_enabled": true,
        "username": "痴情叔全案q897252092",
        "comments_count": 0,
        "t": 1474838124,
        "video_status_count": 0,
        "urank": 9,
        "user_ability": 1024,
        "credit_score": 80
    }
]