[
    {
        "reposts_count": 0,
        "uid": 5096907632,
        "bi_followers_count": 14,
        "text": "..请告诉您的孩子：在外面，找不到爸爸妈妈的时候，不要慌乱，去任意一家银行坐下，告诉工作人员你找不到家人了，工作人员会联系你的家人的。10月1日起，全国银行正式成为中国失联儿童安全守护点！银行就是失散儿童守护人！只要孩子进了银行，孩子就不会被拐卖或出现意外！ ​",
        "user_description": "无需仰望别人，自己亦是风景～",
        "user_avatar": "https://tva2.sinaimg.cn/crop.0.0.512.512.50/005yW6vCjw8f212lq27drj30e80e8wf1.jpg?KID=imgbed,tva&Expires=1584956077&ssig=Z74pCk5AJT",
        "id": "4023194203659226",
        "city": "1",
        "province": "45",
        "friends_count": 209,
        "user_location": "广西 南宁",
        "mid": "4023194203659226",
        "verified_reason": "",
        "attitudes_count": 1,
        "followers_count": 49,
        "verified_type": -1,
        "statuses_count": 133,
        "parent": null,
        "verified": false,
        "geo": null,
        "user_created_at": 1396441198,
        "favourites_count": 2,
        "screen_name": "a风雨中",
        "gender": "m",
        "user_geo_enabled": true,
        "username": "a风雨中",
        "comments_count": 3,
        "t": 1474687707,
        "video_status_count": 0,
        "urank": 9,
        "user_ability": 34603008,
        "credit_score": 80
    },
    {
        "reposts_count": 0,
        "uid": 5917088163,
        "bi_followers_count": 26,
        "text": "您好，我们是梅州网警。您发布的该微博信息存在不实之处，该信息已被多地警方公开辟谣。为避免不实信息的扩散，请你将微博自行删除。警方提示：根据《计算机信息网络国际联网安全保护管理办法》，利用互联网制作、复制、传播不实信息等扰乱社会秩序的，都属于违法行为。",
        "user_description": "",
        "user_avatar": "https://tvax2.sinaimg.cn/crop.3.0.476.476.50/006sruVRgy1ffhhsqmddij30dd0dbjtj.jpg?KID=imgbed,tva&Expires=1584956077&ssig=tugTlQvFP6",
        "id": "4024372748506233",
        "city": "1000",
        "province": "44",
        "friends_count": 104,
        "user_location": "广东",
        "mid": "4024372748506233",
        "verified_reason": "广东省梅州市公安局网络警察支队官方微博",
        "attitudes_count": 0,
        "followers_count": 4221,
        "verified_type": 1,
        "statuses_count": 6080,
        "parent": "4023194203659226",
        "verified": true,
        "geo": null,
        "user_created_at": 1462324693,
        "favourites_count": 15,
        "screen_name": "梅州网警巡查执法",
        "gender": "m",
        "user_geo_enabled": true,
        "username": "梅州网警巡查执法",
        "comments_count": 0,
        "t": 1474968694,
        "video_status_count": 0,
        "urank": 14,
        "user_ability": 8650752,
        "credit_score": 80
    },
    {
        "reposts_count": 0,
        "uid": 2365836333,
        "bi_followers_count": 21,
        "text": "@泉州网警巡查执法 提醒：1.全国连锁的最大失联儿童守护点是派出所；2.不要给孩子传递错误的防失联信息；3.不传谣、不造谣！",
        "user_description": ".",
        "user_avatar": "https://tva1.sinaimg.cn/crop.0.0.664.664.50/8d03cc2djw8f1jrplk9ajj20ig0igglj.jpg?KID=imgbed,tva&Expires=1584956077&ssig=SfTkoojiSS",
        "id": "4023225493239584",
        "city": "1000",
        "province": "15",
        "friends_count": 245,
        "user_location": "内蒙古",
        "mid": "4023225493239584",
        "verified_reason": "中国无线电运动协会会员",
        "attitudes_count": 0,
        "followers_count": 207,
        "verified_type": 0,
        "statuses_count": 142,
        "parent": "4023194203659226",
        "verified": true,
        "geo": null,
        "user_created_at": 1321092935,
        "favourites_count": 5,
        "screen_name": "_名人凡客",
        "gender": "m",
        "user_geo_enabled": false,
        "username": "_名人凡客",
        "comments_count": 0,
        "t": 1474695167,
        "video_status_count": 0,
        "urank": 21,
        "user_ability": 2097152,
        "credit_score": 80
    },
    {
        "reposts_count": 0,
        "uid": 3782198483,
        "bi_followers_count": 6,
        "text": "假的，不要传谣[鄙视][鄙视]",
        "user_description": "岁月不扰，余生静好❤️",
        "user_avatar": "https://tvax2.sinaimg.cn/crop.0.0.996.996.50/e16fc4d3ly8g37xiq5esaj20ro0ro0u4.jpg?KID=imgbed,tva&Expires=1584956077&ssig=aujCYA9pJr",
        "id": "4023195734081563",
        "city": "1000",
        "province": "100",
        "friends_count": 134,
        "user_location": "其他",
        "mid": "4023195734081563",
        "verified_reason": "",
        "attitudes_count": 0,
        "followers_count": 87,
        "verified_type": -1,
        "statuses_count": 301,
        "parent": "4023194203659226",
        "verified": false,
        "geo": null,
        "user_created_at": 1378658205,
        "favourites_count": 2,
        "screen_name": "客家菇凉",
        "gender": "f",
        "user_geo_enabled": false,
        "username": "客家菇凉",
        "comments_count": 0,
        "t": 1474688074,
        "video_status_count": 0,
        "urank": 32,
        "user_ability": 2359296,
        "credit_score": 80
    }
]