[
    {
        "reposts_count": 1,
        "uid": 5878352654,
        "bi_followers_count": 489,
        "text": "请告诉您的孩子：在外面，找不到爸爸妈妈的时候，不要慌乱，去任意一家银行坐下，告诉工作人员你找不到家人了，工作人员会联系你的家人的。10月1日起，全国银行正式成为中国失联儿童安全守护点！银行就是失散儿童守护人！只要孩子进了银行，即便暂时与家长失去联系，孩子也不会被拐卖或出现意外！真要...全文： http://m.weibo.cn/5878352654/4023876356829950 ​",
        "user_description": "小仙女",
        "user_avatar": "https://tva4.sinaimg.cn/crop.0.0.996.996.50/006pOY3Ajw8f1rjiu579xj30ro0rpmzc.jpg?KID=imgbed,tva&Expires=1584956048&ssig=4EMcLSEHev",
        "id": "4023876356829950",
        "city": "1000",
        "province": "13",
        "friends_count": 2729,
        "user_location": "河北",
        "mid": "4023876356829950",
        "verified_reason": "",
        "attitudes_count": 15,
        "followers_count": 10784,
        "verified_type": -1,
        "statuses_count": 1908,
        "parent": null,
        "verified": false,
        "geo": {
            "type": "Point",
            "coordinates": [
                37.35596,
                114.76155
            ]
        },
        "user_created_at": 1457511800,
        "favourites_count": 0,
        "screen_name": "我们幸福又安康",
        "gender": "f",
        "user_geo_enabled": true,
        "username": "我们幸福又安康",
        "comments_count": 3,
        "t": 1474850346,
        "video_status_count": 0,
        "urank": 25,
        "user_ability": 8,
        "credit_score": 80
    },
    {
        "reposts_count": 0,
        "uid": 1012223927,
        "bi_followers_count": 14,
        "text": "谣言",
        "user_description": "蒸汽电子烟实体店",
        "user_avatar": "https://tvax4.sinaimg.cn/crop.0.0.511.511.50/3c554fb7ly8fg26i4z6bej20e80e7jrp.jpg?KID=imgbed,tva&Expires=1584956048&ssig=jXH8fjY8Li",
        "id": "4024625668726566",
        "city": "1",
        "province": "21",
        "friends_count": 803,
        "user_location": "辽宁 沈阳",
        "mid": "4024625668726566",
        "verified_reason": "",
        "attitudes_count": 0,
        "followers_count": 115,
        "verified_type": -1,
        "statuses_count": 99,
        "parent": "4023876356829950",
        "verified": false,
        "geo": {
            "type": "Point",
            "coordinates": [
                37.35596,
                114.76155
            ]
        },
        "user_created_at": 1394114660,
        "favourites_count": 1,
        "screen_name": "沈阳嘻烟仕蒸汽电子烟",
        "gender": "f",
        "user_geo_enabled": true,
        "username": "沈阳嘻烟仕蒸汽电子烟",
        "comments_count": 0,
        "t": 1475028997,
        "video_status_count": 0,
        "urank": 12,
        "user_ability": 33554432,
        "credit_score": 80
    },
    {
        "reposts_count": 0,
        "uid": 3697488344,
        "bi_followers_count": 10,
        "text": "人民日报已经发文，这是假消息",
        "user_description": "上海达尔威经销商！我是一块混凝土，也渴望美丽与情柔！＋V:15002868530",
        "user_avatar": "https://tva1.sinaimg.cn/crop.0.0.996.996.50/dc6331d8jw8f5qtiykq0ej20ro0roq6l.jpg?KID=imgbed,tva&Expires=1584956048&ssig=OKqah2wWKA",
        "id": "4024075967994801",
        "city": "1",
        "province": "51",
        "friends_count": 135,
        "user_location": "四川 成都",
        "mid": "4024075967994801",
        "verified_reason": "",
        "attitudes_count": 0,
        "followers_count": 86,
        "verified_type": -1,
        "statuses_count": 102,
        "parent": "4023876356829950",
        "verified": false,
        "geo": {
            "type": "Point",
            "coordinates": [
                37.35596,
                114.76155
            ]
        },
        "user_created_at": 1375686234,
        "favourites_count": 8,
        "screen_name": "我是相伴金生",
        "gender": "f",
        "user_geo_enabled": true,
        "username": "我是相伴金生",
        "comments_count": 0,
        "t": 1474897937,
        "video_status_count": 0,
        "urank": 9,
        "user_ability": 0,
        "credit_score": 80
    }
]