[
    {
        "reposts_count": 0,
        "uid": 5967321812,
        "bi_followers_count": 2,
        "text": "告诉孩子们，在外面走丢不要怕，10月1日起，全国银行正式成为中国失联儿童安全守护点！银行就是失散儿童守护人！只要孩子进了银行，即便暂时与家长失去联系，孩子也不会被拐卖或出现意外！真要都接力起来能帮助多少走丢的孩子！为了孩子转下去。 ​",
        "user_description": "主要给微商提供真人活粉，地区任选，男女任选，全面助力微商出单，百度推广，主要给微商进行产品推广，精准客户引流服务…weixin  zmh19840102",
        "user_avatar": "https://tvax2.sinaimg.cn/crop.0.0.996.996.50/006vQh00ly8gc1w1jmaajj30ro0ro77h.jpg?KID=imgbed,tva&Expires=1584956058&ssig=fufgO5gjZ1",
        "id": "4023224658736709",
        "city": "1000",
        "province": "42",
        "friends_count": 330,
        "user_location": "湖北",
        "mid": "4023224658736709",
        "verified_reason": "",
        "attitudes_count": 0,
        "followers_count": 10126,
        "verified_type": -1,
        "statuses_count": 17,
        "parent": null,
        "verified": false,
        "geo": null,
        "user_created_at": 1466656730,
        "favourites_count": 2,
        "screen_name": "聚人宝总代-明花",
        "gender": "f",
        "user_geo_enabled": true,
        "username": "聚人宝总代-明花",
        "comments_count": 2,
        "t": 1474694969,
        "video_status_count": 0,
        "urank": 9,
        "user_ability": 35913736,
        "credit_score": 80
    },
    {
        "reposts_count": 0,
        "uid": 2296643571,
        "bi_followers_count": 11,
        "text": "谣言",
        "user_description": "",
        "user_avatar": "https://tvax3.sinaimg.cn/crop.0.0.996.996.50/88e3fff3ly8gai1qfojdhj20ro0roabp.jpg?KID=imgbed,tva&Expires=1584956058&ssig=3mkQSfolpN",
        "id": "4023228798108507",
        "city": "25",
        "province": "63",
        "friends_count": 156,
        "user_location": "青海 海南",
        "mid": "4023228798108507",
        "verified_reason": "",
        "attitudes_count": 0,
        "followers_count": 47,
        "verified_type": -1,
        "statuses_count": 90,
        "parent": "4023224658736709",
        "verified": false,
        "geo": null,
        "user_created_at": 1317526661,
        "favourites_count": 2331,
        "screen_name": "見崎织纱",
        "gender": "f",
        "user_geo_enabled": true,
        "username": "見崎织纱",
        "comments_count": 0,
        "t": 1474695955,
        "video_status_count": 0,
        "urank": 9,
        "user_ability": 2098176,
        "credit_score": 80
    },
    {
        "reposts_count": 0,
        "uid": 2365836333,
        "bi_followers_count": 21,
        "text": "@泉州网警巡查执法 提醒：1.全国连锁的最大失联儿童守护点是派出所；2.不要给孩子传递错误的防失联信息；3.不传谣、不造谣！",
        "user_description": ".",
        "user_avatar": "https://tva1.sinaimg.cn/crop.0.0.664.664.50/8d03cc2djw8f1jrplk9ajj20ig0igglj.jpg?KID=imgbed,tva&Expires=1584956058&ssig=03oV68BwaH",
        "id": "4023224762758165",
        "city": "1000",
        "province": "15",
        "friends_count": 245,
        "user_location": "内蒙古",
        "mid": "4023224762758165",
        "verified_reason": "中国无线电运动协会会员",
        "attitudes_count": 0,
        "followers_count": 207,
        "verified_type": 0,
        "statuses_count": 142,
        "parent": "4023224658736709",
        "verified": true,
        "geo": null,
        "user_created_at": 1321092935,
        "favourites_count": 5,
        "screen_name": "_名人凡客",
        "gender": "m",
        "user_geo_enabled": false,
        "username": "_名人凡客",
        "comments_count": 0,
        "t": 1474694995,
        "video_status_count": 0,
        "urank": 21,
        "user_ability": 2097152,
        "credit_score": 80
    }
]