[
    {
        "reposts_count": 0,
        "uid": 5319526043,
        "bi_followers_count": 6,
        "text": "请告诉您的孩子：在外面，找不到爸爸妈妈的时候，不要慌乱，去任意一家银行坐下，告诉工作人员你找不到家人了，工作人员会联系你的家人的。10月1日起，全国银行正式成为中国失联儿童安全守护点！银行就是失散儿童守护人！只要孩子进了银行，即便暂时与家长失去联系，孩子也不会被拐卖或出现意外。 ​",
        "user_description": "",
        "user_avatar": "https://tvax3.sinaimg.cn/crop.0.0.996.996.50/005O0bJ9ly8g8z3v4lujzj30ro0ron0o.jpg?KID=imgbed,tva&Expires=1584956078&ssig=TUBPz1i0Jd",
        "id": "4023192228166309",
        "city": "1",
        "province": "44",
        "friends_count": 188,
        "user_location": "广东 广州",
        "mid": "4023192228166309",
        "verified_reason": "",
        "attitudes_count": 0,
        "followers_count": 112,
        "verified_type": -1,
        "statuses_count": 957,
        "parent": null,
        "verified": false,
        "geo": null,
        "user_created_at": 1412682008,
        "favourites_count": 55,
        "screen_name": "最爱张艺兴的酒窝",
        "gender": "f",
        "user_geo_enabled": true,
        "username": "最爱张艺兴的酒窝",
        "comments_count": 1,
        "t": 1474687237,
        "video_status_count": 0,
        "urank": 9,
        "user_ability": 35652608,
        "credit_score": 80
    },
    {
        "reposts_count": 0,
        "uid": 2365836333,
        "bi_followers_count": 21,
        "text": "@泉州网警巡查执法 提醒：1.全国连锁的最大失联儿童守护点是派出所；2.不要给孩子传递错误的防失联信息；3.不传谣、不造谣！",
        "user_description": ".",
        "user_avatar": "https://tva1.sinaimg.cn/crop.0.0.664.664.50/8d03cc2djw8f1jrplk9ajj20ig0igglj.jpg?KID=imgbed,tva&Expires=1584956078&ssig=ac%2BamgS5jo",
        "id": "4023225703289245",
        "city": "1000",
        "province": "15",
        "friends_count": 245,
        "user_location": "内蒙古",
        "mid": "4023225703289245",
        "verified_reason": "中国无线电运动协会会员",
        "attitudes_count": 0,
        "followers_count": 207,
        "verified_type": 0,
        "statuses_count": 142,
        "parent": "4023192228166309",
        "verified": true,
        "geo": null,
        "user_created_at": 1321092935,
        "favourites_count": 5,
        "screen_name": "_名人凡客",
        "gender": "m",
        "user_geo_enabled": false,
        "username": "_名人凡客",
        "comments_count": 0,
        "t": 1474695218,
        "video_status_count": 0,
        "urank": 21,
        "user_ability": 2097152,
        "credit_score": 80
    }
]