[
    {
        "reposts_count": 0,
        "uid": 5207555206,
        "bi_followers_count": 0,
        "text": "请告诉您的孩子：在外，找不到爸爸妈妈的时候，别慌乱，去任意一家银行，告诉工作人员你找不到家人了，他们会联系你的家人的。10月1日起，全国银行正式成为中国失联儿童安全守护点！只要孩子进了银行，暂时与家长失去联系，孩子也不会被拐卖或出现意外！真要都接力起来能帮助多少走丢的孩子！ ​",
        "user_description": "",
        "user_avatar": "https://tvax1.sinaimg.cn/crop.0.0.996.996.50/005GqmZUly8fuvb29d1etj30ro0roac9.jpg?KID=imgbed,tva&Expires=1584956054&ssig=mUX5yBEaGc",
        "id": "4023200528639593",
        "city": "3",
        "province": "37",
        "friends_count": 64,
        "user_location": "山东 淄博",
        "mid": "4023200528639593",
        "verified_reason": "",
        "attitudes_count": 1,
        "followers_count": 43,
        "verified_type": -1,
        "statuses_count": 43,
        "parent": null,
        "verified": false,
        "geo": null,
        "user_created_at": 1404661275,
        "favourites_count": 0,
        "screen_name": "用户5207555206",
        "gender": "m",
        "user_geo_enabled": true,
        "username": "用户5207555206",
        "comments_count": 3,
        "t": 1474689216,
        "video_status_count": 0,
        "urank": 14,
        "user_ability": 0,
        "credit_score": 80
    },
    {
        "reposts_count": 0,
        "uid": 5917088163,
        "bi_followers_count": 26,
        "text": "您好，我们是梅州网警。您发布的该微博信息存在不实之处，该信息已被多地警方公开辟谣。为避免不实信息的扩散，请你将微博自行删除。警方提示：根据《计算机信息网络国际联网安全保护管理办法》，利用互联网制作、复制、传播不实信息等扰乱社会秩序的，都属于违法行为。",
        "user_description": "",
        "user_avatar": "https://tvax2.sinaimg.cn/crop.3.0.476.476.50/006sruVRgy1ffhhsqmddij30dd0dbjtj.jpg?KID=imgbed,tva&Expires=1584956054&ssig=G9WPaXzTQz",
        "id": "4024372316126371",
        "city": "1000",
        "province": "44",
        "friends_count": 104,
        "user_location": "广东",
        "mid": "4024372316126371",
        "verified_reason": "广东省梅州市公安局网络警察支队官方微博",
        "attitudes_count": 0,
        "followers_count": 4221,
        "verified_type": 1,
        "statuses_count": 6080,
        "parent": "4023200528639593",
        "verified": true,
        "geo": null,
        "user_created_at": 1462324693,
        "favourites_count": 15,
        "screen_name": "梅州网警巡查执法",
        "gender": "m",
        "user_geo_enabled": true,
        "username": "梅州网警巡查执法",
        "comments_count": 0,
        "t": 1474968592,
        "video_status_count": 0,
        "urank": 14,
        "user_ability": 8650752,
        "credit_score": 80
    },
    {
        "reposts_count": 0,
        "uid": 2365836333,
        "bi_followers_count": 21,
        "text": "@泉州网警巡查执法 提醒：1.全国连锁的最大失联儿童守护点是派出所；2.不要给孩子传递错误的防失联信息；3.不传谣、不造谣！",
        "user_description": ".",
        "user_avatar": "https://tva1.sinaimg.cn/crop.0.0.664.664.50/8d03cc2djw8f1jrplk9ajj20ig0igglj.jpg?KID=imgbed,tva&Expires=1584956054&ssig=KzwkyvHR2h",
        "id": "4023224653687033",
        "city": "1000",
        "province": "15",
        "friends_count": 245,
        "user_location": "内蒙古",
        "mid": "4023224653687033",
        "verified_reason": "中国无线电运动协会会员",
        "attitudes_count": 0,
        "followers_count": 207,
        "verified_type": 0,
        "statuses_count": 142,
        "parent": "4023200528639593",
        "verified": true,
        "geo": null,
        "user_created_at": 1321092935,
        "favourites_count": 5,
        "screen_name": "_名人凡客",
        "gender": "m",
        "user_geo_enabled": false,
        "username": "_名人凡客",
        "comments_count": 0,
        "t": 1474694969,
        "video_status_count": 0,
        "urank": 21,
        "user_ability": 2097152,
        "credit_score": 80
    },
    {
        "reposts_count": 0,
        "uid": 5680796092,
        "bi_followers_count": 6,
        "text": "这是谣言！！！警方辟谣过！只有公安局最安全，其他单位没办法核实来接孩子的人是不是其监护人！！ http://t.cn/RcHm1Y4",
        "user_description": "",
        "user_avatar": "https://tva3.sinaimg.cn/crop.0.0.750.750.50/006cs2zqjw8eyy7x5qghjj30ku0kv74p.jpg?KID=imgbed,tva&Expires=1584956054&ssig=ehluZqQHHA",
        "id": "4023204680969096",
        "city": "1",
        "province": "22",
        "friends_count": 57,
        "user_location": "吉林 长春",
        "mid": "4023204680969096",
        "verified_reason": "",
        "attitudes_count": 0,
        "followers_count": 14,
        "verified_type": -1,
        "statuses_count": 18,
        "parent": "4023200528639593",
        "verified": false,
        "geo": null,
        "user_created_at": 1439898434,
        "favourites_count": 3,
        "screen_name": "琦毅城",
        "gender": "m",
        "user_geo_enabled": true,
        "username": "琦毅城",
        "comments_count": 0,
        "t": 1474690206,
        "video_status_count": 0,
        "urank": 9,
        "user_ability": 35651584,
        "credit_score": 80
    }
]