[
    {
        "reposts_count": 0,
        "uid": 3715095501,
        "bi_followers_count": 55,
        "text": "[心]请告诉孩子：在外面，找不到爸爸妈妈的时候，不要慌乱，去任意一家银行坐下，告诉工作人员你找不到家人了，工作人员会联系你的家人。10月1日起，全国银行正式成为中国失联儿童安全守护点！银行就是失散儿童守护人！@oO请略过此人Oo @青岛交通广播FM897 ​",
        "user_description": "成功人以谦虚为荣 穷人以铺张为荣",
        "user_avatar": "https://tva4.sinaimg.cn/crop.39.0.120.120.50/dd6fdbcdtw1e7ii1ccka5j205k05k0ss.jpg?KID=imgbed,tva&Expires=1584956069&ssig=EfrFgUXdxm",
        "id": "4023142727363542",
        "city": "2",
        "province": "37",
        "friends_count": 301,
        "user_location": "山东 青岛",
        "mid": "4023142727363542",
        "verified_reason": "",
        "attitudes_count": 0,
        "followers_count": 186,
        "verified_type": -1,
        "statuses_count": 282,
        "parent": null,
        "verified": false,
        "geo": null,
        "user_created_at": 1376187210,
        "favourites_count": 43,
        "screen_name": "沙砾小子",
        "gender": "m",
        "user_geo_enabled": true,
        "username": "沙砾小子",
        "comments_count": 1,
        "t": 1474675434,
        "video_status_count": 0,
        "urank": 29,
        "user_ability": 35913728,
        "credit_score": 80
    },
    {
        "reposts_count": 0,
        "uid": 2365836333,
        "bi_followers_count": 21,
        "text": "@泉州网警巡查执法 提醒：1.全国连锁的最大失联儿童守护点是派出所；2.不要给孩子传递错误的防失联信息；3.不传谣、不造谣！",
        "user_description": ".",
        "user_avatar": "https://tva1.sinaimg.cn/crop.0.0.664.664.50/8d03cc2djw8f1jrplk9ajj20ig0igglj.jpg?KID=imgbed,tva&Expires=1584956069&ssig=%2B%2Brl7JtHU0",
        "id": "4023223378659118",
        "city": "1000",
        "province": "15",
        "friends_count": 245,
        "user_location": "内蒙古",
        "mid": "4023223378659118",
        "verified_reason": "中国无线电运动协会会员",
        "attitudes_count": 0,
        "followers_count": 207,
        "verified_type": 0,
        "statuses_count": 142,
        "parent": "4023142727363542",
        "verified": true,
        "geo": null,
        "user_created_at": 1321092935,
        "favourites_count": 5,
        "screen_name": "_名人凡客",
        "gender": "m",
        "user_geo_enabled": false,
        "username": "_名人凡客",
        "comments_count": 0,
        "t": 1474694665,
        "video_status_count": 0,
        "urank": 21,
        "user_ability": 2097152,
        "credit_score": 80
    }
]