[
    {
        "reposts_count": 0,
        "uid": 3480793435,
        "bi_followers_count": 2,
        "text": "刚才福州三叉街下面一女子被掉下来的电线给电死了，大家出门要小心呀！@福州那点事儿 @福州身边事儿 叫大家小心点 http://t.cn/R2WxlhQ ​",
        "user_description": "",
        "user_avatar": "https://tva4.sinaimg.cn/crop.0.4.750.750.50/cf78b15bjw8f8hmrndcp9j20ku0l3myb.jpg?KID=imgbed,tva&Expires=1584956008&ssig=S%2FrtYwIrxA",
        "id": "4024654119200444",
        "city": "1",
        "province": "11",
        "friends_count": 79,
        "user_location": "北京 东城区",
        "mid": "4024654119200444",
        "verified_reason": "",
        "attitudes_count": 2,
        "followers_count": 1545,
        "verified_type": -1,
        "statuses_count": 3,
        "parent": null,
        "verified": false,
        "geo": {
            "type": "Point",
            "coordinates": [
                26.019489,
                119.317497
            ]
        },
        "user_created_at": 1371962968,
        "favourites_count": 4,
        "screen_name": "startalloveragai",
        "gender": "m",
        "user_geo_enabled": true,
        "username": "startalloveragai",
        "comments_count": 2,
        "t": 1475035779,
        "video_status_count": 0,
        "urank": 14,
        "user_ability": 0,
        "credit_score": 80
    },
    {
        "reposts_count": 0,
        "uid": 2027099470,
        "bi_followers_count": 77,
        "text": "是电死的 都有视频",
        "user_description": "随心所欲就好❤️",
        "user_avatar": "https://tvax1.sinaimg.cn/crop.0.0.512.512.50/78d3154ely8g9yazog0s7j20e80e8t8k.jpg?KID=imgbed,tva&Expires=1584956008&ssig=MCVOL%2BGI7q",
        "id": "4024710507355141",
        "city": "1",
        "province": "35",
        "friends_count": 163,
        "user_location": "福建 福州",
        "mid": "4024710507355141",
        "verified_reason": "",
        "attitudes_count": 0,
        "followers_count": 2484,
        "verified_type": 220,
        "statuses_count": 101,
        "parent": "4024654119200444",
        "verified": false,
        "geo": {
            "type": "Point",
            "coordinates": [
                26.019489,
                119.317497
            ]
        },
        "user_created_at": 1305882979,
        "favourites_count": 76,
        "screen_name": "阿蕾蕾丫",
        "gender": "f",
        "user_geo_enabled": true,
        "username": "阿蕾蕾丫",
        "comments_count": 0,
        "t": 1475049223,
        "video_status_count": 0,
        "urank": 32,
        "user_ability": 262144,
        "credit_score": 80
    },
    {
        "reposts_count": 0,
        "uid": 2193461224,
        "bi_followers_count": 19,
        "text": "图片评论 http://t.cn/Rc1xTZE",
        "user_description": "我有谁，一直一直只有自己。陪着大家过眼云烟。。。",
        "user_avatar": "https://tvax2.sinaimg.cn/crop.0.0.828.828.50/82bd8fe8ly8g7y3vruqqaj20n00n0abb.jpg?KID=imgbed,tva&Expires=1584956008&ssig=8lJpaXaJeL",
        "id": "4024660503486194",
        "city": "1",
        "province": "35",
        "friends_count": 263,
        "user_location": "福建 福州",
        "mid": "4024660503486194",
        "verified_reason": "",
        "attitudes_count": 0,
        "followers_count": 164,
        "verified_type": -1,
        "statuses_count": 3503,
        "parent": "4024654119200444",
        "verified": false,
        "geo": {
            "type": "Point",
            "coordinates": [
                26.019489,
                119.317497
            ]
        },
        "user_created_at": 1308975911,
        "favourites_count": 57,
        "screen_name": "爱留名的红领巾",
        "gender": "f",
        "user_geo_enabled": false,
        "username": "爱留名的红领巾",
        "comments_count": 0,
        "t": 1475037301,
        "video_status_count": 0,
        "urank": 33,
        "user_ability": 33554432,
        "credit_score": 80
    }
]