[
    {
        "reposts_count": 0,
        "uid": 2473327237,
        "bi_followers_count": 32,
        "text": "请告诉您的孩子：在外面找不到爸爸妈妈的时候不要慌乱，去任意一家银行坐下，告诉工作人员你找不到家人了工作人员会联系你的家人的。10月1日起，全国银行正式成为中国失联儿童安全守护点！只要孩子进了银行即便暂时与家长失去联系，孩子也不会被拐卖或出现意外！真要都接力起来能帮助多少走丢的孩子！ ​",
        "user_description": "心中有爱，无畏前行",
        "user_avatar": "https://tvax3.sinaimg.cn/crop.0.0.512.512.50/936bfa85ly8gb41b6bgebj20e80e8aas.jpg?KID=imgbed,tva&Expires=1584956008&ssig=iNMFir%2BKqT",
        "id": "4025127886720970",
        "city": "1",
        "province": "52",
        "friends_count": 422,
        "user_location": "贵州 贵阳",
        "mid": "4025127886720970",
        "verified_reason": "",
        "attitudes_count": 1,
        "followers_count": 527,
        "verified_type": -1,
        "statuses_count": 452,
        "parent": null,
        "verified": false,
        "geo": null,
        "user_created_at": 1325240121,
        "favourites_count": 1669,
        "screen_name": "诗诗诗艺",
        "gender": "f",
        "user_geo_enabled": false,
        "username": "诗诗诗艺",
        "comments_count": 1,
        "t": 1475148734,
        "video_status_count": 0,
        "urank": 36,
        "user_ability": 33817600,
        "credit_score": 80
    },
    {
        "reposts_count": 0,
        "uid": 1647105172,
        "bi_followers_count": 117,
        "text": "[嘻嘻]",
        "user_description": "黑莓、苹果、动漫、美剧、CHESS。",
        "user_avatar": "https://tva2.sinaimg.cn/crop.0.0.180.180.50/622cd494jw1e8qgp5bmzyj2050050aa8.jpg?KID=imgbed,tva&Expires=1584956008&ssig=XoDYOh2wqw",
        "id": "4025170974396296",
        "city": "3",
        "province": "44",
        "friends_count": 3278,
        "user_location": "广东 深圳",
        "mid": "4025170974396296",
        "verified_reason": "",
        "attitudes_count": 0,
        "followers_count": 951,
        "verified_type": -1,
        "statuses_count": 11483,
        "parent": "4025127886720970",
        "verified": false,
        "geo": null,
        "user_created_at": 1252854036,
        "favourites_count": 653,
        "screen_name": "ningathena",
        "gender": "m",
        "user_geo_enabled": true,
        "username": "ningathena",
        "comments_count": 0,
        "t": 1475159008,
        "video_status_count": 0,
        "urank": 44,
        "user_ability": 2097152,
        "credit_score": 80
    }
]