[
    {
        "reposts_count": 3,
        "uid": 5664424265,
        "bi_followers_count": 130,
        "text": "中国嫖客泰国被捕，警方的发言亮了！警方称：这名男子非常性饥渴，包下了整条红灯街，完事后得知那些小姐都是人妖后，就拒不付款。情节相当恶劣、少见.....[笑cry]#精选搞笑视频合集#观看更多精彩视频请关注@精选搞笑视频合集 http://t.cn/RV2NQ1H ​",
        "user_description": "需要广告合作的私信",
        "user_avatar": "https://tvax4.sinaimg.cn/crop.0.0.996.996.50/006bllvHly8ffirmfcyn7j30ro0ro40v.jpg?KID=imgbed,tva&Expires=1584956006&ssig=oT0dY95K%2F5",
        "id": "4028850331259847",
        "city": "1000",
        "province": "35",
        "friends_count": 308,
        "user_location": "福建",
        "mid": "4028850331259847",
        "verified_reason": "搞笑幽默博主 搞笑视频自媒体",
        "attitudes_count": 37,
        "followers_count": 265128,
        "verified_type": 0,
        "statuses_count": 6447,
        "parent": null,
        "verified": true,
        "geo": null,
        "user_created_at": 1438233636,
        "favourites_count": 153,
        "screen_name": "全球精选视频合集",
        "gender": "m",
        "user_geo_enabled": true,
        "username": "全球精选视频合集",
        "comments_count": 12,
        "t": 1476036234,
        "video_status_count": 0,
        "urank": 37,
        "user_ability": 264716,
        "credit_score": 70
    },
    {
        "reposts_count": 0,
        "uid": 2819681620,
        "bi_followers_count": 8,
        "text": "这是用一个叫Bi的娱乐软件做出来的搞笑视频，可以把新闻上的图片换成任何人，大家也可以试试恶搞自己朋友",
        "user_description": "我就看看，我不说话。。。",
        "user_avatar": "https://tvax2.sinaimg.cn/crop.0.0.1080.1080.50/a810ed54ly8gcq6qvmqq3j20u00u076h.jpg?KID=imgbed,tva&Expires=1584956006&ssig=SGyyFBeaaD",
        "id": "4028971370801208",
        "city": "1",
        "province": "42",
        "friends_count": 189,
        "user_location": "湖北 武汉",
        "mid": "4028971370801208",
        "verified_reason": "",
        "attitudes_count": 0,
        "followers_count": 83,
        "verified_type": -1,
        "statuses_count": 239,
        "parent": "4028850331259847",
        "verified": false,
        "geo": null,
        "user_created_at": 1338575860,
        "favourites_count": 5,
        "screen_name": "一位不愿透露姓名的姑娘",
        "gender": "f",
        "user_geo_enabled": true,
        "username": "一位不愿透露姓名的姑娘",
        "comments_count": 0,
        "t": 1476065092,
        "video_status_count": 0,
        "urank": 9,
        "user_ability": 33554432,
        "credit_score": 80
    },
    {
        "reposts_count": 0,
        "uid": 5684176924,
        "bi_followers_count": 5,
        "text": "回复@洋洋洋洋_YoungYoung:[二哈][二哈][二哈][二哈][二哈][二哈][二哈][二哈]",
        "user_description": "有就很好 没有也没关系",
        "user_avatar": "https://tvax1.sinaimg.cn/crop.0.0.996.996.50/006cGe4Yly8g922vtk3ljj30ro0romzq.jpg?KID=imgbed,tva&Expires=1584956006&ssig=jYie8uWUXm",
        "id": "4028945332073008",
        "city": "1",
        "province": "51",
        "friends_count": 49,
        "user_location": "四川 成都",
        "mid": "4028945332073008",
        "verified_reason": "",
        "attitudes_count": 0,
        "followers_count": 46,
        "verified_type": -1,
        "statuses_count": 19,
        "parent": "4028850331259847",
        "verified": false,
        "geo": null,
        "user_created_at": 1440300514,
        "favourites_count": 92,
        "screen_name": "大杨洋羊",
        "gender": "f",
        "user_geo_enabled": true,
        "username": "大杨洋羊",
        "comments_count": 0,
        "t": 1476058885,
        "video_status_count": 0,
        "urank": 9,
        "user_ability": 33555456,
        "credit_score": 80
    },
    {
        "reposts_count": 0,
        "uid": 3992601782,
        "bi_followers_count": 0,
        "text": "我要吃骨头~ [偷笑][偷笑][偷笑]",
        "user_description": "VPN is not serving now~( so fuck them )",
        "user_avatar": "https://tvax1.sinaimg.cn/crop.0.0.640.640.50/edfa44b6ly8fvx21eerc9j20hs0hsjsd.jpg?KID=imgbed,tva&Expires=1584956006&ssig=p%2ByT1EYEDl",
        "id": "4028939305225242",
        "city": "1000",
        "province": "100",
        "friends_count": 3,
        "user_location": "其他",
        "mid": "4028939305225242",
        "verified_reason": "",
        "attitudes_count": 0,
        "followers_count": 23,
        "verified_type": -1,
        "statuses_count": 1610,
        "parent": "4028850331259847",
        "verified": false,
        "geo": null,
        "user_created_at": 1390480454,
        "favourites_count": 0,
        "screen_name": "浪浪打架",
        "gender": "f",
        "user_geo_enabled": true,
        "username": "浪浪打架",
        "comments_count": 0,
        "t": 1476057446,
        "video_status_count": 0,
        "urank": 38,
        "user_ability": 0,
        "credit_score": 80
    },
    {
        "reposts_count": 0,
        "uid": 3992601782,
        "bi_followers_count": 0,
        "text": "疯子也许比有些正常人可爱，偏执也没什么错。",
        "user_description": "VPN is not serving now~( so fuck them )",
        "user_avatar": "https://tvax1.sinaimg.cn/crop.0.0.640.640.50/edfa44b6ly8fvx21eerc9j20hs0hsjsd.jpg?KID=imgbed,tva&Expires=1584956006&ssig=p%2ByT1EYEDl",
        "id": "4028939024346207",
        "city": "1000",
        "province": "100",
        "friends_count": 3,
        "user_location": "其他",
        "mid": "4028939024346207",
        "verified_reason": "",
        "attitudes_count": 0,
        "followers_count": 23,
        "verified_type": -1,
        "statuses_count": 1610,
        "parent": "4028850331259847",
        "verified": false,
        "geo": null,
        "user_created_at": 1390480454,
        "favourites_count": 0,
        "screen_name": "浪浪打架",
        "gender": "f",
        "user_geo_enabled": true,
        "username": "浪浪打架",
        "comments_count": 0,
        "t": 1476057379,
        "video_status_count": 0,
        "urank": 38,
        "user_ability": 0,
        "credit_score": 80
    },
    {
        "reposts_count": 0,
        "uid": 1634845587,
        "bi_followers_count": 178,
        "text": "@大杨洋羊",
        "user_description": "什么都懂一点",
        "user_avatar": "https://tvax2.sinaimg.cn/crop.0.0.512.512.50/6171c393ly8fveidv4ad2j20e80e8gnj.jpg?KID=imgbed,tva&Expires=1584956006&ssig=y%2BBlZVEdX1",
        "id": "4028938651450705",
        "city": "1",
        "province": "51",
        "friends_count": 204,
        "user_location": "四川 成都",
        "mid": "4028938651450705",
        "verified_reason": "",
        "attitudes_count": 0,
        "followers_count": 740,
        "verified_type": 220,
        "statuses_count": 4357,
        "parent": "4028850331259847",
        "verified": false,
        "geo": null,
        "user_created_at": 1278594779,
        "favourites_count": 32,
        "screen_name": "洋洋洋洋_YoungYoung",
        "gender": "m",
        "user_geo_enabled": true,
        "username": "洋洋洋洋_YoungYoung",
        "comments_count": 0,
        "t": 1476057290,
        "video_status_count": 0,
        "urank": 33,
        "user_ability": 33816576,
        "credit_score": 80
    },
    {
        "reposts_count": 0,
        "uid": 3992601782,
        "bi_followers_count": 0,
        "text": "不过我还是忘记不了飞跃疯人院里面的那些经典镜头，那些偏执的，和常人不能理解的故事。",
        "user_description": "VPN is not serving now~( so fuck them )",
        "user_avatar": "https://tvax1.sinaimg.cn/crop.0.0.640.640.50/edfa44b6ly8fvx21eerc9j20hs0hsjsd.jpg?KID=imgbed,tva&Expires=1584956006&ssig=p%2ByT1EYEDl",
        "id": "4028938419846051",
        "city": "1000",
        "province": "100",
        "friends_count": 3,
        "user_location": "其他",
        "mid": "4028938419846051",
        "verified_reason": "",
        "attitudes_count": 0,
        "followers_count": 23,
        "verified_type": -1,
        "statuses_count": 1610,
        "parent": "4028850331259847",
        "verified": false,
        "geo": null,
        "user_created_at": 1390480454,
        "favourites_count": 0,
        "screen_name": "浪浪打架",
        "gender": "f",
        "user_geo_enabled": true,
        "username": "浪浪打架",
        "comments_count": 0,
        "t": 1476057237,
        "video_status_count": 0,
        "urank": 38,
        "user_ability": 0,
        "credit_score": 80
    },
    {
        "reposts_count": 0,
        "uid": 1435874861,
        "bi_followers_count": 105,
        "text": "啊哈哈哈哈哈",
        "user_description": "修身、齐家、治国、平天下",
        "user_avatar": "https://tvax2.sinaimg.cn/crop.12.0.1080.1080.50/5595b62dly1fywow3hc3oj20uo0u0e81.jpg?KID=imgbed,tva&Expires=1584956006&ssig=bc245MQLmA",
        "id": "4028865649231767",
        "city": "2",
        "province": "11",
        "friends_count": 722,
        "user_location": "北京 西城区",
        "mid": "4028865649231767",
        "verified_reason": "",
        "attitudes_count": 0,
        "followers_count": 590,
        "verified_type": -1,
        "statuses_count": 148,
        "parent": "4028850331259847",
        "verified": false,
        "geo": null,
        "user_created_at": 1262414529,
        "favourites_count": 167,
        "screen_name": "n___________v______________",
        "gender": "m",
        "user_geo_enabled": false,
        "username": "n___________v______________",
        "comments_count": 0,
        "t": 1476039886,
        "video_status_count": 0,
        "urank": 46,
        "user_ability": 0,
        "credit_score": 80
    },
    {
        "reposts_count": 0,
        "uid": 2263763610,
        "bi_followers_count": 126,
        "text": "回复@-李鱼:小姐 要看pingpang秀吗 magic pussy 哈哈哈哈",
        "user_description": "IG：Yushaunchou",
        "user_avatar": "https://tva1.sinaimg.cn/crop.0.0.1124.1124.50/86ee4a9ajw8fbiken5qw9j20v90v80ut.jpg?KID=imgbed,tva&Expires=1584956006&ssig=mgaX%2BmcJJH",
        "id": "4028859906626331",
        "city": "2",
        "province": "400",
        "friends_count": 264,
        "user_location": "海外 英国",
        "mid": "4028859906626331",
        "verified_reason": "",
        "attitudes_count": 0,
        "followers_count": 2051,
        "verified_type": 220,
        "statuses_count": 0,
        "parent": "4028850331259847",
        "verified": false,
        "geo": null,
        "user_created_at": 1311418934,
        "favourites_count": 56,
        "screen_name": "Yushaunchou",
        "gender": "m",
        "user_geo_enabled": true,
        "username": "Yushaunchou",
        "comments_count": 0,
        "t": 1476038517,
        "video_status_count": 0,
        "urank": 38,
        "user_ability": 1024,
        "credit_score": 80
    },
    {
        "reposts_count": 0,
        "uid": 1784177264,
        "bi_followers_count": 97,
        "text": "@周四四四四",
        "user_description": "有勇无谋。",
        "user_avatar": "https://tvax1.sinaimg.cn/crop.12.0.725.725.50/6a586270ly8flx257grutj20ku0k5mxt.jpg?KID=imgbed,tva&Expires=1584956006&ssig=At2C7mg9Ir",
        "id": "4028853339166773",
        "city": "2",
        "province": "400",
        "friends_count": 408,
        "user_location": "海外 英国",
        "mid": "4028853339166773",
        "verified_reason": "",
        "attitudes_count": 0,
        "followers_count": 12879,
        "verified_type": -1,
        "statuses_count": 1150,
        "parent": "4028850331259847",
        "verified": false,
        "geo": null,
        "user_created_at": 1280709399,
        "favourites_count": 2375,
        "screen_name": "-李鱼",
        "gender": "f",
        "user_geo_enabled": false,
        "username": "-李鱼",
        "comments_count": 0,
        "t": 1476036951,
        "video_status_count": 0,
        "urank": 40,
        "user_ability": 2097160,
        "credit_score": 80
    },
    {
        "reposts_count": 0,
        "uid": 3241957345,
        "bi_followers_count": 4,
        "text": "图片评论 http://t.cn/RVUa4Av",
        "user_description": "关注  99     |     粉丝  7890万",
        "user_avatar": "https://tva2.sinaimg.cn/crop.0.0.664.664.50/c13c57e1jw8fb1t1tv95wj20ig0ig75u.jpg?KID=imgbed,tva&Expires=1584956006&ssig=jo5fds8A%2BI",
        "id": "4028851946184828",
        "city": "1000",
        "province": "61",
        "friends_count": 163,
        "user_location": "陕西",
        "mid": "4028851946184828",
        "verified_reason": "",
        "attitudes_count": 0,
        "followers_count": 603,
        "verified_type": -1,
        "statuses_count": 1,
        "parent": "4028850331259847",
        "verified": false,
        "geo": null,
        "user_created_at": 1406216239,
        "favourites_count": 0,
        "screen_name": "YUN何祝你",
        "gender": "f",
        "user_geo_enabled": true,
        "username": "YUN何祝你",
        "comments_count": 0,
        "t": 1476036619,
        "video_status_count": 0,
        "urank": 9,
        "user_ability": 1024,
        "credit_score": 76
    }
]