[
    {
        "reposts_count": 0,
        "uid": 1658481557,
        "bi_followers_count": 2,
        "text": "“永州市一男子持冲锋枪冲进法院，枪击多名法官后自杀身亡。”分享自秒拍用户 @启迪时报 的作品,一起来看~http://t.cn/RV2YMcJ（使用#秒拍#录制） ​",
        "user_description": "不一样的男人，用心书写人生",
        "user_avatar": "https://tvax3.sinaimg.cn/crop.0.0.1080.1080.50/62da6b95ly8gc5cmf3rp8j20u00u0jul.jpg?KID=imgbed,tva&Expires=1584955999&ssig=udM12kb7cF",
        "id": "4028554997941122",
        "city": "1",
        "province": "21",
        "friends_count": 43,
        "user_location": "辽宁 沈阳",
        "mid": "4028554997941122",
        "verified_reason": "",
        "attitudes_count": 0,
        "followers_count": 74,
        "verified_type": -1,
        "statuses_count": 1351,
        "parent": null,
        "verified": false,
        "geo": null,
        "user_created_at": 1367747419,
        "favourites_count": 1,
        "screen_name": "杨大王就是我",
        "gender": "m",
        "user_geo_enabled": true,
        "username": "杨大王就是我",
        "comments_count": 2,
        "t": 1475965821,
        "video_status_count": 0,
        "urank": 14,
        "user_ability": 42205184,
        "credit_score": 80
    },
    {
        "reposts_count": 0,
        "uid": 3181409332,
        "bi_followers_count": 193,
        "text": "该事件为2010年案件，请网友主动删除，不要恶意炒作",
        "user_description": "永州市公安局网络安全保卫与技术侦察支队官方微博。维护网上治安秩序，共建文明、和谐、清朗的网络空间。",
        "user_avatar": "https://tvax4.sinaimg.cn/crop.0.25.1049.1049.50/bda07434ly8fhi0c1zln9j20t50watbe.jpg?KID=imgbed,tva&Expires=1584955999&ssig=kQoTJ76UgH",
        "id": "4029150052424868",
        "city": "11",
        "province": "43",
        "friends_count": 392,
        "user_location": "湖南 永州",
        "mid": "4029150052424868",
        "verified_reason": "湖南省永州网警巡查执法官方微博",
        "attitudes_count": 0,
        "followers_count": 22703,
        "verified_type": 1,
        "statuses_count": 16136,
        "parent": "4028554997941122",
        "verified": true,
        "geo": null,
        "user_created_at": 1360113792,
        "favourites_count": 4,
        "screen_name": "永州网警巡查执法",
        "gender": "m",
        "user_geo_enabled": true,
        "username": "永州网警巡查执法",
        "comments_count": 0,
        "t": 1476107692,
        "video_status_count": 0,
        "urank": 35,
        "user_ability": 10747912,
        "credit_score": 80
    },
    {
        "reposts_count": 0,
        "uid": 1299035027,
        "bi_followers_count": 0,
        "text": "7年前的事，博主什么意思？",
        "user_description": "",
        "user_avatar": "https://tvax1.sinaimg.cn/default/images/default_avatar_male_50.gif?KID=imgbed,tva&Expires=1584955999&ssig=Wp%2FFq%2BT8nS",
        "id": "4028760619031237",
        "city": "1000",
        "province": "100",
        "friends_count": 273,
        "user_location": "其他",
        "mid": "4028760619031237",
        "verified_reason": "",
        "attitudes_count": 0,
        "followers_count": 131,
        "verified_type": -1,
        "statuses_count": 170,
        "parent": "4028554997941122",
        "verified": false,
        "geo": null,
        "user_created_at": 1376498261,
        "favourites_count": 3,
        "screen_name": "保洁员工",
        "gender": "m",
        "user_geo_enabled": true,
        "username": "保洁员工",
        "comments_count": 0,
        "t": 1476014845,
        "video_status_count": 0,
        "urank": 4,
        "user_ability": 2098176,
        "credit_score": 80
    }
]