[
    {
        "reposts_count": 7,
        "uid": 1223750033,
        "bi_followers_count": 8,
        "text": "中国嫖客十一期间泰国被捕，警方的发言亮了！警方称：这名男子非常性饥渴，包下了整条红灯街，完事后得知那些小姐都是人妖后，就拒不付款。情节相当恶劣.....http://t.cn/RVAazNm（使用#秒拍#录制） ​",
        "user_description": "买车了吗？来看看，没买车？更应该来看看！",
        "user_avatar": "https://tva1.sinaimg.cn/crop.48.420.660.660.50/48f0f191jw8eww7eadazwj20k00u00us.jpg?KID=imgbed,tva&Expires=1584956001&ssig=Coedzsmb3o",
        "id": "4028690830974964",
        "city": "5",
        "province": "11",
        "friends_count": 58,
        "user_location": "北京 朝阳区",
        "mid": "4028690830974964",
        "verified_reason": "",
        "attitudes_count": 10,
        "followers_count": 261102,
        "verified_type": -1,
        "statuses_count": 40591,
        "parent": null,
        "verified": false,
        "geo": null,
        "user_created_at": 1262619503,
        "favourites_count": 395,
        "screen_name": "沿途汽车",
        "gender": "m",
        "user_geo_enabled": true,
        "username": "沿途汽车",
        "comments_count": 4,
        "t": 1475998206,
        "video_status_count": 0,
        "urank": 48,
        "user_ability": 3408392,
        "credit_score": 80
    },
    {
        "reposts_count": 0,
        "uid": 3028753473,
        "bi_followers_count": 10,
        "text": "去泰国[笑cry][笑cry]",
        "user_description": "成长中••••",
        "user_avatar": "https://tva3.sinaimg.cn/crop.0.10.492.492.50/b4871c41jw8f9wqm30lclj20do0e8jsa.jpg?KID=imgbed,tva&Expires=1584956001&ssig=YBc1Hdz49Y",
        "id": "4029325710404278",
        "city": "1",
        "province": "42",
        "friends_count": 129,
        "user_location": "湖北 武汉",
        "mid": "4029325710404278",
        "verified_reason": "",
        "attitudes_count": 0,
        "followers_count": 49,
        "verified_type": -1,
        "statuses_count": 54,
        "parent": "4028690830974964",
        "verified": false,
        "geo": null,
        "user_created_at": 1351077448,
        "favourites_count": 1,
        "screen_name": "银鑫玉玺全靠演技",
        "gender": "m",
        "user_geo_enabled": true,
        "username": "银鑫玉玺全靠演技",
        "comments_count": 0,
        "t": 1476149573,
        "video_status_count": 0,
        "urank": 9,
        "user_ability": 33554432,
        "credit_score": 80
    },
    {
        "reposts_count": 0,
        "uid": 5533614786,
        "bi_followers_count": 35,
        "text": "去泰国嫖[笑cry]",
        "user_description": "",
        "user_avatar": "https://tva4.sinaimg.cn/crop.0.0.664.664.50/0062utZojw8f8vml3gbl1j30ig0igabm.jpg?KID=imgbed,tva&Expires=1584956001&ssig=ww3hiR113u",
        "id": "4028803150024030",
        "city": "1000",
        "province": "100",
        "friends_count": 349,
        "user_location": "其他",
        "mid": "4028803150024030",
        "verified_reason": "",
        "attitudes_count": 0,
        "followers_count": 485,
        "verified_type": -1,
        "statuses_count": 77,
        "parent": "4028690830974964",
        "verified": false,
        "geo": null,
        "user_created_at": 1424859078,
        "favourites_count": 116,
        "screen_name": "RoronaZoro丶",
        "gender": "m",
        "user_geo_enabled": true,
        "username": "RoronaZoro丶",
        "comments_count": 0,
        "t": 1476024985,
        "video_status_count": 0,
        "urank": 14,
        "user_ability": 2360320,
        "credit_score": 80
    },
    {
        "reposts_count": 0,
        "uid": 3309118262,
        "bi_followers_count": 9,
        "text": "经查证，该视频实为今年8月份泰国系列爆炸案期间警方发言视频，视频内容是警方抓获一男子，与一起纵火袭击案有关。某凤凰网还一本正经进行了报道，根本就没有核实新闻来源和可信度么？[拜拜][拜拜][拜拜]",
        "user_description": "比鬼神更可怕的是人心",
        "user_avatar": "https://tvax1.sinaimg.cn/crop.0.0.996.996.50/c53d2336ly8fvf9arelx9j20ro0roace.jpg?KID=imgbed,tva&Expires=1584956001&ssig=RdzVVgPNXx",
        "id": "4028765971073168",
        "city": "1000",
        "province": "100",
        "friends_count": 125,
        "user_location": "其他",
        "mid": "4028765971073168",
        "verified_reason": "",
        "attitudes_count": 0,
        "followers_count": 93,
        "verified_type": -1,
        "statuses_count": 1555,
        "parent": "4028690830974964",
        "verified": false,
        "geo": null,
        "user_created_at": 1367938180,
        "favourites_count": 6,
        "screen_name": "我要长高个个",
        "gender": "f",
        "user_geo_enabled": false,
        "username": "我要长高个个",
        "comments_count": 0,
        "t": 1476016120,
        "video_status_count": 0,
        "urank": 34,
        "user_ability": 35652608,
        "credit_score": 80
    },
    {
        "reposts_count": 0,
        "uid": 3167878563,
        "bi_followers_count": 35,
        "text": "@Wangmy0",
        "user_description": "永远开心",
        "user_avatar": "https://tvax1.sinaimg.cn/crop.0.0.996.996.50/bcd1fda3ly8g5o40aaa4gj20ro0rodlz.jpg?KID=imgbed,tva&Expires=1584956001&ssig=B4qFV%2B1Uoy",
        "id": "4028692868992550",
        "city": "1",
        "province": "61",
        "friends_count": 132,
        "user_location": "陕西 西安",
        "mid": "4028692868992550",
        "verified_reason": "",
        "attitudes_count": 0,
        "followers_count": 574,
        "verified_type": -1,
        "statuses_count": 196,
        "parent": "4028690830974964",
        "verified": false,
        "geo": null,
        "user_created_at": 1354079114,
        "favourites_count": 100,
        "screen_name": "又见赵凡君",
        "gender": "m",
        "user_geo_enabled": true,
        "username": "又见赵凡君",
        "comments_count": 0,
        "t": 1475998692,
        "video_status_count": 0,
        "urank": 28,
        "user_ability": 33554432,
        "credit_score": 80
    }
]