[
    {
        "reposts_count": 4,
        "uid": 5631445584,
        "bi_followers_count": 151,
        "text": "#特大新闻#：上海北辰富锦华庭高层着火了，结婚放礼花飞到人家屋里了。这祸闯大了！太惨了！像911啦！可怕极了！ http://t.cn/RV936lH . ​",
        "user_description": "",
        "user_avatar": "https://tvax3.sinaimg.cn/crop.0.0.664.664.50/00696Yfuly8fmpdrjm49oj30ig0ig0tp.jpg?KID=imgbed,tva&Expires=1584955995&ssig=yriUkXzAoo",
        "id": "4032971268839526",
        "city": "13",
        "province": "51",
        "friends_count": 380,
        "user_location": "四川 南充",
        "mid": "4032971268839526",
        "verified_reason": "",
        "attitudes_count": 6,
        "followers_count": 544,
        "verified_type": -1,
        "statuses_count": 1237,
        "parent": null,
        "verified": false,
        "geo": null,
        "user_created_at": 1434195748,
        "favourites_count": 4,
        "screen_name": "机器鼠王",
        "gender": "m",
        "user_geo_enabled": true,
        "username": "机器鼠王",
        "comments_count": 19,
        "t": 1477018742,
        "video_status_count": 0,
        "urank": 30,
        "user_ability": 263168,
        "credit_score": 80
    },
    {
        "reposts_count": 0,
        "uid": 2079194047,
        "bi_followers_count": 42,
        "text": "假的",
        "user_description": "一个老人",
        "user_avatar": "https://tva4.sinaimg.cn/crop.0.0.180.180.50/7bedfbbfjw1e8qgp5bmzyj2050050aa8.jpg?KID=imgbed,tva&Expires=1584955995&ssig=Tl4Ea%2BV4rS",
        "id": "4175502636092867",
        "city": "13",
        "province": "31",
        "friends_count": 1189,
        "user_location": "上海 宝山区",
        "mid": "4175502636092867",
        "verified_reason": "",
        "attitudes_count": 0,
        "followers_count": 806,
        "verified_type": -1,
        "statuses_count": 12149,
        "parent": "4032971268839526",
        "verified": false,
        "geo": null,
        "user_created_at": 1302568021,
        "favourites_count": 119,
        "screen_name": "宝山hgshgs",
        "gender": "m",
        "user_geo_enabled": true,
        "username": "宝山hgshgs",
        "comments_count": 0,
        "t": 1511000868,
        "video_status_count": 0,
        "urank": 41,
        "user_ability": 2359296,
        "credit_score": 80
    },
    {
        "reposts_count": 0,
        "uid": 1009204573,
        "bi_followers_count": 8,
        "text": "谣言！这是阿联酋多年前的火灾事故。中东地区消防车才是黄色的。这是一起发生在阿联酋沙伽市的火灾，事发时间为2015年10月1日。在火灾发生的次日，央视新闻曾对此进行过报道：火灾没有造成人员伤亡，有19人因吸入过量的烟尘被送入医院接受治疗，约250户家庭受到了影响。",
        "user_description": "天空中没有翅膀的痕迹，但我已飞过",
        "user_avatar": "https://tvax1.sinaimg.cn/default/images/default_avatar_male_50.gif?KID=imgbed,tva&Expires=1584955995&ssig=gn3rL2iksg",
        "id": "4100530140340858",
        "city": "1",
        "province": "32",
        "friends_count": 420,
        "user_location": "江苏 南京",
        "mid": "4100530140340858",
        "verified_reason": "",
        "attitudes_count": 0,
        "followers_count": 94,
        "verified_type": -1,
        "statuses_count": 570,
        "parent": "4032971268839526",
        "verified": false,
        "geo": null,
        "user_created_at": 1328775431,
        "favourites_count": 9,
        "screen_name": "nj无泪者",
        "gender": "m",
        "user_geo_enabled": true,
        "username": "nj无泪者",
        "comments_count": 0,
        "t": 1493126032,
        "video_status_count": 0,
        "urank": 23,
        "user_ability": 33554432,
        "credit_score": 80
    },
    {
        "reposts_count": 0,
        "uid": 3833995739,
        "bi_followers_count": 0,
        "text": "举报举报",
        "user_description": "",
        "user_avatar": "https://tvax1.sinaimg.cn/crop.0.0.1080.1080.50/e48621dbly8fyolkci0nfj20u00u0gmv.jpg?KID=imgbed,tva&Expires=1584955995&ssig=A9r%2Bw72dHD",
        "id": "4098579096178418",
        "city": "2",
        "province": "37",
        "friends_count": 8,
        "user_location": "山东 青岛",
        "mid": "4098579096178418",
        "verified_reason": "",
        "attitudes_count": 0,
        "followers_count": 46,
        "verified_type": -1,
        "statuses_count": 160,
        "parent": "4032971268839526",
        "verified": false,
        "geo": null,
        "user_created_at": 1380901160,
        "favourites_count": 0,
        "screen_name": "资料已重置",
        "gender": "m",
        "user_geo_enabled": true,
        "username": "资料已重置",
        "comments_count": 0,
        "t": 1492660867,
        "video_status_count": 0,
        "urank": 9,
        "user_ability": 2097152,
        "credit_score": 80
    },
    {
        "reposts_count": 0,
        "uid": 1764391503,
        "bi_followers_count": 241,
        "text": "回复@机器鼠王:[doge][doge][doge]",
        "user_description": "。",
        "user_avatar": "https://tvax4.sinaimg.cn/crop.0.0.996.996.50/692a7a4fly8gcd4n7z018j20ro0rotb6.jpg?KID=imgbed,tva&Expires=1584955995&ssig=n0atEfpLL0",
        "id": "4034119312398999",
        "city": "1000",
        "province": "11",
        "friends_count": 443,
        "user_location": "北京",
        "mid": "4034119312398999",
        "verified_reason": "",
        "attitudes_count": 0,
        "followers_count": 45364,
        "verified_type": 220,
        "statuses_count": 30158,
        "parent": "4032971268839526",
        "verified": false,
        "geo": null,
        "user_created_at": 1294232943,
        "favourites_count": 675,
        "screen_name": "北京vs梦溪",
        "gender": "m",
        "user_geo_enabled": false,
        "username": "北京vs梦溪",
        "comments_count": 0,
        "t": 1477292457,
        "video_status_count": 0,
        "urank": 48,
        "user_ability": 10747912,
        "credit_score": 78
    },
    {
        "reposts_count": 0,
        "uid": 5631445584,
        "bi_followers_count": 151,
        "text": "回复@千会寻:发出来，是为了打假，提醒大家不要发一些不真实的视频，要发就发老百姓身边真实的感人的，直得宣扬的视频",
        "user_description": "",
        "user_avatar": "https://tvax3.sinaimg.cn/crop.0.0.664.664.50/00696Yfuly8fmpdrjm49oj30ig0ig0tp.jpg?KID=imgbed,tva&Expires=1584955995&ssig=yriUkXzAoo",
        "id": "4033832069935145",
        "city": "13",
        "province": "51",
        "friends_count": 387,
        "user_location": "四川 南充",
        "mid": "4033832069935145",
        "verified_reason": "",
        "attitudes_count": 0,
        "followers_count": 544,
        "verified_type": -1,
        "statuses_count": 1223,
        "parent": "4032971268839526",
        "verified": false,
        "geo": null,
        "user_created_at": 1434195748,
        "favourites_count": 4,
        "screen_name": "机器鼠王",
        "gender": "m",
        "user_geo_enabled": true,
        "username": "机器鼠王",
        "comments_count": 0,
        "t": 1477223972,
        "video_status_count": 0,
        "urank": 30,
        "user_ability": 263168,
        "credit_score": 80
    },
    {
        "reposts_count": 0,
        "uid": 2796959245,
        "bi_followers_count": 35,
        "text": "看消防车颜色啊，不是你拍的那还发出来",
        "user_description": "",
        "user_avatar": "https://tvax1.sinaimg.cn/crop.0.0.1080.1080.50/a6b6360dly8g5dcz2n2nqj20u00u0jv8.jpg?KID=imgbed,tva&Expires=1584955995&ssig=5urXDrnlDU",
        "id": "4033728714372815",
        "city": "1",
        "province": "44",
        "friends_count": 397,
        "user_location": "广东 广州",
        "mid": "4033728714372815",
        "verified_reason": "",
        "attitudes_count": 0,
        "followers_count": 725,
        "verified_type": -1,
        "statuses_count": 408,
        "parent": "4032971268839526",
        "verified": false,
        "geo": null,
        "user_created_at": 1347856804,
        "favourites_count": 165,
        "screen_name": "易满难空",
        "gender": "m",
        "user_geo_enabled": true,
        "username": "易满难空",
        "comments_count": 0,
        "t": 1477199331,
        "video_status_count": 0,
        "urank": 31,
        "user_ability": 35651584,
        "credit_score": 80
    },
    {
        "reposts_count": 0,
        "uid": 5871092773,
        "bi_followers_count": 7,
        "text": "每次不真的的图片或者视频，那像素模糊的像老年机像素。[哼]",
        "user_description": "",
        "user_avatar": "https://tvax3.sinaimg.cn/crop.0.0.1002.1002.50/006pkvqJly8fx5j8voz1rj30ru0ruwgx.jpg?KID=imgbed,tva&Expires=1584955995&ssig=rdWwzyaFC8",
        "id": "4033714050114579",
        "city": "1000",
        "province": "43",
        "friends_count": 87,
        "user_location": "湖南",
        "mid": "4033714050114579",
        "verified_reason": "",
        "attitudes_count": 0,
        "followers_count": 104,
        "verified_type": -1,
        "statuses_count": 10,
        "parent": "4032971268839526",
        "verified": false,
        "geo": null,
        "user_created_at": 1456294117,
        "favourites_count": 0,
        "screen_name": "哨子的助听器",
        "gender": "f",
        "user_geo_enabled": true,
        "username": "哨子的助听器",
        "comments_count": 0,
        "t": 1477195836,
        "video_status_count": 0,
        "urank": 9,
        "user_ability": 2097152,
        "credit_score": 80
    },
    {
        "reposts_count": 0,
        "uid": 5631445584,
        "bi_followers_count": 151,
        "text": "回复@zilmdcsdtsucamp:不是我拍的视频，以说明內容不真实了",
        "user_description": "",
        "user_avatar": "https://tvax3.sinaimg.cn/crop.0.0.664.664.50/00696Yfuly8fmpdrjm49oj30ig0ig0tp.jpg?KID=imgbed,tva&Expires=1584955995&ssig=yriUkXzAoo",
        "id": "4033493334161603",
        "city": "13",
        "province": "51",
        "friends_count": 387,
        "user_location": "四川 南充",
        "mid": "4033493334161603",
        "verified_reason": "",
        "attitudes_count": 0,
        "followers_count": 544,
        "verified_type": -1,
        "statuses_count": 1223,
        "parent": "4032971268839526",
        "verified": false,
        "geo": null,
        "user_created_at": 1434195748,
        "favourites_count": 4,
        "screen_name": "机器鼠王",
        "gender": "m",
        "user_geo_enabled": true,
        "username": "机器鼠王",
        "comments_count": 0,
        "t": 1477143211,
        "video_status_count": 0,
        "urank": 30,
        "user_ability": 263168,
        "credit_score": 80
    },
    {
        "reposts_count": 0,
        "uid": 1821797453,
        "bi_followers_count": 38,
        "text": "乱发[哼][广告]",
        "user_description": "过也更之💖/暖暖内含光✨🍀",
        "user_avatar": "https://tvax4.sinaimg.cn/crop.0.0.996.996.50/6c966c4dly8fv2ncleungj20ro0rojtq.jpg?KID=imgbed,tva&Expires=1584955995&ssig=%2F6IM%2FCfsRM",
        "id": "4033478473157815",
        "city": "1000",
        "province": "41",
        "friends_count": 5001,
        "user_location": "河南",
        "mid": "4033478473157815",
        "verified_reason": "",
        "attitudes_count": 0,
        "followers_count": 553,
        "verified_type": -1,
        "statuses_count": 13011,
        "parent": "4032971268839526",
        "verified": false,
        "geo": null,
        "user_created_at": 1284953201,
        "favourites_count": 36651,
        "screen_name": "阳光正好SKC20",
        "gender": "m",
        "user_geo_enabled": false,
        "username": "阳光正好SKC20",
        "comments_count": 0,
        "t": 1477139668,
        "video_status_count": 0,
        "urank": 23,
        "user_ability": 35913728,
        "credit_score": 80
    },
    {
        "reposts_count": 0,
        "uid": 1987066157,
        "bi_followers_count": 2,
        "text": "回复@相伴丽颖如颖随形555:假的？突然有点高兴呢，看来我还是太单纯了，还得练练[顶]",
        "user_description": "",
        "user_avatar": "https://tva4.sinaimg.cn/crop.0.0.180.180.50/7670392djw1e8qgp5bmzyj2050050aa8.jpg?KID=imgbed,tva&Expires=1584955995&ssig=J5tMudiwFo",
        "id": "4033355639357946",
        "city": "4",
        "province": "53",
        "friends_count": 225,
        "user_location": "云南 玉溪",
        "mid": "4033355639357946",
        "verified_reason": "",
        "attitudes_count": 0,
        "followers_count": 79,
        "verified_type": -1,
        "statuses_count": 158,
        "parent": "4032971268839526",
        "verified": false,
        "geo": null,
        "user_created_at": 1298473627,
        "favourites_count": 618,
        "screen_name": "溜溜小元江",
        "gender": "f",
        "user_geo_enabled": true,
        "username": "溜溜小元江",
        "comments_count": 0,
        "t": 1477110383,
        "video_status_count": 0,
        "urank": 29,
        "user_ability": 2097152,
        "credit_score": 80
    },
    {
        "reposts_count": 0,
        "uid": 1650076433,
        "bi_followers_count": 61,
        "text": "造谣造大了。查证了一下15年阿联酋沙迦的火灾",
        "user_description": "",
        "user_avatar": "https://tva2.sinaimg.cn/crop.0.0.180.180.50/625a2b11jw1e8qgp5bmzyj2050050aa8.jpg?KID=imgbed,tva&Expires=1584955995&ssig=DRjNhtZtUB",
        "id": "4033320725487014",
        "city": "1000",
        "province": "100",
        "friends_count": 602,
        "user_location": "其他",
        "mid": "4033320725487014",
        "verified_reason": "",
        "attitudes_count": 0,
        "followers_count": 582,
        "verified_type": -1,
        "statuses_count": 2481,
        "parent": "4032971268839526",
        "verified": false,
        "geo": null,
        "user_created_at": 1254033436,
        "favourites_count": 504,
        "screen_name": "鱼之小白",
        "gender": "f",
        "user_geo_enabled": false,
        "username": "鱼之小白",
        "comments_count": 0,
        "t": 1477102058,
        "video_status_count": 0,
        "urank": 34,
        "user_ability": 10747904,
        "credit_score": 80
    },
    {
        "reposts_count": 0,
        "uid": 2644876322,
        "bi_followers_count": 13,
        "text": "回复@溜溜小元江:你是人才 假的都看不出来😂😂",
        "user_description": "",
        "user_avatar": "https://tvax1.sinaimg.cn/default/images/default_avatar_male_50.gif?KID=imgbed,tva&Expires=1584955995&ssig=gn3rL2iksg",
        "id": "4033311813078633",
        "city": "1000",
        "province": "100",
        "friends_count": 377,
        "user_location": "其他",
        "mid": "4033311813078633",
        "verified_reason": "",
        "attitudes_count": 0,
        "followers_count": 50,
        "verified_type": -1,
        "statuses_count": 170,
        "parent": "4032971268839526",
        "verified": false,
        "geo": null,
        "user_created_at": 1325307928,
        "favourites_count": 13,
        "screen_name": "相伴丽颖如颖随形555",
        "gender": "m",
        "user_geo_enabled": true,
        "username": "相伴丽颖如颖随形555",
        "comments_count": 0,
        "t": 1477099933,
        "video_status_count": 0,
        "urank": 9,
        "user_ability": 2098176,
        "credit_score": 80
    },
    {
        "reposts_count": 0,
        "uid": 3589669987,
        "bi_followers_count": 46,
        "text": "上海阴雨天啊，假的",
        "user_description": "",
        "user_avatar": "https://tva1.sinaimg.cn/crop.0.0.180.180.50/d5f60463jw1e8qgp5bmzyj2050050aa8.jpg?KID=imgbed,tva&Expires=1584955995&ssig=o2AvvHo%2FuS",
        "id": "4033152979169671",
        "city": "6",
        "province": "35",
        "friends_count": 395,
        "user_location": "福建 漳州",
        "mid": "4033152979169671",
        "verified_reason": "",
        "attitudes_count": 0,
        "followers_count": 272,
        "verified_type": -1,
        "statuses_count": 704,
        "parent": "4032971268839526",
        "verified": false,
        "geo": null,
        "user_created_at": 1373036591,
        "favourites_count": 37,
        "screen_name": "佛系小海猪猪猪",
        "gender": "f",
        "user_geo_enabled": true,
        "username": "佛系小海猪猪猪",
        "comments_count": 0,
        "t": 1477062065,
        "video_status_count": 0,
        "urank": 26,
        "user_ability": 0,
        "credit_score": 80
    },
    {
        "reposts_count": 0,
        "uid": 3118396401,
        "bi_followers_count": 55,
        "text": "假的[doge]",
        "user_description": "",
        "user_avatar": "https://tvax4.sinaimg.cn/crop.0.0.996.996.50/b9def3f1ly8g0rs6kmq9pj20ro0ro75b.jpg?KID=imgbed,tva&Expires=1584955995&ssig=hD0b0D%2BHYA",
        "id": "4033030005597056",
        "city": "1000",
        "province": "35",
        "friends_count": 297,
        "user_location": "福建",
        "mid": "4033030005597056",
        "verified_reason": "",
        "attitudes_count": 0,
        "followers_count": 22264,
        "verified_type": 220,
        "statuses_count": 3,
        "parent": "4032971268839526",
        "verified": false,
        "geo": null,
        "user_created_at": 1353021016,
        "favourites_count": 288,
        "screen_name": "忆侵",
        "gender": "m",
        "user_geo_enabled": false,
        "username": "忆侵",
        "comments_count": 0,
        "t": 1477032746,
        "video_status_count": 0,
        "urank": 38,
        "user_ability": 2098186,
        "credit_score": 80
    },
    {
        "reposts_count": 0,
        "uid": 3118396401,
        "bi_followers_count": 55,
        "text": "真的假的[吃惊]",
        "user_description": "",
        "user_avatar": "https://tvax4.sinaimg.cn/crop.0.0.996.996.50/b9def3f1ly8g0rs6kmq9pj20ro0ro75b.jpg?KID=imgbed,tva&Expires=1584955995&ssig=hD0b0D%2BHYA",
        "id": "4033028877416498",
        "city": "1000",
        "province": "35",
        "friends_count": 297,
        "user_location": "福建",
        "mid": "4033028877416498",
        "verified_reason": "",
        "attitudes_count": 0,
        "followers_count": 22264,
        "verified_type": 220,
        "statuses_count": 3,
        "parent": "4032971268839526",
        "verified": false,
        "geo": null,
        "user_created_at": 1353021016,
        "favourites_count": 288,
        "screen_name": "忆侵",
        "gender": "m",
        "user_geo_enabled": false,
        "username": "忆侵",
        "comments_count": 0,
        "t": 1477032477,
        "video_status_count": 0,
        "urank": 38,
        "user_ability": 2098186,
        "credit_score": 80
    },
    {
        "reposts_count": 0,
        "uid": 1732009735,
        "bi_followers_count": 17,
        "text": "拜托，我大中国的消防车是红色的。明显是中东某地的火灾现场。",
        "user_description": "请放下那笼韭菜馅饺子，让我来！",
        "user_avatar": "https://tva1.sinaimg.cn/crop.0.0.750.750.50/673c5f07jw8f3xjwc5adbj20ku0kujrs.jpg?KID=imgbed,tva&Expires=1584955995&ssig=2orxxvnbj4",
        "id": "4033005234849753",
        "city": "1000",
        "province": "36",
        "friends_count": 77,
        "user_location": "江西",
        "mid": "4033005234849753",
        "verified_reason": "",
        "attitudes_count": 0,
        "followers_count": 490,
        "verified_type": -1,
        "statuses_count": 1626,
        "parent": "4032971268839526",
        "verified": false,
        "geo": null,
        "user_created_at": 1271655130,
        "favourites_count": 2,
        "screen_name": "三弓长啊三弓长",
        "gender": "m",
        "user_geo_enabled": true,
        "username": "三弓长啊三弓长",
        "comments_count": 0,
        "t": 1477026840,
        "video_status_count": 0,
        "urank": 29,
        "user_ability": 0,
        "credit_score": 80
    },
    {
        "reposts_count": 0,
        "uid": 3207961775,
        "bi_followers_count": 34,
        "text": "谣言",
        "user_description": "哟哟哟",
        "user_avatar": "https://tvax3.sinaimg.cn/crop.0.0.664.664.50/bf359cafly8fd9plnzje6j20ig0igjt0.jpg?KID=imgbed,tva&Expires=1584955995&ssig=6HKmKy1xPv",
        "id": "4032993665871702",
        "city": "5",
        "province": "44",
        "friends_count": 84,
        "user_location": "广东 汕头",
        "mid": "4032993665871702",
        "verified_reason": "",
        "attitudes_count": 0,
        "followers_count": 100,
        "verified_type": -1,
        "statuses_count": 185,
        "parent": "4032971268839526",
        "verified": false,
        "geo": null,
        "user_created_at": 1356783977,
        "favourites_count": 9,
        "screen_name": "曼珠沙华demi",
        "gender": "f",
        "user_geo_enabled": true,
        "username": "曼珠沙华demi",
        "comments_count": 0,
        "t": 1477024082,
        "video_status_count": 0,
        "urank": 22,
        "user_ability": 35652608,
        "credit_score": 80
    },
    {
        "reposts_count": 0,
        "uid": 3767555390,
        "bi_followers_count": 4,
        "text": "假的。",
        "user_description": "",
        "user_avatar": "https://tva4.sinaimg.cn/crop.0.0.120.120.50/e090553ejw8egxnzjwvmlj203c03c744.jpg?KID=imgbed,tva&Expires=1584955995&ssig=Ba%2FAX6s3oJ",
        "id": "4032976956400131",
        "city": "9",
        "province": "32",
        "friends_count": 404,
        "user_location": "江苏 盐城",
        "mid": "4032976956400131",
        "verified_reason": "",
        "attitudes_count": 0,
        "followers_count": 73,
        "verified_type": -1,
        "statuses_count": 39,
        "parent": "4032971268839526",
        "verified": false,
        "geo": null,
        "user_created_at": 1378175383,
        "favourites_count": 158,
        "screen_name": "SS灿如夏花",
        "gender": "f",
        "user_geo_enabled": true,
        "username": "SS灿如夏花",
        "comments_count": 0,
        "t": 1477020097,
        "video_status_count": 0,
        "urank": 14,
        "user_ability": 35651584,
        "credit_score": 80
    },
    {
        "reposts_count": 0,
        "uid": 1987066157,
        "bi_followers_count": 2,
        "text": "怎么在城区放礼花？希望没有人员伤亡，这祸闯的，害人害己啊，够判几年了",
        "user_description": "",
        "user_avatar": "https://tva4.sinaimg.cn/crop.0.0.180.180.50/7670392djw1e8qgp5bmzyj2050050aa8.jpg?KID=imgbed,tva&Expires=1584955995&ssig=J5tMudiwFo",
        "id": "4032976066661033",
        "city": "4",
        "province": "53",
        "friends_count": 225,
        "user_location": "云南 玉溪",
        "mid": "4032976066661033",
        "verified_reason": "",
        "attitudes_count": 0,
        "followers_count": 79,
        "verified_type": -1,
        "statuses_count": 158,
        "parent": "4032971268839526",
        "verified": false,
        "geo": null,
        "user_created_at": 1298473627,
        "favourites_count": 618,
        "screen_name": "溜溜小元江",
        "gender": "f",
        "user_geo_enabled": true,
        "username": "溜溜小元江",
        "comments_count": 0,
        "t": 1477019887,
        "video_status_count": 0,
        "urank": 29,
        "user_ability": 2097152,
        "credit_score": 80
    }
]