[
    {
        "reposts_count": 1,
        "uid": 1725134927,
        "bi_followers_count": 1360,
        "text": "特大新闻：上海北辰富锦华庭高层着火了，结婚放礼花飞到人家屋里了。这祸闯大了！太惨了！像911啦！可怕极了！[汗] http://t.cn/RVCM0OS . ​",
        "user_description": "土生土长广州人,希望在微博这一片天地中,在获取信息的同时,相识更多的朋友.",
        "user_avatar": "https://tva4.sinaimg.cn/crop.0.0.180.180.50/66d3784fjw1e8qgp5bmzyj2050050aa8.jpg?KID=imgbed,tva&Expires=1584955987&ssig=PZwCgNMKCn",
        "id": "4033066835403188",
        "city": "1",
        "province": "44",
        "friends_count": 1555,
        "user_location": "广东 广州",
        "mid": "4033066835403188",
        "verified_reason": "",
        "attitudes_count": 0,
        "followers_count": 3868,
        "verified_type": -1,
        "statuses_count": 33714,
        "parent": null,
        "verified": false,
        "geo": null,
        "user_created_at": 1270387742,
        "favourites_count": 297,
        "screen_name": "穗城阿強",
        "gender": "m",
        "user_geo_enabled": true,
        "username": "穗城阿強",
        "comments_count": 2,
        "t": 1477041527,
        "video_status_count": 0,
        "urank": 48,
        "user_ability": 10748416,
        "credit_score": 80
    },
    {
        "reposts_count": 0,
        "uid": 1725134927,
        "bi_followers_count": 1360,
        "text": "@微博客服 请帮我删除此不实信息！[作揖]",
        "user_description": "土生土长广州人,希望在微博这一片天地中,在获取信息的同时,相识更多的朋友.",
        "user_avatar": "https://tva4.sinaimg.cn/crop.0.0.180.180.50/66d3784fjw1e8qgp5bmzyj2050050aa8.jpg?KID=imgbed,tva&Expires=1584955987&ssig=PZwCgNMKCn",
        "id": "4040987287775561",
        "city": "1",
        "province": "44",
        "friends_count": 1554,
        "user_location": "广东 广州",
        "mid": "4040987287775561",
        "verified_reason": "",
        "attitudes_count": 0,
        "followers_count": 3843,
        "verified_type": -1,
        "statuses_count": 33624,
        "parent": "4033066835403188",
        "verified": false,
        "geo": null,
        "user_created_at": 1270387742,
        "favourites_count": 297,
        "screen_name": "穗城阿強",
        "gender": "m",
        "user_geo_enabled": true,
        "username": "穗城阿強",
        "comments_count": 0,
        "t": 1478929910,
        "video_status_count": 0,
        "urank": 48,
        "user_ability": 10748416,
        "credit_score": 80
    },
    {
        "reposts_count": 0,
        "uid": 5917088163,
        "bi_followers_count": 26,
        "text": "您好，我们是梅州网警。您发布的该微博信息存在不实之处，该信息已被多地警方公开辟谣。为避免不实信息的扩散，请你将微博自行删除。警方提示：根据《计算机信息网络国际联网安全保护管理办法》，利用互联网制作、复制、传播不实信息等扰乱社会秩序的，都属于违法行为。",
        "user_description": "",
        "user_avatar": "https://tvax2.sinaimg.cn/crop.3.0.476.476.50/006sruVRgy1ffhhsqmddij30dd0dbjtj.jpg?KID=imgbed,tva&Expires=1584955987&ssig=bMg1bXFQzP",
        "id": "4040676062206331",
        "city": "1000",
        "province": "44",
        "friends_count": 104,
        "user_location": "广东",
        "mid": "4040676062206331",
        "verified_reason": "广东省梅州市公安局网络警察支队官方微博",
        "attitudes_count": 0,
        "followers_count": 4221,
        "verified_type": 1,
        "statuses_count": 6080,
        "parent": "4033066835403188",
        "verified": true,
        "geo": null,
        "user_created_at": 1462324693,
        "favourites_count": 15,
        "screen_name": "梅州网警巡查执法",
        "gender": "m",
        "user_geo_enabled": true,
        "username": "梅州网警巡查执法",
        "comments_count": 0,
        "t": 1478855708,
        "video_status_count": 0,
        "urank": 14,
        "user_ability": 8650752,
        "credit_score": 80
    }
]