[
    {
        "reposts_count": 0,
        "uid": 6043204754,
        "bi_followers_count": 10,
        "text": "今天遂宁新桥小学被偷了三个孩子，太平也丢了一个孩子～有十个陌生人刚把孩子迷晕，幸好被人及时发现，偷孩子的十个人被抓了起来，现关在太平派出所。根据他们交代，这一次他们这个团伙派了一百多人，专偷七岁以上的孩子，可能是要人体器官，比如肾脏什么的。今天黄岗偷了三个孩子，最小4岁，最大12岁...全文： http://m.weibo.cn/6043204754/4033495154792827 ​",
        "user_description": "朱钦",
        "user_avatar": "https://tva2.sinaimg.cn/crop.0.0.664.664.50/006AYFCqjw8f8prbywc9qj30ig0igwfm.jpg?KID=imgbed,tva&Expires=1584955989&ssig=dJ7mw07woe",
        "id": "4033495154792827",
        "city": "1",
        "province": "400",
        "friends_count": 113,
        "user_location": "海外 美国",
        "mid": "4033495154792827",
        "verified_reason": "",
        "attitudes_count": 2,
        "followers_count": 16,
        "verified_type": -1,
        "statuses_count": 28,
        "parent": null,
        "verified": false,
        "geo": {
            "type": "Point",
            "coordinates": [
                31.45274,
                104.7346
            ]
        },
        "user_created_at": 1476275089,
        "favourites_count": 0,
        "screen_name": "ZX朱元璋",
        "gender": "m",
        "user_geo_enabled": true,
        "username": "ZX朱元璋",
        "comments_count": 1,
        "t": 1477143646,
        "video_status_count": 0,
        "urank": 9,
        "user_ability": 0,
        "credit_score": 80
    },
    {
        "reposts_count": 0,
        "uid": 5657609813,
        "bi_followers_count": 103,
        "text": "您好，我是东莞网警。您发布的微博信息存在不实之处。为避免不实信息的扩散，建议您将该微博自行删除。警方提示：根据《计算机信息网络国际联网安全保护管理办法》，利用互联网制作、复制、传播不实信息等扰乱社会秩序的，都属于违法行为。",
        "user_description": "",
        "user_avatar": "https://tva3.sinaimg.cn/crop.0.0.819.819.50/006aSKLbjw8euqmyim0ohj30mr0mr0yk.jpg?KID=imgbed,tva&Expires=1584955989&ssig=SCXG4jLpHc",
        "id": "4096769103344674",
        "city": "19",
        "province": "44",
        "friends_count": 127,
        "user_location": "广东 东莞",
        "mid": "4096769103344674",
        "verified_reason": "东莞市公安局网络警察支队",
        "attitudes_count": 0,
        "followers_count": 46463,
        "verified_type": 1,
        "statuses_count": 7603,
        "parent": "4033495154792827",
        "verified": true,
        "geo": {
            "type": "Point",
            "coordinates": [
                31.45274,
                104.7346
            ]
        },
        "user_created_at": 1437383740,
        "favourites_count": 0,
        "screen_name": "东莞网警巡查执法",
        "gender": "m",
        "user_geo_enabled": true,
        "username": "东莞网警巡查执法",
        "comments_count": 0,
        "t": 1492229331,
        "video_status_count": 0,
        "urank": 38,
        "user_ability": 10747912,
        "credit_score": 80
    }
]