[
    {
        "reposts_count": 0,
        "uid": 1452553775,
        "bi_followers_count": 13,
        "text": "!曝光邓亚萍饭局,! http://t.cn/RVWkDV7 ​",
        "user_description": "",
        "user_avatar": "https://tvax1.sinaimg.cn/default/images/default_avatar_male_50.gif?KID=imgbed,tva&Expires=1584955981&ssig=t311BA4NF5",
        "id": "4034167329048023",
        "city": "15",
        "province": "31",
        "friends_count": 287,
        "user_location": "上海 浦东新区",
        "mid": "4034167329048023",
        "verified_reason": "",
        "attitudes_count": 0,
        "followers_count": 63,
        "verified_type": -1,
        "statuses_count": 1810,
        "parent": null,
        "verified": false,
        "geo": null,
        "user_created_at": 1370611720,
        "favourites_count": 1,
        "screen_name": "树下的和尚",
        "gender": "m",
        "user_geo_enabled": true,
        "username": "树下的和尚",
        "comments_count": 1,
        "t": 1477303905,
        "video_status_count": 0,
        "urank": 14,
        "user_ability": 2097152,
        "credit_score": 80
    },
    {
        "reposts_count": 0,
        "uid": 5709667623,
        "bi_followers_count": 4,
        "text": "图片评论 http://t.cn/RV3rvDO",
        "user_description": "柳和美",
        "user_avatar": "https://tva1.sinaimg.cn/crop.0.0.750.750.50/006epbnhjw8ewekwu21fgj30ku0kv75q.jpg?KID=imgbed,tva&Expires=1584955981&ssig=fXgwPILZuj",
        "id": "4036630349696578",
        "city": "4",
        "province": "31",
        "friends_count": 45,
        "user_location": "上海 徐汇区",
        "mid": "4036630349696578",
        "verified_reason": "",
        "attitudes_count": 0,
        "followers_count": 8,
        "verified_type": -1,
        "statuses_count": 2,
        "parent": "4034167329048023",
        "verified": false,
        "geo": null,
        "user_created_at": 1443154301,
        "favourites_count": 24,
        "screen_name": "Ber-Gin2015",
        "gender": "m",
        "user_geo_enabled": true,
        "username": "Ber-Gin2015",
        "comments_count": 0,
        "t": 1477891136,
        "video_status_count": 0,
        "urank": 4,
        "user_ability": 0,
        "credit_score": 80
    }
]