[
    {
        "reposts_count": 0,
        "uid": 6059223497,
        "bi_followers_count": 0,
        "text": "昨天济南平阴被偷了三个孩子，田庄也丢了两个孩子～有一个陌生人刚把孩子迷晕，幸好被人及时发现，偷孩子的两个人被抓了起来，现关在东关派出所。根据他们交代，这一次他们这个团伙派了一百多人，专偷七岁以上的孩子，可能是要人体器官，比如肾脏什么的。今天平阴县偷了5个孩子，最小4岁，最大12岁。 ​",
        "user_description": "",
        "user_avatar": "https://tvax1.sinaimg.cn/default/images/default_avatar_male_50.gif?KID=imgbed,tva&Expires=1584955981&ssig=t311BA4NF5",
        "id": "4037082097609211",
        "city": "1000",
        "province": "100",
        "friends_count": 123,
        "user_location": "其他",
        "mid": "4037082097609211",
        "verified_reason": "",
        "attitudes_count": 2,
        "followers_count": 2,
        "verified_type": -1,
        "statuses_count": 1,
        "parent": null,
        "verified": false,
        "geo": null,
        "user_created_at": 1477998358,
        "favourites_count": 0,
        "screen_name": "用户6059223497",
        "gender": "m",
        "user_geo_enabled": true,
        "username": "用户6059223497",
        "comments_count": 1,
        "t": 1477998839,
        "video_status_count": 0,
        "urank": 1,
        "user_ability": 0,
        "credit_score": 80
    },
    {
        "reposts_count": 0,
        "uid": 1977889537,
        "bi_followers_count": 660,
        "text": "您好，我们是深圳网警。您发布的该微博信息存在不实之处，该信息已被多地警方公开辟谣。为避免不实信息的扩散，请你将微博自行删除。警方提示：根据《计算机信息网络国际联网安全保护管理办法》，利用互联网制作、复制、传播不实信息等扰乱社会秩序的，都属于违法行为。",
        "user_description": "深圳市公安局公共信息网络安全监察分局官方微博账号，维护网上治安秩序，共建文明、和谐、清朗的网络空间。",
        "user_avatar": "https://tva3.sinaimg.cn/crop.0.0.179.179.50/75e43301gw1eba6dtigdaj2051050t99.jpg?KID=imgbed,tva&Expires=1584955981&ssig=2HcELfIdbL",
        "id": "4038754785825033",
        "city": "1000",
        "province": "44",
        "friends_count": 1516,
        "user_location": "广东",
        "mid": "4038754785825033",
        "verified_reason": "深圳市公安局公共信息网络安全监察分局官方微博",
        "attitudes_count": 0,
        "followers_count": 788770,
        "verified_type": 1,
        "statuses_count": 25322,
        "parent": "4037082097609211",
        "verified": true,
        "geo": null,
        "user_created_at": 1298343740,
        "favourites_count": 3133,
        "screen_name": "深圳网警",
        "gender": "m",
        "user_geo_enabled": false,
        "username": "深圳网警",
        "comments_count": 0,
        "t": 1478397640,
        "video_status_count": 0,
        "urank": 42,
        "user_ability": 11797000,
        "credit_score": 80
    }
]