[
    {
        "reposts_count": 1,
        "uid": 5706263701,
        "bi_followers_count": 15,
        "text": "各位家长请注意！ 有家长反映:今天中午放学后，有学生遇到开小车的向小学生问路 ，并拿出100元感谢费  ，让小孩上车带路 。 请各位家长教育孩子注意安全   ，千万不要上车 ，防止被骗。 确记！！！    据反映：今天附近学校门口也碰到这情况，大家警惕!!!大家转出去。【公益转发】 ​",
        "user_description": "康美药业、时代直销 北京大区销售经理",
        "user_avatar": "https://tva1.sinaimg.cn/crop.0.0.996.996.50/006eaTRjjw8fah6g3qyinj30ro0rp40f.jpg?KID=imgbed,tva&Expires=1584955983&ssig=r790tXQkLm",
        "id": "4039282362177477",
        "city": "13",
        "province": "11",
        "friends_count": 171,
        "user_location": "北京 顺义区",
        "mid": "4039282362177477",
        "verified_reason": "",
        "attitudes_count": 0,
        "followers_count": 49,
        "verified_type": -1,
        "statuses_count": 576,
        "parent": null,
        "verified": false,
        "geo": null,
        "user_created_at": 1442590226,
        "favourites_count": 1,
        "screen_name": "风霾屡作天下乱",
        "gender": "m",
        "user_geo_enabled": true,
        "username": "风霾屡作天下乱",
        "comments_count": 1,
        "t": 1478523424,
        "video_status_count": 0,
        "urank": 9,
        "user_ability": 0,
        "credit_score": 80
    },
    {
        "reposts_count": 0,
        "uid": 5706263701,
        "bi_followers_count": 15,
        "text": "我这条微博是公益转发，是提醒家长跟孩子不要上陌生人的当，我有提到   有孩子被抢    这五个字吗？你们是怎么处理事情的，我真搞不懂，你们是人有问题还是系统有问题，居然举报我，人性的体现是爱心，你们歪曲别人的话，还举报、还定性，真他妈有病",
        "user_description": "康美药业、时代直销 北京大区销售经理",
        "user_avatar": "https://tva1.sinaimg.cn/crop.0.0.996.996.50/006eaTRjjw8fah6g3qyinj30ro0rp40f.jpg?KID=imgbed,tva&Expires=1584955983&ssig=r790tXQkLm",
        "id": "4039834023227901",
        "city": "13",
        "province": "11",
        "friends_count": 171,
        "user_location": "北京 顺义区",
        "mid": "4039834023227901",
        "verified_reason": "",
        "attitudes_count": 0,
        "followers_count": 48,
        "verified_type": -1,
        "statuses_count": 576,
        "parent": "4039282362177477",
        "verified": false,
        "geo": null,
        "user_created_at": 1442590226,
        "favourites_count": 1,
        "screen_name": "风霾屡作天下乱",
        "gender": "m",
        "user_geo_enabled": true,
        "username": "风霾屡作天下乱",
        "comments_count": 0,
        "t": 1478654949,
        "video_status_count": 0,
        "urank": 9,
        "user_ability": 0,
        "credit_score": 80
    }
]