[
    {
        "reposts_count": 4,
        "uid": 6071584293,
        "bi_followers_count": 9,
        "text": "紧急通知：下午公安上学校了解情况了，家里有孩子的 大人都要看好，从三亚来了100多个外地人 ，现已经到了广西省上饶市专门偷抢小孩的，襄汾一带已丢了20多个，解剖了7个小孩的胸部，拿走器官。凡是在街上转来转去的陌生人，开面包车，收粮食的车，收旧家电的，修平房漏水的   说不完整普通话的人，其...全文： http://m.weibo.cn/6071584293/4043310929150251 ​",
        "user_description": "",
        "user_avatar": "https://tva4.sinaimg.cn/crop.0.0.498.498.50/006CTKqVjw8f9wovvyk7uj30du0dut9o.jpg?KID=imgbed,tva&Expires=1584955980&ssig=WTsTbvyaUo",
        "id": "4043310929150251",
        "city": "1",
        "province": "45",
        "friends_count": 226,
        "user_location": "广西 南宁",
        "mid": "4043310929150251",
        "verified_reason": "",
        "attitudes_count": 1,
        "followers_count": 20,
        "verified_type": -1,
        "statuses_count": 9,
        "parent": null,
        "verified": false,
        "geo": null,
        "user_created_at": 1479483616,
        "favourites_count": 0,
        "screen_name": "韦家大少爷小清新",
        "gender": "m",
        "user_geo_enabled": true,
        "username": "韦家大少爷小清新",
        "comments_count": 1,
        "t": 1479483909,
        "video_status_count": 0,
        "urank": 5,
        "user_ability": 0,
        "credit_score": 80
    },
    {
        "reposts_count": 0,
        "uid": 5918971521,
        "bi_followers_count": 17,
        "text": "您好，我是三亚网警。您的微博发布的内容存在不实之处。为避免不实信息的扩散，建议您将该微博自行删除。警方提示：根据《计算机信息网络国际联网安全保护管理办法》，利用互联网制作、复制、传播不实信息等扰乱社会秩序的，都属于违法行为。",
        "user_description": "",
        "user_avatar": "https://tva3.sinaimg.cn/crop.18.0.796.796.50/006szoSBjw8f459fihzuij30mr0mrae1.jpg?KID=imgbed,tva&Expires=1584955980&ssig=VhkNNdnb9c",
        "id": "4167138992175680",
        "city": "1000",
        "province": "46",
        "friends_count": 96,
        "user_location": "海南",
        "mid": "4167138992175680",
        "verified_reason": "海南省三亚市公安局网络警察支队官方微博",
        "attitudes_count": 0,
        "followers_count": 917,
        "verified_type": 1,
        "statuses_count": 413,
        "parent": "4043310929150251",
        "verified": true,
        "geo": null,
        "user_created_at": 1462433203,
        "favourites_count": 5,
        "screen_name": "三亚网警巡查执法",
        "gender": "m",
        "user_geo_enabled": true,
        "username": "三亚网警巡查执法",
        "comments_count": 0,
        "t": 1509006820,
        "video_status_count": 0,
        "urank": 9,
        "user_ability": 1024,
        "credit_score": 80
    }
]