[
    {
        "reposts_count": 4,
        "uid": 1255217012,
        "bi_followers_count": 447,
        "text": "【谣言】河北省秦皇岛市第一医院：昨天凌晨二点二十三分，三名男女生感染SK5病毒死亡，最大的32岁，最小的5岁，参与抢救的医生已被隔离，中央1台电视新闻己播岀，暂时别吃鱼类，酸菜，特别是草魚，酸菜魚，水煮魚，目前河北省有3167个魚塘已感染。收到马上发给你关心的人。http://t.cn/RcGcwGe ​",
        "user_description": "我将微博当谣言档案用，凡转发，90%为谣言，网友们千万别当真，别瞎举报。",
        "user_avatar": "https://tva3.sinaimg.cn/crop.67.2.107.107.50/4ad11774jw1embwbks4irj205u08cmxq.jpg?KID=imgbed,tva&Expires=1584955971&ssig=S3EgHHUk4S",
        "id": "4045473860125087",
        "city": "7",
        "province": "11",
        "friends_count": 718,
        "user_location": "北京 石景山区",
        "mid": "4045473860125087",
        "verified_reason": "中国社会科学院民俗学者 ",
        "attitudes_count": 2,
        "followers_count": 17194,
        "verified_type": 0,
        "statuses_count": 4058,
        "parent": null,
        "verified": true,
        "geo": null,
        "user_created_at": 1287815976,
        "favourites_count": 922,
        "screen_name": "施爱东1",
        "gender": "m",
        "user_geo_enabled": false,
        "username": "施爱东1",
        "comments_count": 5,
        "t": 1479999592,
        "video_status_count": 0,
        "urank": 33,
        "user_ability": 2097160,
        "credit_score": 80
    },
    {
        "reposts_count": 0,
        "uid": 5657609813,
        "bi_followers_count": 103,
        "text": "您好，我是东莞网警。您发布的微博信息存在不实之处。为避免不实信息的扩散，建议您将该微博自行删除。警方提示：根据《计算机信息网络国际联网安全保护管理办法》，利用互联网制作、复制、传播不实信息等扰乱社会秩序的，都属于违法行为。",
        "user_description": "",
        "user_avatar": "https://tva3.sinaimg.cn/crop.0.0.819.819.50/006aSKLbjw8euqmyim0ohj30mr0mr0yk.jpg?KID=imgbed,tva&Expires=1584955971&ssig=boHQnV2sf%2B",
        "id": "4060844864761290",
        "city": "19",
        "province": "44",
        "friends_count": 127,
        "user_location": "广东 东莞",
        "mid": "4060844864761290",
        "verified_reason": "东莞市公安局网络警察支队",
        "attitudes_count": 0,
        "followers_count": 46463,
        "verified_type": 1,
        "statuses_count": 7603,
        "parent": "4045473860125087",
        "verified": true,
        "geo": null,
        "user_created_at": 1437383740,
        "favourites_count": 0,
        "screen_name": "东莞网警巡查执法",
        "gender": "m",
        "user_geo_enabled": true,
        "username": "东莞网警巡查执法",
        "comments_count": 0,
        "t": 1483664325,
        "video_status_count": 0,
        "urank": 38,
        "user_ability": 10747912,
        "credit_score": 80
    },
    {
        "reposts_count": 0,
        "uid": 2281297821,
        "bi_followers_count": 74,
        "text": "[哆啦A梦汗][哆啦A梦汗].他们都看不见前面的谣言俩字",
        "user_description": "岂能尽如人意 但求无愧我心。",
        "user_avatar": "https://tvax3.sinaimg.cn/crop.0.0.1080.1080.50/87f9d79dly8g113u8bqzxj20u00u0jtf.jpg?KID=imgbed,tva&Expires=1584955971&ssig=iBf9QMK1B%2B",
        "id": "4047461015940979",
        "city": "1000",
        "province": "100",
        "friends_count": 277,
        "user_location": "其他",
        "mid": "4047461015940979",
        "verified_reason": "",
        "attitudes_count": 0,
        "followers_count": 143,
        "verified_type": -1,
        "statuses_count": 19,
        "parent": "4045473860125087",
        "verified": false,
        "geo": null,
        "user_created_at": 1312206760,
        "favourites_count": 58,
        "screen_name": "菇菇菇菇菇菇咕",
        "gender": "f",
        "user_geo_enabled": true,
        "username": "菇菇菇菇菇菇咕",
        "comments_count": 0,
        "t": 1480473367,
        "video_status_count": 0,
        "urank": 26,
        "user_ability": 2097152,
        "credit_score": 80
    },
    {
        "reposts_count": 0,
        "uid": 1255217012,
        "bi_followers_count": 447,
        "text": "我肏！又被一个傻B给举报了，我这明明是【辟谣】好不好？举报者长不长眼睛？@微博管理员 你也不长眼睛吗？！http://t.cn/RfjXsD7",
        "user_description": "我将微博当谣言档案用，凡转发，90%为谣言，网友们千万别当真，别瞎举报。",
        "user_avatar": "https://tva3.sinaimg.cn/crop.67.2.107.107.50/4ad11774jw1embwbks4irj205u08cmxq.jpg?KID=imgbed,tva&Expires=1584955971&ssig=S3EgHHUk4S",
        "id": "4046930844103857",
        "city": "7",
        "province": "11",
        "friends_count": 718,
        "user_location": "北京 石景山区",
        "mid": "4046930844103857",
        "verified_reason": "中国社会科学院民俗学者 ",
        "attitudes_count": 0,
        "followers_count": 17191,
        "verified_type": 0,
        "statuses_count": 4026,
        "parent": "4045473860125087",
        "verified": true,
        "geo": null,
        "user_created_at": 1287815976,
        "favourites_count": 922,
        "screen_name": "施爱东1",
        "gender": "m",
        "user_geo_enabled": false,
        "username": "施爱东1",
        "comments_count": 0,
        "t": 1480346963,
        "video_status_count": 0,
        "urank": 33,
        "user_ability": 2097160,
        "credit_score": 80
    },
    {
        "reposts_count": 0,
        "uid": 1617184784,
        "bi_followers_count": 379,
        "text": "不是sb250差评",
        "user_description": "大学教师；科学史博士；世界魔方协会代表；《魔方宝典》《地图的文明史》译者。",
        "user_avatar": "https://tvax1.sinaimg.cn/crop.0.0.996.996.50/60644810ly8frmnc1ep94j20ro0roq4e.jpg?KID=imgbed,tva&Expires=1584955971&ssig=vn8L%2FgnTlU",
        "id": "4045474652537666",
        "city": "1000",
        "province": "37",
        "friends_count": 573,
        "user_location": "山东",
        "mid": "4045474652537666",
        "verified_reason": "山东艺术学院教师 泛科普视频自媒体",
        "attitudes_count": 0,
        "followers_count": 73104,
        "verified_type": 0,
        "statuses_count": 16242,
        "parent": "4045473860125087",
        "verified": true,
        "geo": null,
        "user_created_at": 1284475603,
        "favourites_count": 3,
        "screen_name": "Terra_Cognita",
        "gender": "m",
        "user_geo_enabled": true,
        "username": "Terra_Cognita",
        "comments_count": 0,
        "t": 1479999781,
        "video_status_count": 0,
        "urank": 48,
        "user_ability": 1050632,
        "credit_score": 80
    }
]