[
    {
        "reposts_count": 0,
        "uid": 6065678002,
        "bi_followers_count": 1,
        "text": "寻找失主：大家帮忙转一下，我朋友捡到一个钱包，里边有一张身份证，梁永涛，卡10多张，现金1000元左右，车票2张，（梁永涛，张慧）车票是后天的，大家帮忙扩散，赠人玫瑰，手留余香，传递正能量。失主请联系：189－5239－6880。谁的群多，帮忙转一下！谢谢 ​",
        "user_description": "善良为本，诚信是金。",
        "user_avatar": "https://tvax2.sinaimg.cn/crop.0.0.656.656.50/006CuXWaly8g6i85zoczyj30i80i8t9l.jpg?KID=imgbed,tva&Expires=1584955917&ssig=wCbSeJ4BE3",
        "id": "4046736567583990",
        "city": "1",
        "province": "44",
        "friends_count": 77,
        "user_location": "广东 广州",
        "mid": "4046736567583990",
        "verified_reason": "",
        "attitudes_count": 0,
        "followers_count": 7,
        "verified_type": -1,
        "statuses_count": 23,
        "parent": null,
        "verified": false,
        "geo": null,
        "user_created_at": 1478523269,
        "favourites_count": 0,
        "screen_name": "Ayjd1573",
        "gender": "f",
        "user_geo_enabled": true,
        "username": "Ayjd1573",
        "comments_count": 1,
        "t": 1480300645,
        "video_status_count": 0,
        "urank": 6,
        "user_ability": 0,
        "credit_score": 80
    },
    {
        "reposts_count": 0,
        "uid": 1977889537,
        "bi_followers_count": 660,
        "text": "您好，我们是深圳网警。您发布的该微博信息存在不实之处，该信息已被多地警方公开辟谣，经核实该谣言已有多个版本流传，只是将身份证姓名替换，如：梁永涛、徐俊峰、刘馨心等。为避免不实信息的扩散，请你将微博自行删除，感谢您对深圳网络警察的支持与配合！",
        "user_description": "深圳市公安局公共信息网络安全监察分局官方微博账号，维护网上治安秩序，共建文明、和谐、清朗的网络空间。",
        "user_avatar": "https://tva3.sinaimg.cn/crop.0.0.179.179.50/75e43301gw1eba6dtigdaj2051050t99.jpg?KID=imgbed,tva&Expires=1584955917&ssig=S4l1crT6%2Fc",
        "id": "4053980781362734",
        "city": "1000",
        "province": "44",
        "friends_count": 1516,
        "user_location": "广东",
        "mid": "4053980781362734",
        "verified_reason": "深圳市公安局公共信息网络安全监察分局官方微博",
        "attitudes_count": 0,
        "followers_count": 788770,
        "verified_type": 1,
        "statuses_count": 25322,
        "parent": "4046736567583990",
        "verified": true,
        "geo": null,
        "user_created_at": 1298343740,
        "favourites_count": 3133,
        "screen_name": "深圳网警",
        "gender": "m",
        "user_geo_enabled": false,
        "username": "深圳网警",
        "comments_count": 0,
        "t": 1482027800,
        "video_status_count": 0,
        "urank": 42,
        "user_ability": 11797000,
        "credit_score": 80
    }
]