[
    {
        "reposts_count": 0,
        "uid": 3970534121,
        "bi_followers_count": 88,
        "text": "辽宁省阜新市中心医院：昨天凌晨二点二十三分，三名男女生感染sk5病毒死亡，最大的32岁，最小的5岁，参与抢救的医生已被隔离，中央1台电视新闻己播岀，暂时别吃魚，凉皮，冷面类，酸菜，特别是草魚，酸菜魚，水煮魚，目前大连有3167个已感染。收到马上发给你关心的人，最好是群友。为了您的健康，请转...全文： http://m.weibo.cn/3970534121/4046078376461180 ​",
        "user_description": "瑞倪维儿专卖",
        "user_avatar": "https://tvax2.sinaimg.cn/crop.0.0.996.996.50/eca98ae9ly8fljptv27gfj20ro0rotaj.jpg?KID=imgbed,tva&Expires=1584955972&ssig=2wzKEw1BR8",
        "id": "4046078376461180",
        "city": "1000",
        "province": "11",
        "friends_count": 1148,
        "user_location": "北京",
        "mid": "4046078376461180",
        "verified_reason": "",
        "attitudes_count": 0,
        "followers_count": 171,
        "verified_type": -1,
        "statuses_count": 1653,
        "parent": null,
        "verified": false,
        "geo": null,
        "user_created_at": 1389241883,
        "favourites_count": 8,
        "screen_name": "用户h2eiarnzgq",
        "gender": "f",
        "user_geo_enabled": true,
        "username": "用户h2eiarnzgq",
        "comments_count": 1,
        "t": 1480143720,
        "video_status_count": 0,
        "urank": 26,
        "user_ability": 1024,
        "credit_score": 80
    },
    {
        "reposts_count": 0,
        "uid": 5657609813,
        "bi_followers_count": 103,
        "text": "您好，我是东莞网警。您发布的微博信息存在不实之处。为避免不实信息的扩散，建议您将该微博自行删除。警方提示：根据《计算机信息网络国际联网安全保护管理办法》，利用互联网制作、复制、传播不实信息等扰乱社会秩序的，都属于违法行为。",
        "user_description": "",
        "user_avatar": "https://tva3.sinaimg.cn/crop.0.0.819.819.50/006aSKLbjw8euqmyim0ohj30mr0mr0yk.jpg?KID=imgbed,tva&Expires=1584955972&ssig=dh8zNM2%2Faj",
        "id": "4060843958501901",
        "city": "19",
        "province": "44",
        "friends_count": 127,
        "user_location": "广东 东莞",
        "mid": "4060843958501901",
        "verified_reason": "东莞市公安局网络警察支队",
        "attitudes_count": 0,
        "followers_count": 46463,
        "verified_type": 1,
        "statuses_count": 7603,
        "parent": "4046078376461180",
        "verified": true,
        "geo": null,
        "user_created_at": 1437383740,
        "favourites_count": 0,
        "screen_name": "东莞网警巡查执法",
        "gender": "m",
        "user_geo_enabled": true,
        "username": "东莞网警巡查执法",
        "comments_count": 0,
        "t": 1483664108,
        "video_status_count": 0,
        "urank": 38,
        "user_ability": 10747912,
        "credit_score": 80
    }
]