[
    {
        "reposts_count": 0,
        "uid": 5913535397,
        "bi_followers_count": 1,
        "text": "紧急通知：下午公安上学校了解情况了，家里有孩子的 大人都要看好，从三亚来了100多个外地人 ，现已经到了云南省怒江州专门偷抢小孩的，仙居一带已丢了20多个，解剖了 7个小孩的胸部，拿走器官。凡是在街上转来转去的陌生人，开面包车，收粮食的车，收旧家电的，修平房漏水的   说不完整普通话的人，其...全文： http://m.weibo.cn/5913535397/4048103172761424 ​",
        "user_description": "我就是我，不用介绍",
        "user_avatar": "https://tva3.sinaimg.cn/crop.0.0.996.996.50/006scAHbjw8fburdxquiuj30ro0rpq4c.jpg?KID=imgbed,tva&Expires=1584955936&ssig=iBMcsAqiRU",
        "id": "4048103172761424",
        "city": "1",
        "province": "51",
        "friends_count": 98,
        "user_location": "四川 成都",
        "mid": "4048103172761424",
        "verified_reason": "",
        "attitudes_count": 0,
        "followers_count": 5,
        "verified_type": -1,
        "statuses_count": 46,
        "parent": null,
        "verified": false,
        "geo": null,
        "user_created_at": 1462086107,
        "favourites_count": 2,
        "screen_name": "微曦以为晨",
        "gender": "f",
        "user_geo_enabled": true,
        "username": "微曦以为晨",
        "comments_count": 2,
        "t": 1480626469,
        "video_status_count": 0,
        "urank": 9,
        "user_ability": 33554432,
        "credit_score": 80
    },
    {
        "reposts_count": 0,
        "uid": 5920355094,
        "bi_followers_count": 21,
        "text": "怒江网警提醒广大市民：在浏览网络信息时要提高警惕，任何人通过微信、QQ、等网络社交工具随意散布、传播不实消息。捏造或扭曲事实、散布谣言、扰乱社会秩序的，公安机关将依法予以罚处。",
        "user_description": "",
        "user_avatar": "https://tva2.sinaimg.cn/crop.5.0.174.174.50/006sFcOijw8f3x27w8g16j30500503yp.jpg?KID=imgbed,tva&Expires=1584955936&ssig=9J7JtnLFuJ",
        "id": "4048157123282449",
        "city": "1000",
        "province": "53",
        "friends_count": 1516,
        "user_location": "云南",
        "mid": "4048157123282449",
        "verified_reason": "云南省怒江傈僳族自治州公安局网络安全保卫支队官方微博",
        "attitudes_count": 0,
        "followers_count": 1793,
        "verified_type": 1,
        "statuses_count": 1722,
        "parent": "4048103172761424",
        "verified": true,
        "geo": null,
        "user_created_at": 1462520687,
        "favourites_count": 11,
        "screen_name": "怒江网警巡查执法",
        "gender": "f",
        "user_geo_enabled": true,
        "username": "怒江网警巡查执法",
        "comments_count": 0,
        "t": 1480639333,
        "video_status_count": 0,
        "urank": 9,
        "user_ability": 10747904,
        "credit_score": 80
    },
    {
        "reposts_count": 0,
        "uid": 5920355094,
        "bi_followers_count": 21,
        "text": "怒江警方获此消息后，立即开展调查，与相关部门进行核实，并未发现此类相关警情。证实此消息为谣言。",
        "user_description": "",
        "user_avatar": "https://tva2.sinaimg.cn/crop.5.0.174.174.50/006sFcOijw8f3x27w8g16j30500503yp.jpg?KID=imgbed,tva&Expires=1584955936&ssig=9J7JtnLFuJ",
        "id": "4048157065048090",
        "city": "1000",
        "province": "53",
        "friends_count": 1516,
        "user_location": "云南",
        "mid": "4048157065048090",
        "verified_reason": "云南省怒江傈僳族自治州公安局网络安全保卫支队官方微博",
        "attitudes_count": 0,
        "followers_count": 1793,
        "verified_type": 1,
        "statuses_count": 1722,
        "parent": "4048103172761424",
        "verified": true,
        "geo": null,
        "user_created_at": 1462520687,
        "favourites_count": 11,
        "screen_name": "怒江网警巡查执法",
        "gender": "f",
        "user_geo_enabled": true,
        "username": "怒江网警巡查执法",
        "comments_count": 0,
        "t": 1480639318,
        "video_status_count": 0,
        "urank": 9,
        "user_ability": 10747904,
        "credit_score": 80
    }
]