[
    {
        "reposts_count": 0,
        "uid": 5772625130,
        "bi_followers_count": 30,
        "text": "紧急通知：下午公安上学校了解情况了，家里有孩子的 大人都要看好，从三亚来了100多个外地人 ，现已经到了湖北省孝感市汉川市新河镇偷抢小孩的，红星一带已丢了20多个，解剖了7个小孩的胸部，拿走器官。凡是在街上转来转去的陌生人，开面包车，收粮食的车，收旧家电的，修平房漏水的   说不完整普通话...全文： http://m.weibo.cn/5772625130/4048690366644195 ​",
        "user_description": "喜欢走没人走过的路",
        "user_avatar": "https://tva2.sinaimg.cn/crop.0.0.511.511.50/006iFluWjw8eydmsbgt29j30e70e8my3.jpg?KID=imgbed,tva&Expires=1584955938&ssig=hjXKSlUFA9",
        "id": "4048690366644195",
        "city": "1",
        "province": "42",
        "friends_count": 321,
        "user_location": "湖北 武汉",
        "mid": "4048690366644195",
        "verified_reason": "",
        "attitudes_count": 0,
        "followers_count": 78,
        "verified_type": -1,
        "statuses_count": 178,
        "parent": null,
        "verified": false,
        "geo": null,
        "user_created_at": 1448435543,
        "favourites_count": 3,
        "screen_name": "花田香舍",
        "gender": "m",
        "user_geo_enabled": true,
        "username": "花田香舍",
        "comments_count": 0,
        "t": 1480766467,
        "video_status_count": 0,
        "urank": 14,
        "user_ability": 33554432,
        "credit_score": 80
    },
    {
        "reposts_count": 0,
        "uid": 5918971521,
        "bi_followers_count": 17,
        "text": "您好，我是三亚网警。您的微博发布的内容存在不实之处。为避免不实信息的扩散，建议您将该微博自行删除。警方提示：根据《计算机信息网络国际联网安全保护管理办法》，利用互联网制作、复制、传播不实信息等扰乱社会秩序的，都属于违法行为。",
        "user_description": "",
        "user_avatar": "https://tva3.sinaimg.cn/crop.18.0.796.796.50/006szoSBjw8f459fihzuij30mr0mrae1.jpg?KID=imgbed,tva&Expires=1584955938&ssig=fCY0YJszfm",
        "id": "4057980729191759",
        "city": "1000",
        "province": "46",
        "friends_count": 96,
        "user_location": "海南",
        "mid": "4057980729191759",
        "verified_reason": "海南省三亚市公安局网络警察支队官方微博",
        "attitudes_count": 0,
        "followers_count": 917,
        "verified_type": 1,
        "statuses_count": 413,
        "parent": "4048690366644195",
        "verified": true,
        "geo": null,
        "user_created_at": 1462433203,
        "favourites_count": 5,
        "screen_name": "三亚网警巡查执法",
        "gender": "m",
        "user_geo_enabled": true,
        "username": "三亚网警巡查执法",
        "comments_count": 0,
        "t": 1482981462,
        "video_status_count": 0,
        "urank": 9,
        "user_ability": 1024,
        "credit_score": 80
    },
    {
        "reposts_count": 0,
        "uid": 5351378686,
        "bi_followers_count": 5,
        "text": "假的吧！",
        "user_description": "",
        "user_avatar": "https://tva4.sinaimg.cn/crop.0.0.100.100.50/005Q9Q3sjw8emvnagg65bj302s02sa9w.jpg?KID=imgbed,tva&Expires=1584955938&ssig=OdAgrwBUAA",
        "id": "4048724096765533",
        "city": "1000",
        "province": "100",
        "friends_count": 43,
        "user_location": "其他",
        "mid": "4048724096765533",
        "verified_reason": "",
        "attitudes_count": 0,
        "followers_count": 49,
        "verified_type": -1,
        "statuses_count": 15,
        "parent": "4048690366644195",
        "verified": false,
        "geo": null,
        "user_created_at": 1417526044,
        "favourites_count": 1,
        "screen_name": "我行我素87059",
        "gender": "m",
        "user_geo_enabled": true,
        "username": "我行我素87059",
        "comments_count": 0,
        "t": 1480774509,
        "video_status_count": 0,
        "urank": 9,
        "user_ability": 0,
        "credit_score": 80
    }
]