[
    {
        "reposts_count": 0,
        "uid": 6026533169,
        "bi_followers_count": 7,
        "text": "实验小学的学生家长李海波在步行街捡到一个钱包，里面有身份证徐俊峰的，卡10多张，现金1000左右，动车票两张（徐俊峰，徐海腾）车票是明天的。大家帮忙扩散。赠人玫瑰，手留余香。正能量！失主请联系:13285311354  13285311274好人好事，谁的群多帮忙转下！ http://t.cn/R2WxaJ9 ​",
        "user_description": "石家庄平山县的",
        "user_avatar": "https://tva1.sinaimg.cn/crop.0.0.664.664.50/006zQIzTjw8fcc2c3d9c5j30ig0igjsd.jpg?KID=imgbed,tva&Expires=1584955924&ssig=L3BdXIekkc",
        "id": "4049446234408405",
        "city": "1000",
        "province": "100",
        "friends_count": 62,
        "user_location": "其他",
        "mid": "4049446234408405",
        "verified_reason": "",
        "attitudes_count": 0,
        "followers_count": 55,
        "verified_type": -1,
        "statuses_count": 81,
        "parent": null,
        "verified": false,
        "geo": {
            "type": "Point",
            "coordinates": [
                38.28529,
                116.78027
            ]
        },
        "user_created_at": 1474606208,
        "favourites_count": 1,
        "screen_name": "石家庄的点进来",
        "gender": "m",
        "user_geo_enabled": true,
        "username": "石家庄的点进来",
        "comments_count": 1,
        "t": 1480946680,
        "video_status_count": 0,
        "urank": 9,
        "user_ability": 2097152,
        "credit_score": 80
    },
    {
        "reposts_count": 0,
        "uid": 5609943090,
        "bi_followers_count": 16,
        "text": "这条微博假的，在造谣生事，大家千万别转发散布",
        "user_description": "",
        "user_avatar": "https://tvax1.sinaimg.cn/default/images/default_avatar_male_50.gif?KID=imgbed,tva&Expires=1584955924&ssig=XlQFdMU%2FXj",
        "id": "4055882184490001",
        "city": "1000",
        "province": "35",
        "friends_count": 633,
        "user_location": "福建",
        "mid": "4055882184490001",
        "verified_reason": "",
        "attitudes_count": 0,
        "followers_count": 139,
        "verified_type": -1,
        "statuses_count": 195,
        "parent": "4049446234408405",
        "verified": false,
        "geo": {
            "type": "Point",
            "coordinates": [
                38.28529,
                116.78027
            ]
        },
        "user_created_at": 1478670223,
        "favourites_count": 1,
        "screen_name": "天涯客063",
        "gender": "m",
        "user_geo_enabled": true,
        "username": "天涯客063",
        "comments_count": 0,
        "t": 1482481130,
        "video_status_count": 0,
        "urank": 9,
        "user_ability": 2097152,
        "credit_score": 79
    }
]