[
    {
        "reposts_count": 4,
        "uid": 2665661873,
        "bi_followers_count": 152,
        "text": "#如火如荼正青春#安徽省蚌埠市第一医院：昨天凌晨二点二十三分，三名男女生感染sk5病毒死亡，最大的32岁，最小的5岁，参与抢救的医生已被隔离，中央1台电视新闻己播岀，暂时别吃魚，凉皮，冷面类，酸菜，特别是草魚，酸菜魚，水煮魚，目前大连有3167个已感染。收到马上发给你关心的人，最好是群发。为...全文： http://m.weibo.cn/2665661873/4050561982537370 ​",
        "user_description": "此号已停用换人",
        "user_avatar": "https://tvax1.sinaimg.cn/crop.0.0.996.996.50/9ee2c5b1ly8g3ur9gqhpgj20ro0rotbb.jpg?KID=imgbed,tva&Expires=1584955875&ssig=q0fI24H77C",
        "id": "4050561982537370",
        "city": "1",
        "province": "62",
        "friends_count": 356,
        "user_location": "甘肃 兰州",
        "mid": "4050561982537370",
        "verified_reason": "",
        "attitudes_count": 2,
        "followers_count": 966,
        "verified_type": -1,
        "statuses_count": 4664,
        "parent": null,
        "verified": false,
        "geo": null,
        "user_created_at": 1331877830,
        "favourites_count": 12,
        "screen_name": "为你摘柠檬果",
        "gender": "f",
        "user_geo_enabled": true,
        "username": "为你摘柠檬果",
        "comments_count": 3,
        "t": 1481212695,
        "video_status_count": 0,
        "urank": 30,
        "user_ability": 1024,
        "credit_score": 80
    },
    {
        "reposts_count": 0,
        "uid": 2170646697,
        "bi_followers_count": 74,
        "text": "回复@深圳网警:[good]",
        "user_description": "",
        "user_avatar": "https://tva3.sinaimg.cn/crop.94.0.560.560.50/816170a9jw8fdnuweym1gj20ks0fkgo2.jpg?KID=imgbed,tva&Expires=1584955875&ssig=%2FWp1GUWufU",
        "id": "4075800821123453",
        "city": "7",
        "province": "31",
        "friends_count": 728,
        "user_location": "上海 普陀区",
        "mid": "4075800821123453",
        "verified_reason": "",
        "attitudes_count": 0,
        "followers_count": 240,
        "verified_type": -1,
        "statuses_count": 1067,
        "parent": "4050561982537370",
        "verified": false,
        "geo": null,
        "user_created_at": 1307616647,
        "favourites_count": 25,
        "screen_name": "爱晃悠爱生活",
        "gender": "m",
        "user_geo_enabled": true,
        "username": "爱晃悠爱生活",
        "comments_count": 0,
        "t": 1487230102,
        "video_status_count": 0,
        "urank": 17,
        "user_ability": 2097152,
        "credit_score": 80
    },
    {
        "reposts_count": 0,
        "uid": 1977889537,
        "bi_followers_count": 660,
        "text": "您好，我们是深圳网警。您发布的该微博信息存在不实之处，该信息已被多地官方媒体公开辟谣。为避免不实信息的扩散，请你将微博自行删除。警方提示：不信谣、不传谣、不造谣，感谢您对深圳网络警察的信任和支持！",
        "user_description": "深圳市公安局公共信息网络安全监察分局官方微博账号，维护网上治安秩序，共建文明、和谐、清朗的网络空间。",
        "user_avatar": "https://tva3.sinaimg.cn/crop.0.0.179.179.50/75e43301gw1eba6dtigdaj2051050t99.jpg?KID=imgbed,tva&Expires=1584955875&ssig=ZuECkZr17N",
        "id": "4061582504244610",
        "city": "1000",
        "province": "44",
        "friends_count": 1516,
        "user_location": "广东",
        "mid": "4061582504244610",
        "verified_reason": "深圳市公安局公共信息网络安全监察分局官方微博",
        "attitudes_count": 0,
        "followers_count": 788770,
        "verified_type": 1,
        "statuses_count": 25322,
        "parent": "4050561982537370",
        "verified": true,
        "geo": null,
        "user_created_at": 1298343740,
        "favourites_count": 3133,
        "screen_name": "深圳网警",
        "gender": "m",
        "user_geo_enabled": false,
        "username": "深圳网警",
        "comments_count": 0,
        "t": 1483840192,
        "video_status_count": 0,
        "urank": 42,
        "user_ability": 11797000,
        "credit_score": 80
    },
    {
        "reposts_count": 0,
        "uid": 1845035957,
        "bi_followers_count": 64,
        "text": "这个是谣言",
        "user_description": "我要用我自己的钱，买我自己的包包，装我自己的故事",
        "user_avatar": "https://tva2.sinaimg.cn/crop.0.0.180.180.50/6df903b5jw1e8qgp5bmzyj2050050aa8.jpg?KID=imgbed,tva&Expires=1584955875&ssig=RJcZt899JH",
        "id": "4057255298543290",
        "city": "1000",
        "province": "100",
        "friends_count": 516,
        "user_location": "其他",
        "mid": "4057255298543290",
        "verified_reason": "",
        "attitudes_count": 0,
        "followers_count": 256,
        "verified_type": -1,
        "statuses_count": 553,
        "parent": "4050561982537370",
        "verified": false,
        "geo": null,
        "user_created_at": 1288746003,
        "favourites_count": 12,
        "screen_name": "spica纪",
        "gender": "f",
        "user_geo_enabled": true,
        "username": "spica纪",
        "comments_count": 0,
        "t": 1482808507,
        "video_status_count": 0,
        "urank": 27,
        "user_ability": 0,
        "credit_score": 80
    }
]