[
    {
        "reposts_count": 35,
        "uid": 2800241552,
        "bi_followers_count": 371,
        "text": "前天下午,广东河源雅居乐三期在建工地倒塌。已建好的副楼一楼主体倒塌，目前伤亡不明。@海尔 @智媒体官微 http://t.cn/RfsDpBm . ​",
        "user_description": "智媒体 创始人 法人",
        "user_avatar": "https://tva3.sinaimg.cn/crop.0.3.506.506.50/a6e84b90jw8fberqhq0mlj20e20e8t9n.jpg?KID=imgbed,tva&Expires=1584955929&ssig=%2B8kXzx45zH",
        "id": "4050087866955010",
        "city": "1000",
        "province": "53",
        "friends_count": 720,
        "user_location": "云南",
        "mid": "4050087866955010",
        "verified_reason": "互联网资讯博主 视频自媒体",
        "attitudes_count": 30,
        "followers_count": 298325,
        "verified_type": 0,
        "statuses_count": 6478,
        "parent": null,
        "verified": true,
        "geo": null,
        "user_created_at": 1336565771,
        "favourites_count": 1,
        "screen_name": "小崔ysj",
        "gender": "m",
        "user_geo_enabled": true,
        "username": "小崔ysj",
        "comments_count": 64,
        "t": 1481099657,
        "video_status_count": 0,
        "urank": 43,
        "user_ability": 2361356,
        "credit_score": 80
    },
    {
        "reposts_count": 0,
        "uid": 3165830511,
        "bi_followers_count": 20,
        "text": "傻哔吧，这是破拆吧，帮你转五百进局子喝个茶？",
        "user_description": "90后",
        "user_avatar": "https://tva4.sinaimg.cn/crop.0.0.180.180.50/bcb2bd6fjw8ed9cyf5jgpj2050050wek.jpg?KID=imgbed,tva&Expires=1584955929&ssig=ykKdqOoWYJ",
        "id": "4056952239986377",
        "city": "1000",
        "province": "33",
        "friends_count": 92,
        "user_location": "浙江",
        "mid": "4056952239986377",
        "verified_reason": "前 安徽绿滋肴贸易有限公司储备副店",
        "attitudes_count": 0,
        "followers_count": 282,
        "verified_type": 0,
        "statuses_count": 1509,
        "parent": "4050087866955010",
        "verified": true,
        "geo": null,
        "user_created_at": 1353780737,
        "favourites_count": 74,
        "screen_name": "食素的梼杌",
        "gender": "m",
        "user_geo_enabled": true,
        "username": "食素的梼杌",
        "comments_count": 0,
        "t": 1482736251,
        "video_status_count": 0,
        "urank": 34,
        "user_ability": 2099200,
        "credit_score": 79
    },
    {
        "reposts_count": 0,
        "uid": 5680698978,
        "bi_followers_count": 2,
        "text": "@丶请叫我zhang先生 [泪]知道为啥我害怕路过类似地方吧",
        "user_description": "",
        "user_avatar": "https://tvax2.sinaimg.cn/crop.0.0.1080.1080.50/006crDj4ly8fyk6kcvcvfj30u00u042n.jpg?KID=imgbed,tva&Expires=1584955929&ssig=LXSTksL6s1",
        "id": "4056943394428784",
        "city": "1000",
        "province": "44",
        "friends_count": 113,
        "user_location": "广东",
        "mid": "4056943394428784",
        "verified_reason": "",
        "attitudes_count": 0,
        "followers_count": 50,
        "verified_type": -1,
        "statuses_count": 41,
        "parent": "4050087866955010",
        "verified": false,
        "geo": null,
        "user_created_at": 1439994731,
        "favourites_count": 49,
        "screen_name": "你瞅它干啥",
        "gender": "f",
        "user_geo_enabled": true,
        "username": "你瞅它干啥",
        "comments_count": 0,
        "t": 1482734142,
        "video_status_count": 0,
        "urank": 9,
        "user_ability": 1024,
        "credit_score": 80
    },
    {
        "reposts_count": 0,
        "uid": 5896085984,
        "bi_followers_count": 77,
        "text": "还“不实信息”，难道是动画？",
        "user_description": "我本是天隆山上散淡的人…",
        "user_avatar": "https://tva4.sinaimg.cn/crop.0.0.438.438.50/006r1nj2jw8f2rb6ev1w3j30c60c63yv.jpg?KID=imgbed,tva&Expires=1584955929&ssig=Lw7gdsFo2s",
        "id": "4055123867143102",
        "city": "13",
        "province": "51",
        "friends_count": 284,
        "user_location": "四川 南充",
        "mid": "4055123867143102",
        "verified_reason": "",
        "attitudes_count": 0,
        "followers_count": 216,
        "verified_type": -1,
        "statuses_count": 1138,
        "parent": "4050087866955010",
        "verified": false,
        "geo": null,
        "user_created_at": 1460248600,
        "favourites_count": 0,
        "screen_name": "天隆山上人",
        "gender": "m",
        "user_geo_enabled": true,
        "username": "天隆山上人",
        "comments_count": 0,
        "t": 1482300333,
        "video_status_count": 0,
        "urank": 20,
        "user_ability": 0,
        "credit_score": 80
    },
    {
        "reposts_count": 0,
        "uid": 3302724671,
        "bi_followers_count": 3,
        "text": "真的假的@澎湃新闻 ",
        "user_description": "业精于勤荒于嬉",
        "user_avatar": "https://tvax3.sinaimg.cn/crop.0.0.512.512.50/c4db943fly8g2hjrt2egnj20e80e83yl.jpg?KID=imgbed,tva&Expires=1584955929&ssig=wOepDuVOxo",
        "id": "4055105021827656",
        "city": "2",
        "province": "32",
        "friends_count": 487,
        "user_location": "江苏 无锡",
        "mid": "4055105021827656",
        "verified_reason": "",
        "attitudes_count": 0,
        "followers_count": 280,
        "verified_type": -1,
        "statuses_count": 3943,
        "parent": "4050087866955010",
        "verified": false,
        "geo": null,
        "user_created_at": 1368450276,
        "favourites_count": 152,
        "screen_name": "乾隆的爷爷",
        "gender": "m",
        "user_geo_enabled": true,
        "username": "乾隆的爷爷",
        "comments_count": 0,
        "t": 1482295840,
        "video_status_count": 0,
        "urank": 14,
        "user_ability": 35651584,
        "credit_score": 80
    },
    {
        "reposts_count": 0,
        "uid": 5722724663,
        "bi_followers_count": 17,
        "text": "豆腐渣",
        "user_description": "四月见",
        "user_avatar": "https://tvax3.sinaimg.cn/crop.0.0.996.996.50/006fhY6Hly8ft9feh4brrj30ro0ron07.jpg?KID=imgbed,tva&Expires=1584955929&ssig=kYqLinJdzX",
        "id": "4055097358593316",
        "city": "14",
        "province": "37",
        "friends_count": 141,
        "user_location": "山东 德州",
        "mid": "4055097358593316",
        "verified_reason": "",
        "attitudes_count": 0,
        "followers_count": 160,
        "verified_type": -1,
        "statuses_count": 25,
        "parent": "4050087866955010",
        "verified": false,
        "geo": null,
        "user_created_at": 1478260606,
        "favourites_count": 8,
        "screen_name": "半里长街Summertrain",
        "gender": "m",
        "user_geo_enabled": true,
        "username": "半里长街Summertrain",
        "comments_count": 0,
        "t": 1482294014,
        "video_status_count": 0,
        "urank": 9,
        "user_ability": 2097152,
        "credit_score": 80
    },
    {
        "reposts_count": 0,
        "uid": 3169103410,
        "bi_followers_count": 48,
        "text": "可怕",
        "user_description": "1+1=3",
        "user_avatar": "https://tvax1.sinaimg.cn/crop.0.0.664.664.50/bce4ae32ly8ga38d7bus1j20ig0ihmyq.jpg?KID=imgbed,tva&Expires=1584955929&ssig=9ipRGX9TQY",
        "id": "4054887497715143",
        "city": "5",
        "province": "11",
        "friends_count": 1146,
        "user_location": "北京 朝阳区",
        "mid": "4054887497715143",
        "verified_reason": "",
        "attitudes_count": 0,
        "followers_count": 322,
        "verified_type": -1,
        "statuses_count": 758,
        "parent": "4050087866955010",
        "verified": false,
        "geo": null,
        "user_created_at": 1360855357,
        "favourites_count": 3,
        "screen_name": "奋斗滴小妞",
        "gender": "f",
        "user_geo_enabled": true,
        "username": "奋斗滴小妞",
        "comments_count": 0,
        "t": 1482243978,
        "video_status_count": 0,
        "urank": 30,
        "user_ability": 2360320,
        "credit_score": 80
    },
    {
        "reposts_count": 0,
        "uid": 5290629919,
        "bi_followers_count": 2,
        "text": "希望大家安好。",
        "user_description": "春素小皙官方市代～小雪，1000元招募创业合伙人，所有产品可全部混拿，0门槛0风险",
        "user_avatar": "https://tvax2.sinaimg.cn/crop.0.0.960.960.50/005M2WwDly8flolz1i7o1j30qo0qoq4v.jpg?KID=imgbed,tva&Expires=1584955929&ssig=hsfS9hMZhH",
        "id": "4054705581316850",
        "city": "1000",
        "province": "41",
        "friends_count": 65,
        "user_location": "河南",
        "mid": "4054705581316850",
        "verified_reason": "",
        "attitudes_count": 0,
        "followers_count": 19,
        "verified_type": -1,
        "statuses_count": 117,
        "parent": "4050087866955010",
        "verified": false,
        "geo": null,
        "user_created_at": 1410495140,
        "favourites_count": 1,
        "screen_name": "spring小皙小雪",
        "gender": "f",
        "user_geo_enabled": true,
        "username": "spring小皙小雪",
        "comments_count": 0,
        "t": 1482200607,
        "video_status_count": 0,
        "urank": 9,
        "user_ability": 33554432,
        "credit_score": 80
    },
    {
        "reposts_count": 0,
        "uid": 3318568005,
        "bi_followers_count": 0,
        "text": "很久之前等视频了吧",
        "user_description": "我们不一样",
        "user_avatar": "https://tvax4.sinaimg.cn/crop.0.0.823.823.50/c5cd5445ly8flekm3voz7j20mv0mv75k.jpg?KID=imgbed,tva&Expires=1584955929&ssig=yDTvuqVOOz",
        "id": "4054696806787311",
        "city": "6",
        "province": "33",
        "friends_count": 80,
        "user_location": "浙江 绍兴",
        "mid": "4054696806787311",
        "verified_reason": "",
        "attitudes_count": 0,
        "followers_count": 84,
        "verified_type": -1,
        "statuses_count": 43,
        "parent": "4050087866955010",
        "verified": false,
        "geo": null,
        "user_created_at": 1367134508,
        "favourites_count": 2,
        "screen_name": "左手的烟疤i",
        "gender": "m",
        "user_geo_enabled": true,
        "username": "左手的烟疤i",
        "comments_count": 0,
        "t": 1482198515,
        "video_status_count": 0,
        "urank": 9,
        "user_ability": 0,
        "credit_score": 80
    },
    {
        "reposts_count": 0,
        "uid": 1783254800,
        "bi_followers_count": 23,
        "text": "@花生---花大侠",
        "user_description": "莎士比亚说过，一千个人眼中有一千个哈姆雷特 ！",
        "user_avatar": "https://tva3.sinaimg.cn/crop.0.0.640.640.50/6a4a4f10jw8ejzpc9v8w6j20hs0hs75k.jpg?KID=imgbed,tva&Expires=1584955929&ssig=fSvITlfGrA",
        "id": "4054564305552102",
        "city": "2",
        "province": "35",
        "friends_count": 114,
        "user_location": "福建 厦门",
        "mid": "4054564305552102",
        "verified_reason": "",
        "attitudes_count": 0,
        "followers_count": 75,
        "verified_type": -1,
        "statuses_count": 81,
        "parent": "4050087866955010",
        "verified": false,
        "geo": null,
        "user_created_at": 1282110866,
        "favourites_count": 0,
        "screen_name": "wishes英子",
        "gender": "f",
        "user_geo_enabled": true,
        "username": "wishes英子",
        "comments_count": 0,
        "t": 1482166923,
        "video_status_count": 0,
        "urank": 14,
        "user_ability": 33554432,
        "credit_score": 80
    },
    {
        "reposts_count": 0,
        "uid": 5584442721,
        "bi_followers_count": 77,
        "text": "豆腐渣工程",
        "user_description": "太阳不是突然落山的",
        "user_avatar": "https://tvax2.sinaimg.cn/crop.0.0.996.996.50/0065VKENly8gbh6i4chq9j30ro0romy9.jpg?KID=imgbed,tva&Expires=1584955929&ssig=Nkzki0lmZb",
        "id": "4054557887325801",
        "city": "1",
        "province": "42",
        "friends_count": 166,
        "user_location": "湖北 武汉",
        "mid": "4054557887325801",
        "verified_reason": "",
        "attitudes_count": 0,
        "followers_count": 195,
        "verified_type": -1,
        "statuses_count": 13,
        "parent": "4050087866955010",
        "verified": false,
        "geo": null,
        "user_created_at": 1428660693,
        "favourites_count": 138,
        "screen_name": "弄潮儿sonny",
        "gender": "m",
        "user_geo_enabled": true,
        "username": "弄潮儿sonny",
        "comments_count": 0,
        "t": 1482165393,
        "video_status_count": 0,
        "urank": 18,
        "user_ability": 33555456,
        "credit_score": 80
    },
    {
        "reposts_count": 0,
        "uid": 2804474520,
        "bi_followers_count": 58,
        "text": "不是辟谣了？这视频不是河源倒的那栋楼。",
        "user_description": "嗷呜~~~",
        "user_avatar": "https://tvax2.sinaimg.cn/crop.0.0.1080.1080.50/a728e298ly8fy3nutzxbqj20u00u0n3c.jpg?KID=imgbed,tva&Expires=1584955929&ssig=C5A6CmHR2b",
        "id": "4054253020148149",
        "city": "1000",
        "province": "100",
        "friends_count": 128,
        "user_location": "其他",
        "mid": "4054253020148149",
        "verified_reason": "",
        "attitudes_count": 0,
        "followers_count": 390,
        "verified_type": 200,
        "statuses_count": 37,
        "parent": "4050087866955010",
        "verified": false,
        "geo": null,
        "user_created_at": 1336982588,
        "favourites_count": 79,
        "screen_name": "_LUCK_B",
        "gender": "m",
        "user_geo_enabled": false,
        "username": "_LUCK_B",
        "comments_count": 0,
        "t": 1482092707,
        "video_status_count": 0,
        "urank": 31,
        "user_ability": 33554432,
        "credit_score": 80
    },
    {
        "reposts_count": 0,
        "uid": 1829393380,
        "bi_followers_count": 30,
        "text": "这得贪多少啊",
        "user_description": "。",
        "user_avatar": "https://tva1.sinaimg.cn/crop.0.0.640.640.50/6d0a53e4jw8ei98273zauj20hs0hsdgr.jpg?KID=imgbed,tva&Expires=1584955929&ssig=PLo1bLQNEs",
        "id": "4052898004744855",
        "city": "2",
        "province": "42",
        "friends_count": 317,
        "user_location": "湖北 黄石",
        "mid": "4052898004744855",
        "verified_reason": "",
        "attitudes_count": 0,
        "followers_count": 173,
        "verified_type": -1,
        "statuses_count": 3213,
        "parent": "4050087866955010",
        "verified": false,
        "geo": null,
        "user_created_at": 1285481739,
        "favourites_count": 37,
        "screen_name": "思想正越界",
        "gender": "f",
        "user_geo_enabled": true,
        "username": "思想正越界",
        "comments_count": 0,
        "t": 1481769646,
        "video_status_count": 0,
        "urank": 35,
        "user_ability": 2097152,
        "credit_score": 80
    },
    {
        "reposts_count": 0,
        "uid": 3209546855,
        "bi_followers_count": 29,
        "text": "@橘子小姐的蓝莓汁",
        "user_description": "此人无解(´◑д◐｀)",
        "user_avatar": "https://tvax4.sinaimg.cn/crop.0.0.996.996.50/bf4dcc67ly8fukteg5ujsj20ro0ro74l.jpg?KID=imgbed,tva&Expires=1584955929&ssig=BLw6kNAH5N",
        "id": "4052744823718754",
        "city": "1",
        "province": "52",
        "friends_count": 176,
        "user_location": "贵州 贵阳",
        "mid": "4052744823718754",
        "verified_reason": "",
        "attitudes_count": 0,
        "followers_count": 139,
        "verified_type": -1,
        "statuses_count": 135,
        "parent": "4050087866955010",
        "verified": false,
        "geo": null,
        "user_created_at": 1357021000,
        "favourites_count": 136,
        "screen_name": "是敖不是嗷",
        "gender": "f",
        "user_geo_enabled": true,
        "username": "是敖不是嗷",
        "comments_count": 0,
        "t": 1481733125,
        "video_status_count": 0,
        "urank": 14,
        "user_ability": 35652608,
        "credit_score": 80
    },
    {
        "reposts_count": 0,
        "uid": 2800241552,
        "bi_followers_count": 371,
        "text": "回复@Jay柯南嘉:那是哪里？",
        "user_description": "智媒体 创始人 法人",
        "user_avatar": "https://tva3.sinaimg.cn/crop.0.3.506.506.50/a6e84b90jw8fberqhq0mlj20e20e8t9n.jpg?KID=imgbed,tva&Expires=1584955929&ssig=%2B8kXzx45zH",
        "id": "4052518029732950",
        "city": "1000",
        "province": "53",
        "friends_count": 720,
        "user_location": "云南",
        "mid": "4052518029732950",
        "verified_reason": "互联网资讯博主 视频自媒体",
        "attitudes_count": 0,
        "followers_count": 298329,
        "verified_type": 0,
        "statuses_count": 6478,
        "parent": "4050087866955010",
        "verified": true,
        "geo": null,
        "user_created_at": 1336565771,
        "favourites_count": 1,
        "screen_name": "小崔ysj",
        "gender": "m",
        "user_geo_enabled": true,
        "username": "小崔ysj",
        "comments_count": 0,
        "t": 1481679053,
        "video_status_count": 0,
        "urank": 43,
        "user_ability": 2361356,
        "credit_score": 80
    },
    {
        "reposts_count": 0,
        "uid": 2800241552,
        "bi_followers_count": 371,
        "text": "回复@无心看风景守座城等个人:诗呢！",
        "user_description": "智媒体 创始人 法人",
        "user_avatar": "https://tva3.sinaimg.cn/crop.0.3.506.506.50/a6e84b90jw8fberqhq0mlj20e20e8t9n.jpg?KID=imgbed,tva&Expires=1584955929&ssig=%2B8kXzx45zH",
        "id": "4052517857630738",
        "city": "1000",
        "province": "53",
        "friends_count": 720,
        "user_location": "云南",
        "mid": "4052517857630738",
        "verified_reason": "互联网资讯博主 视频自媒体",
        "attitudes_count": 0,
        "followers_count": 298329,
        "verified_type": 0,
        "statuses_count": 6478,
        "parent": "4050087866955010",
        "verified": true,
        "geo": null,
        "user_created_at": 1336565771,
        "favourites_count": 1,
        "screen_name": "小崔ysj",
        "gender": "m",
        "user_geo_enabled": true,
        "username": "小崔ysj",
        "comments_count": 0,
        "t": 1481679012,
        "video_status_count": 0,
        "urank": 43,
        "user_ability": 2361356,
        "credit_score": 80
    },
    {
        "reposts_count": 0,
        "uid": 3923706468,
        "bi_followers_count": 73,
        "text": "@我乐意呀你吃屁啊",
        "user_description": "🖤做个人吧",
        "user_avatar": "https://tvax3.sinaimg.cn/crop.0.0.512.512.50/e9df0264ly8g0l2rd5hwzj20e80e8js0.jpg?KID=imgbed,tva&Expires=1584955929&ssig=nrWCGat8s%2F",
        "id": "4052500271711771",
        "city": "1",
        "province": "21",
        "friends_count": 264,
        "user_location": "辽宁 沈阳",
        "mid": "4052500271711771",
        "verified_reason": "",
        "attitudes_count": 0,
        "followers_count": 265,
        "verified_type": -1,
        "statuses_count": 299,
        "parent": "4050087866955010",
        "verified": false,
        "geo": null,
        "user_created_at": 1385764352,
        "favourites_count": 66,
        "screen_name": "嗨皮的精神病患者",
        "gender": "f",
        "user_geo_enabled": true,
        "username": "嗨皮的精神病患者",
        "comments_count": 0,
        "t": 1481674819,
        "video_status_count": 0,
        "urank": 31,
        "user_ability": 34866176,
        "credit_score": 80
    },
    {
        "reposts_count": 0,
        "uid": 2631033595,
        "bi_followers_count": 1,
        "text": "堪比911啊",
        "user_description": "",
        "user_avatar": "https://tvax1.sinaimg.cn/crop.0.0.750.750.50/9cd262fbly8fpszlfp4v5j20ku0kuaay.jpg?KID=imgbed,tva&Expires=1584955929&ssig=oX6dCv9C%2B5",
        "id": "4052372877229715",
        "city": "1000",
        "province": "32",
        "friends_count": 132,
        "user_location": "江苏",
        "mid": "4052372877229715",
        "verified_reason": "",
        "attitudes_count": 0,
        "followers_count": 47,
        "verified_type": -1,
        "statuses_count": 467,
        "parent": "4050087866955010",
        "verified": false,
        "geo": null,
        "user_created_at": 1329235315,
        "favourites_count": 3,
        "screen_name": "花千指美甲美睫纹绣脏辫",
        "gender": "f",
        "user_geo_enabled": true,
        "username": "花千指美甲美睫纹绣脏辫",
        "comments_count": 0,
        "t": 1481644446,
        "video_status_count": 0,
        "urank": 9,
        "user_ability": 0,
        "credit_score": 79
    },
    {
        "reposts_count": 0,
        "uid": 1932074993,
        "bi_followers_count": 709,
        "text": "了解过，不是雅居乐的。😅了解清楚咯",
        "user_description": "周杰伦是我的偶像,也是学习的榜样！",
        "user_avatar": "https://tva1.sinaimg.cn/crop.0.0.996.996.50/73291ff1jw8f0n4fpy0zwj20ro0rojuw.jpg?KID=imgbed,tva&Expires=1584955929&ssig=saS8isVQyr",
        "id": "4052358247923849",
        "city": "13",
        "province": "44",
        "friends_count": 2025,
        "user_location": "广东 惠州",
        "mid": "4052358247923849",
        "verified_reason": "",
        "attitudes_count": 0,
        "followers_count": 1640,
        "verified_type": 220,
        "statuses_count": 2486,
        "parent": "4050087866955010",
        "verified": false,
        "geo": null,
        "user_created_at": 1315458725,
        "favourites_count": 112,
        "screen_name": "Jay柯南嘉",
        "gender": "m",
        "user_geo_enabled": true,
        "username": "Jay柯南嘉",
        "comments_count": 0,
        "t": 1481640958,
        "video_status_count": 0,
        "urank": 36,
        "user_ability": 2359296,
        "credit_score": 80
    },
    {
        "reposts_count": 0,
        "uid": 2446242661,
        "bi_followers_count": 175,
        "text": "当地官方会宣称，整体工程验收合格，这只是一场意外，不要散步谣言破坏和谐，否则……。目前正在全力抢救伤者，家属情绪稳定良好。",
        "user_description": "",
        "user_avatar": "https://tva3.sinaimg.cn/crop.0.0.1006.1006.50/91ceb365jw8fclpw5en25j20ry0ryjuv.jpg?KID=imgbed,tva&Expires=1584955929&ssig=XGb3lcqS4V",
        "id": "4052234733436272",
        "city": "1",
        "province": "22",
        "friends_count": 489,
        "user_location": "吉林 长春",
        "mid": "4052234733436272",
        "verified_reason": "",
        "attitudes_count": 0,
        "followers_count": 1715,
        "verified_type": -1,
        "statuses_count": 4693,
        "parent": "4050087866955010",
        "verified": false,
        "geo": null,
        "user_created_at": 1320460826,
        "favourites_count": 4332,
        "screen_name": "我路过你的天空",
        "gender": "m",
        "user_geo_enabled": true,
        "username": "我路过你的天空",
        "comments_count": 0,
        "t": 1481611510,
        "video_status_count": 0,
        "urank": 35,
        "user_ability": 10747904,
        "credit_score": 80
    },
    {
        "reposts_count": 0,
        "uid": 3712921302,
        "bi_followers_count": 871,
        "text": "移花接木 http://t.cn/RIzsW2u",
        "user_description": "公益宣传，传播安全文化！微信公众号：消防知识宣传！（星星之火可以燎原）！",
        "user_avatar": "https://tvax2.sinaimg.cn/crop.0.0.996.996.50/dd4eaed6ly8g2lgxw0croj20ro0rognt.jpg?KID=imgbed,tva&Expires=1584955929&ssig=Uh%2FlAVd14C",
        "id": "4051111037662753",
        "city": "2",
        "province": "11",
        "friends_count": 866,
        "user_location": "北京 西城区",
        "mid": "4051111037662753",
        "verified_reason": "",
        "attitudes_count": 0,
        "followers_count": 9849,
        "verified_type": -1,
        "statuses_count": 8790,
        "parent": "4050087866955010",
        "verified": false,
        "geo": null,
        "user_created_at": 1376187822,
        "favourites_count": 396,
        "screen_name": "消防知识宣传",
        "gender": "m",
        "user_geo_enabled": false,
        "username": "消防知识宣传",
        "comments_count": 0,
        "t": 1481343600,
        "video_status_count": 0,
        "urank": 42,
        "user_ability": 262144,
        "credit_score": 80
    },
    {
        "reposts_count": 0,
        "uid": 2800241552,
        "bi_followers_count": 371,
        "text": "回复@痴情qzuser85795:😂",
        "user_description": "智媒体 创始人 法人",
        "user_avatar": "https://tva3.sinaimg.cn/crop.0.3.506.506.50/a6e84b90jw8fberqhq0mlj20e20e8t9n.jpg?KID=imgbed,tva&Expires=1584955929&ssig=%2B8kXzx45zH",
        "id": "4050550603046941",
        "city": "1000",
        "province": "53",
        "friends_count": 720,
        "user_location": "云南",
        "mid": "4050550603046941",
        "verified_reason": "互联网资讯博主 视频自媒体",
        "attitudes_count": 0,
        "followers_count": 298329,
        "verified_type": 0,
        "statuses_count": 6478,
        "parent": "4050087866955010",
        "verified": true,
        "geo": null,
        "user_created_at": 1336565771,
        "favourites_count": 1,
        "screen_name": "小崔ysj",
        "gender": "m",
        "user_geo_enabled": true,
        "username": "小崔ysj",
        "comments_count": 0,
        "t": 1481209982,
        "video_status_count": 0,
        "urank": 43,
        "user_ability": 2361356,
        "credit_score": 80
    },
    {
        "reposts_count": 0,
        "uid": 5890384604,
        "bi_followers_count": 0,
        "text": "这是谁建的呀，太他妈豆腐渣了吧，就算是纸糊的也踏不了呀！",
        "user_description": "",
        "user_avatar": "https://tva3.sinaimg.cn/crop.0.0.40.40.50/006qDs7ijw8f2hbtbzm4xj3014014dfm.jpg?KID=imgbed,tva&Expires=1584955929&ssig=SMeDi%2BLQld",
        "id": "4050544739281035",
        "city": "1000",
        "province": "100",
        "friends_count": 28,
        "user_location": "其他",
        "mid": "4050544739281035",
        "verified_reason": "",
        "attitudes_count": 0,
        "followers_count": 14,
        "verified_type": -1,
        "statuses_count": 197,
        "parent": "4050087866955010",
        "verified": false,
        "geo": null,
        "user_created_at": 1459502668,
        "favourites_count": 2,
        "screen_name": "痴情qzuser85795",
        "gender": "m",
        "user_geo_enabled": true,
        "username": "痴情qzuser85795",
        "comments_count": 0,
        "t": 1481208584,
        "video_status_count": 0,
        "urank": 4,
        "user_ability": 0,
        "credit_score": 80
    },
    {
        "reposts_count": 0,
        "uid": 2800241552,
        "bi_followers_count": 371,
        "text": "美国大片呀",
        "user_description": "智媒体 创始人 法人",
        "user_avatar": "https://tva3.sinaimg.cn/crop.0.3.506.506.50/a6e84b90jw8fberqhq0mlj20e20e8t9n.jpg?KID=imgbed,tva&Expires=1584955929&ssig=%2B8kXzx45zH",
        "id": "4050400770296624",
        "city": "1000",
        "province": "53",
        "friends_count": 720,
        "user_location": "云南",
        "mid": "4050400770296624",
        "verified_reason": "互联网资讯博主 视频自媒体",
        "attitudes_count": 0,
        "followers_count": 298329,
        "verified_type": 0,
        "statuses_count": 6478,
        "parent": "4050087866955010",
        "verified": true,
        "geo": null,
        "user_created_at": 1336565771,
        "favourites_count": 1,
        "screen_name": "小崔ysj",
        "gender": "m",
        "user_geo_enabled": true,
        "username": "小崔ysj",
        "comments_count": 0,
        "t": 1481174258,
        "video_status_count": 0,
        "urank": 43,
        "user_ability": 2361356,
        "credit_score": 80
    },
    {
        "reposts_count": 0,
        "uid": 2800241552,
        "bi_followers_count": 371,
        "text": "回复@蹦恰恰小叶:哦",
        "user_description": "智媒体 创始人 法人",
        "user_avatar": "https://tva3.sinaimg.cn/crop.0.3.506.506.50/a6e84b90jw8fberqhq0mlj20e20e8t9n.jpg?KID=imgbed,tva&Expires=1584955929&ssig=%2B8kXzx45zH",
        "id": "4050374614462522",
        "city": "1000",
        "province": "53",
        "friends_count": 720,
        "user_location": "云南",
        "mid": "4050374614462522",
        "verified_reason": "互联网资讯博主 视频自媒体",
        "attitudes_count": 0,
        "followers_count": 298329,
        "verified_type": 0,
        "statuses_count": 6478,
        "parent": "4050087866955010",
        "verified": true,
        "geo": null,
        "user_created_at": 1336565771,
        "favourites_count": 1,
        "screen_name": "小崔ysj",
        "gender": "m",
        "user_geo_enabled": true,
        "username": "小崔ysj",
        "comments_count": 0,
        "t": 1481168023,
        "video_status_count": 0,
        "urank": 43,
        "user_ability": 2361356,
        "credit_score": 80
    },
    {
        "reposts_count": 0,
        "uid": 2945965444,
        "bi_followers_count": 83,
        "text": "我靠[衰]",
        "user_description": "把全盛的我都活过",
        "user_avatar": "https://tvax3.sinaimg.cn/crop.0.0.1080.1080.50/af97dd84ly8fz0peibuvxj20u00u0q5i.jpg?KID=imgbed,tva&Expires=1584955929&ssig=mkBsoHBQ2b",
        "id": "4050110549444963",
        "city": "3",
        "province": "50",
        "friends_count": 643,
        "user_location": "重庆 渝中区",
        "mid": "4050110549444963",
        "verified_reason": "互联网资讯博主",
        "attitudes_count": 0,
        "followers_count": 3608,
        "verified_type": 0,
        "statuses_count": 15569,
        "parent": "4050087866955010",
        "verified": true,
        "geo": null,
        "user_created_at": 1348463614,
        "favourites_count": 15830,
        "screen_name": "邻章",
        "gender": "m",
        "user_geo_enabled": true,
        "username": "邻章",
        "comments_count": 0,
        "t": 1481105065,
        "video_status_count": 0,
        "urank": 48,
        "user_ability": 11796992,
        "credit_score": 80
    },
    {
        "reposts_count": 0,
        "uid": 1943947227,
        "bi_followers_count": 75,
        "text": "希望大家平安🙊",
        "user_description": "今天也要加油鸭🐥",
        "user_avatar": "https://tvax3.sinaimg.cn/crop.0.0.751.751.50/73de47dbly8g83xmsye6lj20kv0kvtb8.jpg?KID=imgbed,tva&Expires=1584955929&ssig=zSHYcKxtch",
        "id": "4050091935854769",
        "city": "1",
        "province": "43",
        "friends_count": 379,
        "user_location": "湖南 长沙",
        "mid": "4050091935854769",
        "verified_reason": "",
        "attitudes_count": 0,
        "followers_count": 199,
        "verified_type": -1,
        "statuses_count": 495,
        "parent": "4050087866955010",
        "verified": false,
        "geo": null,
        "user_created_at": 1296462984,
        "favourites_count": 174,
        "screen_name": "淰小昕",
        "gender": "f",
        "user_geo_enabled": true,
        "username": "淰小昕",
        "comments_count": 0,
        "t": 1481100627,
        "video_status_count": 0,
        "urank": 28,
        "user_ability": 3145728,
        "credit_score": 80
    },
    {
        "reposts_count": 0,
        "uid": 2800241552,
        "bi_followers_count": 371,
        "text": "@跳跳可爱虎 @搞机王腾霄 @笨笨搞机 @搞机么",
        "user_description": "智媒体 创始人 法人",
        "user_avatar": "https://tva3.sinaimg.cn/crop.0.3.506.506.50/a6e84b90jw8fberqhq0mlj20e20e8t9n.jpg?KID=imgbed,tva&Expires=1584955929&ssig=%2B8kXzx45zH",
        "id": "4050091423575062",
        "city": "1000",
        "province": "53",
        "friends_count": 720,
        "user_location": "云南",
        "mid": "4050091423575062",
        "verified_reason": "互联网资讯博主 视频自媒体",
        "attitudes_count": 0,
        "followers_count": 298329,
        "verified_type": 0,
        "statuses_count": 6478,
        "parent": "4050087866955010",
        "verified": true,
        "geo": null,
        "user_created_at": 1336565771,
        "favourites_count": 1,
        "screen_name": "小崔ysj",
        "gender": "m",
        "user_geo_enabled": true,
        "username": "小崔ysj",
        "comments_count": 0,
        "t": 1481100505,
        "video_status_count": 0,
        "urank": 43,
        "user_ability": 2361356,
        "credit_score": 80
    },
    {
        "reposts_count": 0,
        "uid": 2987915424,
        "bi_followers_count": 480,
        "text": "回复@小崔ysj:[哈哈]",
        "user_description": "一切随缘。",
        "user_avatar": "https://tvax1.sinaimg.cn/crop.0.0.996.996.50/b217f8a0ly8gbymosslwoj20ro0ro0ub.jpg?KID=imgbed,tva&Expires=1584955929&ssig=g664W%2BIjFI",
        "id": "4050091239791835",
        "city": "4",
        "province": "44",
        "friends_count": 5017,
        "user_location": "广东 珠海",
        "mid": "4050091239791835",
        "verified_reason": "综艺博主",
        "attitudes_count": 0,
        "followers_count": 4074,
        "verified_type": 0,
        "statuses_count": 212475,
        "parent": "4050087866955010",
        "verified": true,
        "geo": null,
        "user_created_at": 1346758912,
        "favourites_count": 84,
        "screen_name": "小鱼儿的金秀贤",
        "gender": "m",
        "user_geo_enabled": true,
        "username": "小鱼儿的金秀贤",
        "comments_count": 0,
        "t": 1481100460,
        "video_status_count": 0,
        "urank": 46,
        "user_ability": 3407872,
        "credit_score": 80
    },
    {
        "reposts_count": 0,
        "uid": 2800241552,
        "bi_followers_count": 371,
        "text": "回复@金秀贤的小鱼儿:我不敢。",
        "user_description": "智媒体 创始人 法人",
        "user_avatar": "https://tva3.sinaimg.cn/crop.0.3.506.506.50/a6e84b90jw8fberqhq0mlj20e20e8t9n.jpg?KID=imgbed,tva&Expires=1584955929&ssig=%2B8kXzx45zH",
        "id": "4050090652445325",
        "city": "1000",
        "province": "53",
        "friends_count": 720,
        "user_location": "云南",
        "mid": "4050090652445325",
        "verified_reason": "互联网资讯博主 视频自媒体",
        "attitudes_count": 0,
        "followers_count": 298329,
        "verified_type": 0,
        "statuses_count": 6478,
        "parent": "4050087866955010",
        "verified": true,
        "geo": null,
        "user_created_at": 1336565771,
        "favourites_count": 1,
        "screen_name": "小崔ysj",
        "gender": "m",
        "user_geo_enabled": true,
        "username": "小崔ysj",
        "comments_count": 0,
        "t": 1481100321,
        "video_status_count": 0,
        "urank": 43,
        "user_ability": 2361356,
        "credit_score": 80
    },
    {
        "reposts_count": 0,
        "uid": 2987915424,
        "bi_followers_count": 480,
        "text": "回复@小崔ysj:那你站到楼下试试[喵喵]",
        "user_description": "一切随缘。",
        "user_avatar": "https://tvax1.sinaimg.cn/crop.0.0.996.996.50/b217f8a0ly8gbymosslwoj20ro0ro0ub.jpg?KID=imgbed,tva&Expires=1584955929&ssig=g664W%2BIjFI",
        "id": "4050090417547169",
        "city": "4",
        "province": "44",
        "friends_count": 5017,
        "user_location": "广东 珠海",
        "mid": "4050090417547169",
        "verified_reason": "综艺博主",
        "attitudes_count": 0,
        "followers_count": 4074,
        "verified_type": 0,
        "statuses_count": 212475,
        "parent": "4050087866955010",
        "verified": true,
        "geo": null,
        "user_created_at": 1346758912,
        "favourites_count": 84,
        "screen_name": "小鱼儿的金秀贤",
        "gender": "m",
        "user_geo_enabled": true,
        "username": "小鱼儿的金秀贤",
        "comments_count": 0,
        "t": 1481100265,
        "video_status_count": 0,
        "urank": 46,
        "user_ability": 3407872,
        "credit_score": 80
    },
    {
        "reposts_count": 0,
        "uid": 2800241552,
        "bi_followers_count": 371,
        "text": "回复@西安蒙娜丽莎婚纱摄影:希望平安。",
        "user_description": "智媒体 创始人 法人",
        "user_avatar": "https://tva3.sinaimg.cn/crop.0.3.506.506.50/a6e84b90jw8fberqhq0mlj20e20e8t9n.jpg?KID=imgbed,tva&Expires=1584955929&ssig=%2B8kXzx45zH",
        "id": "4050090027362673",
        "city": "1000",
        "province": "53",
        "friends_count": 720,
        "user_location": "云南",
        "mid": "4050090027362673",
        "verified_reason": "互联网资讯博主 视频自媒体",
        "attitudes_count": 0,
        "followers_count": 298329,
        "verified_type": 0,
        "statuses_count": 6478,
        "parent": "4050087866955010",
        "verified": true,
        "geo": null,
        "user_created_at": 1336565771,
        "favourites_count": 1,
        "screen_name": "小崔ysj",
        "gender": "m",
        "user_geo_enabled": true,
        "username": "小崔ysj",
        "comments_count": 0,
        "t": 1481100172,
        "video_status_count": 0,
        "urank": 43,
        "user_ability": 2361356,
        "credit_score": 80
    },
    {
        "reposts_count": 0,
        "uid": 1881344594,
        "bi_followers_count": 1262,
        "text": "希望平安[心]",
        "user_description": "【中国十大杰出影楼】蒙娜丽莎幸福热线：19991228782。咨询VX：M18092554158 咨询QQ：3255107198",
        "user_avatar": "https://tva4.sinaimg.cn/crop.0.0.180.180.50/70230a52jw8exfuh1s629j2050050t8v.jpg?KID=imgbed,tva&Expires=1584955929&ssig=a2eTaIXatu",
        "id": "4050089985535752",
        "city": "1000",
        "province": "61",
        "friends_count": 5772,
        "user_location": "陕西",
        "mid": "4050089985535752",
        "verified_reason": "西安蒙娜丽莎婚纱摄影官方微博",
        "attitudes_count": 0,
        "followers_count": 362335,
        "verified_type": 2,
        "statuses_count": 44558,
        "parent": "4050087866955010",
        "verified": true,
        "geo": null,
        "user_created_at": 1290267260,
        "favourites_count": 2012,
        "screen_name": "西安蒙娜丽莎婚纱摄影",
        "gender": "m",
        "user_geo_enabled": true,
        "username": "西安蒙娜丽莎婚纱摄影",
        "comments_count": 0,
        "t": 1481100162,
        "video_status_count": 0,
        "urank": 48,
        "user_ability": 11797516,
        "credit_score": 80
    },
    {
        "reposts_count": 0,
        "uid": 2800241552,
        "bi_followers_count": 371,
        "text": "回复@云祥航空:第一个加v",
        "user_description": "智媒体 创始人 法人",
        "user_avatar": "https://tva3.sinaimg.cn/crop.0.3.506.506.50/a6e84b90jw8fberqhq0mlj20e20e8t9n.jpg?KID=imgbed,tva&Expires=1584955929&ssig=%2B8kXzx45zH",
        "id": "4050089947193699",
        "city": "1000",
        "province": "53",
        "friends_count": 720,
        "user_location": "云南",
        "mid": "4050089947193699",
        "verified_reason": "互联网资讯博主 视频自媒体",
        "attitudes_count": 0,
        "followers_count": 298329,
        "verified_type": 0,
        "statuses_count": 6478,
        "parent": "4050087866955010",
        "verified": true,
        "geo": null,
        "user_created_at": 1336565771,
        "favourites_count": 1,
        "screen_name": "小崔ysj",
        "gender": "m",
        "user_geo_enabled": true,
        "username": "小崔ysj",
        "comments_count": 0,
        "t": 1481100153,
        "video_status_count": 0,
        "urank": 43,
        "user_ability": 2361356,
        "credit_score": 80
    },
    {
        "reposts_count": 0,
        "uid": 3284690761,
        "bi_followers_count": 2123,
        "text": "回复@小崔ysj:[笑cry][笑cry]",
        "user_description": "最可怕的，就是深交后的陌生，信任后的利用，认真后的痛苦，温柔后的冷漠。若交往，请真诚，若离开，请彻底。",
        "user_avatar": "https://tvax4.sinaimg.cn/crop.0.0.1002.1002.50/c3c86749ly8gb58tp2rgxj20ru0rutar.jpg?KID=imgbed,tva&Expires=1584955929&ssig=FRb2Xim3PF",
        "id": "4050089905586376",
        "city": "1",
        "province": "21",
        "friends_count": 2140,
        "user_location": "辽宁 沈阳",
        "mid": "4050089905586376",
        "verified_reason": "知名数码博主 数码视频自媒体",
        "attitudes_count": 0,
        "followers_count": 304249,
        "verified_type": 0,
        "statuses_count": 117945,
        "parent": "4050087866955010",
        "verified": true,
        "geo": null,
        "user_created_at": 1393761783,
        "favourites_count": 249,
        "screen_name": "微数码李Sir",
        "gender": "m",
        "user_geo_enabled": true,
        "username": "微数码李Sir",
        "comments_count": 0,
        "t": 1481100143,
        "video_status_count": 0,
        "urank": 42,
        "user_ability": 11799048,
        "credit_score": 80
    },
    {
        "reposts_count": 0,
        "uid": 2800241552,
        "bi_followers_count": 371,
        "text": "回复@播客青春未满FM:瞬间崩塌，这种比地震还可怕。",
        "user_description": "智媒体 创始人 法人",
        "user_avatar": "https://tva3.sinaimg.cn/crop.0.3.506.506.50/a6e84b90jw8fberqhq0mlj20e20e8t9n.jpg?KID=imgbed,tva&Expires=1584955929&ssig=%2B8kXzx45zH",
        "id": "4050089884182600",
        "city": "1000",
        "province": "53",
        "friends_count": 720,
        "user_location": "云南",
        "mid": "4050089884182600",
        "verified_reason": "互联网资讯博主 视频自媒体",
        "attitudes_count": 0,
        "followers_count": 298329,
        "verified_type": 0,
        "statuses_count": 6478,
        "parent": "4050087866955010",
        "verified": true,
        "geo": null,
        "user_created_at": 1336565771,
        "favourites_count": 1,
        "screen_name": "小崔ysj",
        "gender": "m",
        "user_geo_enabled": true,
        "username": "小崔ysj",
        "comments_count": 0,
        "t": 1481100138,
        "video_status_count": 0,
        "urank": 43,
        "user_ability": 2361356,
        "credit_score": 80
    },
    {
        "reposts_count": 0,
        "uid": 2800241552,
        "bi_followers_count": 371,
        "text": "回复@蒸汽猫VAPE:但愿如此。",
        "user_description": "智媒体 创始人 法人",
        "user_avatar": "https://tva3.sinaimg.cn/crop.0.3.506.506.50/a6e84b90jw8fberqhq0mlj20e20e8t9n.jpg?KID=imgbed,tva&Expires=1584955929&ssig=%2B8kXzx45zH",
        "id": "4050089841884019",
        "city": "1000",
        "province": "53",
        "friends_count": 720,
        "user_location": "云南",
        "mid": "4050089841884019",
        "verified_reason": "互联网资讯博主 视频自媒体",
        "attitudes_count": 0,
        "followers_count": 298329,
        "verified_type": 0,
        "statuses_count": 6478,
        "parent": "4050087866955010",
        "verified": true,
        "geo": null,
        "user_created_at": 1336565771,
        "favourites_count": 1,
        "screen_name": "小崔ysj",
        "gender": "m",
        "user_geo_enabled": true,
        "username": "小崔ysj",
        "comments_count": 0,
        "t": 1481100128,
        "video_status_count": 0,
        "urank": 43,
        "user_ability": 2361356,
        "credit_score": 80
    },
    {
        "reposts_count": 0,
        "uid": 2800241552,
        "bi_followers_count": 371,
        "text": "回复@笨鸟社交:太可怕了。",
        "user_description": "智媒体 创始人 法人",
        "user_avatar": "https://tva3.sinaimg.cn/crop.0.3.506.506.50/a6e84b90jw8fberqhq0mlj20e20e8t9n.jpg?KID=imgbed,tva&Expires=1584955929&ssig=%2B8kXzx45zH",
        "id": "4050089817840832",
        "city": "1000",
        "province": "53",
        "friends_count": 720,
        "user_location": "云南",
        "mid": "4050089817840832",
        "verified_reason": "互联网资讯博主 视频自媒体",
        "attitudes_count": 0,
        "followers_count": 298329,
        "verified_type": 0,
        "statuses_count": 6478,
        "parent": "4050087866955010",
        "verified": true,
        "geo": null,
        "user_created_at": 1336565771,
        "favourites_count": 1,
        "screen_name": "小崔ysj",
        "gender": "m",
        "user_geo_enabled": true,
        "username": "小崔ysj",
        "comments_count": 0,
        "t": 1481100122,
        "video_status_count": 0,
        "urank": 43,
        "user_ability": 2361356,
        "credit_score": 80
    },
    {
        "reposts_count": 0,
        "uid": 2800241552,
        "bi_followers_count": 371,
        "text": "回复@金秀贤的小鱼儿:宝宝不怕。",
        "user_description": "智媒体 创始人 法人",
        "user_avatar": "https://tva3.sinaimg.cn/crop.0.3.506.506.50/a6e84b90jw8fberqhq0mlj20e20e8t9n.jpg?KID=imgbed,tva&Expires=1584955929&ssig=%2B8kXzx45zH",
        "id": "4050089791801873",
        "city": "1000",
        "province": "53",
        "friends_count": 720,
        "user_location": "云南",
        "mid": "4050089791801873",
        "verified_reason": "互联网资讯博主 视频自媒体",
        "attitudes_count": 0,
        "followers_count": 298329,
        "verified_type": 0,
        "statuses_count": 6478,
        "parent": "4050087866955010",
        "verified": true,
        "geo": null,
        "user_created_at": 1336565771,
        "favourites_count": 1,
        "screen_name": "小崔ysj",
        "gender": "m",
        "user_geo_enabled": true,
        "username": "小崔ysj",
        "comments_count": 0,
        "t": 1481100116,
        "video_status_count": 0,
        "urank": 43,
        "user_ability": 2361356,
        "credit_score": 80
    },
    {
        "reposts_count": 0,
        "uid": 2800241552,
        "bi_followers_count": 371,
        "text": "回复@消防知识:我也被吓到了。",
        "user_description": "智媒体 创始人 法人",
        "user_avatar": "https://tva3.sinaimg.cn/crop.0.3.506.506.50/a6e84b90jw8fberqhq0mlj20e20e8t9n.jpg?KID=imgbed,tva&Expires=1584955929&ssig=%2B8kXzx45zH",
        "id": "4050089770569070",
        "city": "1000",
        "province": "53",
        "friends_count": 720,
        "user_location": "云南",
        "mid": "4050089770569070",
        "verified_reason": "互联网资讯博主 视频自媒体",
        "attitudes_count": 0,
        "followers_count": 298329,
        "verified_type": 0,
        "statuses_count": 6478,
        "parent": "4050087866955010",
        "verified": true,
        "geo": null,
        "user_created_at": 1336565771,
        "favourites_count": 1,
        "screen_name": "小崔ysj",
        "gender": "m",
        "user_geo_enabled": true,
        "username": "小崔ysj",
        "comments_count": 0,
        "t": 1481100111,
        "video_status_count": 0,
        "urank": 43,
        "user_ability": 2361356,
        "credit_score": 80
    },
    {
        "reposts_count": 0,
        "uid": 2800241552,
        "bi_followers_count": 371,
        "text": "回复@世态炎凉哥也狂:是的，太恐怖了。",
        "user_description": "智媒体 创始人 法人",
        "user_avatar": "https://tva3.sinaimg.cn/crop.0.3.506.506.50/a6e84b90jw8fberqhq0mlj20e20e8t9n.jpg?KID=imgbed,tva&Expires=1584955929&ssig=%2B8kXzx45zH",
        "id": "4050089742262192",
        "city": "1000",
        "province": "53",
        "friends_count": 720,
        "user_location": "云南",
        "mid": "4050089742262192",
        "verified_reason": "互联网资讯博主 视频自媒体",
        "attitudes_count": 0,
        "followers_count": 298329,
        "verified_type": 0,
        "statuses_count": 6478,
        "parent": "4050087866955010",
        "verified": true,
        "geo": null,
        "user_created_at": 1336565771,
        "favourites_count": 1,
        "screen_name": "小崔ysj",
        "gender": "m",
        "user_geo_enabled": true,
        "username": "小崔ysj",
        "comments_count": 0,
        "t": 1481100103,
        "video_status_count": 0,
        "urank": 43,
        "user_ability": 2361356,
        "credit_score": 80
    },
    {
        "reposts_count": 0,
        "uid": 2800241552,
        "bi_followers_count": 371,
        "text": "回复@证联支付:吓死宝宝了。",
        "user_description": "智媒体 创始人 法人",
        "user_avatar": "https://tva3.sinaimg.cn/crop.0.3.506.506.50/a6e84b90jw8fberqhq0mlj20e20e8t9n.jpg?KID=imgbed,tva&Expires=1584955929&ssig=%2B8kXzx45zH",
        "id": "4050089712681352",
        "city": "1000",
        "province": "53",
        "friends_count": 720,
        "user_location": "云南",
        "mid": "4050089712681352",
        "verified_reason": "互联网资讯博主 视频自媒体",
        "attitudes_count": 0,
        "followers_count": 298329,
        "verified_type": 0,
        "statuses_count": 6478,
        "parent": "4050087866955010",
        "verified": true,
        "geo": null,
        "user_created_at": 1336565771,
        "favourites_count": 1,
        "screen_name": "小崔ysj",
        "gender": "m",
        "user_geo_enabled": true,
        "username": "小崔ysj",
        "comments_count": 0,
        "t": 1481100097,
        "video_status_count": 0,
        "urank": 43,
        "user_ability": 2361356,
        "credit_score": 80
    },
    {
        "reposts_count": 0,
        "uid": 2800241552,
        "bi_followers_count": 371,
        "text": "回复@乖总看科技:太可怕了，瞬间就倒了。",
        "user_description": "智媒体 创始人 法人",
        "user_avatar": "https://tva3.sinaimg.cn/crop.0.3.506.506.50/a6e84b90jw8fberqhq0mlj20e20e8t9n.jpg?KID=imgbed,tva&Expires=1584955929&ssig=%2B8kXzx45zH",
        "id": "4050089662289962",
        "city": "1000",
        "province": "53",
        "friends_count": 720,
        "user_location": "云南",
        "mid": "4050089662289962",
        "verified_reason": "互联网资讯博主 视频自媒体",
        "attitudes_count": 0,
        "followers_count": 298329,
        "verified_type": 0,
        "statuses_count": 6478,
        "parent": "4050087866955010",
        "verified": true,
        "geo": null,
        "user_created_at": 1336565771,
        "favourites_count": 1,
        "screen_name": "小崔ysj",
        "gender": "m",
        "user_geo_enabled": true,
        "username": "小崔ysj",
        "comments_count": 0,
        "t": 1481100085,
        "video_status_count": 0,
        "urank": 43,
        "user_ability": 2361356,
        "credit_score": 80
    },
    {
        "reposts_count": 0,
        "uid": 2800241552,
        "bi_followers_count": 371,
        "text": "回复@播客青春未满FM:是的，希望平安。",
        "user_description": "智媒体 创始人 法人",
        "user_avatar": "https://tva3.sinaimg.cn/crop.0.3.506.506.50/a6e84b90jw8fberqhq0mlj20e20e8t9n.jpg?KID=imgbed,tva&Expires=1584955929&ssig=%2B8kXzx45zH",
        "id": "4050089636329345",
        "city": "1000",
        "province": "53",
        "friends_count": 720,
        "user_location": "云南",
        "mid": "4050089636329345",
        "verified_reason": "互联网资讯博主 视频自媒体",
        "attitudes_count": 0,
        "followers_count": 298329,
        "verified_type": 0,
        "statuses_count": 6478,
        "parent": "4050087866955010",
        "verified": true,
        "geo": null,
        "user_created_at": 1336565771,
        "favourites_count": 1,
        "screen_name": "小崔ysj",
        "gender": "m",
        "user_geo_enabled": true,
        "username": "小崔ysj",
        "comments_count": 0,
        "t": 1481100079,
        "video_status_count": 0,
        "urank": 43,
        "user_ability": 2361356,
        "credit_score": 80
    },
    {
        "reposts_count": 0,
        "uid": 2800241552,
        "bi_followers_count": 371,
        "text": "回复@智媒体官微:现在工程偷工减料太严重了。",
        "user_description": "智媒体 创始人 法人",
        "user_avatar": "https://tva3.sinaimg.cn/crop.0.3.506.506.50/a6e84b90jw8fberqhq0mlj20e20e8t9n.jpg?KID=imgbed,tva&Expires=1584955929&ssig=%2B8kXzx45zH",
        "id": "4050089611899208",
        "city": "1000",
        "province": "53",
        "friends_count": 720,
        "user_location": "云南",
        "mid": "4050089611899208",
        "verified_reason": "互联网资讯博主 视频自媒体",
        "attitudes_count": 0,
        "followers_count": 298329,
        "verified_type": 0,
        "statuses_count": 6478,
        "parent": "4050087866955010",
        "verified": true,
        "geo": null,
        "user_created_at": 1336565771,
        "favourites_count": 1,
        "screen_name": "小崔ysj",
        "gender": "m",
        "user_geo_enabled": true,
        "username": "小崔ysj",
        "comments_count": 0,
        "t": 1481100073,
        "video_status_count": 0,
        "urank": 43,
        "user_ability": 2361356,
        "credit_score": 80
    },
    {
        "reposts_count": 0,
        "uid": 2800241552,
        "bi_followers_count": 371,
        "text": "回复@肉-你何时离我而去:但愿如此吧！",
        "user_description": "智媒体 创始人 法人",
        "user_avatar": "https://tva3.sinaimg.cn/crop.0.3.506.506.50/a6e84b90jw8fberqhq0mlj20e20e8t9n.jpg?KID=imgbed,tva&Expires=1584955929&ssig=%2B8kXzx45zH",
        "id": "4050089523630838",
        "city": "1000",
        "province": "53",
        "friends_count": 720,
        "user_location": "云南",
        "mid": "4050089523630838",
        "verified_reason": "互联网资讯博主 视频自媒体",
        "attitudes_count": 0,
        "followers_count": 298329,
        "verified_type": 0,
        "statuses_count": 6478,
        "parent": "4050087866955010",
        "verified": true,
        "geo": null,
        "user_created_at": 1336565771,
        "favourites_count": 1,
        "screen_name": "小崔ysj",
        "gender": "m",
        "user_geo_enabled": true,
        "username": "小崔ysj",
        "comments_count": 0,
        "t": 1481100052,
        "video_status_count": 0,
        "urank": 43,
        "user_ability": 2361356,
        "credit_score": 80
    },
    {
        "reposts_count": 0,
        "uid": 2800241552,
        "bi_followers_count": 371,
        "text": "回复@焚鱼成灰vc:楼塌了呀！",
        "user_description": "智媒体 创始人 法人",
        "user_avatar": "https://tva3.sinaimg.cn/crop.0.3.506.506.50/a6e84b90jw8fberqhq0mlj20e20e8t9n.jpg?KID=imgbed,tva&Expires=1584955929&ssig=%2B8kXzx45zH",
        "id": "4050089503186787",
        "city": "1000",
        "province": "53",
        "friends_count": 720,
        "user_location": "云南",
        "mid": "4050089503186787",
        "verified_reason": "互联网资讯博主 视频自媒体",
        "attitudes_count": 0,
        "followers_count": 298329,
        "verified_type": 0,
        "statuses_count": 6478,
        "parent": "4050087866955010",
        "verified": true,
        "geo": null,
        "user_created_at": 1336565771,
        "favourites_count": 1,
        "screen_name": "小崔ysj",
        "gender": "m",
        "user_geo_enabled": true,
        "username": "小崔ysj",
        "comments_count": 0,
        "t": 1481100047,
        "video_status_count": 0,
        "urank": 43,
        "user_ability": 2361356,
        "credit_score": 80
    },
    {
        "reposts_count": 0,
        "uid": 1606457397,
        "bi_followers_count": 8,
        "text": "希望没有人受伤[可怜]",
        "user_description": "。亞萱 会长大的~",
        "user_avatar": "https://tva3.sinaimg.cn/crop.0.0.180.180.50/5fc09835jw1e8qgp5bmzyj2050050aa8.jpg?KID=imgbed,tva&Expires=1584955929&ssig=NWlvfRofOh",
        "id": "4050089406873916",
        "city": "10",
        "province": "400",
        "friends_count": 195,
        "user_location": "海外 马来西亚",
        "mid": "4050089406873916",
        "verified_reason": "",
        "attitudes_count": 0,
        "followers_count": 105,
        "verified_type": -1,
        "statuses_count": 822,
        "parent": "4050087866955010",
        "verified": false,
        "geo": null,
        "user_created_at": 1271047385,
        "favourites_count": 6,
        "screen_name": "肉-你何时离我而去",
        "gender": "f",
        "user_geo_enabled": true,
        "username": "肉-你何时离我而去",
        "comments_count": 0,
        "t": 1481100024,
        "video_status_count": 0,
        "urank": 14,
        "user_ability": 2097152,
        "credit_score": 80
    },
    {
        "reposts_count": 0,
        "uid": 5992901005,
        "bi_followers_count": 86,
        "text": "豆腐渣工程，这种应该找谁？希望没有人员伤害，值得庆幸的是，还没卖出去。",
        "user_description": "智媒体（www.itzmt.com）官方账号",
        "user_avatar": "https://tva4.sinaimg.cn/crop.12.18.765.765.50/006xzBjDgw1f6zhrhm626j30m20m80tt.jpg?KID=imgbed,tva&Expires=1584955929&ssig=eD6X4wjBOF",
        "id": "4050089196298411",
        "city": "3",
        "province": "44",
        "friends_count": 164,
        "user_location": "广东 深圳",
        "mid": "4050089196298411",
        "verified_reason": "智媒体（www.itzmt.com)官方微博",
        "attitudes_count": 0,
        "followers_count": 2514,
        "verified_type": 2,
        "statuses_count": 286,
        "parent": "4050087866955010",
        "verified": true,
        "geo": null,
        "user_created_at": 1469785743,
        "favourites_count": 0,
        "screen_name": "智媒体官微",
        "gender": "f",
        "user_geo_enabled": false,
        "username": "智媒体官微",
        "comments_count": 0,
        "t": 1481099974,
        "video_status_count": 0,
        "urank": 22,
        "user_ability": 2100228,
        "credit_score": 80
    },
    {
        "reposts_count": 0,
        "uid": 2804931994,
        "bi_followers_count": 451,
        "text": "卧槽，这比豆腐渣工程还渣，太可怕了[污]",
        "user_description": "专注互联网、科技、数码、汽车领域",
        "user_avatar": "https://tva1.sinaimg.cn/crop.44.0.1910.1910.50/a72fdd9ajw8f420pn4z2jj21ia1h27gh.jpg?KID=imgbed,tva&Expires=1584955929&ssig=Pwam2gQKMv",
        "id": "4050089016366726",
        "city": "1",
        "province": "44",
        "friends_count": 1281,
        "user_location": "广东 广州",
        "mid": "4050089016366726",
        "verified_reason": "第壹数码联合创始人执行主编 头条文章作者 微博签约自媒体",
        "attitudes_count": 0,
        "followers_count": 591593,
        "verified_type": 0,
        "statuses_count": 2322,
        "parent": "4050087866955010",
        "verified": true,
        "geo": null,
        "user_created_at": 1337048396,
        "favourites_count": 1875,
        "screen_name": "乖乖Show",
        "gender": "m",
        "user_geo_enabled": true,
        "username": "乖乖Show",
        "comments_count": 0,
        "t": 1481099931,
        "video_status_count": 0,
        "urank": 45,
        "user_ability": -2136733156,
        "credit_score": 80
    },
    {
        "reposts_count": 0,
        "uid": 2587088222,
        "bi_followers_count": 161,
        "text": "天啊，可怕！希望没有伤亡",
        "user_description": "证联支付已成功为证券公司、基金公司、直销银行、互联网综合金融平台等上百家合作伙伴提供定制化金融及支付服务解决方案，获得业界高度认可，被誉“金融支付专家”，证联支付立志让支付更安全、更快捷！",
        "user_avatar": "https://tva4.sinaimg.cn/crop.265.92.350.350.50/9a33d55ejw8faj4rxe941j20p00go74r.jpg?KID=imgbed,tva&Expires=1584955929&ssig=KO4R%2B3%2F9sl",
        "id": "4050088978318599",
        "city": "8",
        "province": "11",
        "friends_count": 511,
        "user_location": "北京 海淀区",
        "mid": "4050088978318599",
        "verified_reason": "证联支付有限责任公司官方微博",
        "attitudes_count": 0,
        "followers_count": 461,
        "verified_type": 2,
        "statuses_count": 632,
        "parent": "4050087866955010",
        "verified": true,
        "geo": null,
        "user_created_at": 1323013515,
        "favourites_count": 13,
        "screen_name": "证联支付",
        "gender": "m",
        "user_geo_enabled": true,
        "username": "证联支付",
        "comments_count": 0,
        "t": 1481099922,
        "video_status_count": 0,
        "urank": 18,
        "user_ability": 2097152,
        "credit_score": 80
    },
    {
        "reposts_count": 0,
        "uid": 3284690761,
        "bi_followers_count": 2123,
        "text": "好恐怖[衰]",
        "user_description": "最可怕的，就是深交后的陌生，信任后的利用，认真后的痛苦，温柔后的冷漠。若交往，请真诚，若离开，请彻底。",
        "user_avatar": "https://tvax4.sinaimg.cn/crop.0.0.1002.1002.50/c3c86749ly8gb58tp2rgxj20ru0rutar.jpg?KID=imgbed,tva&Expires=1584955929&ssig=FRb2Xim3PF",
        "id": "4050088898430281",
        "city": "1",
        "province": "21",
        "friends_count": 2140,
        "user_location": "辽宁 沈阳",
        "mid": "4050088898430281",
        "verified_reason": "知名数码博主 数码视频自媒体",
        "attitudes_count": 0,
        "followers_count": 304249,
        "verified_type": 0,
        "statuses_count": 117945,
        "parent": "4050087866955010",
        "verified": true,
        "geo": null,
        "user_created_at": 1393761783,
        "favourites_count": 249,
        "screen_name": "微数码李Sir",
        "gender": "m",
        "user_geo_enabled": true,
        "username": "微数码李Sir",
        "comments_count": 0,
        "t": 1481099903,
        "video_status_count": 0,
        "urank": 42,
        "user_ability": 11799048,
        "credit_score": 80
    },
    {
        "reposts_count": 0,
        "uid": 2987915424,
        "bi_followers_count": 480,
        "text": "吓死宝宝了",
        "user_description": "一切随缘。",
        "user_avatar": "https://tvax1.sinaimg.cn/crop.0.0.996.996.50/b217f8a0ly8gbymosslwoj20ro0ro0ub.jpg?KID=imgbed,tva&Expires=1584955929&ssig=g664W%2BIjFI",
        "id": "4050088718728591",
        "city": "4",
        "province": "44",
        "friends_count": 5017,
        "user_location": "广东 珠海",
        "mid": "4050088718728591",
        "verified_reason": "综艺博主",
        "attitudes_count": 0,
        "followers_count": 4074,
        "verified_type": 0,
        "statuses_count": 212475,
        "parent": "4050087866955010",
        "verified": true,
        "geo": null,
        "user_created_at": 1346758912,
        "favourites_count": 84,
        "screen_name": "小鱼儿的金秀贤",
        "gender": "m",
        "user_geo_enabled": true,
        "username": "小鱼儿的金秀贤",
        "comments_count": 0,
        "t": 1481099859,
        "video_status_count": 0,
        "urank": 46,
        "user_ability": 3407872,
        "credit_score": 80
    },
    {
        "reposts_count": 0,
        "uid": 2145939753,
        "bi_followers_count": 232,
        "text": "@消防知识宣传 好可怕",
        "user_description": "工作联系：rmjyjsp@163.com",
        "user_avatar": "https://tvax2.sinaimg.cn/crop.24.23.216.216.50/7fe87129ly8g2zja57s2zj207d07dq3g.jpg?KID=imgbed,tva&Expires=1584955929&ssig=2PGGjPZWjL",
        "id": "4050088714067821",
        "city": "1000",
        "province": "11",
        "friends_count": 283,
        "user_location": "北京",
        "mid": "4050088714067821",
        "verified_reason": "界限官方微博",
        "attitudes_count": 0,
        "followers_count": 15099,
        "verified_type": 2,
        "statuses_count": 3135,
        "parent": "4050087866955010",
        "verified": true,
        "geo": null,
        "user_created_at": 1360211693,
        "favourites_count": 3,
        "screen_name": "眼界微视",
        "gender": "m",
        "user_geo_enabled": false,
        "username": "眼界微视",
        "comments_count": 0,
        "t": 1481099859,
        "video_status_count": 0,
        "urank": 33,
        "user_ability": 2361352,
        "credit_score": 80
    },
    {
        "reposts_count": 0,
        "uid": 6026209568,
        "bi_followers_count": 171,
        "text": "好恐怖啊。希望没有人员伤亡",
        "user_description": "",
        "user_avatar": "https://tva2.sinaimg.cn/crop.53.42.210.210.50/006zPmowjw8f9b78ncsvfj308c08cgln.jpg?KID=imgbed,tva&Expires=1584955929&ssig=qbjRsvYfQg",
        "id": "4050088474847239",
        "city": "15",
        "province": "11",
        "friends_count": 330,
        "user_location": "北京 大兴区",
        "mid": "4050088474847239",
        "verified_reason": "北京蜗牛快采网络科技有限公司官方微博",
        "attitudes_count": 0,
        "followers_count": 463,
        "verified_type": 2,
        "statuses_count": 166,
        "parent": "4050087866955010",
        "verified": true,
        "geo": null,
        "user_created_at": 1474438451,
        "favourites_count": 1,
        "screen_name": "蒸汽猫VAPE",
        "gender": "m",
        "user_geo_enabled": true,
        "username": "蒸汽猫VAPE",
        "comments_count": 0,
        "t": 1481099802,
        "video_status_count": 0,
        "urank": 16,
        "user_ability": 0,
        "credit_score": 80
    },
    {
        "reposts_count": 0,
        "uid": 5697807339,
        "bi_followers_count": 991,
        "text": "哇哦，希望没有伤亡",
        "user_description": "《OMG噢买咖》里吴昕推荐的泡脚片，广州中医药大学第一附属医院实验中心出品，特点：浓缩熬制，都是精华！",
        "user_avatar": "https://tvax1.sinaimg.cn/crop.27.23.148.148.50/006dBpYnly8fys7jhiqs5j305k05kdfn.jpg?KID=imgbed,tva&Expires=1584955929&ssig=39wvXhU9Gr",
        "id": "4050088462410554",
        "city": "1000",
        "province": "44",
        "friends_count": 1431,
        "user_location": "广东",
        "mid": "4050088462410554",
        "verified_reason": "广东新养美生物科技有限公司官方微博",
        "attitudes_count": 0,
        "followers_count": 104646,
        "verified_type": 2,
        "statuses_count": 6696,
        "parent": "4050087866955010",
        "verified": true,
        "geo": null,
        "user_created_at": 1441695410,
        "favourites_count": 102,
        "screen_name": "养美泡脚片",
        "gender": "m",
        "user_geo_enabled": true,
        "username": "养美泡脚片",
        "comments_count": 0,
        "t": 1481099799,
        "video_status_count": 0,
        "urank": 39,
        "user_ability": 11798540,
        "credit_score": 80
    },
    {
        "reposts_count": 0,
        "uid": 5775212743,
        "bi_followers_count": 159,
        "text": "第一个",
        "user_description": "",
        "user_avatar": "https://tva2.sinaimg.cn/crop.389.400.1082.1082.50/006iQcEDjw8fbefc84rjqj31i41i4n11.jpg?KID=imgbed,tva&Expires=1584955929&ssig=NSyh2Ty5Sd",
        "id": "4050088281952420",
        "city": "1",
        "province": "23",
        "friends_count": 233,
        "user_location": "黑龙江 哈尔滨",
        "mid": "4050088281952420",
        "verified_reason": "黑龙江云祥航空票务服务有限公司",
        "attitudes_count": 0,
        "followers_count": 22194,
        "verified_type": 2,
        "statuses_count": 690,
        "parent": "4050087866955010",
        "verified": true,
        "geo": null,
        "user_created_at": 1448787743,
        "favourites_count": 0,
        "screen_name": "云祥航空",
        "gender": "m",
        "user_geo_enabled": true,
        "username": "云祥航空",
        "comments_count": 0,
        "t": 1481099756,
        "video_status_count": 0,
        "urank": 24,
        "user_ability": 8,
        "credit_score": 80
    }
]