[
    {
        "reposts_count": 8,
        "uid": 1739846680,
        "bi_followers_count": 195,
        "text": "逸夫老先生，一路走好！          昨天107岁邵逸夫先生出殡了...一个外国人乔布斯去世的时候，我们中国人铺天卷地的刷屏，而邵逸夫去世了，却没有看见有人悼念，2008年汶川地震，他捐了1亿多，我们有千百个学校的教学楼叫做“逸夫教学楼”，多少医院有“逸夫门诊楼＂，这位老人一生捐赠了数以千百亿计...全文： http://m.weibo.cn/1739846680/4052926727271958 ​",
        "user_description": "意拳大成拳第四代传承人，爱新觉罗（金启荣）入室弟子！继斋！",
        "user_avatar": "https://tvax2.sinaimg.cn/crop.0.0.996.996.50/67b3f418ly8fm66sgm4vxj20ro0ro78h.jpg?KID=imgbed,tva&Expires=1584955892&ssig=wt4Iscdamk",
        "id": "4052926727271958",
        "city": "2",
        "province": "14",
        "friends_count": 204,
        "user_location": "山西 大同",
        "mid": "4052926727271958",
        "verified_reason": "",
        "attitudes_count": 37,
        "followers_count": 8115,
        "verified_type": -1,
        "statuses_count": 7095,
        "parent": null,
        "verified": false,
        "geo": null,
        "user_created_at": 1273453430,
        "favourites_count": 10,
        "screen_name": "意拳张志刚",
        "gender": "m",
        "user_geo_enabled": true,
        "username": "意拳张志刚",
        "comments_count": 3,
        "t": 1481776494,
        "video_status_count": 0,
        "urank": 37,
        "user_ability": 2359808,
        "credit_score": 80
    },
    {
        "reposts_count": 0,
        "uid": 1228624167,
        "bi_followers_count": 561,
        "text": "🙏🙏🙏",
        "user_description": "陪伴与懂得比爱情更加重要!!",
        "user_avatar": "https://tva4.sinaimg.cn/crop.0.0.664.664.50/493b5127jw8f9m8o6w20pj20ig0igt9n.jpg?KID=imgbed,tva&Expires=1584955892&ssig=SQmkSD%2BAuq",
        "id": "4053083967640677",
        "city": "1000",
        "province": "46",
        "friends_count": 819,
        "user_location": "海南",
        "mid": "4053083967640677",
        "verified_reason": "",
        "attitudes_count": 0,
        "followers_count": 912,
        "verified_type": -1,
        "statuses_count": 1724,
        "parent": "4052926727271958",
        "verified": false,
        "geo": null,
        "user_created_at": 1376040203,
        "favourites_count": 7,
        "screen_name": "ShirleyChen2972",
        "gender": "f",
        "user_geo_enabled": true,
        "username": "ShirleyChen2972",
        "comments_count": 0,
        "t": 1481813983,
        "video_status_count": 0,
        "urank": 26,
        "user_ability": 2097152,
        "credit_score": 80
    },
    {
        "reposts_count": 0,
        "uid": 3625168641,
        "bi_followers_count": 238,
        "text": "[蜡烛][蜡烛][蜡烛][蜡烛][蜡烛][蜡烛][蜡烛]🙏",
        "user_description": "感恩(不加微信，不加群。)",
        "user_avatar": "https://tvax2.sinaimg.cn/crop.0.0.996.996.50/d813af01ly8ftl3re22qyj20ro0roabg.jpg?KID=imgbed,tva&Expires=1584955892&ssig=q4S7cAfEXG",
        "id": "4052929218441671",
        "city": "1000",
        "province": "100",
        "friends_count": 280,
        "user_location": "其他",
        "mid": "4052929218441671",
        "verified_reason": "",
        "attitudes_count": 0,
        "followers_count": 613,
        "verified_type": -1,
        "statuses_count": 231,
        "parent": "4052926727271958",
        "verified": false,
        "geo": null,
        "user_created_at": 1375184106,
        "favourites_count": 0,
        "screen_name": "巴姆2010",
        "gender": "f",
        "user_geo_enabled": true,
        "username": "巴姆2010",
        "comments_count": 0,
        "t": 1481777088,
        "video_status_count": 0,
        "urank": 33,
        "user_ability": 2359296,
        "credit_score": 80
    },
    {
        "reposts_count": 0,
        "uid": 2231178557,
        "bi_followers_count": 243,
        "text": "恩",
        "user_description": "～~阿弥陀佛♡，大家好，我系豌豆军    冥静静  海东青",
        "user_avatar": "https://tvax3.sinaimg.cn/crop.0.0.664.664.50/84fd153dly8gd3e1hduxzj20ig0igaao.jpg?KID=imgbed,tva&Expires=1584955892&ssig=SM2Zd1JhB%2F",
        "id": "4052927390380788",
        "city": "1000",
        "province": "23",
        "friends_count": 845,
        "user_location": "黑龙江",
        "mid": "4052927390380788",
        "verified_reason": "",
        "attitudes_count": 0,
        "followers_count": 1696,
        "verified_type": -1,
        "statuses_count": 97444,
        "parent": "4052926727271958",
        "verified": false,
        "geo": null,
        "user_created_at": 1311414888,
        "favourites_count": 12763,
        "screen_name": "yige小小冷漠的季豌豆娃",
        "gender": "f",
        "user_geo_enabled": true,
        "username": "yige小小冷漠的季豌豆娃",
        "comments_count": 0,
        "t": 1481776652,
        "video_status_count": 0,
        "urank": 44,
        "user_ability": 2359296,
        "credit_score": 80
    }
]