[
    {
        "reposts_count": 1,
        "uid": 3857040660,
        "bi_followers_count": 17,
        "text": "遵义的朋友！大家帮忙转一下，我朋友捡到一个钱包。里边有一张身份证：梁永涛，卡10多张。现金1000元左右，动车票2张。（梁永涛，张慧）车票是后天的，大家帮忙扩散。赠人玫瑰，手留余香。传递正能量。失主请联系：13503897636。谁的群多，帮忙转一下。好人好事大家都转发一下哦，这个得转。现在好人太...全文： http://m.weibo.cn/3857040660/4053982861414461 ​",
        "user_description": "姓名:谢奇 生日:1990.9.3  身高:165cm  籍贯:贵州遵义  学历:大专  毕业院校:贵州航天职业学院  工作简介:遵义互助合作商会  职位:房地产销售经理",
        "user_avatar": "https://tva4.sinaimg.cn/crop.0.0.996.996.50/e5e5c514jw8f0wlbdr9ohj20ro0rp76r.jpg?KID=imgbed,tva&Expires=1584955917&ssig=X97%2FwcbygZ",
        "id": "4053982861414461",
        "city": "3",
        "province": "52",
        "friends_count": 132,
        "user_location": "贵州 遵义",
        "mid": "4053982861414461",
        "verified_reason": "",
        "attitudes_count": 1,
        "followers_count": 110,
        "verified_type": -1,
        "statuses_count": 250,
        "parent": null,
        "verified": false,
        "geo": {
            "type": "Point",
            "coordinates": [
                26.69152,
                106.6167
            ]
        },
        "user_created_at": 1381991055,
        "favourites_count": 0,
        "screen_name": "谢奇xq",
        "gender": "m",
        "user_geo_enabled": true,
        "username": "谢奇xq",
        "comments_count": 2,
        "t": 1482028295,
        "video_status_count": 0,
        "urank": 9,
        "user_ability": 2097152,
        "credit_score": 80
    },
    {
        "reposts_count": 0,
        "uid": 1977889537,
        "bi_followers_count": 660,
        "text": "您好，我们是深圳网警。您发布的该微博信息存在不实之处，该信息已被多地警方公开辟谣，经核实该谣言已有多个版本流传，只是将身份证姓名替换，如：梁永涛、徐俊峰、刘馨心等。为避免不实信息的扩散，请你将微博自行删除，感谢您对深圳网络警察的支持与配合！",
        "user_description": "深圳市公安局公共信息网络安全监察分局官方微博账号，维护网上治安秩序，共建文明、和谐、清朗的网络空间。",
        "user_avatar": "https://tva3.sinaimg.cn/crop.0.0.179.179.50/75e43301gw1eba6dtigdaj2051050t99.jpg?KID=imgbed,tva&Expires=1584955917&ssig=S4l1crT6%2Fc",
        "id": "4055067554062259",
        "city": "1000",
        "province": "44",
        "friends_count": 1516,
        "user_location": "广东",
        "mid": "4055067554062259",
        "verified_reason": "深圳市公安局公共信息网络安全监察分局官方微博",
        "attitudes_count": 0,
        "followers_count": 788770,
        "verified_type": 1,
        "statuses_count": 25322,
        "parent": "4053982861414461",
        "verified": true,
        "geo": {
            "type": "Point",
            "coordinates": [
                26.69152,
                106.6167
            ]
        },
        "user_created_at": 1298343740,
        "favourites_count": 3133,
        "screen_name": "深圳网警",
        "gender": "m",
        "user_geo_enabled": false,
        "username": "深圳网警",
        "comments_count": 0,
        "t": 1482286907,
        "video_status_count": 0,
        "urank": 42,
        "user_ability": 11797000,
        "credit_score": 80
    },
    {
        "reposts_count": 0,
        "uid": 3382947414,
        "bi_followers_count": 46,
        "text": "#微博辟谣# [摊手]",
        "user_description": "加油💪🏻",
        "user_avatar": "https://tvax3.sinaimg.cn/crop.0.0.666.666.50/c9a3ae56ly8gati8dprabj20ii0iiq5u.jpg?KID=imgbed,tva&Expires=1584955917&ssig=Ph9ihedBsW",
        "id": "4054740079715756",
        "city": "1",
        "province": "41",
        "friends_count": 178,
        "user_location": "河南 郑州",
        "mid": "4054740079715756",
        "verified_reason": "",
        "attitudes_count": 0,
        "followers_count": 165,
        "verified_type": -1,
        "statuses_count": 6,
        "parent": "4053982861414461",
        "verified": false,
        "geo": {
            "type": "Point",
            "coordinates": [
                26.69152,
                106.6167
            ]
        },
        "user_created_at": 1367163167,
        "favourites_count": 177,
        "screen_name": "Keyon同学",
        "gender": "m",
        "user_geo_enabled": true,
        "username": "Keyon同学",
        "comments_count": 0,
        "t": 1482208831,
        "video_status_count": 0,
        "urank": 36,
        "user_ability": 35915268,
        "credit_score": 80
    }
]