[
    {
        "reposts_count": 0,
        "uid": 5237983651,
        "bi_followers_count": 17,
        "text": "大家帮忙转一下，我朋友捡到一个钱包。里边有一张身份证：梁永涛，卡10多张。现金1000元左右，动车票2张。（梁永涛，张慧）车票是后天的，大家帮忙扩散。赠人玫瑰，手留余香。传递正能量。失主请联系：13503897636。谁的群多，帮忙转一下。好人好事大家都转发一下哦，这个得转。现在好人太多了。谢谢！...全文： http://m.weibo.cn/5237983651/4053433688931291 ​",
        "user_description": "",
        "user_avatar": "https://tva1.sinaimg.cn/crop.0.0.720.720.50/005Iu2Phjw8emfnm5rds9j30k00k0jt3.jpg?KID=imgbed,tva&Expires=1584955911&ssig=cswK9AZdME",
        "id": "4053433688931291",
        "city": "1000",
        "province": "13",
        "friends_count": 164,
        "user_location": "河北",
        "mid": "4053433688931291",
        "verified_reason": "",
        "attitudes_count": 0,
        "followers_count": 41,
        "verified_type": -1,
        "statuses_count": 131,
        "parent": null,
        "verified": false,
        "geo": {
            "type": "Point",
            "coordinates": [
                38.04471,
                114.47973
            ]
        },
        "user_created_at": 1406895681,
        "favourites_count": 41,
        "screen_name": "阿狸粘桃子",
        "gender": "f",
        "user_geo_enabled": true,
        "username": "阿狸粘桃子",
        "comments_count": 3,
        "t": 1481897363,
        "video_status_count": 0,
        "urank": 9,
        "user_ability": 1024,
        "credit_score": 80
    },
    {
        "reposts_count": 0,
        "uid": 3382947414,
        "bi_followers_count": 46,
        "text": "#微博辟谣# [摊手]",
        "user_description": "加油💪🏻",
        "user_avatar": "https://tvax3.sinaimg.cn/crop.0.0.666.666.50/c9a3ae56ly8gati8dprabj20ii0iiq5u.jpg?KID=imgbed,tva&Expires=1584955911&ssig=ypW2a6o%2BGT",
        "id": "4054740238843088",
        "city": "1",
        "province": "41",
        "friends_count": 178,
        "user_location": "河南 郑州",
        "mid": "4054740238843088",
        "verified_reason": "",
        "attitudes_count": 0,
        "followers_count": 165,
        "verified_type": -1,
        "statuses_count": 6,
        "parent": "4053433688931291",
        "verified": false,
        "geo": {
            "type": "Point",
            "coordinates": [
                38.04471,
                114.47973
            ]
        },
        "user_created_at": 1367163167,
        "favourites_count": 177,
        "screen_name": "Keyon同学",
        "gender": "m",
        "user_geo_enabled": true,
        "username": "Keyon同学",
        "comments_count": 0,
        "t": 1482208870,
        "video_status_count": 0,
        "urank": 36,
        "user_ability": 35915268,
        "credit_score": 80
    },
    {
        "reposts_count": 0,
        "uid": 1977889537,
        "bi_followers_count": 660,
        "text": "您好，我们是深圳网警。您发布的该微博信息存在不实之处，该信息已被多地警方公开辟谣，经核实该谣言已有多个版本流传，只是将身份证姓名替换，如：梁永涛、徐俊峰、刘馨心等。为避免不实信息的扩散，请你将微博自行删除，感谢您对深圳网络警察的支持与配合！",
        "user_description": "深圳市公安局公共信息网络安全监察分局官方微博账号，维护网上治安秩序，共建文明、和谐、清朗的网络空间。",
        "user_avatar": "https://tva3.sinaimg.cn/crop.0.0.179.179.50/75e43301gw1eba6dtigdaj2051050t99.jpg?KID=imgbed,tva&Expires=1584955911&ssig=5%2FCNEMNupl",
        "id": "4053609044243683",
        "city": "1000",
        "province": "44",
        "friends_count": 1516,
        "user_location": "广东",
        "mid": "4053609044243683",
        "verified_reason": "深圳市公安局公共信息网络安全监察分局官方微博",
        "attitudes_count": 0,
        "followers_count": 788770,
        "verified_type": 1,
        "statuses_count": 25322,
        "parent": "4053433688931291",
        "verified": true,
        "geo": {
            "type": "Point",
            "coordinates": [
                38.04471,
                114.47973
            ]
        },
        "user_created_at": 1298343740,
        "favourites_count": 3133,
        "screen_name": "深圳网警",
        "gender": "m",
        "user_geo_enabled": false,
        "username": "深圳网警",
        "comments_count": 0,
        "t": 1481939171,
        "video_status_count": 0,
        "urank": 42,
        "user_ability": 11797000,
        "credit_score": 80
    },
    {
        "reposts_count": 0,
        "uid": 5609943090,
        "bi_followers_count": 16,
        "text": "这条微博假的，造谣， 失主名字换了好多个了，梁永涛，徐俊峰，刘馨心，姚建辉等等，就只会换名字，没一点创意",
        "user_description": "",
        "user_avatar": "https://tvax1.sinaimg.cn/default/images/default_avatar_male_50.gif?KID=imgbed,tva&Expires=1584955911&ssig=Wbi%2B8uwDad",
        "id": "4053607730952853",
        "city": "1000",
        "province": "35",
        "friends_count": 633,
        "user_location": "福建",
        "mid": "4053607730952853",
        "verified_reason": "",
        "attitudes_count": 0,
        "followers_count": 139,
        "verified_type": -1,
        "statuses_count": 195,
        "parent": "4053433688931291",
        "verified": false,
        "geo": {
            "type": "Point",
            "coordinates": [
                38.04471,
                114.47973
            ]
        },
        "user_created_at": 1478670223,
        "favourites_count": 1,
        "screen_name": "天涯客063",
        "gender": "m",
        "user_geo_enabled": true,
        "username": "天涯客063",
        "comments_count": 0,
        "t": 1481938858,
        "video_status_count": 0,
        "urank": 9,
        "user_ability": 2097152,
        "credit_score": 79
    }
]