[
    {
        "reposts_count": 0,
        "uid": 5610159606,
        "bi_followers_count": 10,
        "text": "求转  \n \n本人：周海明 安徽宿州\n138 7209 9695今天上午的四岁女儿在国贸新天地附近被人拐走了，女儿能说出她爸爸的手机号码 从监控上看是被一个四十多岁男人抱走了现我们家老太太都急疯了 有知情者请告之 万分感谢 看到信息的兄弟姐妹留意一下 联系人 周海明\n如果看一眼懒得转的冷漠138 7209 9695人也...全文： http://m.weibo.cn/5610159606/4053246685714598 ​",
        "user_description": "😘 😘 😘明天你好",
        "user_avatar": "https://tvax2.sinaimg.cn/crop.0.0.996.996.50/0067FENgly8g0zvqkzrr6j30ro0ro40j.jpg?KID=imgbed,tva&Expires=1584955927&ssig=Tk3f%2B12p5y",
        "id": "4053246685714598",
        "city": "2",
        "province": "32",
        "friends_count": 602,
        "user_location": "江苏 无锡",
        "mid": "4053246685714598",
        "verified_reason": "",
        "attitudes_count": 0,
        "followers_count": 80,
        "verified_type": -1,
        "statuses_count": 811,
        "parent": null,
        "verified": false,
        "geo": {
            "type": "Point",
            "coordinates": [
                32.62871,
                119.12697
            ]
        },
        "user_created_at": 1431858682,
        "favourites_count": 1,
        "screen_name": "蒋公万古c",
        "gender": "m",
        "user_geo_enabled": true,
        "username": "蒋公万古c",
        "comments_count": 5,
        "t": 1481852777,
        "video_status_count": 0,
        "urank": 9,
        "user_ability": 35651584,
        "credit_score": 80
    },
    {
        "reposts_count": 0,
        "uid": 5610159606,
        "bi_followers_count": 10,
        "text": "回复@宝贝回家-素年锦时:谢谢",
        "user_description": "😘 😘 😘明天你好",
        "user_avatar": "https://tvax2.sinaimg.cn/crop.0.0.996.996.50/0067FENgly8g0zvqkzrr6j30ro0ro40j.jpg?KID=imgbed,tva&Expires=1584955927&ssig=Tk3f%2B12p5y",
        "id": "4058160400108007",
        "city": "2",
        "province": "32",
        "friends_count": 602,
        "user_location": "江苏 无锡",
        "mid": "4058160400108007",
        "verified_reason": "",
        "attitudes_count": 0,
        "followers_count": 79,
        "verified_type": -1,
        "statuses_count": 811,
        "parent": "4053246685714598",
        "verified": false,
        "geo": {
            "type": "Point",
            "coordinates": [
                32.62871,
                119.12697
            ]
        },
        "user_created_at": 1431858682,
        "favourites_count": 1,
        "screen_name": "蒋公万古c",
        "gender": "m",
        "user_geo_enabled": true,
        "username": "蒋公万古c",
        "comments_count": 0,
        "t": 1483024299,
        "video_status_count": 0,
        "urank": 9,
        "user_ability": 35651584,
        "credit_score": 80
    },
    {
        "reposts_count": 0,
        "uid": 5610159606,
        "bi_followers_count": 10,
        "text": "回复@梅州网警巡查执法:.你好，为什么删不掉",
        "user_description": "😘 😘 😘明天你好",
        "user_avatar": "https://tvax2.sinaimg.cn/crop.0.0.996.996.50/0067FENgly8g0zvqkzrr6j30ro0ro40j.jpg?KID=imgbed,tva&Expires=1584955927&ssig=Tk3f%2B12p5y",
        "id": "4058160354371792",
        "city": "2",
        "province": "32",
        "friends_count": 602,
        "user_location": "江苏 无锡",
        "mid": "4058160354371792",
        "verified_reason": "",
        "attitudes_count": 0,
        "followers_count": 79,
        "verified_type": -1,
        "statuses_count": 811,
        "parent": "4053246685714598",
        "verified": false,
        "geo": {
            "type": "Point",
            "coordinates": [
                32.62871,
                119.12697
            ]
        },
        "user_created_at": 1431858682,
        "favourites_count": 1,
        "screen_name": "蒋公万古c",
        "gender": "m",
        "user_geo_enabled": true,
        "username": "蒋公万古c",
        "comments_count": 0,
        "t": 1483024288,
        "video_status_count": 0,
        "urank": 9,
        "user_ability": 35651584,
        "credit_score": 80
    },
    {
        "reposts_count": 0,
        "uid": 5609943090,
        "bi_followers_count": 16,
        "text": "这条微博假的，造谣生事。郑春蓉，张静杰，宁继春这三人年年丢孩子，丢了无数个孩子了，现在改了个名字又继续丢孩子了",
        "user_description": "",
        "user_avatar": "https://tvax1.sinaimg.cn/default/images/default_avatar_male_50.gif?KID=imgbed,tva&Expires=1584955927&ssig=zqp73lEdcZ",
        "id": "4054335354339814",
        "city": "1000",
        "province": "35",
        "friends_count": 633,
        "user_location": "福建",
        "mid": "4054335354339814",
        "verified_reason": "",
        "attitudes_count": 0,
        "followers_count": 139,
        "verified_type": -1,
        "statuses_count": 195,
        "parent": "4053246685714598",
        "verified": false,
        "geo": {
            "type": "Point",
            "coordinates": [
                32.62871,
                119.12697
            ]
        },
        "user_created_at": 1478670223,
        "favourites_count": 1,
        "screen_name": "天涯客063",
        "gender": "m",
        "user_geo_enabled": true,
        "username": "天涯客063",
        "comments_count": 0,
        "t": 1482112337,
        "video_status_count": 0,
        "urank": 9,
        "user_ability": 2097152,
        "credit_score": 79
    },
    {
        "reposts_count": 0,
        "uid": 5917088163,
        "bi_followers_count": 26,
        "text": "您好，我们是梅州网警。您发布的该微博信息存在不实之处，该信息已被多地警方公开辟谣。为避免不实信息的扩散，请你将微博自行删除。警方提示：根据《计算机信息网络国际联网安全保护管理办法》，利用互联网制作、复制、传播不实信息等扰乱社会秩序的，都属于违法行为。",
        "user_description": "",
        "user_avatar": "https://tvax2.sinaimg.cn/crop.3.0.476.476.50/006sruVRgy1ffhhsqmddij30dd0dbjtj.jpg?KID=imgbed,tva&Expires=1584955927&ssig=sBu7c8h2hh",
        "id": "4053999412248839",
        "city": "1000",
        "province": "44",
        "friends_count": 104,
        "user_location": "广东",
        "mid": "4053999412248839",
        "verified_reason": "广东省梅州市公安局网络警察支队官方微博",
        "attitudes_count": 0,
        "followers_count": 4221,
        "verified_type": 1,
        "statuses_count": 6080,
        "parent": "4053246685714598",
        "verified": true,
        "geo": {
            "type": "Point",
            "coordinates": [
                32.62871,
                119.12697
            ]
        },
        "user_created_at": 1462324693,
        "favourites_count": 15,
        "screen_name": "梅州网警巡查执法",
        "gender": "m",
        "user_geo_enabled": true,
        "username": "梅州网警巡查执法",
        "comments_count": 0,
        "t": 1482032241,
        "video_status_count": 0,
        "urank": 14,
        "user_ability": 8650752,
        "credit_score": 80
    },
    {
        "reposts_count": 0,
        "uid": 3193434675,
        "bi_followers_count": 107,
        "text": "虚假信息",
        "user_description": "",
        "user_avatar": "https://tvax3.sinaimg.cn/crop.0.0.750.750.50/be57f233ly8g62r4phmw8j20ku0kuta3.jpg?KID=imgbed,tva&Expires=1584955927&ssig=R3TQwzOpkq",
        "id": "4053268344710045",
        "city": "26",
        "province": "54",
        "friends_count": 257,
        "user_location": "西藏 林芝",
        "mid": "4053268344710045",
        "verified_reason": "",
        "attitudes_count": 0,
        "followers_count": 479,
        "verified_type": -1,
        "statuses_count": 1583,
        "parent": "4053246685714598",
        "verified": false,
        "geo": {
            "type": "Point",
            "coordinates": [
                32.62871,
                119.12697
            ]
        },
        "user_created_at": 1355667691,
        "favourites_count": 2,
        "screen_name": "扎不扎心-扎心",
        "gender": "m",
        "user_geo_enabled": true,
        "username": "扎不扎心-扎心",
        "comments_count": 0,
        "t": 1481857941,
        "video_status_count": 0,
        "urank": 29,
        "user_ability": 3408896,
        "credit_score": 80
    }
]