[
    {
        "reposts_count": 0,
        "uid": 3648854295,
        "bi_followers_count": 8,
        "text": "求转   本人：党海鹏 138 7209 9695今天上午的四岁女儿在新天地附近被人拐走了，女儿能说出她爸爸的手机号码 从监控上看是被一个四十多岁男人抱走了现我们家老太太都急疯了 有知情者请告之 万分感谢 看到信息的兄弟姐妹留意一下 联系人 党海鹏 如果看一眼懒得转的冷漠人也请你伸出手指按3秒 看到就转转...全文： http://m.weibo.cn/3648854295/4054158229381291 ​",
        "user_description": "越努力……越幸运",
        "user_avatar": "https://tvax2.sinaimg.cn/crop.0.0.512.512.50/d97d1917ly8fnvfit2up1j20e80e8aam.jpg?KID=imgbed,tva&Expires=1584955928&ssig=Qb9%2Fftq1nX",
        "id": "4054158229381291",
        "city": "1",
        "province": "61",
        "friends_count": 188,
        "user_location": "陕西 西安",
        "mid": "4054158229381291",
        "verified_reason": "",
        "attitudes_count": 0,
        "followers_count": 33,
        "verified_type": -1,
        "statuses_count": 155,
        "parent": null,
        "verified": false,
        "geo": {
            "type": "Point",
            "coordinates": [
                34.143559,
                108.845108
            ]
        },
        "user_created_at": 1376466445,
        "favourites_count": 6,
        "screen_name": "高果娇",
        "gender": "f",
        "user_geo_enabled": true,
        "username": "高果娇",
        "comments_count": 4,
        "t": 1482070107,
        "video_status_count": 0,
        "urank": 9,
        "user_ability": 35652608,
        "credit_score": 80
    },
    {
        "reposts_count": 0,
        "uid": 5609943090,
        "bi_followers_count": 16,
        "text": "宁继春，郑春蓉，张静杰，包建国，杜金川，罗志刚，李志军等等，换了无数个名字了，孩子也丢了无数个了",
        "user_description": "",
        "user_avatar": "https://tvax1.sinaimg.cn/default/images/default_avatar_male_50.gif?KID=imgbed,tva&Expires=1584955928&ssig=AxZW7WoA4c",
        "id": "4054340853365743",
        "city": "1000",
        "province": "35",
        "friends_count": 633,
        "user_location": "福建",
        "mid": "4054340853365743",
        "verified_reason": "",
        "attitudes_count": 0,
        "followers_count": 139,
        "verified_type": -1,
        "statuses_count": 195,
        "parent": "4054158229381291",
        "verified": false,
        "geo": {
            "type": "Point",
            "coordinates": [
                34.143559,
                108.845108
            ]
        },
        "user_created_at": 1478670223,
        "favourites_count": 1,
        "screen_name": "天涯客063",
        "gender": "m",
        "user_geo_enabled": true,
        "username": "天涯客063",
        "comments_count": 0,
        "t": 1482113648,
        "video_status_count": 0,
        "urank": 9,
        "user_ability": 2097152,
        "credit_score": 79
    },
    {
        "reposts_count": 0,
        "uid": 2061159611,
        "bi_followers_count": 1,
        "text": "回复@天涯客063:谢谢",
        "user_description": "",
        "user_avatar": "https://tva3.sinaimg.cn/crop.0.0.180.180.50/7adaccbbjw1e8qgp5bmzyj2050050aa8.jpg?KID=imgbed,tva&Expires=1584955928&ssig=S5Dr2hAI1c",
        "id": "4054340584945915",
        "city": "1",
        "province": "61",
        "friends_count": 161,
        "user_location": "陕西 西安",
        "mid": "4054340584945915",
        "verified_reason": "",
        "attitudes_count": 0,
        "followers_count": 76,
        "verified_type": -1,
        "statuses_count": 1326,
        "parent": "4054158229381291",
        "verified": false,
        "geo": {
            "type": "Point",
            "coordinates": [
                34.143559,
                108.845108
            ]
        },
        "user_created_at": 1301652063,
        "favourites_count": 2,
        "screen_name": "邱果-西安",
        "gender": "f",
        "user_geo_enabled": true,
        "username": "邱果-西安",
        "comments_count": 0,
        "t": 1482113583,
        "video_status_count": 0,
        "urank": 9,
        "user_ability": 35651584,
        "credit_score": 80
    },
    {
        "reposts_count": 0,
        "uid": 5609943090,
        "bi_followers_count": 16,
        "text": "回复@邱果-西安:这条微博假的， 郑春蓉，张静杰，宁继春这三人年年丢孩子，丢了无数个孩子了，现在改了个名字又继续丢孩子了",
        "user_description": "",
        "user_avatar": "https://tvax1.sinaimg.cn/default/images/default_avatar_male_50.gif?KID=imgbed,tva&Expires=1584955928&ssig=AxZW7WoA4c",
        "id": "4054333073195598",
        "city": "1000",
        "province": "35",
        "friends_count": 633,
        "user_location": "福建",
        "mid": "4054333073195598",
        "verified_reason": "",
        "attitudes_count": 0,
        "followers_count": 139,
        "verified_type": -1,
        "statuses_count": 195,
        "parent": "4054158229381291",
        "verified": false,
        "geo": {
            "type": "Point",
            "coordinates": [
                34.143559,
                108.845108
            ]
        },
        "user_created_at": 1478670223,
        "favourites_count": 1,
        "screen_name": "天涯客063",
        "gender": "m",
        "user_geo_enabled": true,
        "username": "天涯客063",
        "comments_count": 0,
        "t": 1482111792,
        "video_status_count": 0,
        "urank": 9,
        "user_ability": 2097152,
        "credit_score": 79
    },
    {
        "reposts_count": 0,
        "uid": 2061159611,
        "bi_followers_count": 1,
        "text": "真的？",
        "user_description": "",
        "user_avatar": "https://tva3.sinaimg.cn/crop.0.0.180.180.50/7adaccbbjw1e8qgp5bmzyj2050050aa8.jpg?KID=imgbed,tva&Expires=1584955928&ssig=S5Dr2hAI1c",
        "id": "4054167548908371",
        "city": "1",
        "province": "61",
        "friends_count": 161,
        "user_location": "陕西 西安",
        "mid": "4054167548908371",
        "verified_reason": "",
        "attitudes_count": 0,
        "followers_count": 76,
        "verified_type": -1,
        "statuses_count": 1326,
        "parent": "4054158229381291",
        "verified": false,
        "geo": {
            "type": "Point",
            "coordinates": [
                34.143559,
                108.845108
            ]
        },
        "user_created_at": 1301652063,
        "favourites_count": 2,
        "screen_name": "邱果-西安",
        "gender": "f",
        "user_geo_enabled": true,
        "username": "邱果-西安",
        "comments_count": 0,
        "t": 1482072329,
        "video_status_count": 0,
        "urank": 9,
        "user_ability": 35651584,
        "credit_score": 80
    }
]