[
    {
        "reposts_count": 0,
        "uid": 5365829065,
        "bi_followers_count": 1,
        "text": "求转\n \n本人：周海明\n138 7209 9695今天上午的四岁女儿在山东泰安肥城市安庄镇新天地酒店附近被人拐走了，女儿能说出她爸爸的手机号码 从监控上看是被一个四十多岁男人抱走了现我们家老太太都急疯了 有知情者请告之 万分感谢 看到信息的兄弟姐妹留意一下 联系人 周海明\n如果看一眼懒得转的冷漠138 7209...全文： http://m.weibo.cn/5365829065/4055774667690310 ​",
        "user_description": "",
        "user_avatar": "https://tva3.sinaimg.cn/crop.0.0.99.99.50/005R8tg5jw8eojdtwdik9j302s02ra9x.jpg?KID=imgbed,tva&Expires=1584955892&ssig=%2BhrUoH4UBV",
        "id": "4055774667690310",
        "city": "1",
        "province": "37",
        "friends_count": 335,
        "user_location": "山东 济南",
        "mid": "4055774667690310",
        "verified_reason": "",
        "attitudes_count": 0,
        "followers_count": 35,
        "verified_type": -1,
        "statuses_count": 265,
        "parent": null,
        "verified": false,
        "geo": null,
        "user_created_at": 1421990438,
        "favourites_count": 3,
        "screen_name": "我姓肖我心笑璐",
        "gender": "f",
        "user_geo_enabled": true,
        "username": "我姓肖我心笑璐",
        "comments_count": 6,
        "t": 1482455496,
        "video_status_count": 0,
        "urank": 14,
        "user_ability": 35913728,
        "credit_score": 80
    },
    {
        "reposts_count": 0,
        "uid": 5365829065,
        "bi_followers_count": 1,
        "text": "回复@用户6472801291:你有病啊",
        "user_description": "",
        "user_avatar": "https://tva3.sinaimg.cn/crop.0.0.99.99.50/005R8tg5jw8eojdtwdik9j302s02ra9x.jpg?KID=imgbed,tva&Expires=1584955892&ssig=%2BhrUoH4UBV",
        "id": "4205982982533013",
        "city": "1",
        "province": "37",
        "friends_count": 335,
        "user_location": "山东 济南",
        "mid": "4205982982533013",
        "verified_reason": "",
        "attitudes_count": 0,
        "followers_count": 34,
        "verified_type": -1,
        "statuses_count": 265,
        "parent": "4055774667690310",
        "verified": false,
        "geo": null,
        "user_created_at": 1421990438,
        "favourites_count": 3,
        "screen_name": "我姓肖我心笑璐",
        "gender": "f",
        "user_geo_enabled": true,
        "username": "我姓肖我心笑璐",
        "comments_count": 0,
        "t": 1518267949,
        "video_status_count": 0,
        "urank": 14,
        "user_ability": 35913728,
        "credit_score": 80
    },
    {
        "reposts_count": 0,
        "uid": 6472801291,
        "bi_followers_count": 0,
        "text": "回复@我姓肖我心笑璐:脑残的东西",
        "user_description": "",
        "user_avatar": "https://tvax1.sinaimg.cn/default/images/default_avatar_male_50.gif?KID=imgbed,tva&Expires=1584955892&ssig=M47GJ1ZgvV",
        "id": "4205155001392654",
        "city": "1000",
        "province": "100",
        "friends_count": 33,
        "user_location": "其他",
        "mid": "4205155001392654",
        "verified_reason": "",
        "attitudes_count": 0,
        "followers_count": 0,
        "verified_type": -1,
        "statuses_count": 0,
        "parent": "4055774667690310",
        "verified": false,
        "geo": null,
        "user_created_at": 1518067753,
        "favourites_count": 0,
        "screen_name": "用户6472801291",
        "gender": "m",
        "user_geo_enabled": true,
        "username": "用户6472801291",
        "comments_count": 0,
        "t": 1518070542,
        "video_status_count": 0,
        "urank": 4,
        "user_ability": 0,
        "credit_score": 80
    },
    {
        "reposts_count": 0,
        "uid": 5365829065,
        "bi_followers_count": 1,
        "text": "回复@用户6472801291:滚",
        "user_description": "",
        "user_avatar": "https://tva3.sinaimg.cn/crop.0.0.99.99.50/005R8tg5jw8eojdtwdik9j302s02ra9x.jpg?KID=imgbed,tva&Expires=1584955892&ssig=%2BhrUoH4UBV",
        "id": "4205144143474265",
        "city": "1",
        "province": "37",
        "friends_count": 335,
        "user_location": "山东 济南",
        "mid": "4205144143474265",
        "verified_reason": "",
        "attitudes_count": 0,
        "followers_count": 34,
        "verified_type": -1,
        "statuses_count": 265,
        "parent": "4055774667690310",
        "verified": false,
        "geo": null,
        "user_created_at": 1421990438,
        "favourites_count": 3,
        "screen_name": "我姓肖我心笑璐",
        "gender": "f",
        "user_geo_enabled": true,
        "username": "我姓肖我心笑璐",
        "comments_count": 0,
        "t": 1518067954,
        "video_status_count": 0,
        "urank": 14,
        "user_ability": 35913728,
        "credit_score": 80
    },
    {
        "reposts_count": 0,
        "uid": 6472801291,
        "bi_followers_count": 0,
        "text": "新浪微博里搜索周海明，也能看到网警辟谣",
        "user_description": "",
        "user_avatar": "https://tvax1.sinaimg.cn/default/images/default_avatar_male_50.gif?KID=imgbed,tva&Expires=1584955892&ssig=M47GJ1ZgvV",
        "id": "4205143983974168",
        "city": "1000",
        "province": "100",
        "friends_count": 33,
        "user_location": "其他",
        "mid": "4205143983974168",
        "verified_reason": "",
        "attitudes_count": 0,
        "followers_count": 0,
        "verified_type": -1,
        "statuses_count": 0,
        "parent": "4055774667690310",
        "verified": false,
        "geo": null,
        "user_created_at": 1518067753,
        "favourites_count": 0,
        "screen_name": "用户6472801291",
        "gender": "m",
        "user_geo_enabled": true,
        "username": "用户6472801291",
        "comments_count": 0,
        "t": 1518067916,
        "video_status_count": 0,
        "urank": 4,
        "user_ability": 0,
        "credit_score": 80
    },
    {
        "reposts_count": 0,
        "uid": 6472801291,
        "bi_followers_count": 0,
        "text": "早就跟你说过这个寻人启事是假的了，不信的话去百度一下周海明，到处都有辟谣的帖子。散布谣言还脸皮这么厚",
        "user_description": "",
        "user_avatar": "https://tvax1.sinaimg.cn/default/images/default_avatar_male_50.gif?KID=imgbed,tva&Expires=1584955892&ssig=M47GJ1ZgvV",
        "id": "4205143815786119",
        "city": "1000",
        "province": "100",
        "friends_count": 33,
        "user_location": "其他",
        "mid": "4205143815786119",
        "verified_reason": "",
        "attitudes_count": 0,
        "followers_count": 0,
        "verified_type": -1,
        "statuses_count": 0,
        "parent": "4055774667690310",
        "verified": false,
        "geo": null,
        "user_created_at": 1518067753,
        "favourites_count": 0,
        "screen_name": "用户6472801291",
        "gender": "m",
        "user_geo_enabled": true,
        "username": "用户6472801291",
        "comments_count": 0,
        "t": 1518067876,
        "video_status_count": 0,
        "urank": 4,
        "user_ability": 0,
        "credit_score": 80
    },
    {
        "reposts_count": 0,
        "uid": 5365829065,
        "bi_followers_count": 1,
        "text": "回复@天涯客063:真的好吗  亲",
        "user_description": "",
        "user_avatar": "https://tva3.sinaimg.cn/crop.0.0.99.99.50/005R8tg5jw8eojdtwdik9j302s02ra9x.jpg?KID=imgbed,tva&Expires=1584955892&ssig=%2BhrUoH4UBV",
        "id": "4056235915421659",
        "city": "1",
        "province": "37",
        "friends_count": 335,
        "user_location": "山东 济南",
        "mid": "4056235915421659",
        "verified_reason": "",
        "attitudes_count": 0,
        "followers_count": 34,
        "verified_type": -1,
        "statuses_count": 265,
        "parent": "4055774667690310",
        "verified": false,
        "geo": null,
        "user_created_at": 1421990438,
        "favourites_count": 3,
        "screen_name": "我姓肖我心笑璐",
        "gender": "f",
        "user_geo_enabled": true,
        "username": "我姓肖我心笑璐",
        "comments_count": 0,
        "t": 1482565466,
        "video_status_count": 0,
        "urank": 14,
        "user_ability": 35913728,
        "credit_score": 80
    }
]