[
    {
        "reposts_count": 0,
        "uid": 3602913130,
        "bi_followers_count": 94,
        "text": "大家帮忙转一下，我朋友捡到一个钱包。里边有一张身份证：梁永涛，卡10多张。现金1000元左右，动车票2张。（梁永涛，张慧）车票是后天的，大家帮忙扩散。赠人玫瑰，手留余香。传递正能量。失主请联系：13503897636。谁的群多，帮忙转一下。好人好事大家都转发一下哦，这个得转。现在好人太多了。谢谢！...全文： http://m.weibo.cn/3602913130/4056120379235933 ​",
        "user_description": "",
        "user_avatar": "https://tva1.sinaimg.cn/crop.0.14.1125.1125.50/d6c0176ajw8f9xn7h1kcsj20v90w1djp.jpg?KID=imgbed,tva&Expires=1584955920&ssig=NoMFAN3FsO",
        "id": "4056120379235933",
        "city": "1",
        "province": "36",
        "friends_count": 2334,
        "user_location": "江西 南昌",
        "mid": "4056120379235933",
        "verified_reason": "",
        "attitudes_count": 0,
        "followers_count": 347,
        "verified_type": -1,
        "statuses_count": 1327,
        "parent": null,
        "verified": false,
        "geo": {
            "type": "Point",
            "coordinates": [
                28.601601,
                115.90834
            ]
        },
        "user_created_at": 1394061559,
        "favourites_count": 4,
        "screen_name": "陶亞喆",
        "gender": "m",
        "user_geo_enabled": true,
        "username": "陶亞喆",
        "comments_count": 2,
        "t": 1482537920,
        "video_status_count": 0,
        "urank": 18,
        "user_ability": 35914752,
        "credit_score": 80
    },
    {
        "reposts_count": 0,
        "uid": 3602913130,
        "bi_followers_count": 94,
        "text": "回复@深圳网警:谢谢",
        "user_description": "",
        "user_avatar": "https://tva1.sinaimg.cn/crop.0.14.1125.1125.50/d6c0176ajw8f9xn7h1kcsj20v90w1djp.jpg?KID=imgbed,tva&Expires=1584955920&ssig=NoMFAN3FsO",
        "id": "4056374880965412",
        "city": "1",
        "province": "36",
        "friends_count": 2335,
        "user_location": "江西 南昌",
        "mid": "4056374880965412",
        "verified_reason": "",
        "attitudes_count": 0,
        "followers_count": 346,
        "verified_type": -1,
        "statuses_count": 1327,
        "parent": "4056120379235933",
        "verified": false,
        "geo": {
            "type": "Point",
            "coordinates": [
                28.601601,
                115.90834
            ]
        },
        "user_created_at": 1394061559,
        "favourites_count": 4,
        "screen_name": "陶亞喆",
        "gender": "m",
        "user_geo_enabled": true,
        "username": "陶亞喆",
        "comments_count": 0,
        "t": 1482598598,
        "video_status_count": 0,
        "urank": 18,
        "user_ability": 35914752,
        "credit_score": 80
    },
    {
        "reposts_count": 0,
        "uid": 1977889537,
        "bi_followers_count": 660,
        "text": "您好，我们是深圳网警。您发布的该微博信息存在不实之处，该信息已被多地警方公开辟谣，经核实该谣言已有多个版本流传，只是将身份证姓名替换，如：梁永涛、徐俊峰、刘馨心等。为避免不实信息的扩散，请你将微博自行删除，感谢您对深圳网络警察的支持与配合！",
        "user_description": "深圳市公安局公共信息网络安全监察分局官方微博账号，维护网上治安秩序，共建文明、和谐、清朗的网络空间。",
        "user_avatar": "https://tva3.sinaimg.cn/crop.0.0.179.179.50/75e43301gw1eba6dtigdaj2051050t99.jpg?KID=imgbed,tva&Expires=1584955920&ssig=wQyXoEjZJE",
        "id": "4056137990445333",
        "city": "1000",
        "province": "44",
        "friends_count": 1516,
        "user_location": "广东",
        "mid": "4056137990445333",
        "verified_reason": "深圳市公安局公共信息网络安全监察分局官方微博",
        "attitudes_count": 0,
        "followers_count": 788770,
        "verified_type": 1,
        "statuses_count": 25322,
        "parent": "4056120379235933",
        "verified": true,
        "geo": {
            "type": "Point",
            "coordinates": [
                28.601601,
                115.90834
            ]
        },
        "user_created_at": 1298343740,
        "favourites_count": 3133,
        "screen_name": "深圳网警",
        "gender": "m",
        "user_geo_enabled": false,
        "username": "深圳网警",
        "comments_count": 0,
        "t": 1482542120,
        "video_status_count": 0,
        "urank": 42,
        "user_ability": 11797000,
        "credit_score": 80
    }
]