[
    {
        "reposts_count": 14,
        "uid": 5653453016,
        "bi_followers_count": 3,
        "text": "求转\n \n本人：李红霞\n184 0343 4493今天上午的2岁女儿镇平县贾宋镇金王庄路口附近被人拐走了，女儿能说出她妈妈的手机号码 从监控上看是被一个四十多岁男人抱走了现我们家老太太老大爷二表姐三表弟都急疯了 有知情者请告之 万分感谢 看到信息的兄弟姐妹留意一下 联系人 李红霞如果看一眼懒得转的冷漠18...全文： http://m.weibo.cn/5653453016/4056517931989021 ​",
        "user_description": "",
        "user_avatar": "https://tvax4.sinaimg.cn/crop.0.0.996.996.50/006aBjo4ly8g7t5gdixp4j30ro0rowix.jpg?KID=imgbed,tva&Expires=1584955891&ssig=1wAlFPXsqR",
        "id": "4056517931989021",
        "city": "13",
        "province": "41",
        "friends_count": 165,
        "user_location": "河南 南阳",
        "mid": "4056517931989021",
        "verified_reason": "",
        "attitudes_count": 0,
        "followers_count": 18,
        "verified_type": -1,
        "statuses_count": 13,
        "parent": null,
        "verified": false,
        "geo": null,
        "user_created_at": 1436959748,
        "favourites_count": 0,
        "screen_name": "唯有伱最珍贵49230",
        "gender": "f",
        "user_geo_enabled": true,
        "username": "唯有伱最珍贵49230",
        "comments_count": 4,
        "t": 1482632704,
        "video_status_count": 0,
        "urank": 9,
        "user_ability": 0,
        "credit_score": 80
    },
    {
        "reposts_count": 0,
        "uid": 5657609813,
        "bi_followers_count": 103,
        "text": "您好，我是东莞网警。您发布的微博信息存在不实之处。为避免不实信息的扩散，建议您将该微博自行删除。警方提示：根据《计算机信息网络国际联网安全保护管理办法》，利用互联网制作、复制、传播不实信息等扰乱社会秩序的，都属于违法行为。",
        "user_description": "",
        "user_avatar": "https://tva3.sinaimg.cn/crop.0.0.819.819.50/006aSKLbjw8euqmyim0ohj30mr0mr0yk.jpg?KID=imgbed,tva&Expires=1584955891&ssig=FteJHdq8ED",
        "id": "4057617120664179",
        "city": "19",
        "province": "44",
        "friends_count": 127,
        "user_location": "广东 东莞",
        "mid": "4057617120664179",
        "verified_reason": "东莞市公安局网络警察支队",
        "attitudes_count": 0,
        "followers_count": 46463,
        "verified_type": 1,
        "statuses_count": 7603,
        "parent": "4056517931989021",
        "verified": true,
        "geo": null,
        "user_created_at": 1437383740,
        "favourites_count": 0,
        "screen_name": "东莞网警巡查执法",
        "gender": "m",
        "user_geo_enabled": true,
        "username": "东莞网警巡查执法",
        "comments_count": 0,
        "t": 1482894771,
        "video_status_count": 0,
        "urank": 38,
        "user_ability": 10747912,
        "credit_score": 80
    },
    {
        "reposts_count": 0,
        "uid": 5609943090,
        "bi_followers_count": 16,
        "text": "不管从哪转来的，你最好去辟谣一下，叫他们别散布谣言了",
        "user_description": "",
        "user_avatar": "https://tvax1.sinaimg.cn/default/images/default_avatar_male_50.gif?KID=imgbed,tva&Expires=1584955891&ssig=IBrjn%2F57a5",
        "id": "4057587647658913",
        "city": "1000",
        "province": "35",
        "friends_count": 633,
        "user_location": "福建",
        "mid": "4057587647658913",
        "verified_reason": "",
        "attitudes_count": 0,
        "followers_count": 139,
        "verified_type": -1,
        "statuses_count": 195,
        "parent": "4056517931989021",
        "verified": false,
        "geo": null,
        "user_created_at": 1478670223,
        "favourites_count": 1,
        "screen_name": "天涯客063",
        "gender": "m",
        "user_geo_enabled": true,
        "username": "天涯客063",
        "comments_count": 0,
        "t": 1482887744,
        "video_status_count": 0,
        "urank": 9,
        "user_ability": 2097152,
        "credit_score": 79
    },
    {
        "reposts_count": 0,
        "uid": 5609943090,
        "bi_followers_count": 16,
        "text": "宁继春，张静杰，周海明，郑春蓉，李志军，罗志刚，范福亮，这些人丢孩子的帖子就跟楼主你的微博一模一样，就改个名字和手机号而已，这些帖子贴吧都能搜到",
        "user_description": "",
        "user_avatar": "https://tvax1.sinaimg.cn/default/images/default_avatar_male_50.gif?KID=imgbed,tva&Expires=1584955891&ssig=IBrjn%2F57a5",
        "id": "4056520914417684",
        "city": "1000",
        "province": "35",
        "friends_count": 633,
        "user_location": "福建",
        "mid": "4056520914417684",
        "verified_reason": "",
        "attitudes_count": 0,
        "followers_count": 139,
        "verified_type": -1,
        "statuses_count": 195,
        "parent": "4056517931989021",
        "verified": false,
        "geo": null,
        "user_created_at": 1478670223,
        "favourites_count": 1,
        "screen_name": "天涯客063",
        "gender": "m",
        "user_geo_enabled": true,
        "username": "天涯客063",
        "comments_count": 0,
        "t": 1482633415,
        "video_status_count": 0,
        "urank": 9,
        "user_ability": 2097152,
        "credit_score": 79
    },
    {
        "reposts_count": 0,
        "uid": 5609943090,
        "bi_followers_count": 16,
        "text": "这条微博假的，造谣，联系人换了无数个了，孩子都丢了无数个了",
        "user_description": "",
        "user_avatar": "https://tvax1.sinaimg.cn/default/images/default_avatar_male_50.gif?KID=imgbed,tva&Expires=1584955891&ssig=IBrjn%2F57a5",
        "id": "4056520813567239",
        "city": "1000",
        "province": "35",
        "friends_count": 633,
        "user_location": "福建",
        "mid": "4056520813567239",
        "verified_reason": "",
        "attitudes_count": 0,
        "followers_count": 139,
        "verified_type": -1,
        "statuses_count": 195,
        "parent": "4056517931989021",
        "verified": false,
        "geo": null,
        "user_created_at": 1478670223,
        "favourites_count": 1,
        "screen_name": "天涯客063",
        "gender": "m",
        "user_geo_enabled": true,
        "username": "天涯客063",
        "comments_count": 0,
        "t": 1482633391,
        "video_status_count": 0,
        "urank": 9,
        "user_ability": 2097152,
        "credit_score": 79
    }
]