[
    {
        "reposts_count": 0,
        "uid": 5597678962,
        "bi_followers_count": 4,
        "text": "多一次转发多一些希望，只为心安\n求转人 ：李红霞\n184 0343 4493今天上午的2岁女儿在陕西宝鸡新天地附近被人拐走了，女儿能说出她妈妈的手机号码 从监控上看是被一个四十多岁男人抱走了现我们家老太太都急疯了 有知情者请告之 万分感谢 看到信息的兄弟姐妹留意一下 联系人 李红霞如果看一眼懒得转的冷...全文： http://m.weibo.cn/5597678962/4057314900663054 ​",
        "user_description": "",
        "user_avatar": "https://tva3.sinaimg.cn/crop.0.352.896.896.50/0066Pi0yjw8ermf3o7463j30ow18g40c.jpg?KID=imgbed,tva&Expires=1584955909&ssig=Ir%2Fv8iVahc",
        "id": "4057314900663054",
        "city": "1000",
        "province": "61",
        "friends_count": 91,
        "user_location": "陕西",
        "mid": "4057314900663054",
        "verified_reason": "",
        "attitudes_count": 0,
        "followers_count": 18,
        "verified_type": -1,
        "statuses_count": 342,
        "parent": null,
        "verified": false,
        "geo": null,
        "user_created_at": 1430288400,
        "favourites_count": 1,
        "screen_name": "庄周梦蝶sunny",
        "gender": "f",
        "user_geo_enabled": true,
        "username": "庄周梦蝶sunny",
        "comments_count": 35,
        "t": 1482822716,
        "video_status_count": 0,
        "urank": 9,
        "user_ability": 0,
        "credit_score": 80
    },
    {
        "reposts_count": 0,
        "uid": 5609943090,
        "bi_followers_count": 16,
        "text": "回复@庄周梦蝶sunny:[可爱]",
        "user_description": "",
        "user_avatar": "https://tvax1.sinaimg.cn/default/images/default_avatar_male_50.gif?KID=imgbed,tva&Expires=1584955909&ssig=vCMQmM%2FMJE",
        "id": "4058341493652652",
        "city": "1000",
        "province": "35",
        "friends_count": 633,
        "user_location": "福建",
        "mid": "4058341493652652",
        "verified_reason": "",
        "attitudes_count": 0,
        "followers_count": 139,
        "verified_type": -1,
        "statuses_count": 195,
        "parent": "4057314900663054",
        "verified": false,
        "geo": null,
        "user_created_at": 1478670223,
        "favourites_count": 1,
        "screen_name": "天涯客063",
        "gender": "m",
        "user_geo_enabled": true,
        "username": "天涯客063",
        "comments_count": 0,
        "t": 1483067475,
        "video_status_count": 0,
        "urank": 9,
        "user_ability": 2097152,
        "credit_score": 79
    },
    {
        "reposts_count": 0,
        "uid": 5597678962,
        "bi_followers_count": 4,
        "text": "回复@天涯客063:群里我说了，群主表示晓得喽🤓",
        "user_description": "",
        "user_avatar": "https://tva3.sinaimg.cn/crop.0.352.896.896.50/0066Pi0yjw8ermf3o7463j30ow18g40c.jpg?KID=imgbed,tva&Expires=1584955909&ssig=Ir%2Fv8iVahc",
        "id": "4058340860426623",
        "city": "1000",
        "province": "61",
        "friends_count": 91,
        "user_location": "陕西",
        "mid": "4058340860426623",
        "verified_reason": "",
        "attitudes_count": 0,
        "followers_count": 17,
        "verified_type": -1,
        "statuses_count": 342,
        "parent": "4057314900663054",
        "verified": false,
        "geo": null,
        "user_created_at": 1430288400,
        "favourites_count": 1,
        "screen_name": "庄周梦蝶sunny",
        "gender": "f",
        "user_geo_enabled": true,
        "username": "庄周梦蝶sunny",
        "comments_count": 0,
        "t": 1483067323,
        "video_status_count": 0,
        "urank": 9,
        "user_ability": 0,
        "credit_score": 80
    },
    {
        "reposts_count": 0,
        "uid": 5609943090,
        "bi_followers_count": 16,
        "text": "回复@庄周梦蝶sunny:嗯",
        "user_description": "",
        "user_avatar": "https://tvax1.sinaimg.cn/default/images/default_avatar_male_50.gif?KID=imgbed,tva&Expires=1584955909&ssig=vCMQmM%2FMJE",
        "id": "4058340365216878",
        "city": "1000",
        "province": "35",
        "friends_count": 633,
        "user_location": "福建",
        "mid": "4058340365216878",
        "verified_reason": "",
        "attitudes_count": 0,
        "followers_count": 139,
        "verified_type": -1,
        "statuses_count": 195,
        "parent": "4057314900663054",
        "verified": false,
        "geo": null,
        "user_created_at": 1478670223,
        "favourites_count": 1,
        "screen_name": "天涯客063",
        "gender": "m",
        "user_geo_enabled": true,
        "username": "天涯客063",
        "comments_count": 0,
        "t": 1483067206,
        "video_status_count": 0,
        "urank": 9,
        "user_ability": 2097152,
        "credit_score": 79
    },
    {
        "reposts_count": 0,
        "uid": 5597678962,
        "bi_followers_count": 4,
        "text": "回复@天涯客063:我微博上管理员处理过了所以我就不管了，但是微信群里可以试试，当时在微信群里转的",
        "user_description": "",
        "user_avatar": "https://tva3.sinaimg.cn/crop.0.352.896.896.50/0066Pi0yjw8ermf3o7463j30ow18g40c.jpg?KID=imgbed,tva&Expires=1584955909&ssig=Ir%2Fv8iVahc",
        "id": "4058337962746925",
        "city": "1000",
        "province": "61",
        "friends_count": 91,
        "user_location": "陕西",
        "mid": "4058337962746925",
        "verified_reason": "",
        "attitudes_count": 0,
        "followers_count": 17,
        "verified_type": -1,
        "statuses_count": 342,
        "parent": "4057314900663054",
        "verified": false,
        "geo": null,
        "user_created_at": 1430288400,
        "favourites_count": 1,
        "screen_name": "庄周梦蝶sunny",
        "gender": "f",
        "user_geo_enabled": true,
        "username": "庄周梦蝶sunny",
        "comments_count": 0,
        "t": 1483066633,
        "video_status_count": 0,
        "urank": 9,
        "user_ability": 0,
        "credit_score": 80
    },
    {
        "reposts_count": 0,
        "uid": 5609943090,
        "bi_followers_count": 16,
        "text": "回复@庄周梦蝶sunny:最好能让制造造谣的人看到，让他知道不是没人管",
        "user_description": "",
        "user_avatar": "https://tvax1.sinaimg.cn/default/images/default_avatar_male_50.gif?KID=imgbed,tva&Expires=1584955909&ssig=vCMQmM%2FMJE",
        "id": "4058334602968256",
        "city": "1000",
        "province": "35",
        "friends_count": 633,
        "user_location": "福建",
        "mid": "4058334602968256",
        "verified_reason": "",
        "attitudes_count": 0,
        "followers_count": 139,
        "verified_type": -1,
        "statuses_count": 195,
        "parent": "4057314900663054",
        "verified": false,
        "geo": null,
        "user_created_at": 1478670223,
        "favourites_count": 1,
        "screen_name": "天涯客063",
        "gender": "m",
        "user_geo_enabled": true,
        "username": "天涯客063",
        "comments_count": 0,
        "t": 1483065832,
        "video_status_count": 0,
        "urank": 9,
        "user_ability": 2097152,
        "credit_score": 79
    },
    {
        "reposts_count": 0,
        "uid": 5609943090,
        "bi_followers_count": 16,
        "text": "回复@庄周梦蝶sunny:太多人被骗了，所以我才叫你去辟谣，造谣的人就是一骗十，十骗百，越骗越多，咱们就反过来，让那些转发谣言的人去辟谣，一传十，十传百，辟谣辟到源头上去",
        "user_description": "",
        "user_avatar": "https://tvax1.sinaimg.cn/default/images/default_avatar_male_50.gif?KID=imgbed,tva&Expires=1584955909&ssig=vCMQmM%2FMJE",
        "id": "4058334258636071",
        "city": "1000",
        "province": "35",
        "friends_count": 633,
        "user_location": "福建",
        "mid": "4058334258636071",
        "verified_reason": "",
        "attitudes_count": 0,
        "followers_count": 139,
        "verified_type": -1,
        "statuses_count": 195,
        "parent": "4057314900663054",
        "verified": false,
        "geo": null,
        "user_created_at": 1478670223,
        "favourites_count": 1,
        "screen_name": "天涯客063",
        "gender": "m",
        "user_geo_enabled": true,
        "username": "天涯客063",
        "comments_count": 0,
        "t": 1483065750,
        "video_status_count": 0,
        "urank": 9,
        "user_ability": 2097152,
        "credit_score": 79
    },
    {
        "reposts_count": 0,
        "uid": 5597678962,
        "bi_followers_count": 4,
        "text": "回复@天涯客063:说实话网络该规范了",
        "user_description": "",
        "user_avatar": "https://tva3.sinaimg.cn/crop.0.352.896.896.50/0066Pi0yjw8ermf3o7463j30ow18g40c.jpg?KID=imgbed,tva&Expires=1584955909&ssig=Ir%2Fv8iVahc",
        "id": "4058333613222723",
        "city": "1000",
        "province": "61",
        "friends_count": 91,
        "user_location": "陕西",
        "mid": "4058333613222723",
        "verified_reason": "",
        "attitudes_count": 0,
        "followers_count": 17,
        "verified_type": -1,
        "statuses_count": 342,
        "parent": "4057314900663054",
        "verified": false,
        "geo": null,
        "user_created_at": 1430288400,
        "favourites_count": 1,
        "screen_name": "庄周梦蝶sunny",
        "gender": "f",
        "user_geo_enabled": true,
        "username": "庄周梦蝶sunny",
        "comments_count": 0,
        "t": 1483065596,
        "video_status_count": 0,
        "urank": 9,
        "user_ability": 0,
        "credit_score": 80
    },
    {
        "reposts_count": 0,
        "uid": 5597678962,
        "bi_followers_count": 4,
        "text": "回复@天涯客063:事先我真不知道是假的而且为了她没那么多的负债所以把转发发红包就删了",
        "user_description": "",
        "user_avatar": "https://tva3.sinaimg.cn/crop.0.352.896.896.50/0066Pi0yjw8ermf3o7463j30ow18g40c.jpg?KID=imgbed,tva&Expires=1584955909&ssig=Ir%2Fv8iVahc",
        "id": "4058333390127321",
        "city": "1000",
        "province": "61",
        "friends_count": 91,
        "user_location": "陕西",
        "mid": "4058333390127321",
        "verified_reason": "",
        "attitudes_count": 0,
        "followers_count": 17,
        "verified_type": -1,
        "statuses_count": 342,
        "parent": "4057314900663054",
        "verified": false,
        "geo": null,
        "user_created_at": 1430288400,
        "favourites_count": 1,
        "screen_name": "庄周梦蝶sunny",
        "gender": "f",
        "user_geo_enabled": true,
        "username": "庄周梦蝶sunny",
        "comments_count": 0,
        "t": 1483065543,
        "video_status_count": 0,
        "urank": 9,
        "user_ability": 0,
        "credit_score": 80
    },
    {
        "reposts_count": 0,
        "uid": 5609943090,
        "bi_followers_count": 16,
        "text": "回复@庄周梦蝶sunny:[握手]",
        "user_description": "",
        "user_avatar": "https://tvax1.sinaimg.cn/default/images/default_avatar_male_50.gif?KID=imgbed,tva&Expires=1584955909&ssig=vCMQmM%2FMJE",
        "id": "4058332698671257",
        "city": "1000",
        "province": "35",
        "friends_count": 633,
        "user_location": "福建",
        "mid": "4058332698671257",
        "verified_reason": "",
        "attitudes_count": 0,
        "followers_count": 139,
        "verified_type": -1,
        "statuses_count": 195,
        "parent": "4057314900663054",
        "verified": false,
        "geo": null,
        "user_created_at": 1478670223,
        "favourites_count": 1,
        "screen_name": "天涯客063",
        "gender": "m",
        "user_geo_enabled": true,
        "username": "天涯客063",
        "comments_count": 0,
        "t": 1483065378,
        "video_status_count": 0,
        "urank": 9,
        "user_ability": 2097152,
        "credit_score": 79
    },
    {
        "reposts_count": 0,
        "uid": 5609943090,
        "bi_followers_count": 16,
        "text": "回复@庄周梦蝶sunny:我这一个星期在贴吧和微博辟谣辟太多了，一看到那些谣言我就想吐",
        "user_description": "",
        "user_avatar": "https://tvax1.sinaimg.cn/default/images/default_avatar_male_50.gif?KID=imgbed,tva&Expires=1584955909&ssig=vCMQmM%2FMJE",
        "id": "4058332576500535",
        "city": "1000",
        "province": "35",
        "friends_count": 633,
        "user_location": "福建",
        "mid": "4058332576500535",
        "verified_reason": "",
        "attitudes_count": 0,
        "followers_count": 139,
        "verified_type": -1,
        "statuses_count": 195,
        "parent": "4057314900663054",
        "verified": false,
        "geo": null,
        "user_created_at": 1478670223,
        "favourites_count": 1,
        "screen_name": "天涯客063",
        "gender": "m",
        "user_geo_enabled": true,
        "username": "天涯客063",
        "comments_count": 0,
        "t": 1483065349,
        "video_status_count": 0,
        "urank": 9,
        "user_ability": 2097152,
        "credit_score": 79
    },
    {
        "reposts_count": 0,
        "uid": 5597678962,
        "bi_followers_count": 4,
        "text": "回复@天涯客063:所以握手言和可以吗",
        "user_description": "",
        "user_avatar": "https://tva3.sinaimg.cn/crop.0.352.896.896.50/0066Pi0yjw8ermf3o7463j30ow18g40c.jpg?KID=imgbed,tva&Expires=1584955909&ssig=Ir%2Fv8iVahc",
        "id": "4058332325444849",
        "city": "1000",
        "province": "61",
        "friends_count": 91,
        "user_location": "陕西",
        "mid": "4058332325444849",
        "verified_reason": "",
        "attitudes_count": 0,
        "followers_count": 17,
        "verified_type": -1,
        "statuses_count": 342,
        "parent": "4057314900663054",
        "verified": false,
        "geo": null,
        "user_created_at": 1430288400,
        "favourites_count": 1,
        "screen_name": "庄周梦蝶sunny",
        "gender": "f",
        "user_geo_enabled": true,
        "username": "庄周梦蝶sunny",
        "comments_count": 0,
        "t": 1483065288,
        "video_status_count": 0,
        "urank": 9,
        "user_ability": 0,
        "credit_score": 80
    },
    {
        "reposts_count": 0,
        "uid": 5609943090,
        "bi_followers_count": 16,
        "text": "回复@庄周梦蝶sunny:不是新浪员工",
        "user_description": "",
        "user_avatar": "https://tvax1.sinaimg.cn/default/images/default_avatar_male_50.gif?KID=imgbed,tva&Expires=1584955909&ssig=vCMQmM%2FMJE",
        "id": "4058332303614018",
        "city": "1000",
        "province": "35",
        "friends_count": 633,
        "user_location": "福建",
        "mid": "4058332303614018",
        "verified_reason": "",
        "attitudes_count": 0,
        "followers_count": 139,
        "verified_type": -1,
        "statuses_count": 195,
        "parent": "4057314900663054",
        "verified": false,
        "geo": null,
        "user_created_at": 1478670223,
        "favourites_count": 1,
        "screen_name": "天涯客063",
        "gender": "m",
        "user_geo_enabled": true,
        "username": "天涯客063",
        "comments_count": 0,
        "t": 1483065285,
        "video_status_count": 0,
        "urank": 9,
        "user_ability": 2097152,
        "credit_score": 79
    },
    {
        "reposts_count": 0,
        "uid": 5597678962,
        "bi_followers_count": 4,
        "text": "回复@天涯客063:而且都说了管理员处理了[泪][泪][泪][泪][泪][泪][泪][泪][泪]",
        "user_description": "",
        "user_avatar": "https://tva3.sinaimg.cn/crop.0.352.896.896.50/0066Pi0yjw8ermf3o7463j30ow18g40c.jpg?KID=imgbed,tva&Expires=1584955909&ssig=Ir%2Fv8iVahc",
        "id": "4058332069065322",
        "city": "1000",
        "province": "61",
        "friends_count": 91,
        "user_location": "陕西",
        "mid": "4058332069065322",
        "verified_reason": "",
        "attitudes_count": 0,
        "followers_count": 17,
        "verified_type": -1,
        "statuses_count": 342,
        "parent": "4057314900663054",
        "verified": false,
        "geo": null,
        "user_created_at": 1430288400,
        "favourites_count": 1,
        "screen_name": "庄周梦蝶sunny",
        "gender": "f",
        "user_geo_enabled": true,
        "username": "庄周梦蝶sunny",
        "comments_count": 0,
        "t": 1483065227,
        "video_status_count": 0,
        "urank": 9,
        "user_ability": 0,
        "credit_score": 80
    },
    {
        "reposts_count": 0,
        "uid": 5597678962,
        "bi_followers_count": 4,
        "text": "回复@天涯客063:拜托你觉得一个不常玩微博的人会多少[笑cry]",
        "user_description": "",
        "user_avatar": "https://tva3.sinaimg.cn/crop.0.352.896.896.50/0066Pi0yjw8ermf3o7463j30ow18g40c.jpg?KID=imgbed,tva&Expires=1584955909&ssig=Ir%2Fv8iVahc",
        "id": "4058331855941090",
        "city": "1000",
        "province": "61",
        "friends_count": 91,
        "user_location": "陕西",
        "mid": "4058331855941090",
        "verified_reason": "",
        "attitudes_count": 0,
        "followers_count": 17,
        "verified_type": -1,
        "statuses_count": 342,
        "parent": "4057314900663054",
        "verified": false,
        "geo": null,
        "user_created_at": 1430288400,
        "favourites_count": 1,
        "screen_name": "庄周梦蝶sunny",
        "gender": "f",
        "user_geo_enabled": true,
        "username": "庄周梦蝶sunny",
        "comments_count": 0,
        "t": 1483065177,
        "video_status_count": 0,
        "urank": 9,
        "user_ability": 0,
        "credit_score": 80
    },
    {
        "reposts_count": 0,
        "uid": 5609943090,
        "bi_followers_count": 16,
        "text": "回复@庄周梦蝶sunny:以前我在某个微博只说了一句是谣言，假的，别的我还没来得及说，就被那个博主拉黑名单，还不让人辟谣，啥人都有",
        "user_description": "",
        "user_avatar": "https://tvax1.sinaimg.cn/default/images/default_avatar_male_50.gif?KID=imgbed,tva&Expires=1584955909&ssig=vCMQmM%2FMJE",
        "id": "4058331704102789",
        "city": "1000",
        "province": "35",
        "friends_count": 633,
        "user_location": "福建",
        "mid": "4058331704102789",
        "verified_reason": "",
        "attitudes_count": 0,
        "followers_count": 139,
        "verified_type": -1,
        "statuses_count": 195,
        "parent": "4057314900663054",
        "verified": false,
        "geo": null,
        "user_created_at": 1478670223,
        "favourites_count": 1,
        "screen_name": "天涯客063",
        "gender": "m",
        "user_geo_enabled": true,
        "username": "天涯客063",
        "comments_count": 0,
        "t": 1483065140,
        "video_status_count": 0,
        "urank": 9,
        "user_ability": 2097152,
        "credit_score": 79
    },
    {
        "reposts_count": 0,
        "uid": 5609943090,
        "bi_followers_count": 16,
        "text": "回复@庄周梦蝶sunny:把网警辟谣的微博截图发给那个管理员，最好是把不同的网警辟谣的微博发过去，告诉管理员真的是谣言",
        "user_description": "",
        "user_avatar": "https://tvax1.sinaimg.cn/default/images/default_avatar_male_50.gif?KID=imgbed,tva&Expires=1584955909&ssig=vCMQmM%2FMJE",
        "id": "4058331314254811",
        "city": "1000",
        "province": "35",
        "friends_count": 633,
        "user_location": "福建",
        "mid": "4058331314254811",
        "verified_reason": "",
        "attitudes_count": 0,
        "followers_count": 139,
        "verified_type": -1,
        "statuses_count": 195,
        "parent": "4057314900663054",
        "verified": false,
        "geo": null,
        "user_created_at": 1478670223,
        "favourites_count": 1,
        "screen_name": "天涯客063",
        "gender": "m",
        "user_geo_enabled": true,
        "username": "天涯客063",
        "comments_count": 0,
        "t": 1483065048,
        "video_status_count": 0,
        "urank": 9,
        "user_ability": 2097152,
        "credit_score": 79
    },
    {
        "reposts_count": 0,
        "uid": 5597678962,
        "bi_followers_count": 4,
        "text": "回复@天涯客063:那你是新浪一员吗？！如果你是那希望我的建议可以被采用，谢谢啦",
        "user_description": "",
        "user_avatar": "https://tva3.sinaimg.cn/crop.0.352.896.896.50/0066Pi0yjw8ermf3o7463j30ow18g40c.jpg?KID=imgbed,tva&Expires=1584955909&ssig=Ir%2Fv8iVahc",
        "id": "4058331129513016",
        "city": "1000",
        "province": "61",
        "friends_count": 91,
        "user_location": "陕西",
        "mid": "4058331129513016",
        "verified_reason": "",
        "attitudes_count": 0,
        "followers_count": 17,
        "verified_type": -1,
        "statuses_count": 342,
        "parent": "4057314900663054",
        "verified": false,
        "geo": null,
        "user_created_at": 1430288400,
        "favourites_count": 1,
        "screen_name": "庄周梦蝶sunny",
        "gender": "f",
        "user_geo_enabled": true,
        "username": "庄周梦蝶sunny",
        "comments_count": 0,
        "t": 1483065004,
        "video_status_count": 0,
        "urank": 9,
        "user_ability": 0,
        "credit_score": 80
    },
    {
        "reposts_count": 0,
        "uid": 5597678962,
        "bi_followers_count": 4,
        "text": "回复@天涯客063:你好博主对于你所说的辟谣，转发的貌似被管理员处理所以。。。",
        "user_description": "",
        "user_avatar": "https://tva3.sinaimg.cn/crop.0.352.896.896.50/0066Pi0yjw8ermf3o7463j30ow18g40c.jpg?KID=imgbed,tva&Expires=1584955909&ssig=Ir%2Fv8iVahc",
        "id": "4058330350217711",
        "city": "1000",
        "province": "61",
        "friends_count": 91,
        "user_location": "陕西",
        "mid": "4058330350217711",
        "verified_reason": "",
        "attitudes_count": 0,
        "followers_count": 17,
        "verified_type": -1,
        "statuses_count": 342,
        "parent": "4057314900663054",
        "verified": false,
        "geo": null,
        "user_created_at": 1430288400,
        "favourites_count": 1,
        "screen_name": "庄周梦蝶sunny",
        "gender": "f",
        "user_geo_enabled": true,
        "username": "庄周梦蝶sunny",
        "comments_count": 0,
        "t": 1483064818,
        "video_status_count": 0,
        "urank": 9,
        "user_ability": 0,
        "credit_score": 80
    },
    {
        "reposts_count": 0,
        "uid": 5597678962,
        "bi_followers_count": 4,
        "text": "回复@黄石网警巡查执法:就像突然之间自己干了件后果很严重的时，全世界都不听你的解释只是一味的指责，等你再次上网时收到的消息是自己发的消息因违反规定而收到警告，自己去删除时没有任何反应",
        "user_description": "",
        "user_avatar": "https://tva3.sinaimg.cn/crop.0.352.896.896.50/0066Pi0yjw8ermf3o7463j30ow18g40c.jpg?KID=imgbed,tva&Expires=1584955909&ssig=Ir%2Fv8iVahc",
        "id": "4058329263417254",
        "city": "1000",
        "province": "61",
        "friends_count": 91,
        "user_location": "陕西",
        "mid": "4058329263417254",
        "verified_reason": "",
        "attitudes_count": 0,
        "followers_count": 17,
        "verified_type": -1,
        "statuses_count": 342,
        "parent": "4057314900663054",
        "verified": false,
        "geo": null,
        "user_created_at": 1430288400,
        "favourites_count": 1,
        "screen_name": "庄周梦蝶sunny",
        "gender": "f",
        "user_geo_enabled": true,
        "username": "庄周梦蝶sunny",
        "comments_count": 0,
        "t": 1483064559,
        "video_status_count": 0,
        "urank": 9,
        "user_ability": 0,
        "credit_score": 80
    },
    {
        "reposts_count": 0,
        "uid": 5597678962,
        "bi_followers_count": 4,
        "text": "回复@天涯客063:对于你指出我转发虚假消息我感谢你让我吃一堑长一智，但是我想说我事后知道的，我接受你的批评但是我在这件事上同时我是受骗者，难道我要被千夫指就是眼里的解决方法",
        "user_description": "",
        "user_avatar": "https://tva3.sinaimg.cn/crop.0.352.896.896.50/0066Pi0yjw8ermf3o7463j30ow18g40c.jpg?KID=imgbed,tva&Expires=1584955909&ssig=Ir%2Fv8iVahc",
        "id": "4058327857536708",
        "city": "1000",
        "province": "61",
        "friends_count": 91,
        "user_location": "陕西",
        "mid": "4058327857536708",
        "verified_reason": "",
        "attitudes_count": 0,
        "followers_count": 17,
        "verified_type": -1,
        "statuses_count": 342,
        "parent": "4057314900663054",
        "verified": false,
        "geo": null,
        "user_created_at": 1430288400,
        "favourites_count": 1,
        "screen_name": "庄周梦蝶sunny",
        "gender": "f",
        "user_geo_enabled": true,
        "username": "庄周梦蝶sunny",
        "comments_count": 0,
        "t": 1483064225,
        "video_status_count": 0,
        "urank": 9,
        "user_ability": 0,
        "credit_score": 80
    },
    {
        "reposts_count": 0,
        "uid": 5597678962,
        "bi_followers_count": 4,
        "text": "回复@天涯客063:网警可以对于网络管理进行规范，不是吗？但我不知道你为什么说话这么冲，让人很不舒服[下雨][下雨]",
        "user_description": "",
        "user_avatar": "https://tva3.sinaimg.cn/crop.0.352.896.896.50/0066Pi0yjw8ermf3o7463j30ow18g40c.jpg?KID=imgbed,tva&Expires=1584955909&ssig=Ir%2Fv8iVahc",
        "id": "4058325081628173",
        "city": "1000",
        "province": "61",
        "friends_count": 91,
        "user_location": "陕西",
        "mid": "4058325081628173",
        "verified_reason": "",
        "attitudes_count": 0,
        "followers_count": 17,
        "verified_type": -1,
        "statuses_count": 342,
        "parent": "4057314900663054",
        "verified": false,
        "geo": null,
        "user_created_at": 1430288400,
        "favourites_count": 1,
        "screen_name": "庄周梦蝶sunny",
        "gender": "f",
        "user_geo_enabled": true,
        "username": "庄周梦蝶sunny",
        "comments_count": 0,
        "t": 1483063562,
        "video_status_count": 0,
        "urank": 9,
        "user_ability": 0,
        "credit_score": 80
    },
    {
        "reposts_count": 0,
        "uid": 3729531417,
        "bi_followers_count": 102,
        "text": "回复@庄周梦蝶sunny:[泪]理解！但还是建议博主下次遇到这类似事情搜搜其中的关键词便会知晓是谣言无误了，或者可以发给我们帮你看看呀~[嘻嘻]别不开心了",
        "user_description": "无形战线，无名英雄，无私奉献，无尚光荣----黄石市公安局网络安全保卫支队。",
        "user_avatar": "https://tva3.sinaimg.cn/crop.0.0.817.817.50/de4c2219gw1euxatfsyo8j20mr0mrwk8.jpg?KID=imgbed,tva&Expires=1584955909&ssig=cKqaArYAAC",
        "id": "4058299899438709",
        "city": "1000",
        "province": "42",
        "friends_count": 178,
        "user_location": "湖北",
        "mid": "4058299899438709",
        "verified_reason": "黄石市公安局网安支队",
        "attitudes_count": 0,
        "followers_count": 18858,
        "verified_type": 1,
        "statuses_count": 10293,
        "parent": "4057314900663054",
        "verified": true,
        "geo": null,
        "user_created_at": 1377225891,
        "favourites_count": 7,
        "screen_name": "黄石网警巡查执法",
        "gender": "m",
        "user_geo_enabled": true,
        "username": "黄石网警巡查执法",
        "comments_count": 0,
        "t": 1483057558,
        "video_status_count": 0,
        "urank": 35,
        "user_ability": 8651272,
        "credit_score": 80
    },
    {
        "reposts_count": 0,
        "uid": 5609943090,
        "bi_followers_count": 16,
        "text": "回复@庄周梦蝶sunny:软件功能和管理是软件的事，4啥时候成了网警的事了",
        "user_description": "",
        "user_avatar": "https://tvax1.sinaimg.cn/default/images/default_avatar_male_50.gif?KID=imgbed,tva&Expires=1584955909&ssig=vCMQmM%2FMJE",
        "id": "4058278385798336",
        "city": "1000",
        "province": "35",
        "friends_count": 633,
        "user_location": "福建",
        "mid": "4058278385798336",
        "verified_reason": "",
        "attitudes_count": 0,
        "followers_count": 139,
        "verified_type": -1,
        "statuses_count": 195,
        "parent": "4057314900663054",
        "verified": false,
        "geo": null,
        "user_created_at": 1478670223,
        "favourites_count": 1,
        "screen_name": "天涯客063",
        "gender": "m",
        "user_geo_enabled": true,
        "username": "天涯客063",
        "comments_count": 0,
        "t": 1483052430,
        "video_status_count": 0,
        "urank": 9,
        "user_ability": 2097152,
        "credit_score": 79
    },
    {
        "reposts_count": 0,
        "uid": 5609943090,
        "bi_followers_count": 16,
        "text": "回复@庄周梦蝶sunny:网警不是新浪员工，你跟他说这个干嘛，难道派出所时新浪开的？",
        "user_description": "",
        "user_avatar": "https://tvax1.sinaimg.cn/default/images/default_avatar_male_50.gif?KID=imgbed,tva&Expires=1584955909&ssig=vCMQmM%2FMJE",
        "id": "4058277945612257",
        "city": "1000",
        "province": "35",
        "friends_count": 633,
        "user_location": "福建",
        "mid": "4058277945612257",
        "verified_reason": "",
        "attitudes_count": 0,
        "followers_count": 139,
        "verified_type": -1,
        "statuses_count": 195,
        "parent": "4057314900663054",
        "verified": false,
        "geo": null,
        "user_created_at": 1478670223,
        "favourites_count": 1,
        "screen_name": "天涯客063",
        "gender": "m",
        "user_geo_enabled": true,
        "username": "天涯客063",
        "comments_count": 0,
        "t": 1483052323,
        "video_status_count": 0,
        "urank": 9,
        "user_ability": 2097152,
        "credit_score": 79
    },
    {
        "reposts_count": 0,
        "uid": 5597678962,
        "bi_followers_count": 4,
        "text": "回复@黄石网警巡查执法:能否在软件或者管理上有所完善，因为有时候点开聊天群或者朋友圈转发的求助不会想那么多出于好心转发却被骗收到警告真的难以接受[下雨][下雨][下雨]",
        "user_description": "",
        "user_avatar": "https://tva3.sinaimg.cn/crop.0.352.896.896.50/0066Pi0yjw8ermf3o7463j30ow18g40c.jpg?KID=imgbed,tva&Expires=1584955909&ssig=Ir%2Fv8iVahc",
        "id": "4058180827121880",
        "city": "1000",
        "province": "61",
        "friends_count": 91,
        "user_location": "陕西",
        "mid": "4058180827121880",
        "verified_reason": "",
        "attitudes_count": 0,
        "followers_count": 17,
        "verified_type": -1,
        "statuses_count": 342,
        "parent": "4057314900663054",
        "verified": false,
        "geo": null,
        "user_created_at": 1430288400,
        "favourites_count": 1,
        "screen_name": "庄周梦蝶sunny",
        "gender": "f",
        "user_geo_enabled": true,
        "username": "庄周梦蝶sunny",
        "comments_count": 0,
        "t": 1483029168,
        "video_status_count": 0,
        "urank": 9,
        "user_ability": 0,
        "credit_score": 80
    },
    {
        "reposts_count": 0,
        "uid": 3729531417,
        "bi_followers_count": 102,
        "text": "回复@庄周梦蝶sunny:不客气",
        "user_description": "无形战线，无名英雄，无私奉献，无尚光荣----黄石市公安局网络安全保卫支队。",
        "user_avatar": "https://tva3.sinaimg.cn/crop.0.0.817.817.50/de4c2219gw1euxatfsyo8j20mr0mrwk8.jpg?KID=imgbed,tva&Expires=1584955909&ssig=cKqaArYAAC",
        "id": "4057938580480604",
        "city": "1000",
        "province": "42",
        "friends_count": 178,
        "user_location": "湖北",
        "mid": "4057938580480604",
        "verified_reason": "黄石市公安局网安支队",
        "attitudes_count": 0,
        "followers_count": 18858,
        "verified_type": 1,
        "statuses_count": 10293,
        "parent": "4057314900663054",
        "verified": true,
        "geo": null,
        "user_created_at": 1377225891,
        "favourites_count": 7,
        "screen_name": "黄石网警巡查执法",
        "gender": "m",
        "user_geo_enabled": true,
        "username": "黄石网警巡查执法",
        "comments_count": 0,
        "t": 1482971413,
        "video_status_count": 0,
        "urank": 35,
        "user_ability": 8651272,
        "credit_score": 80
    },
    {
        "reposts_count": 0,
        "uid": 5609943090,
        "bi_followers_count": 16,
        "text": "不管从哪转来的，你最好去辟谣一下，叫他们别散布谣言了",
        "user_description": "",
        "user_avatar": "https://tvax1.sinaimg.cn/default/images/default_avatar_male_50.gif?KID=imgbed,tva&Expires=1584955909&ssig=vCMQmM%2FMJE",
        "id": "4057926781840386",
        "city": "1000",
        "province": "35",
        "friends_count": 633,
        "user_location": "福建",
        "mid": "4057926781840386",
        "verified_reason": "",
        "attitudes_count": 0,
        "followers_count": 139,
        "verified_type": -1,
        "statuses_count": 195,
        "parent": "4057314900663054",
        "verified": false,
        "geo": null,
        "user_created_at": 1478670223,
        "favourites_count": 1,
        "screen_name": "天涯客063",
        "gender": "m",
        "user_geo_enabled": true,
        "username": "天涯客063",
        "comments_count": 0,
        "t": 1482968600,
        "video_status_count": 0,
        "urank": 9,
        "user_ability": 2097152,
        "credit_score": 79
    },
    {
        "reposts_count": 0,
        "uid": 5609943090,
        "bi_followers_count": 16,
        "text": "回复@庄周梦蝶sunny:😄",
        "user_description": "",
        "user_avatar": "https://tvax1.sinaimg.cn/default/images/default_avatar_male_50.gif?KID=imgbed,tva&Expires=1584955909&ssig=vCMQmM%2FMJE",
        "id": "4057926664851897",
        "city": "1000",
        "province": "35",
        "friends_count": 633,
        "user_location": "福建",
        "mid": "4057926664851897",
        "verified_reason": "",
        "attitudes_count": 0,
        "followers_count": 139,
        "verified_type": -1,
        "statuses_count": 195,
        "parent": "4057314900663054",
        "verified": false,
        "geo": null,
        "user_created_at": 1478670223,
        "favourites_count": 1,
        "screen_name": "天涯客063",
        "gender": "m",
        "user_geo_enabled": true,
        "username": "天涯客063",
        "comments_count": 0,
        "t": 1482968572,
        "video_status_count": 0,
        "urank": 9,
        "user_ability": 2097152,
        "credit_score": 79
    },
    {
        "reposts_count": 0,
        "uid": 5597678962,
        "bi_followers_count": 4,
        "text": "回复@天涯客063:谢谢了[可爱]",
        "user_description": "",
        "user_avatar": "https://tva3.sinaimg.cn/crop.0.352.896.896.50/0066Pi0yjw8ermf3o7463j30ow18g40c.jpg?KID=imgbed,tva&Expires=1584955909&ssig=Ir%2Fv8iVahc",
        "id": "4057919605914326",
        "city": "1000",
        "province": "61",
        "friends_count": 91,
        "user_location": "陕西",
        "mid": "4057919605914326",
        "verified_reason": "",
        "attitudes_count": 0,
        "followers_count": 17,
        "verified_type": -1,
        "statuses_count": 342,
        "parent": "4057314900663054",
        "verified": false,
        "geo": null,
        "user_created_at": 1430288400,
        "favourites_count": 1,
        "screen_name": "庄周梦蝶sunny",
        "gender": "f",
        "user_geo_enabled": true,
        "username": "庄周梦蝶sunny",
        "comments_count": 0,
        "t": 1482966889,
        "video_status_count": 0,
        "urank": 9,
        "user_ability": 0,
        "credit_score": 80
    },
    {
        "reposts_count": 0,
        "uid": 5597678962,
        "bi_followers_count": 4,
        "text": "回复@黄石网警巡查执法:好的，谢谢啦[哆啦A梦微笑]",
        "user_description": "",
        "user_avatar": "https://tva3.sinaimg.cn/crop.0.352.896.896.50/0066Pi0yjw8ermf3o7463j30ow18g40c.jpg?KID=imgbed,tva&Expires=1584955909&ssig=Ir%2Fv8iVahc",
        "id": "4057919496489842",
        "city": "1000",
        "province": "61",
        "friends_count": 91,
        "user_location": "陕西",
        "mid": "4057919496489842",
        "verified_reason": "",
        "attitudes_count": 0,
        "followers_count": 17,
        "verified_type": -1,
        "statuses_count": 342,
        "parent": "4057314900663054",
        "verified": false,
        "geo": null,
        "user_created_at": 1430288400,
        "favourites_count": 1,
        "screen_name": "庄周梦蝶sunny",
        "gender": "f",
        "user_geo_enabled": true,
        "username": "庄周梦蝶sunny",
        "comments_count": 0,
        "t": 1482966863,
        "video_status_count": 0,
        "urank": 9,
        "user_ability": 0,
        "credit_score": 80
    },
    {
        "reposts_count": 0,
        "uid": 5609943090,
        "bi_followers_count": 16,
        "text": "转发散布谣言不会让人心安，只会造成社会恐慌，人人自危。以后如果真有人丢孩子，发寻人启事就没人信了",
        "user_description": "",
        "user_avatar": "https://tvax1.sinaimg.cn/default/images/default_avatar_male_50.gif?KID=imgbed,tva&Expires=1584955909&ssig=vCMQmM%2FMJE",
        "id": "4057643662805480",
        "city": "1000",
        "province": "35",
        "friends_count": 633,
        "user_location": "福建",
        "mid": "4057643662805480",
        "verified_reason": "",
        "attitudes_count": 0,
        "followers_count": 139,
        "verified_type": -1,
        "statuses_count": 195,
        "parent": "4057314900663054",
        "verified": false,
        "geo": null,
        "user_created_at": 1478670223,
        "favourites_count": 1,
        "screen_name": "天涯客063",
        "gender": "m",
        "user_geo_enabled": true,
        "username": "天涯客063",
        "comments_count": 0,
        "t": 1482901099,
        "video_status_count": 0,
        "urank": 9,
        "user_ability": 2097152,
        "credit_score": 79
    },
    {
        "reposts_count": 0,
        "uid": 3729531417,
        "bi_followers_count": 102,
        "text": "你好，我们是黄石网警，您微博内反映的“李红霞的2岁女儿在新天地被人拐走”的情况，该信息为谣言信息，已在全国多地传播。请博主立即清理、删除微博中的谣言。如继续任性不理或继续造谣传谣的，网警蜀黍将依法予以严厉查处！！同时建议博主，下次碰到类似谣言时请自行先百度搜索一下！",
        "user_description": "无形战线，无名英雄，无私奉献，无尚光荣----黄石市公安局网络安全保卫支队。",
        "user_avatar": "https://tva3.sinaimg.cn/crop.0.0.817.817.50/de4c2219gw1euxatfsyo8j20mr0mrwk8.jpg?KID=imgbed,tva&Expires=1584955909&ssig=cKqaArYAAC",
        "id": "4057611328049753",
        "city": "1000",
        "province": "42",
        "friends_count": 178,
        "user_location": "湖北",
        "mid": "4057611328049753",
        "verified_reason": "黄石市公安局网安支队",
        "attitudes_count": 0,
        "followers_count": 18858,
        "verified_type": 1,
        "statuses_count": 10293,
        "parent": "4057314900663054",
        "verified": true,
        "geo": null,
        "user_created_at": 1377225891,
        "favourites_count": 7,
        "screen_name": "黄石网警巡查执法",
        "gender": "m",
        "user_geo_enabled": true,
        "username": "黄石网警巡查执法",
        "comments_count": 0,
        "t": 1482893390,
        "video_status_count": 0,
        "urank": 35,
        "user_ability": 8651272,
        "credit_score": 80
    },
    {
        "reposts_count": 0,
        "uid": 5609943090,
        "bi_followers_count": 16,
        "text": "有些帖子是写李红霞在农大的新天地丢孩子，有些帖子是写李红霞在新天地鞋城附近丢孩子，地点换了好多个了，这些帖子百度贴吧都能搜到",
        "user_description": "",
        "user_avatar": "https://tvax1.sinaimg.cn/default/images/default_avatar_male_50.gif?KID=imgbed,tva&Expires=1584955909&ssig=vCMQmM%2FMJE",
        "id": "4057568689433273",
        "city": "1000",
        "province": "35",
        "friends_count": 633,
        "user_location": "福建",
        "mid": "4057568689433273",
        "verified_reason": "",
        "attitudes_count": 0,
        "followers_count": 139,
        "verified_type": -1,
        "statuses_count": 195,
        "parent": "4057314900663054",
        "verified": false,
        "geo": null,
        "user_created_at": 1478670223,
        "favourites_count": 1,
        "screen_name": "天涯客063",
        "gender": "m",
        "user_geo_enabled": true,
        "username": "天涯客063",
        "comments_count": 0,
        "t": 1482883224,
        "video_status_count": 0,
        "urank": 9,
        "user_ability": 2097152,
        "credit_score": 79
    },
    {
        "reposts_count": 0,
        "uid": 5609943090,
        "bi_followers_count": 16,
        "text": "这条微博是假的，你在微博搜索李红霞，就能看到好几个网警在辟谣",
        "user_description": "",
        "user_avatar": "https://tvax1.sinaimg.cn/default/images/default_avatar_male_50.gif?KID=imgbed,tva&Expires=1584955909&ssig=vCMQmM%2FMJE",
        "id": "4057568316233662",
        "city": "1000",
        "province": "35",
        "friends_count": 633,
        "user_location": "福建",
        "mid": "4057568316233662",
        "verified_reason": "",
        "attitudes_count": 0,
        "followers_count": 139,
        "verified_type": -1,
        "statuses_count": 195,
        "parent": "4057314900663054",
        "verified": false,
        "geo": null,
        "user_created_at": 1478670223,
        "favourites_count": 1,
        "screen_name": "天涯客063",
        "gender": "m",
        "user_geo_enabled": true,
        "username": "天涯客063",
        "comments_count": 0,
        "t": 1482883134,
        "video_status_count": 0,
        "urank": 9,
        "user_ability": 2097152,
        "credit_score": 79
    },
    {
        "reposts_count": 0,
        "uid": 1931436097,
        "bi_followers_count": 62,
        "text": "图片评论 http://t.cn/RI85RJU",
        "user_description": "子非鱼~安知鱼之乐",
        "user_avatar": "https://tva2.sinaimg.cn/crop.0.0.720.720.50/731f6041jw8egpv9u1xcij20k00k0wg4.jpg?KID=imgbed,tva&Expires=1584955909&ssig=hPWJqCxqQQ",
        "id": "4057352926006768",
        "city": "7",
        "province": "11",
        "friends_count": 269,
        "user_location": "北京 石景山区",
        "mid": "4057352926006768",
        "verified_reason": "",
        "attitudes_count": 0,
        "followers_count": 208,
        "verified_type": -1,
        "statuses_count": 949,
        "parent": "4057314900663054",
        "verified": false,
        "geo": null,
        "user_created_at": 1295749341,
        "favourites_count": 3,
        "screen_name": "捐血光荣",
        "gender": "m",
        "user_geo_enabled": true,
        "username": "捐血光荣",
        "comments_count": 0,
        "t": 1482831782,
        "video_status_count": 0,
        "urank": 31,
        "user_ability": 2097152,
        "credit_score": 80
    }
]