[
    {
        "reposts_count": 0,
        "uid": 5247258804,
        "bi_followers_count": 52,
        "text": "求转李红霞184 0343 4493今天上午她的2岁女儿在卧佛堂新天地附近被人拐走了，女儿能说出她妈妈的手机号码 从监控上看是被一个四十多岁男人抱走了现我们家老太太都急疯了 有知情者请告之 万分感谢 看到信息的兄弟姐妹留意一下 联系人 李红霞184 0343 4493 http://t.cn/R2Wx60j ​",
        "user_description": "天造地设的一对。从来没有侥幸！  0",
        "user_avatar": "https://tva4.sinaimg.cn/crop.0.0.480.480.50/005J6XIwjw8eyveau2y90j30dc0dcmxk.jpg?KID=imgbed,tva&Expires=1584955909&ssig=g%2F12Pmt%2FJh",
        "id": "4057439915731898",
        "city": "1000",
        "province": "12",
        "friends_count": 614,
        "user_location": "天津",
        "mid": "4057439915731898",
        "verified_reason": "",
        "attitudes_count": 0,
        "followers_count": 184,
        "verified_type": -1,
        "statuses_count": 1362,
        "parent": null,
        "verified": false,
        "geo": {
            "type": "Point",
            "coordinates": [
                39.09305,
                117.25185
            ]
        },
        "user_created_at": 1407672439,
        "favourites_count": 425,
        "screen_name": "逍遥情羽001",
        "gender": "m",
        "user_geo_enabled": true,
        "username": "逍遥情羽001",
        "comments_count": 6,
        "t": 1482852522,
        "video_status_count": 0,
        "urank": 25,
        "user_ability": 3145728,
        "credit_score": 80
    },
    {
        "reposts_count": 0,
        "uid": 5609943090,
        "bi_followers_count": 16,
        "text": "回复@有缘再见001:去辟谣辟一下",
        "user_description": "",
        "user_avatar": "https://tvax1.sinaimg.cn/default/images/default_avatar_male_50.gif?KID=imgbed,tva&Expires=1584955909&ssig=vCMQmM%2FMJE",
        "id": "4059128928561564",
        "city": "1000",
        "province": "35",
        "friends_count": 633,
        "user_location": "福建",
        "mid": "4059128928561564",
        "verified_reason": "",
        "attitudes_count": 0,
        "followers_count": 139,
        "verified_type": -1,
        "statuses_count": 195,
        "parent": "4057439915731898",
        "verified": false,
        "geo": {
            "type": "Point",
            "coordinates": [
                39.09305,
                117.25185
            ]
        },
        "user_created_at": 1478670223,
        "favourites_count": 1,
        "screen_name": "天涯客063",
        "gender": "m",
        "user_geo_enabled": true,
        "username": "天涯客063",
        "comments_count": 0,
        "t": 1483255213,
        "video_status_count": 0,
        "urank": 9,
        "user_ability": 2097152,
        "credit_score": 79
    },
    {
        "reposts_count": 0,
        "uid": 5247258804,
        "bi_followers_count": 52,
        "text": "谢谢大家的提醒，我以后会注意的，这次是我审查不力，这次错误向大家致歉了",
        "user_description": "天造地设的一对。从来没有侥幸！  0",
        "user_avatar": "https://tva4.sinaimg.cn/crop.0.0.480.480.50/005J6XIwjw8eyveau2y90j30dc0dcmxk.jpg?KID=imgbed,tva&Expires=1584955909&ssig=g%2F12Pmt%2FJh",
        "id": "4059125103010148",
        "city": "1000",
        "province": "12",
        "friends_count": 607,
        "user_location": "天津",
        "mid": "4059125103010148",
        "verified_reason": "",
        "attitudes_count": 0,
        "followers_count": 181,
        "verified_type": -1,
        "statuses_count": 1329,
        "parent": "4057439915731898",
        "verified": false,
        "geo": {
            "type": "Point",
            "coordinates": [
                39.09305,
                117.25185
            ]
        },
        "user_created_at": 1407672439,
        "favourites_count": 425,
        "screen_name": "逍遥情羽001",
        "gender": "m",
        "user_geo_enabled": true,
        "username": "逍遥情羽001",
        "comments_count": 0,
        "t": 1483254301,
        "video_status_count": 0,
        "urank": 25,
        "user_ability": 3145728,
        "credit_score": 80
    },
    {
        "reposts_count": 0,
        "uid": 3729531417,
        "bi_followers_count": 102,
        "text": "你好，我们是黄石网警，您微博内反映的“李红霞的2岁女儿在新天地被人拐走”的情况，该信息为谣言信息，已在全国多地传播。请博主立即清理、删除微博中的谣言。如继续任性不理或继续造谣传谣的，网警蜀黍将依法予以严厉查处！！同时建议博主，下次碰到类似谣言时请自行先百度搜索一下！",
        "user_description": "无形战线，无名英雄，无私奉献，无尚光荣----黄石市公安局网络安全保卫支队。",
        "user_avatar": "https://tva3.sinaimg.cn/crop.0.0.817.817.50/de4c2219gw1euxatfsyo8j20mr0mrwk8.jpg?KID=imgbed,tva&Expires=1584955909&ssig=cKqaArYAAC",
        "id": "4057605586988482",
        "city": "1000",
        "province": "42",
        "friends_count": 178,
        "user_location": "湖北",
        "mid": "4057605586988482",
        "verified_reason": "黄石市公安局网安支队",
        "attitudes_count": 0,
        "followers_count": 18858,
        "verified_type": 1,
        "statuses_count": 10293,
        "parent": "4057439915731898",
        "verified": true,
        "geo": {
            "type": "Point",
            "coordinates": [
                39.09305,
                117.25185
            ]
        },
        "user_created_at": 1377225891,
        "favourites_count": 7,
        "screen_name": "黄石网警巡查执法",
        "gender": "m",
        "user_geo_enabled": true,
        "username": "黄石网警巡查执法",
        "comments_count": 0,
        "t": 1482892021,
        "video_status_count": 0,
        "urank": 35,
        "user_ability": 8651272,
        "credit_score": 80
    },
    {
        "reposts_count": 0,
        "uid": 5609943090,
        "bi_followers_count": 16,
        "text": "不管从哪转来的，你最好去辟谣一下，叫他们别散布谣言了",
        "user_description": "",
        "user_avatar": "https://tvax1.sinaimg.cn/default/images/default_avatar_male_50.gif?KID=imgbed,tva&Expires=1584955909&ssig=vCMQmM%2FMJE",
        "id": "4057573197476372",
        "city": "1000",
        "province": "35",
        "friends_count": 633,
        "user_location": "福建",
        "mid": "4057573197476372",
        "verified_reason": "",
        "attitudes_count": 0,
        "followers_count": 139,
        "verified_type": -1,
        "statuses_count": 195,
        "parent": "4057439915731898",
        "verified": false,
        "geo": {
            "type": "Point",
            "coordinates": [
                39.09305,
                117.25185
            ]
        },
        "user_created_at": 1478670223,
        "favourites_count": 1,
        "screen_name": "天涯客063",
        "gender": "m",
        "user_geo_enabled": true,
        "username": "天涯客063",
        "comments_count": 0,
        "t": 1482884299,
        "video_status_count": 0,
        "urank": 9,
        "user_ability": 2097152,
        "credit_score": 79
    },
    {
        "reposts_count": 0,
        "uid": 5609943090,
        "bi_followers_count": 16,
        "text": "有的帖子写李红霞在农大新天地附近丢的，有的帖子写李红霞在新天地鞋城附近丢的，你这个又写的是卧佛堂新天地附近丢的，地点换了好多个了，全部是李红霞在丢孩子，这些帖子百度贴吧都能搜到",
        "user_description": "",
        "user_avatar": "https://tvax1.sinaimg.cn/default/images/default_avatar_male_50.gif?KID=imgbed,tva&Expires=1584955909&ssig=vCMQmM%2FMJE",
        "id": "4057573085033358",
        "city": "1000",
        "province": "35",
        "friends_count": 633,
        "user_location": "福建",
        "mid": "4057573085033358",
        "verified_reason": "",
        "attitudes_count": 0,
        "followers_count": 139,
        "verified_type": -1,
        "statuses_count": 195,
        "parent": "4057439915731898",
        "verified": false,
        "geo": {
            "type": "Point",
            "coordinates": [
                39.09305,
                117.25185
            ]
        },
        "user_created_at": 1478670223,
        "favourites_count": 1,
        "screen_name": "天涯客063",
        "gender": "m",
        "user_geo_enabled": true,
        "username": "天涯客063",
        "comments_count": 0,
        "t": 1482884272,
        "video_status_count": 0,
        "urank": 9,
        "user_ability": 2097152,
        "credit_score": 79
    },
    {
        "reposts_count": 0,
        "uid": 5609943090,
        "bi_followers_count": 16,
        "text": "别到处转发散布这个谣言， 这帖子假的，造谣，联系人换了无数个了，孩子都丢了无数个了",
        "user_description": "",
        "user_avatar": "https://tvax1.sinaimg.cn/default/images/default_avatar_male_50.gif?KID=imgbed,tva&Expires=1584955909&ssig=vCMQmM%2FMJE",
        "id": "4057567829370936",
        "city": "1000",
        "province": "35",
        "friends_count": 633,
        "user_location": "福建",
        "mid": "4057567829370936",
        "verified_reason": "",
        "attitudes_count": 0,
        "followers_count": 139,
        "verified_type": -1,
        "statuses_count": 195,
        "parent": "4057439915731898",
        "verified": false,
        "geo": {
            "type": "Point",
            "coordinates": [
                39.09305,
                117.25185
            ]
        },
        "user_created_at": 1478670223,
        "favourites_count": 1,
        "screen_name": "天涯客063",
        "gender": "m",
        "user_geo_enabled": true,
        "username": "天涯客063",
        "comments_count": 0,
        "t": 1482883019,
        "video_status_count": 0,
        "urank": 9,
        "user_ability": 2097152,
        "credit_score": 79
    }
]