[
    {
        "reposts_count": 0,
        "uid": 5462233600,
        "bi_followers_count": 6,
        "text": "大家帮忙转一下.朋友捡到一个钱包，里面有个身份证梁永涛 ，卡十几张，现金1000左右，后天动车票两张，大家帮忙扩散下，失主请联系13503897636 ​",
        "user_description": "微笑。。。。",
        "user_avatar": "https://tva1.sinaimg.cn/crop.0.0.80.80.50/005XEYtWjw8enyme3qh1ij3028028q2p.jpg?KID=imgbed,tva&Expires=1584955874&ssig=OxfrV4PTo0",
        "id": "4058150283369479",
        "city": "1000",
        "province": "11",
        "friends_count": 69,
        "user_location": "北京",
        "mid": "4058150283369479",
        "verified_reason": "",
        "attitudes_count": 0,
        "followers_count": 6,
        "verified_type": -1,
        "statuses_count": 21,
        "parent": null,
        "verified": false,
        "geo": null,
        "user_created_at": 1420438787,
        "favourites_count": 2,
        "screen_name": "小吉王后",
        "gender": "f",
        "user_geo_enabled": true,
        "username": "小吉王后",
        "comments_count": 3,
        "t": 1483021887,
        "video_status_count": 0,
        "urank": 7,
        "user_ability": 0,
        "credit_score": 80
    },
    {
        "reposts_count": 0,
        "uid": 5609943090,
        "bi_followers_count": 16,
        "text": "不管从哪转来的，你最好去辟谣一下，叫他们别散布谣言了",
        "user_description": "",
        "user_avatar": "https://tvax1.sinaimg.cn/default/images/default_avatar_male_50.gif?KID=imgbed,tva&Expires=1584955874&ssig=wwiCAjBirN",
        "id": "4061243926646332",
        "city": "1000",
        "province": "35",
        "friends_count": 633,
        "user_location": "福建",
        "mid": "4061243926646332",
        "verified_reason": "",
        "attitudes_count": 0,
        "followers_count": 139,
        "verified_type": -1,
        "statuses_count": 195,
        "parent": "4058150283369479",
        "verified": false,
        "geo": null,
        "user_created_at": 1478670223,
        "favourites_count": 1,
        "screen_name": "天涯客063",
        "gender": "m",
        "user_geo_enabled": true,
        "username": "天涯客063",
        "comments_count": 0,
        "t": 1483759468,
        "video_status_count": 0,
        "urank": 9,
        "user_ability": 2097152,
        "credit_score": 79
    },
    {
        "reposts_count": 0,
        "uid": 5609943090,
        "bi_followers_count": 16,
        "text": "博主你被骗了",
        "user_description": "",
        "user_avatar": "https://tvax1.sinaimg.cn/default/images/default_avatar_male_50.gif?KID=imgbed,tva&Expires=1584955874&ssig=wwiCAjBirN",
        "id": "4060550726266229",
        "city": "1000",
        "province": "35",
        "friends_count": 633,
        "user_location": "福建",
        "mid": "4060550726266229",
        "verified_reason": "",
        "attitudes_count": 0,
        "followers_count": 139,
        "verified_type": -1,
        "statuses_count": 195,
        "parent": "4058150283369479",
        "verified": false,
        "geo": null,
        "user_created_at": 1478670223,
        "favourites_count": 1,
        "screen_name": "天涯客063",
        "gender": "m",
        "user_geo_enabled": true,
        "username": "天涯客063",
        "comments_count": 0,
        "t": 1483594196,
        "video_status_count": 0,
        "urank": 9,
        "user_ability": 2097152,
        "credit_score": 79
    },
    {
        "reposts_count": 0,
        "uid": 5609943090,
        "bi_followers_count": 16,
        "text": "这条微博是假的，造谣生事，这两人钱包从2015年丢到现在，钱包丢遍全国各地了",
        "user_description": "",
        "user_avatar": "https://tvax1.sinaimg.cn/default/images/default_avatar_male_50.gif?KID=imgbed,tva&Expires=1584955874&ssig=wwiCAjBirN",
        "id": "4060550604287674",
        "city": "1000",
        "province": "35",
        "friends_count": 633,
        "user_location": "福建",
        "mid": "4060550604287674",
        "verified_reason": "",
        "attitudes_count": 0,
        "followers_count": 139,
        "verified_type": -1,
        "statuses_count": 195,
        "parent": "4058150283369479",
        "verified": false,
        "geo": null,
        "user_created_at": 1478670223,
        "favourites_count": 1,
        "screen_name": "天涯客063",
        "gender": "m",
        "user_geo_enabled": true,
        "username": "天涯客063",
        "comments_count": 0,
        "t": 1483594167,
        "video_status_count": 0,
        "urank": 9,
        "user_ability": 2097152,
        "credit_score": 79
    }
]