[
    {
        "reposts_count": 0,
        "uid": 6084512749,
        "bi_followers_count": 1,
        "text": "斗门出大事了！西部沿海高速斗门服务区路段有严重交通事故！大巴撞到化学品货车，有化学品泄露，司机被困里面了~不知啥情况。 ​",
        "user_description": "",
        "user_avatar": "https://tvax1.sinaimg.cn/default/images/default_avatar_male_50.gif?KID=imgbed,tva&Expires=1584955870&ssig=bQwKFos9B8",
        "id": "4061955591611387",
        "city": "1000",
        "province": "100",
        "friends_count": 204,
        "user_location": "其他",
        "mid": "4061955591611387",
        "verified_reason": "",
        "attitudes_count": 0,
        "followers_count": 30,
        "verified_type": -1,
        "statuses_count": 2,
        "parent": null,
        "verified": false,
        "geo": null,
        "user_created_at": 1481296402,
        "favourites_count": 0,
        "screen_name": "用户6084512749",
        "gender": "m",
        "user_geo_enabled": true,
        "username": "用户6084512749",
        "comments_count": 1,
        "t": 1483929142,
        "video_status_count": 0,
        "urank": 5,
        "user_ability": 0,
        "credit_score": 80
    },
    {
        "reposts_count": 0,
        "uid": 2709917211,
        "bi_followers_count": 23,
        "text": "一辆大巴车追尾了危险化学品运输车，交警，消防，医护等救援人员已赶到现场，现场情况已得到控制，大巴车司机受轻伤，经医护人员救助已无大碍，并无其他人员伤亡。经紧急处置，现场交通现已恢复正常。",
        "user_description": "",
        "user_avatar": "https://tva4.sinaimg.cn/crop.0.0.640.640.50/a1860e1bjw8exuyyeqmztj20hs0hsmyh.jpg?KID=imgbed,tva&Expires=1584955870&ssig=83dqKUE%2BxY",
        "id": "4061956057400236",
        "city": "3",
        "province": "44",
        "friends_count": 178,
        "user_location": "广东 深圳",
        "mid": "4061956057400236",
        "verified_reason": "",
        "attitudes_count": 0,
        "followers_count": 97,
        "verified_type": -1,
        "statuses_count": 151,
        "parent": "4061955591611387",
        "verified": false,
        "geo": null,
        "user_created_at": 1334567802,
        "favourites_count": 3,
        "screen_name": "西西里长老",
        "gender": "m",
        "user_geo_enabled": true,
        "username": "西西里长老",
        "comments_count": 0,
        "t": 1483929254,
        "video_status_count": 0,
        "urank": 14,
        "user_ability": 0,
        "credit_score": 80
    }
]