[
    {
        "reposts_count": 0,
        "uid": 5521739190,
        "bi_followers_count": 3,
        "text": "各位亲们好：帮忙转一下，同学捡到一个钱包。里边有一张身份证：梁永涛，卡10多张。现金1000元左右，动车票2张。（梁永涛，张慧）车票是后天的，大家帮忙扩散。传递正能量。失主请联系：13503897636。谁的群多，帮忙转一 下。好人好事大家都转发一下哦，这个转。谢谢！在凯旋城捡到的。@达州全搜索 ​",
        "user_description": "",
        "user_avatar": "https://tvax3.sinaimg.cn/crop.0.0.996.996.50/0061GEBwly8fvo6xv14v9j30ro0roq4c.jpg?KID=imgbed,tva&Expires=1584955874&ssig=z0%2Bl2xZzaw",
        "id": "4062765662243337",
        "city": "1000",
        "province": "100",
        "friends_count": 280,
        "user_location": "其他",
        "mid": "4062765662243337",
        "verified_reason": "",
        "attitudes_count": 0,
        "followers_count": 115,
        "verified_type": -1,
        "statuses_count": 95,
        "parent": null,
        "verified": false,
        "geo": null,
        "user_created_at": 1424013759,
        "favourites_count": 1,
        "screen_name": "元气少女张鹤伦",
        "gender": "m",
        "user_geo_enabled": true,
        "username": "元气少女张鹤伦",
        "comments_count": 3,
        "t": 1484122277,
        "video_status_count": 0,
        "urank": 9,
        "user_ability": 2098176,
        "credit_score": 80
    },
    {
        "reposts_count": 0,
        "uid": 5609943090,
        "bi_followers_count": 16,
        "text": "不管从哪转来的，你最好去辟谣一下，叫他们别散布谣言了",
        "user_description": "",
        "user_avatar": "https://tvax1.sinaimg.cn/default/images/default_avatar_male_50.gif?KID=imgbed,tva&Expires=1584955874&ssig=wwiCAjBirN",
        "id": "4062843390759661",
        "city": "1000",
        "province": "35",
        "friends_count": 633,
        "user_location": "福建",
        "mid": "4062843390759661",
        "verified_reason": "",
        "attitudes_count": 0,
        "followers_count": 139,
        "verified_type": -1,
        "statuses_count": 195,
        "parent": "4062765662243337",
        "verified": false,
        "geo": null,
        "user_created_at": 1478670223,
        "favourites_count": 1,
        "screen_name": "天涯客063",
        "gender": "m",
        "user_geo_enabled": true,
        "username": "天涯客063",
        "comments_count": 0,
        "t": 1484140811,
        "video_status_count": 0,
        "urank": 9,
        "user_ability": 2097152,
        "credit_score": 79
    },
    {
        "reposts_count": 0,
        "uid": 5609943090,
        "bi_followers_count": 16,
        "text": "大家千万别转发散布这个谣言",
        "user_description": "",
        "user_avatar": "https://tvax1.sinaimg.cn/default/images/default_avatar_male_50.gif?KID=imgbed,tva&Expires=1584955874&ssig=wwiCAjBirN",
        "id": "4062843353188916",
        "city": "1000",
        "province": "35",
        "friends_count": 633,
        "user_location": "福建",
        "mid": "4062843353188916",
        "verified_reason": "",
        "attitudes_count": 0,
        "followers_count": 139,
        "verified_type": -1,
        "statuses_count": 195,
        "parent": "4062765662243337",
        "verified": false,
        "geo": null,
        "user_created_at": 1478670223,
        "favourites_count": 1,
        "screen_name": "天涯客063",
        "gender": "m",
        "user_geo_enabled": true,
        "username": "天涯客063",
        "comments_count": 0,
        "t": 1484140802,
        "video_status_count": 0,
        "urank": 9,
        "user_ability": 2097152,
        "credit_score": 79
    },
    {
        "reposts_count": 0,
        "uid": 5609943090,
        "bi_followers_count": 16,
        "text": "这条微博是假的，这两人钱包丢遍全国各地了，丢了好几年了",
        "user_description": "",
        "user_avatar": "https://tvax1.sinaimg.cn/default/images/default_avatar_male_50.gif?KID=imgbed,tva&Expires=1584955874&ssig=wwiCAjBirN",
        "id": "4062843236657652",
        "city": "1000",
        "province": "35",
        "friends_count": 633,
        "user_location": "福建",
        "mid": "4062843236657652",
        "verified_reason": "",
        "attitudes_count": 0,
        "followers_count": 139,
        "verified_type": -1,
        "statuses_count": 195,
        "parent": "4062765662243337",
        "verified": false,
        "geo": null,
        "user_created_at": 1478670223,
        "favourites_count": 1,
        "screen_name": "天涯客063",
        "gender": "m",
        "user_geo_enabled": true,
        "username": "天涯客063",
        "comments_count": 0,
        "t": 1484140774,
        "video_status_count": 0,
        "urank": 9,
        "user_ability": 2097152,
        "credit_score": 79
    }
]