[
    {
        "reposts_count": 0,
        "uid": 6098051870,
        "bi_followers_count": 26,
        "text": "河南平顶山鲁山第一医院：昨天凌晨二点二十三分，三名男女生感染sk5病毒死亡，最大的32岁，最小的5岁，参与抢救的医生已被隔离，中央1台电视新闻己播岀，暂时别吃魚，凉皮，冷面类，酸菜，特别是草魚，酸菜魚，水煮魚，目前河南有3167个已感染。收到马上发给你关心的人，最好是群友。为了您的健康，请...全文： http://m.weibo.cn/6098051870/4062309330249279 ​",
        "user_description": "快快乐乐做自己，开开心心每一天",
        "user_avatar": "https://tva1.sinaimg.cn/crop.0.0.664.664.50/006EGNRkjw8fbjdzwncqnj30ig0igab4.jpg?KID=imgbed,tva&Expires=1584955597&ssig=0hpMkS028W",
        "id": "4062309330249279",
        "city": "4",
        "province": "41",
        "friends_count": 69,
        "user_location": "河南 平顶山",
        "mid": "4062309330249279",
        "verified_reason": "",
        "attitudes_count": 0,
        "followers_count": 138,
        "verified_type": -1,
        "statuses_count": 58,
        "parent": null,
        "verified": false,
        "geo": null,
        "user_created_at": 1483190818,
        "favourites_count": 0,
        "screen_name": "苦尽甘来-LL",
        "gender": "m",
        "user_geo_enabled": true,
        "username": "苦尽甘来-LL",
        "comments_count": 1,
        "t": 1484013481,
        "video_status_count": 0,
        "urank": 6,
        "user_ability": 0,
        "credit_score": 80
    },
    {
        "reposts_count": 0,
        "uid": 5658651146,
        "bi_followers_count": 232,
        "text": "你好，我是平顶山市公安局网警，您的微博账号于２０１７年１月１０日１４：１１发布的微博存在不实之处。为避免不实信息的扩散，建议您将该微博自行删除。警方提示：根据《计算机信息网络国际联网安全保护管理办法》，利用互联网制作、复制、传播不实信息等扰乱社会秩序的，都属于违法行为。",
        "user_description": "",
        "user_avatar": "https://tva4.sinaimg.cn/crop.0.0.819.819.50/006aX7ESjw8eurhu652z0j30mr0mr43m.jpg?KID=imgbed,tva&Expires=1584955597&ssig=6MgQqIR0LO",
        "id": "4172220790708129",
        "city": "1000",
        "province": "41",
        "friends_count": 275,
        "user_location": "河南",
        "mid": "4172220790708129",
        "verified_reason": "平顶山市公安局网络安全保卫支队",
        "attitudes_count": 0,
        "followers_count": 17664,
        "verified_type": 1,
        "statuses_count": 3435,
        "parent": "4062309330249279",
        "verified": true,
        "geo": null,
        "user_created_at": 1437618836,
        "favourites_count": 19,
        "screen_name": "平顶山网警巡查执法",
        "gender": "m",
        "user_geo_enabled": true,
        "username": "平顶山网警巡查执法",
        "comments_count": 0,
        "t": 1510218415,
        "video_status_count": 0,
        "urank": 29,
        "user_ability": 8650760,
        "credit_score": 80
    }
]