[
    {
        "reposts_count": 30,
        "uid": 5566517763,
        "bi_followers_count": 399,
        "text": "网上曝光的假大米制作流程，可怕呀[黑线][黑线] http://t.cn/RMeY84F . ​",
        "user_description": "一直努力，前行！",
        "user_avatar": "https://tva4.sinaimg.cn/crop.0.0.664.664.50/0064Ixyzjw8f67kr6aakrj30ig0igaay.jpg?KID=imgbed,tva&Expires=1584955876&ssig=QMI213LUQa",
        "id": "4065891773075284",
        "city": "1",
        "province": "61",
        "friends_count": 513,
        "user_location": "陕西 西安",
        "mid": "4065891773075284",
        "verified_reason": "",
        "attitudes_count": 33,
        "followers_count": 2452,
        "verified_type": -1,
        "statuses_count": 38867,
        "parent": null,
        "verified": false,
        "geo": null,
        "user_created_at": 1429757130,
        "favourites_count": 72,
        "screen_name": "胡飞0122",
        "gender": "f",
        "user_geo_enabled": true,
        "username": "胡飞0122",
        "comments_count": 27,
        "t": 1484867603,
        "video_status_count": 0,
        "urank": 38,
        "user_ability": 262144,
        "credit_score": 80
    },
    {
        "reposts_count": 0,
        "uid": 2182653573,
        "bi_followers_count": 7,
        "text": "就这一套流程，大米才多少钱一斤。好假",
        "user_description": "",
        "user_avatar": "https://tvax3.sinaimg.cn/crop.0.0.1242.1242.50/8218a685ly8fwcu11uz30j20yi0yin12.jpg?KID=imgbed,tva&Expires=1584955876&ssig=nAKF1bua68",
        "id": "4077765802086253",
        "city": "2",
        "province": "33",
        "friends_count": 188,
        "user_location": "浙江 宁波",
        "mid": "4077765802086253",
        "verified_reason": "",
        "attitudes_count": 0,
        "followers_count": 59,
        "verified_type": -1,
        "statuses_count": 272,
        "parent": "4065891773075284",
        "verified": false,
        "geo": null,
        "user_created_at": 1308403734,
        "favourites_count": 1,
        "screen_name": "____大声叫Hero",
        "gender": "m",
        "user_geo_enabled": true,
        "username": "____大声叫Hero",
        "comments_count": 0,
        "t": 1487698591,
        "video_status_count": 0,
        "urank": 9,
        "user_ability": 35651584,
        "credit_score": 80
    },
    {
        "reposts_count": 0,
        "uid": 5262684033,
        "bi_followers_count": 5,
        "text": "智障的标题党哟",
        "user_description": "如若荣辱与共，许你凤冠霞帔",
        "user_avatar": "https://tvax4.sinaimg.cn/crop.0.0.512.512.50/005K9Gwxly8gbld1opuivj30e80e8dg2.jpg?KID=imgbed,tva&Expires=1584955876&ssig=VCshOEU8Yk",
        "id": "4075007841665587",
        "city": "26",
        "province": "50",
        "friends_count": 140,
        "user_location": "重庆 荣昌县",
        "mid": "4075007841665587",
        "verified_reason": "",
        "attitudes_count": 0,
        "followers_count": 38,
        "verified_type": -1,
        "statuses_count": 6,
        "parent": "4065891773075284",
        "verified": false,
        "geo": null,
        "user_created_at": 1408607183,
        "favourites_count": 104,
        "screen_name": "北有卿",
        "gender": "m",
        "user_geo_enabled": true,
        "username": "北有卿",
        "comments_count": 0,
        "t": 1487041042,
        "video_status_count": 0,
        "urank": 9,
        "user_ability": 35652608,
        "credit_score": 80
    },
    {
        "reposts_count": 0,
        "uid": 2894706737,
        "bi_followers_count": 15,
        "text": "我记得有一个米粉加工的时候也是这个视频",
        "user_description": "我愿意陪你一起去任何地方 也喜欢和你拥抱",
        "user_avatar": "https://tvax4.sinaimg.cn/crop.0.0.1080.1080.50/ac89b831ly8g9yntjqmgvj20u00u0agc.jpg?KID=imgbed,tva&Expires=1584955876&ssig=FqINQGyE3T",
        "id": "4075002015887270",
        "city": "14",
        "province": "31",
        "friends_count": 245,
        "user_location": "上海 嘉定区",
        "mid": "4075002015887270",
        "verified_reason": "",
        "attitudes_count": 0,
        "followers_count": 129,
        "verified_type": -1,
        "statuses_count": 771,
        "parent": "4065891773075284",
        "verified": false,
        "geo": null,
        "user_created_at": 1348820872,
        "favourites_count": 6,
        "screen_name": "M青梅竹马M",
        "gender": "f",
        "user_geo_enabled": true,
        "username": "M青梅竹马M",
        "comments_count": 0,
        "t": 1487039653,
        "video_status_count": 0,
        "urank": 24,
        "user_ability": 1024,
        "credit_score": 80
    },
    {
        "reposts_count": 0,
        "uid": 2854646210,
        "bi_followers_count": 7,
        "text": "塑塑料大米？我八岁就知道这是啥了，能长点脑子吗？",
        "user_description": "拥有，就是失去的开始……",
        "user_avatar": "https://tvax1.sinaimg.cn/crop.0.0.1242.1242.50/aa2671c2ly8ftscfkk3kfj20yi0yidjf.jpg?KID=imgbed,tva&Expires=1584955876&ssig=5yo9cM3%2BHq",
        "id": "4074674809720437",
        "city": "1",
        "province": "42",
        "friends_count": 397,
        "user_location": "湖北 武汉",
        "mid": "4074674809720437",
        "verified_reason": "",
        "attitudes_count": 0,
        "followers_count": 204,
        "verified_type": -1,
        "statuses_count": 619,
        "parent": "4065891773075284",
        "verified": false,
        "geo": null,
        "user_created_at": 1340896890,
        "favourites_count": 24,
        "screen_name": "布拉德茱丽",
        "gender": "m",
        "user_geo_enabled": true,
        "username": "布拉德茱丽",
        "comments_count": 0,
        "t": 1486961641,
        "video_status_count": 0,
        "urank": 30,
        "user_ability": 35651584,
        "credit_score": 80
    },
    {
        "reposts_count": 0,
        "uid": 2246423424,
        "bi_followers_count": 17,
        "text": "回复@说不出的思念26:所以说是假的……应该找写这文章的人……我是在朋友圈看到人家转的，说这个假的结果你知道那类人吗，容易被忽悠的那类……",
        "user_description": "",
        "user_avatar": "https://tva4.sinaimg.cn/crop.50.0.400.400.50/85e5b380jw8f8pi9o9t06j20e60k174g.jpg?KID=imgbed,tva&Expires=1584955876&ssig=LjYGX4Ylas",
        "id": "4073924125402400",
        "city": "5",
        "province": "33",
        "friends_count": 144,
        "user_location": "浙江 湖州",
        "mid": "4073924125402400",
        "verified_reason": "",
        "attitudes_count": 0,
        "followers_count": 115,
        "verified_type": -1,
        "statuses_count": 932,
        "parent": "4065891773075284",
        "verified": false,
        "geo": null,
        "user_created_at": 1311222107,
        "favourites_count": 47,
        "screen_name": "依一奇",
        "gender": "f",
        "user_geo_enabled": true,
        "username": "依一奇",
        "comments_count": 0,
        "t": 1486782665,
        "video_status_count": 0,
        "urank": 14,
        "user_ability": 262144,
        "credit_score": 80
    },
    {
        "reposts_count": 0,
        "uid": 5836260296,
        "bi_followers_count": 1,
        "text": "@朙博：这视频大家都可以放一千个心！不是大米！如果当大米卖给我我全要了！请大家吃饭喝酒我买单[嘻嘻][嘻嘻][嘻嘻][嘻嘻][嘻嘻]",
        "user_description": "",
        "user_avatar": "https://tva2.sinaimg.cn/crop.0.0.1328.1328.50/006mYlUAjw8f0c4dc1frkj310w10wn2a.jpg?KID=imgbed,tva&Expires=1584955876&ssig=sH3KJPwyQ4",
        "id": "4073721939121919",
        "city": "1",
        "province": "51",
        "friends_count": 77,
        "user_location": "四川 成都",
        "mid": "4073721939121919",
        "verified_reason": "",
        "attitudes_count": 0,
        "followers_count": 17,
        "verified_type": -1,
        "statuses_count": 33,
        "parent": "4065891773075284",
        "verified": false,
        "geo": null,
        "user_created_at": 1453444592,
        "favourites_count": 4,
        "screen_name": "朙博",
        "gender": "m",
        "user_geo_enabled": true,
        "username": "朙博",
        "comments_count": 0,
        "t": 1486734459,
        "video_status_count": 0,
        "urank": 9,
        "user_ability": 33555456,
        "credit_score": 80
    },
    {
        "reposts_count": 0,
        "uid": 1738806481,
        "bi_followers_count": 13,
        "text": "😱😱😱😱[怒骂][怒骂]",
        "user_description": "理性的思考 感性的活着 Resolve to perform what u ought.Perform without fail what u resolve...",
        "user_avatar": "https://tva3.sinaimg.cn/crop.0.0.180.180.50/67a414d1jw1e8qgp5bmzyj2050050aa8.jpg?KID=imgbed,tva&Expires=1584955876&ssig=sI%2B9R0krl7",
        "id": "4073705044725606",
        "city": "6",
        "province": "34",
        "friends_count": 530,
        "user_location": "安徽 淮北",
        "mid": "4073705044725606",
        "verified_reason": "",
        "attitudes_count": 0,
        "followers_count": 461,
        "verified_type": -1,
        "statuses_count": 2798,
        "parent": "4065891773075284",
        "verified": false,
        "geo": null,
        "user_created_at": 1273227295,
        "favourites_count": 253,
        "screen_name": "溜-溜-梅的V博",
        "gender": "f",
        "user_geo_enabled": false,
        "username": "溜-溜-梅的V博",
        "comments_count": 0,
        "t": 1486730431,
        "video_status_count": 0,
        "urank": 17,
        "user_ability": 2097152,
        "credit_score": 80
    },
    {
        "reposts_count": 0,
        "uid": 5562297526,
        "bi_followers_count": 59,
        "text": "回复@14艺Xback:这是塑料颗粒加工过程[微笑]",
        "user_description": "手工爱好者",
        "user_avatar": "https://tvax3.sinaimg.cn/crop.0.0.996.996.50/0064qPGely8fwycs55be4j30ro0roac4.jpg?KID=imgbed,tva&Expires=1584955876&ssig=p6AJdRomLw",
        "id": "4073408720928505",
        "city": "1000",
        "province": "100",
        "friends_count": 171,
        "user_location": "其他",
        "mid": "4073408720928505",
        "verified_reason": "",
        "attitudes_count": 0,
        "followers_count": 379,
        "verified_type": -1,
        "statuses_count": 163,
        "parent": "4065891773075284",
        "verified": false,
        "geo": null,
        "user_created_at": 1426670451,
        "favourites_count": 334,
        "screen_name": "西洋菓子铺",
        "gender": "f",
        "user_geo_enabled": true,
        "username": "西洋菓子铺",
        "comments_count": 0,
        "t": 1486659782,
        "video_status_count": 0,
        "urank": 30,
        "user_ability": 2097152,
        "credit_score": 80
    },
    {
        "reposts_count": 0,
        "uid": 5562297526,
        "bi_followers_count": 59,
        "text": "回复@即将拥有入鱼线的PDD:这是塑料颗粒的制作过程！网上都是谣传的！[黑线]",
        "user_description": "手工爱好者",
        "user_avatar": "https://tvax3.sinaimg.cn/crop.0.0.996.996.50/0064qPGely8fwycs55be4j30ro0roac4.jpg?KID=imgbed,tva&Expires=1584955876&ssig=p6AJdRomLw",
        "id": "4073408079328987",
        "city": "1000",
        "province": "100",
        "friends_count": 171,
        "user_location": "其他",
        "mid": "4073408079328987",
        "verified_reason": "",
        "attitudes_count": 0,
        "followers_count": 379,
        "verified_type": -1,
        "statuses_count": 163,
        "parent": "4065891773075284",
        "verified": false,
        "geo": null,
        "user_created_at": 1426670451,
        "favourites_count": 334,
        "screen_name": "西洋菓子铺",
        "gender": "f",
        "user_geo_enabled": true,
        "username": "西洋菓子铺",
        "comments_count": 0,
        "t": 1486659629,
        "video_status_count": 0,
        "urank": 30,
        "user_ability": 2097152,
        "credit_score": 80
    },
    {
        "reposts_count": 0,
        "uid": 5562297526,
        "bi_followers_count": 59,
        "text": "回复@桂毅文旅:关于这个视频这家的当事人已经澄清也证实过了，你还真可爱还艾特一堆公众号[汗]",
        "user_description": "手工爱好者",
        "user_avatar": "https://tvax3.sinaimg.cn/crop.0.0.996.996.50/0064qPGely8fwycs55be4j30ro0roac4.jpg?KID=imgbed,tva&Expires=1584955876&ssig=p6AJdRomLw",
        "id": "4073407533953802",
        "city": "1000",
        "province": "100",
        "friends_count": 171,
        "user_location": "其他",
        "mid": "4073407533953802",
        "verified_reason": "",
        "attitudes_count": 0,
        "followers_count": 379,
        "verified_type": -1,
        "statuses_count": 163,
        "parent": "4065891773075284",
        "verified": false,
        "geo": null,
        "user_created_at": 1426670451,
        "favourites_count": 334,
        "screen_name": "西洋菓子铺",
        "gender": "f",
        "user_geo_enabled": true,
        "username": "西洋菓子铺",
        "comments_count": 0,
        "t": 1486659499,
        "video_status_count": 0,
        "urank": 30,
        "user_ability": 2097152,
        "credit_score": 80
    },
    {
        "reposts_count": 0,
        "uid": 5503276994,
        "bi_followers_count": 3,
        "text": "这比米还贵呢，",
        "user_description": "努力改变自己",
        "user_avatar": "https://tva3.sinaimg.cn/crop.0.0.964.964.50/0060rbKajw8eov79fwkrcj30qs0qtdnk.jpg?KID=imgbed,tva&Expires=1584955876&ssig=3aVQi3laee",
        "id": "4073366397171308",
        "city": "11",
        "province": "34",
        "friends_count": 31,
        "user_location": "安徽 滁州",
        "mid": "4073366397171308",
        "verified_reason": "",
        "attitudes_count": 0,
        "followers_count": 35,
        "verified_type": -1,
        "statuses_count": 86,
        "parent": "4065891773075284",
        "verified": false,
        "geo": null,
        "user_created_at": 1422685020,
        "favourites_count": 1,
        "screen_name": "相信自己5503276994",
        "gender": "f",
        "user_geo_enabled": true,
        "username": "相信自己5503276994",
        "comments_count": 0,
        "t": 1486649691,
        "video_status_count": 0,
        "urank": 9,
        "user_ability": 0,
        "credit_score": 80
    },
    {
        "reposts_count": 0,
        "uid": 2673500310,
        "bi_followers_count": 4,
        "text": "这帮人我只能说你们都是人才啊 可是为什么就不能往好的地方用呢",
        "user_description": "",
        "user_avatar": "https://tvax4.sinaimg.cn/crop.0.0.1002.1002.50/9f5a6096ly8fzt0c79q7ej20ru0ru0vr.jpg?KID=imgbed,tva&Expires=1584955876&ssig=O5Yfh2lF2S",
        "id": "4073360625008138",
        "city": "1000",
        "province": "43",
        "friends_count": 123,
        "user_location": "湖南",
        "mid": "4073360625008138",
        "verified_reason": "",
        "attitudes_count": 0,
        "followers_count": 148,
        "verified_type": -1,
        "statuses_count": 4533,
        "parent": "4065891773075284",
        "verified": false,
        "geo": null,
        "user_created_at": 1327028177,
        "favourites_count": 151,
        "screen_name": "木2019木夕",
        "gender": "f",
        "user_geo_enabled": true,
        "username": "木2019木夕",
        "comments_count": 0,
        "t": 1486648315,
        "video_status_count": 0,
        "urank": 14,
        "user_ability": 2098176,
        "credit_score": 80
    },
    {
        "reposts_count": 0,
        "uid": 3835432130,
        "bi_followers_count": 22,
        "text": "回复@桂毅文旅:@这么多人来证明你是笨蛋吗。这也信！",
        "user_description": "",
        "user_avatar": "https://tvax4.sinaimg.cn/crop.0.0.664.664.50/e49c0cc2ly8g7vh5tfxruj20ig0iggmp.jpg?KID=imgbed,tva&Expires=1584955876&ssig=jX3a8Ct137",
        "id": "4073307869239336",
        "city": "1000",
        "province": "34",
        "friends_count": 1230,
        "user_location": "安徽",
        "mid": "4073307869239336",
        "verified_reason": "",
        "attitudes_count": 0,
        "followers_count": 420,
        "verified_type": -1,
        "statuses_count": 677,
        "parent": "4065891773075284",
        "verified": false,
        "geo": null,
        "user_created_at": 1380984315,
        "favourites_count": 26,
        "screen_name": "烟圈很圆1",
        "gender": "m",
        "user_geo_enabled": true,
        "username": "烟圈很圆1",
        "comments_count": 0,
        "t": 1486635737,
        "video_status_count": 0,
        "urank": 14,
        "user_ability": 2097152,
        "credit_score": 75
    },
    {
        "reposts_count": 0,
        "uid": 5890271440,
        "bi_followers_count": 9,
        "text": "这是塑料颗粒吧……比大米值钱",
        "user_description": "👏",
        "user_avatar": "https://tvax3.sinaimg.cn/crop.0.0.996.996.50/006qCYG4ly8ftkq7ounodj30ro0ro76l.jpg?KID=imgbed,tva&Expires=1584955876&ssig=j5QCBzENHe",
        "id": "4073262902283253",
        "city": "13",
        "province": "11",
        "friends_count": 193,
        "user_location": "北京 顺义区",
        "mid": "4073262902283253",
        "verified_reason": "",
        "attitudes_count": 0,
        "followers_count": 38,
        "verified_type": -1,
        "statuses_count": 4,
        "parent": "4065891773075284",
        "verified": false,
        "geo": null,
        "user_created_at": 1459581488,
        "favourites_count": 115,
        "screen_name": "郭亚文abby",
        "gender": "f",
        "user_geo_enabled": true,
        "username": "郭亚文abby",
        "comments_count": 0,
        "t": 1486625016,
        "video_status_count": 0,
        "urank": 9,
        "user_ability": 1024,
        "credit_score": 80
    },
    {
        "reposts_count": 0,
        "uid": 5755169294,
        "bi_followers_count": 15,
        "text": "哎，没脑子的人啊，这就是把塑料颗粒化，流言真可怕",
        "user_description": "我就是我，你不了解的我！",
        "user_avatar": "https://tva3.sinaimg.cn/crop.0.0.480.480.50/006hu6rcjw8exzrgio8tpj30dc0dct9e.jpg?KID=imgbed,tva&Expires=1584955876&ssig=W2lnyHBs%2F1",
        "id": "4072689793195695",
        "city": "1000",
        "province": "14",
        "friends_count": 153,
        "user_location": "山西",
        "mid": "4072689793195695",
        "verified_reason": "",
        "attitudes_count": 0,
        "followers_count": 132,
        "verified_type": -1,
        "statuses_count": 301,
        "parent": "4065891773075284",
        "verified": false,
        "geo": null,
        "user_created_at": 1447426198,
        "favourites_count": 3,
        "screen_name": "KISSMETONIGHT",
        "gender": "m",
        "user_geo_enabled": true,
        "username": "KISSMETONIGHT",
        "comments_count": 0,
        "t": 1486488376,
        "video_status_count": 0,
        "urank": 9,
        "user_ability": 1024,
        "credit_score": 80
    },
    {
        "reposts_count": 0,
        "uid": 6064363291,
        "bi_followers_count": 1,
        "text": "回复@桂毅文旅:这只是塑料袋的原料",
        "user_description": "一个爱吃肉的小胖咋",
        "user_avatar": "https://tva1.sinaimg.cn/crop.0.0.750.750.50/006CprV9jw8f9go0upe4wj30ku0kudgz.jpg?KID=imgbed,tva&Expires=1584955876&ssig=QZkkmA%2FHiv",
        "id": "4071932846171971",
        "city": "9",
        "province": "32",
        "friends_count": 250,
        "user_location": "江苏 盐城",
        "mid": "4071932846171971",
        "verified_reason": "",
        "attitudes_count": 0,
        "followers_count": 93,
        "verified_type": -1,
        "statuses_count": 28,
        "parent": "4065891773075284",
        "verified": false,
        "geo": null,
        "user_created_at": 1478285101,
        "favourites_count": 2,
        "screen_name": "A玉面小郎君",
        "gender": "m",
        "user_geo_enabled": true,
        "username": "A玉面小郎君",
        "comments_count": 0,
        "t": 1486307906,
        "video_status_count": 0,
        "urank": 8,
        "user_ability": 35651584,
        "credit_score": 80
    },
    {
        "reposts_count": 0,
        "uid": 5947520605,
        "bi_followers_count": 0,
        "text": "也就是普通的塑料加工  整成塑料颗粒罢了",
        "user_description": "这个人很日怪",
        "user_avatar": "https://tva2.sinaimg.cn/crop.0.0.996.996.50/006uvbNHjw8f5ozf14kg2j30ro0rpaez.jpg?KID=imgbed,tva&Expires=1584955876&ssig=5FN75NGxet",
        "id": "4071864227695659",
        "city": "1000",
        "province": "14",
        "friends_count": 218,
        "user_location": "山西",
        "mid": "4071864227695659",
        "verified_reason": "",
        "attitudes_count": 0,
        "followers_count": 68,
        "verified_type": -1,
        "statuses_count": 113,
        "parent": "4065891773075284",
        "verified": false,
        "geo": null,
        "user_created_at": 1465296579,
        "favourites_count": 1,
        "screen_name": "日怪的娃",
        "gender": "m",
        "user_geo_enabled": true,
        "username": "日怪的娃",
        "comments_count": 0,
        "t": 1486291546,
        "video_status_count": 0,
        "urank": 4,
        "user_ability": 2098176,
        "credit_score": 80
    },
    {
        "reposts_count": 0,
        "uid": 5693559956,
        "bi_followers_count": 11,
        "text": "掺着卖吗……？",
        "user_description": ") 我问你为什么不喜欢桐谷美玲",
        "user_avatar": "https://tva4.sinaimg.cn/crop.0.0.996.996.50/006djB2cjw8fbrrnvvo4uj30ro0rpjt6.jpg?KID=imgbed,tva&Expires=1584955876&ssig=z3QnYaDtcr",
        "id": "4071848033964246",
        "city": "1000",
        "province": "100",
        "friends_count": 95,
        "user_location": "其他",
        "mid": "4071848033964246",
        "verified_reason": "",
        "attitudes_count": 0,
        "followers_count": 56,
        "verified_type": -1,
        "statuses_count": 98,
        "parent": "4065891773075284",
        "verified": false,
        "geo": null,
        "user_created_at": 1441294774,
        "favourites_count": 0,
        "screen_name": "即将拥有入鱼线的PDD",
        "gender": "m",
        "user_geo_enabled": true,
        "username": "即将拥有入鱼线的PDD",
        "comments_count": 0,
        "t": 1486287685,
        "video_status_count": 0,
        "urank": 9,
        "user_ability": 2098176,
        "credit_score": 80
    },
    {
        "reposts_count": 0,
        "uid": 3031928312,
        "bi_followers_count": 1,
        "text": "为毛微博那么多标题党？真曝光你倒是拍的成品塑料米清楚点啊……听别人说大多数都是差点的米或价格低的充好的米卖的多…………",
        "user_description": "我要的不多………………",
        "user_avatar": "https://tvax2.sinaimg.cn/crop.0.0.996.996.50/b4b78df8ly8fl8e5jgoqlj20ro0rodi3.jpg?KID=imgbed,tva&Expires=1584955876&ssig=MPdsrWyYC7",
        "id": "4071769826448652",
        "city": "19",
        "province": "44",
        "friends_count": 580,
        "user_location": "广东 东莞",
        "mid": "4071769826448652",
        "verified_reason": "",
        "attitudes_count": 0,
        "followers_count": 82,
        "verified_type": -1,
        "statuses_count": 1096,
        "parent": "4065891773075284",
        "verified": false,
        "geo": null,
        "user_created_at": 1355938195,
        "favourites_count": 11,
        "screen_name": "活在回忆中丶",
        "gender": "m",
        "user_geo_enabled": true,
        "username": "活在回忆中丶",
        "comments_count": 0,
        "t": 1486269039,
        "video_status_count": 0,
        "urank": 31,
        "user_ability": 33555456,
        "credit_score": 80
    },
    {
        "reposts_count": 0,
        "uid": 5381594863,
        "bi_followers_count": 5,
        "text": "还怀疑呢，只要是初中毕业的都知道这肯定是假的",
        "user_description": "北漂程序猿",
        "user_avatar": "https://tva3.sinaimg.cn/crop.1.0.638.638.50/005ScCF9jw8f8j6ei80spj30hs0hqq3r.jpg?KID=imgbed,tva&Expires=1584955876&ssig=TTvt9YwyUI",
        "id": "4071708316440893",
        "city": "1000",
        "province": "11",
        "friends_count": 110,
        "user_location": "北京",
        "mid": "4071708316440893",
        "verified_reason": "",
        "attitudes_count": 0,
        "followers_count": 48,
        "verified_type": -1,
        "statuses_count": 49,
        "parent": "4065891773075284",
        "verified": false,
        "geo": null,
        "user_created_at": 1416539602,
        "favourites_count": 0,
        "screen_name": "勇猛的草包",
        "gender": "m",
        "user_geo_enabled": true,
        "username": "勇猛的草包",
        "comments_count": 0,
        "t": 1486254375,
        "video_status_count": 0,
        "urank": 9,
        "user_ability": 0,
        "credit_score": 80
    },
    {
        "reposts_count": 0,
        "uid": 1789063377,
        "bi_followers_count": 21,
        "text": "回复@依一奇:不是大米  只是用来当干燥剂..当事人不知道解释了多久",
        "user_description": "",
        "user_avatar": "https://tva1.sinaimg.cn/crop.0.0.720.720.50/6aa2f0d1jw8eam5pqf817j20k00k0q3a.jpg?KID=imgbed,tva&Expires=1584955876&ssig=S935BeJfjC",
        "id": "4071203415691404",
        "city": "16",
        "province": "41",
        "friends_count": 131,
        "user_location": "河南 周口",
        "mid": "4071203415691404",
        "verified_reason": "",
        "attitudes_count": 0,
        "followers_count": 252,
        "verified_type": -1,
        "statuses_count": 2420,
        "parent": "4065891773075284",
        "verified": false,
        "geo": null,
        "user_created_at": 1281147631,
        "favourites_count": 21,
        "screen_name": "说不出的思念26",
        "gender": "m",
        "user_geo_enabled": false,
        "username": "说不出的思念26",
        "comments_count": 0,
        "t": 1486133995,
        "video_status_count": 0,
        "urank": 39,
        "user_ability": 2359296,
        "credit_score": 80
    },
    {
        "reposts_count": 0,
        "uid": 3169588381,
        "bi_followers_count": 51,
        "text": "@永不满足的Lainey-Ray",
        "user_description": "盐吃的少，口味淡",
        "user_avatar": "https://tvax4.sinaimg.cn/crop.0.0.1080.1080.50/bcec149dly8g6ch8sle6qj20u00u0adr.jpg?KID=imgbed,tva&Expires=1584955876&ssig=bXFNQGWefh",
        "id": "4070872740874032",
        "city": "8",
        "province": "62",
        "friends_count": 266,
        "user_location": "甘肃 平凉",
        "mid": "4070872740874032",
        "verified_reason": "",
        "attitudes_count": 0,
        "followers_count": 383,
        "verified_type": -1,
        "statuses_count": 49,
        "parent": "4065891773075284",
        "verified": false,
        "geo": null,
        "user_created_at": 1354189857,
        "favourites_count": 7,
        "screen_name": "淡食者",
        "gender": "m",
        "user_geo_enabled": true,
        "username": "淡食者",
        "comments_count": 0,
        "t": 1486055157,
        "video_status_count": 0,
        "urank": 31,
        "user_ability": 3145728,
        "credit_score": 80
    },
    {
        "reposts_count": 0,
        "uid": 1889596382,
        "bi_followers_count": 38,
        "text": "[二哈][二哈][二哈]只是普通的塑料加工！这也能联想到毒大米！厉害了，我的姐！[摊手][摊手][摊手]",
        "user_description": "愿我            ！",
        "user_avatar": "https://tvax3.sinaimg.cn/crop.0.0.667.667.50/70a0f3dely8fn3s20yvmpj20ij0ij75t.jpg?KID=imgbed,tva&Expires=1584955876&ssig=Azm6DPgCVj",
        "id": "4070786102503745",
        "city": "1000",
        "province": "44",
        "friends_count": 73,
        "user_location": "广东",
        "mid": "4070786102503745",
        "verified_reason": "",
        "attitudes_count": 0,
        "followers_count": 549,
        "verified_type": 220,
        "statuses_count": 5353,
        "parent": "4065891773075284",
        "verified": false,
        "geo": null,
        "user_created_at": 1291613852,
        "favourites_count": 635,
        "screen_name": "Bsacelies",
        "gender": "m",
        "user_geo_enabled": true,
        "username": "Bsacelies",
        "comments_count": 0,
        "t": 1486034500,
        "video_status_count": 0,
        "urank": 33,
        "user_ability": 2098176,
        "credit_score": 80
    },
    {
        "reposts_count": 0,
        "uid": 5376984294,
        "bi_followers_count": 2,
        "text": "我也怀疑是假的",
        "user_description": "",
        "user_avatar": "https://tva1.sinaimg.cn/crop.0.0.498.498.50/005RThf8jw8f2oakoamyoj30du0du74o.jpg?KID=imgbed,tva&Expires=1584955876&ssig=VCdiWXlHwq",
        "id": "4070737582684024",
        "city": "1",
        "province": "43",
        "friends_count": 81,
        "user_location": "湖南 长沙",
        "mid": "4070737582684024",
        "verified_reason": "",
        "attitudes_count": 0,
        "followers_count": 26,
        "verified_type": -1,
        "statuses_count": 7,
        "parent": "4065891773075284",
        "verified": false,
        "geo": null,
        "user_created_at": 1416377221,
        "favourites_count": 0,
        "screen_name": "天蓝蓝蓝blowsnow",
        "gender": "f",
        "user_geo_enabled": true,
        "username": "天蓝蓝蓝blowsnow",
        "comments_count": 0,
        "t": 1486022933,
        "video_status_count": 0,
        "urank": 9,
        "user_ability": 2098176,
        "credit_score": 80
    },
    {
        "reposts_count": 0,
        "uid": 2246423424,
        "bi_followers_count": 17,
        "text": "这个我好奇的是，就算样子可以做的一样，这个味道怎么能一样，毕竟一个可以吃一个不可以吃，所以怀疑视频是假的",
        "user_description": "",
        "user_avatar": "https://tva4.sinaimg.cn/crop.50.0.400.400.50/85e5b380jw8f8pi9o9t06j20e60k174g.jpg?KID=imgbed,tva&Expires=1584955876&ssig=LjYGX4Ylas",
        "id": "4070715454144139",
        "city": "5",
        "province": "33",
        "friends_count": 144,
        "user_location": "浙江 湖州",
        "mid": "4070715454144139",
        "verified_reason": "",
        "attitudes_count": 0,
        "followers_count": 115,
        "verified_type": -1,
        "statuses_count": 932,
        "parent": "4065891773075284",
        "verified": false,
        "geo": null,
        "user_created_at": 1311222107,
        "favourites_count": 47,
        "screen_name": "依一奇",
        "gender": "f",
        "user_geo_enabled": true,
        "username": "依一奇",
        "comments_count": 0,
        "t": 1486017657,
        "video_status_count": 0,
        "urank": 14,
        "user_ability": 262144,
        "credit_score": 80
    },
    {
        "reposts_count": 0,
        "uid": 1506088274,
        "bi_followers_count": 4319,
        "text": "@胡飞0122提醒大家:食品安全不能松懈@国粹精选@法制当涂@建筑装饰MMM闫开荣@闵一嘴@天莫塌_哥何怕@人生若于初见@赵建广摄影@无因管理FA@大狗街拍@謎老大201611@北漂的爷1王成林@南京老树@魁星闪烁@燕窝-阿望@甘肃梵盛亿购成子龙@308兵团在线 @汪老师的语文小课堂@食尚宜昌@秦岭北山果园",
        "user_description": "中国封龙文化发展股份有限公司以文化旅游创意产业为主体的全程服务机构，集文化旅游开发，运营管理执行，品牌营销推广等于一体的大文化企业平台。",
        "user_avatar": "https://tva4.sinaimg.cn/crop.0.3.551.551.50/59c51552jw1faddx5uiqsj20fb0fiwex.jpg?KID=imgbed,tva&Expires=1584955876&ssig=a1%2BDur3Zd1",
        "id": "4068276646636291",
        "city": "3",
        "province": "44",
        "friends_count": 4895,
        "user_location": "广东 深圳",
        "mid": "4068276646636291",
        "verified_reason": "封龙文化发展股份有限公司董事长",
        "attitudes_count": 0,
        "followers_count": 16789,
        "verified_type": 0,
        "statuses_count": 23228,
        "parent": "4065891773075284",
        "verified": true,
        "geo": null,
        "user_created_at": 1376466856,
        "favourites_count": 31,
        "screen_name": "桂毅文旅",
        "gender": "m",
        "user_geo_enabled": true,
        "username": "桂毅文旅",
        "comments_count": 0,
        "t": 1485436199,
        "video_status_count": 0,
        "urank": 33,
        "user_ability": 2097160,
        "credit_score": 80
    }
]