[
    {
        "reposts_count": 8,
        "uid": 1600196763,
        "bi_followers_count": 1716,
        "text": "“【你不知道的秘密】塑料大米加工全过程，触目惊心呐…”http://t.cn/RxvXLvy (使用#秒拍#录制,免流量看热门短视频!) ​",
        "user_description": "微博签约，资深媒体人…",
        "user_avatar": "https://tvax4.sinaimg.cn/crop.0.0.512.512.50/5f61109bly8fswks7ha6gj20e80e80tj.jpg?KID=imgbed,tva&Expires=1584955860&ssig=U0J%2B3oTFHc",
        "id": "4066139698856510",
        "city": "1000",
        "province": "13",
        "friends_count": 1917,
        "user_location": "河北",
        "mid": "4066139698856510",
        "verified_reason": "中国腕表行业新锐之星，劳士顿（ROSDN)、省区负责人 头条文章作者",
        "attitudes_count": 10,
        "followers_count": 14372,
        "verified_type": 0,
        "statuses_count": 4113,
        "parent": null,
        "verified": true,
        "geo": null,
        "user_created_at": 1312822586,
        "favourites_count": 27,
        "screen_name": "治愈咖",
        "gender": "m",
        "user_geo_enabled": true,
        "username": "治愈咖",
        "comments_count": 11,
        "t": 1484926711,
        "video_status_count": 0,
        "urank": 44,
        "user_ability": 10750476,
        "credit_score": 80
    },
    {
        "reposts_count": 0,
        "uid": 1956429747,
        "bi_followers_count": 14,
        "text": "是故意造谣还是智商问题？",
        "user_description": "老头一个",
        "user_avatar": "https://tvax1.sinaimg.cn/default/images/default_avatar_male_50.gif?KID=imgbed,tva&Expires=1584955860&ssig=9O9nE67zIE",
        "id": "4081632413699942",
        "city": "1",
        "province": "32",
        "friends_count": 320,
        "user_location": "江苏 南京",
        "mid": "4081632413699942",
        "verified_reason": "",
        "attitudes_count": 0,
        "followers_count": 55,
        "verified_type": -1,
        "statuses_count": 409,
        "parent": "4066139698856510",
        "verified": false,
        "geo": null,
        "user_created_at": 1297127407,
        "favourites_count": 26,
        "screen_name": "河哥4444",
        "gender": "m",
        "user_geo_enabled": true,
        "username": "河哥4444",
        "comments_count": 0,
        "t": 1488620463,
        "video_status_count": 0,
        "urank": 9,
        "user_ability": 33554432,
        "credit_score": 80
    },
    {
        "reposts_count": 0,
        "uid": 5887329967,
        "bi_followers_count": 0,
        "text": "害人害已啊！为了钱早晚把自己人害死",
        "user_description": "如果你想和别人制造牵绊、就要承受流泪的风险！",
        "user_avatar": "https://tva2.sinaimg.cn/crop.0.0.750.750.50/006qqDsXjw8f81mgdnyqoj30ku0ku75p.jpg?KID=imgbed,tva&Expires=1584955860&ssig=RCpxLbT80v",
        "id": "4078831926620587",
        "city": "4",
        "province": "37",
        "friends_count": 22,
        "user_location": "山东 枣庄",
        "mid": "4078831926620587",
        "verified_reason": "",
        "attitudes_count": 0,
        "followers_count": 18,
        "verified_type": -1,
        "statuses_count": 18,
        "parent": "4066139698856510",
        "verified": false,
        "geo": null,
        "user_created_at": 1458894093,
        "favourites_count": 0,
        "screen_name": "Qunne张",
        "gender": "f",
        "user_geo_enabled": true,
        "username": "Qunne张",
        "comments_count": 0,
        "t": 1487952775,
        "video_status_count": 0,
        "urank": 9,
        "user_ability": 2098176,
        "credit_score": 80
    },
    {
        "reposts_count": 0,
        "uid": 5516300878,
        "bi_followers_count": 2,
        "text": "你用的塑料袋什么的塑料制品就是从这些颗粒里来的[微笑]",
        "user_description": "",
        "user_avatar": "https://tva2.sinaimg.cn/crop.0.0.996.996.50/0061jPQOjw8fb0rkvu9fcj30ro0rpjyo.jpg?KID=imgbed,tva&Expires=1584955860&ssig=69iKeYFkEE",
        "id": "4076993240139274",
        "city": "1000",
        "province": "100",
        "friends_count": 22,
        "user_location": "其他",
        "mid": "4076993240139274",
        "verified_reason": "",
        "attitudes_count": 0,
        "followers_count": 11,
        "verified_type": -1,
        "statuses_count": 34,
        "parent": "4066139698856510",
        "verified": false,
        "geo": null,
        "user_created_at": 1423665691,
        "favourites_count": 2,
        "screen_name": "艾米水货",
        "gender": "m",
        "user_geo_enabled": true,
        "username": "艾米水货",
        "comments_count": 0,
        "t": 1487514399,
        "video_status_count": 0,
        "urank": 9,
        "user_ability": 1024,
        "credit_score": 80
    },
    {
        "reposts_count": 0,
        "uid": 3578376020,
        "bi_followers_count": 14,
        "text": "回复@广丰房车汇:塑料颗粒  做填充物的  谣传犯法的",
        "user_description": "你所经历过的每一天，每件事，都会在你的脸上留下印记。这是无法逃脱的宿命，更像咳嗽一样无法掩饰！",
        "user_avatar": "https://tva2.sinaimg.cn/crop.0.17.1242.1242.50/d549af54jw8f7r8sreylnj20yi0zhq4u.jpg?KID=imgbed,tva&Expires=1584955860&ssig=TzQdo4ThLR",
        "id": "4073353155284171",
        "city": "6",
        "province": "32",
        "friends_count": 269,
        "user_location": "江苏 南通",
        "mid": "4073353155284171",
        "verified_reason": "",
        "attitudes_count": 0,
        "followers_count": 30,
        "verified_type": -1,
        "statuses_count": 212,
        "parent": "4066139698856510",
        "verified": false,
        "geo": null,
        "user_created_at": 1372815477,
        "favourites_count": 0,
        "screen_name": "YYjw666888",
        "gender": "m",
        "user_geo_enabled": true,
        "username": "YYjw666888",
        "comments_count": 0,
        "t": 1486646534,
        "video_status_count": 0,
        "urank": 14,
        "user_ability": 33554432,
        "credit_score": 80
    },
    {
        "reposts_count": 0,
        "uid": 1600196763,
        "bi_followers_count": 1716,
        "text": "回复@广丰房车汇:群众的眼睛👀 是雪亮的！！",
        "user_description": "微博签约，资深媒体人…",
        "user_avatar": "https://tvax4.sinaimg.cn/crop.0.0.512.512.50/5f61109bly8fswks7ha6gj20e80e80tj.jpg?KID=imgbed,tva&Expires=1584955860&ssig=U0J%2B3oTFHc",
        "id": "4073291347509546",
        "city": "1000",
        "province": "13",
        "friends_count": 1917,
        "user_location": "河北",
        "mid": "4073291347509546",
        "verified_reason": "中国腕表行业新锐之星，劳士顿（ROSDN)、省区负责人 头条文章作者",
        "attitudes_count": 0,
        "followers_count": 14372,
        "verified_type": 0,
        "statuses_count": 4113,
        "parent": "4066139698856510",
        "verified": true,
        "geo": null,
        "user_created_at": 1312822586,
        "favourites_count": 27,
        "screen_name": "治愈咖",
        "gender": "m",
        "user_geo_enabled": true,
        "username": "治愈咖",
        "comments_count": 0,
        "t": 1486631798,
        "video_status_count": 0,
        "urank": 44,
        "user_ability": 10750476,
        "credit_score": 80
    },
    {
        "reposts_count": 0,
        "uid": 6012284634,
        "bi_followers_count": 6,
        "text": "这智商也没谁了，谣传是犯法的，请分清到底是什么在说话再发东西好吗",
        "user_description": "我就是个卖车的，有需求了我专心给您介绍，没需求了就当长知识了",
        "user_avatar": "https://tvax4.sinaimg.cn/crop.14.0.722.722.50/006ySVSOgy8fh4dtk1qfvj30ku0k2jt1.jpg?KID=imgbed,tva&Expires=1584955860&ssig=ldlmjpAGci",
        "id": "4073288399993844",
        "city": "1",
        "province": "61",
        "friends_count": 143,
        "user_location": "陕西 西安",
        "mid": "4073288399993844",
        "verified_reason": "",
        "attitudes_count": 0,
        "followers_count": 35,
        "verified_type": -1,
        "statuses_count": 8,
        "parent": "4066139698856510",
        "verified": false,
        "geo": null,
        "user_created_at": 1472114468,
        "favourites_count": 10,
        "screen_name": "西安广丰房车汇小松",
        "gender": "m",
        "user_geo_enabled": true,
        "username": "西安广丰房车汇小松",
        "comments_count": 0,
        "t": 1486631095,
        "video_status_count": 0,
        "urank": 9,
        "user_ability": 33554432,
        "credit_score": 80
    },
    {
        "reposts_count": 0,
        "uid": 1600196763,
        "bi_followers_count": 1716,
        "text": "回复@DacccY:恩",
        "user_description": "微博签约，资深媒体人…",
        "user_avatar": "https://tvax4.sinaimg.cn/crop.0.0.512.512.50/5f61109bly8fswks7ha6gj20e80e80tj.jpg?KID=imgbed,tva&Expires=1584955860&ssig=U0J%2B3oTFHc",
        "id": "4072906008544337",
        "city": "1000",
        "province": "13",
        "friends_count": 1917,
        "user_location": "河北",
        "mid": "4072906008544337",
        "verified_reason": "中国腕表行业新锐之星，劳士顿（ROSDN)、省区负责人 头条文章作者",
        "attitudes_count": 0,
        "followers_count": 14372,
        "verified_type": 0,
        "statuses_count": 4113,
        "parent": "4066139698856510",
        "verified": true,
        "geo": null,
        "user_created_at": 1312822586,
        "favourites_count": 27,
        "screen_name": "治愈咖",
        "gender": "m",
        "user_geo_enabled": true,
        "username": "治愈咖",
        "comments_count": 0,
        "t": 1486539926,
        "video_status_count": 0,
        "urank": 44,
        "user_ability": 10750476,
        "credit_score": 80
    },
    {
        "reposts_count": 0,
        "uid": 5376238122,
        "bi_followers_count": 13,
        "text": "这个是生产塑料制品的料吧",
        "user_description": "及时止损",
        "user_avatar": "https://tvax1.sinaimg.cn/crop.0.0.1080.1080.50/005RQ986ly8gcnlilev81j30u00u0q4o.jpg?KID=imgbed,tva&Expires=1584955860&ssig=ycUrsrRkY8",
        "id": "4072903680731022",
        "city": "1",
        "province": "44",
        "friends_count": 25,
        "user_location": "广东 广州",
        "mid": "4072903680731022",
        "verified_reason": "",
        "attitudes_count": 0,
        "followers_count": 49,
        "verified_type": -1,
        "statuses_count": 3,
        "parent": "4066139698856510",
        "verified": false,
        "geo": null,
        "user_created_at": 1416279516,
        "favourites_count": 13,
        "screen_name": "Corrine439",
        "gender": "f",
        "user_geo_enabled": true,
        "username": "Corrine439",
        "comments_count": 0,
        "t": 1486539371,
        "video_status_count": 0,
        "urank": 14,
        "user_ability": 33555456,
        "credit_score": 80
    },
    {
        "reposts_count": 0,
        "uid": 2355873243,
        "bi_followers_count": 80,
        "text": "假视频，这成本比大米高多了！这是库存塑料袋改塑料颗粒！",
        "user_description": "这家伙不懒，但是却什么都没有留下！",
        "user_avatar": "https://tva2.sinaimg.cn/crop.0.0.996.996.50/8c6bc5dbjw8eysndscoi8j20ro0rodi6.jpg?KID=imgbed,tva&Expires=1584955860&ssig=E%2FD1SUtCiQ",
        "id": "4071421015416754",
        "city": "1000",
        "province": "13",
        "friends_count": 443,
        "user_location": "河北",
        "mid": "4071421015416754",
        "verified_reason": "",
        "attitudes_count": 0,
        "followers_count": 330,
        "verified_type": -1,
        "statuses_count": 3835,
        "parent": "4066139698856510",
        "verified": false,
        "geo": null,
        "user_created_at": 1315840542,
        "favourites_count": 11,
        "screen_name": "陈书明",
        "gender": "m",
        "user_geo_enabled": true,
        "username": "陈书明",
        "comments_count": 0,
        "t": 1486185876,
        "video_status_count": 0,
        "urank": 36,
        "user_ability": 3147776,
        "credit_score": 80
    },
    {
        "reposts_count": 0,
        "uid": 2446242661,
        "bi_followers_count": 175,
        "text": "处处体现着国人的聪明才智。",
        "user_description": "",
        "user_avatar": "https://tva3.sinaimg.cn/crop.0.0.1006.1006.50/91ceb365jw8fclpw5en25j20ry0ryjuv.jpg?KID=imgbed,tva&Expires=1584955860&ssig=y5eoOrF%2FNE",
        "id": "4068892810509738",
        "city": "1",
        "province": "22",
        "friends_count": 489,
        "user_location": "吉林 长春",
        "mid": "4068892810509738",
        "verified_reason": "",
        "attitudes_count": 0,
        "followers_count": 1715,
        "verified_type": -1,
        "statuses_count": 4693,
        "parent": "4066139698856510",
        "verified": false,
        "geo": null,
        "user_created_at": 1320460826,
        "favourites_count": 4332,
        "screen_name": "我路过你的天空",
        "gender": "m",
        "user_geo_enabled": true,
        "username": "我路过你的天空",
        "comments_count": 0,
        "t": 1485583105,
        "video_status_count": 0,
        "urank": 35,
        "user_ability": 10747904,
        "credit_score": 80
    },
    {
        "reposts_count": 0,
        "uid": 3096182855,
        "bi_followers_count": 2,
        "text": "这个塑料一煮就分出来了吧",
        "user_description": "",
        "user_avatar": "https://tvax3.sinaimg.cn/crop.0.0.996.996.50/b88c0047ly8g0xph14mgmj20ro0rodfy.jpg?KID=imgbed,tva&Expires=1584955860&ssig=LlV4qIoWR%2F",
        "id": "4068829963086787",
        "city": "1",
        "province": "11",
        "friends_count": 1409,
        "user_location": "北京 东城区",
        "mid": "4068829963086787",
        "verified_reason": "",
        "attitudes_count": 0,
        "followers_count": 215,
        "verified_type": -1,
        "statuses_count": 2933,
        "parent": "4066139698856510",
        "verified": false,
        "geo": null,
        "user_created_at": 1352425597,
        "favourites_count": 16,
        "screen_name": "我要痛快的活",
        "gender": "m",
        "user_geo_enabled": true,
        "username": "我要痛快的活",
        "comments_count": 0,
        "t": 1485568121,
        "video_status_count": 0,
        "urank": 9,
        "user_ability": 2097152,
        "credit_score": 80
    }
]