[
    {
        "reposts_count": 70,
        "uid": 6001398635,
        "bi_followers_count": 188,
        "text": "这些黑良心的，可恶可恨。 http://t.cn/R2Wx0dG http://t.cn/Rxbt6E5 . ​",
        "user_description": "有精彩舞蹈视频可投稿",
        "user_avatar": "https://tvax1.sinaimg.cn/crop.0.0.996.996.50/006y9fWbly8gacjd773m8j30ro0roadz.jpg?KID=imgbed,tva&Expires=1584955293&ssig=CJDsqw%2Bwwv",
        "id": "4067595056039403",
        "city": "1000",
        "province": "33",
        "friends_count": 187,
        "user_location": "浙江",
        "mid": "4067595056039403",
        "verified_reason": "本地资讯博主（宁波） 舞蹈视频自媒体 微博签约自媒体",
        "attitudes_count": 160,
        "followers_count": 181173,
        "verified_type": 0,
        "statuses_count": 7947,
        "parent": null,
        "verified": true,
        "geo": {
            "type": "Point",
            "coordinates": [
                29.87579,
                121.58936
            ]
        },
        "user_created_at": 1471093301,
        "favourites_count": 0,
        "screen_name": "甬城柴备东",
        "gender": "m",
        "user_geo_enabled": true,
        "username": "甬城柴备东",
        "comments_count": 17,
        "t": 1485273696,
        "video_status_count": 0,
        "urank": 41,
        "user_ability": 11798808,
        "credit_score": 80
    },
    {
        "reposts_count": 0,
        "uid": 2517856227,
        "bi_followers_count": 235,
        "text": "回复@雪域公主--索朗卓玛:这是产塑料颗粒的，不是大米",
        "user_description": "",
        "user_avatar": "https://tvax1.sinaimg.cn/crop.0.0.1536.1536.50/96136fe3ly8fiv92w4qm4j216o16ogpe.jpg?KID=imgbed,tva&Expires=1584955293&ssig=zfIZP%2BkdsD",
        "id": "4077358085934282",
        "city": "1000",
        "province": "100",
        "friends_count": 363,
        "user_location": "其他",
        "mid": "4077358085934282",
        "verified_reason": "",
        "attitudes_count": 0,
        "followers_count": 366,
        "verified_type": -1,
        "statuses_count": 175,
        "parent": "4067595056039403",
        "verified": false,
        "geo": {
            "type": "Point",
            "coordinates": [
                29.87579,
                121.58936
            ]
        },
        "user_created_at": 1360325598,
        "favourites_count": 66,
        "screen_name": "可以yong",
        "gender": "m",
        "user_geo_enabled": true,
        "username": "可以yong",
        "comments_count": 0,
        "t": 1487601385,
        "video_status_count": 0,
        "urank": 28,
        "user_ability": 262144,
        "credit_score": 80
    },
    {
        "reposts_count": 0,
        "uid": 5272661279,
        "bi_followers_count": 56,
        "text": "回复@音色雨s3:不是用来吃的，是塑料颗粒，用来加工成其他东西的原料，比如包水果的网套",
        "user_description": "",
        "user_avatar": "https://tvax4.sinaimg.cn/crop.0.0.751.751.50/005KPy3Rly8g4uw2f4adcj30kv0kvgmk.jpg?KID=imgbed,tva&Expires=1584955293&ssig=OPkahXyTzT",
        "id": "4070014422152472",
        "city": "1000",
        "province": "13",
        "friends_count": 77,
        "user_location": "河北",
        "mid": "4070014422152472",
        "verified_reason": "",
        "attitudes_count": 0,
        "followers_count": 478,
        "verified_type": -1,
        "statuses_count": 26,
        "parent": "4067595056039403",
        "verified": false,
        "geo": {
            "type": "Point",
            "coordinates": [
                29.87579,
                121.58936
            ]
        },
        "user_created_at": 1409306158,
        "favourites_count": 2011,
        "screen_name": "画画的麻糬",
        "gender": "f",
        "user_geo_enabled": true,
        "username": "画画的麻糬",
        "comments_count": 0,
        "t": 1485850518,
        "video_status_count": 0,
        "urank": 23,
        "user_ability": 2359296,
        "credit_score": 80
    },
    {
        "reposts_count": 0,
        "uid": 5272661279,
        "bi_followers_count": 56,
        "text": "回复@麦克qian:是在做塑料颗粒，不是大米🙂",
        "user_description": "",
        "user_avatar": "https://tvax4.sinaimg.cn/crop.0.0.751.751.50/005KPy3Rly8g4uw2f4adcj30kv0kvgmk.jpg?KID=imgbed,tva&Expires=1584955293&ssig=OPkahXyTzT",
        "id": "4070012677075473",
        "city": "1000",
        "province": "13",
        "friends_count": 77,
        "user_location": "河北",
        "mid": "4070012677075473",
        "verified_reason": "",
        "attitudes_count": 0,
        "followers_count": 478,
        "verified_type": -1,
        "statuses_count": 26,
        "parent": "4067595056039403",
        "verified": false,
        "geo": {
            "type": "Point",
            "coordinates": [
                29.87579,
                121.58936
            ]
        },
        "user_created_at": 1409306158,
        "favourites_count": 2011,
        "screen_name": "画画的麻糬",
        "gender": "f",
        "user_geo_enabled": true,
        "username": "画画的麻糬",
        "comments_count": 0,
        "t": 1485850102,
        "video_status_count": 0,
        "urank": 23,
        "user_ability": 2359296,
        "credit_score": 80
    },
    {
        "reposts_count": 0,
        "uid": 2467233143,
        "bi_followers_count": 1033,
        "text": "回复@戨戈:做塑料颗粒的，跟大米没任何关系",
        "user_description": "",
        "user_avatar": "https://tvax1.sinaimg.cn/crop.0.0.1006.1006.50/930efd77ly8fzhrkcvc8aj20ry0ryta4.jpg?KID=imgbed,tva&Expires=1584955293&ssig=RE3nV7xrVB",
        "id": "4069036444687625",
        "city": "1000",
        "province": "400",
        "friends_count": 1542,
        "user_location": "海外",
        "mid": "4069036444687625",
        "verified_reason": "",
        "attitudes_count": 0,
        "followers_count": 4102,
        "verified_type": -1,
        "statuses_count": 1400,
        "parent": "4067595056039403",
        "verified": false,
        "geo": {
            "type": "Point",
            "coordinates": [
                29.87579,
                121.58936
            ]
        },
        "user_created_at": 1321370254,
        "favourites_count": 189,
        "screen_name": "RMZDD",
        "gender": "m",
        "user_geo_enabled": false,
        "username": "RMZDD",
        "comments_count": 0,
        "t": 1485617350,
        "video_status_count": 0,
        "urank": 35,
        "user_ability": 0,
        "credit_score": 80
    },
    {
        "reposts_count": 0,
        "uid": 6001398635,
        "bi_followers_count": 188,
        "text": "回复@污皇的搞笑很内涵:是呀",
        "user_description": "有精彩舞蹈视频可投稿",
        "user_avatar": "https://tvax1.sinaimg.cn/crop.0.0.996.996.50/006y9fWbly8gacjd773m8j30ro0roadz.jpg?KID=imgbed,tva&Expires=1584955293&ssig=CJDsqw%2Bwwv",
        "id": "4067922189739977",
        "city": "1000",
        "province": "33",
        "friends_count": 188,
        "user_location": "浙江",
        "mid": "4067922189739977",
        "verified_reason": "本地资讯博主（宁波） 舞蹈视频自媒体 微博签约自媒体",
        "attitudes_count": 0,
        "followers_count": 181201,
        "verified_type": 0,
        "statuses_count": 7944,
        "parent": "4067595056039403",
        "verified": true,
        "geo": {
            "type": "Point",
            "coordinates": [
                29.87579,
                121.58936
            ]
        },
        "user_created_at": 1471093301,
        "favourites_count": 0,
        "screen_name": "甬城柴备东",
        "gender": "m",
        "user_geo_enabled": true,
        "username": "甬城柴备东",
        "comments_count": 0,
        "t": 1485351692,
        "video_status_count": 0,
        "urank": 41,
        "user_ability": 11798808,
        "credit_score": 80
    },
    {
        "reposts_count": 0,
        "uid": 6001398635,
        "bi_followers_count": 188,
        "text": "回复@搞机汇:确实",
        "user_description": "有精彩舞蹈视频可投稿",
        "user_avatar": "https://tvax1.sinaimg.cn/crop.0.0.996.996.50/006y9fWbly8gacjd773m8j30ro0roadz.jpg?KID=imgbed,tva&Expires=1584955293&ssig=CJDsqw%2Bwwv",
        "id": "4067919640604620",
        "city": "1000",
        "province": "33",
        "friends_count": 188,
        "user_location": "浙江",
        "mid": "4067919640604620",
        "verified_reason": "本地资讯博主（宁波） 舞蹈视频自媒体 微博签约自媒体",
        "attitudes_count": 0,
        "followers_count": 181201,
        "verified_type": 0,
        "statuses_count": 7944,
        "parent": "4067595056039403",
        "verified": true,
        "geo": {
            "type": "Point",
            "coordinates": [
                29.87579,
                121.58936
            ]
        },
        "user_created_at": 1471093301,
        "favourites_count": 0,
        "screen_name": "甬城柴备东",
        "gender": "m",
        "user_geo_enabled": true,
        "username": "甬城柴备东",
        "comments_count": 0,
        "t": 1485351083,
        "video_status_count": 0,
        "urank": 41,
        "user_ability": 11798808,
        "credit_score": 80
    },
    {
        "reposts_count": 0,
        "uid": 5289057373,
        "bi_followers_count": 0,
        "text": "回复@柴备东:太坏了",
        "user_description": "",
        "user_avatar": "https://tva3.sinaimg.cn/crop.0.0.1080.1080.50/005LWlqZjw8et988o057rj30u00u0whj.jpg?KID=imgbed,tva&Expires=1584955293&ssig=5gPekQILiy",
        "id": "4067857476347532",
        "city": "2",
        "province": "33",
        "friends_count": 45,
        "user_location": "浙江 宁波",
        "mid": "4067857476347532",
        "verified_reason": "",
        "attitudes_count": 0,
        "followers_count": 15,
        "verified_type": -1,
        "statuses_count": 356,
        "parent": "4067595056039403",
        "verified": false,
        "geo": {
            "type": "Point",
            "coordinates": [
                29.87579,
                121.58936
            ]
        },
        "user_created_at": 1410315703,
        "favourites_count": 5,
        "screen_name": "记忆里的猫骨石",
        "gender": "f",
        "user_geo_enabled": true,
        "username": "记忆里的猫骨石",
        "comments_count": 0,
        "t": 1485336262,
        "video_status_count": 0,
        "urank": 9,
        "user_ability": 33554432,
        "credit_score": 80
    },
    {
        "reposts_count": 0,
        "uid": 6001398635,
        "bi_followers_count": 188,
        "text": "回复@颓了个废的Mag:[污][污][污]",
        "user_description": "有精彩舞蹈视频可投稿",
        "user_avatar": "https://tvax1.sinaimg.cn/crop.0.0.996.996.50/006y9fWbly8gacjd773m8j30ro0roadz.jpg?KID=imgbed,tva&Expires=1584955293&ssig=CJDsqw%2Bwwv",
        "id": "4067769915550757",
        "city": "1000",
        "province": "33",
        "friends_count": 188,
        "user_location": "浙江",
        "mid": "4067769915550757",
        "verified_reason": "本地资讯博主（宁波） 舞蹈视频自媒体 微博签约自媒体",
        "attitudes_count": 0,
        "followers_count": 181201,
        "verified_type": 0,
        "statuses_count": 7944,
        "parent": "4067595056039403",
        "verified": true,
        "geo": {
            "type": "Point",
            "coordinates": [
                29.87579,
                121.58936
            ]
        },
        "user_created_at": 1471093301,
        "favourites_count": 0,
        "screen_name": "甬城柴备东",
        "gender": "m",
        "user_geo_enabled": true,
        "username": "甬城柴备东",
        "comments_count": 0,
        "t": 1485315386,
        "video_status_count": 0,
        "urank": 41,
        "user_ability": 11798808,
        "credit_score": 80
    },
    {
        "reposts_count": 0,
        "uid": 6001398635,
        "bi_followers_count": 188,
        "text": "回复@Vela-Ice:黑心商家",
        "user_description": "有精彩舞蹈视频可投稿",
        "user_avatar": "https://tvax1.sinaimg.cn/crop.0.0.996.996.50/006y9fWbly8gacjd773m8j30ro0roadz.jpg?KID=imgbed,tva&Expires=1584955293&ssig=CJDsqw%2Bwwv",
        "id": "4067753394614481",
        "city": "1000",
        "province": "33",
        "friends_count": 188,
        "user_location": "浙江",
        "mid": "4067753394614481",
        "verified_reason": "本地资讯博主（宁波） 舞蹈视频自媒体 微博签约自媒体",
        "attitudes_count": 0,
        "followers_count": 181201,
        "verified_type": 0,
        "statuses_count": 7944,
        "parent": "4067595056039403",
        "verified": true,
        "geo": {
            "type": "Point",
            "coordinates": [
                29.87579,
                121.58936
            ]
        },
        "user_created_at": 1471093301,
        "favourites_count": 0,
        "screen_name": "甬城柴备东",
        "gender": "m",
        "user_geo_enabled": true,
        "username": "甬城柴备东",
        "comments_count": 0,
        "t": 1485311446,
        "video_status_count": 0,
        "urank": 41,
        "user_ability": 11798808,
        "credit_score": 80
    },
    {
        "reposts_count": 0,
        "uid": 5876365586,
        "bi_followers_count": 1612,
        "text": "回复@Vela-Ice:是呀",
        "user_description": "今年20，明年18",
        "user_avatar": "https://tva4.sinaimg.cn/crop.58.0.343.343.50/006pGD86jw1f6zgqwrnjwj30cs09jgnp.jpg?KID=imgbed,tva&Expires=1584955293&ssig=z2LOk7cFst",
        "id": "4067753122125175",
        "city": "2",
        "province": "33",
        "friends_count": 1825,
        "user_location": "浙江 宁波",
        "mid": "4067753122125175",
        "verified_reason": "",
        "attitudes_count": 0,
        "followers_count": 1729,
        "verified_type": -1,
        "statuses_count": 322,
        "parent": "4067595056039403",
        "verified": false,
        "geo": {
            "type": "Point",
            "coordinates": [
                29.87579,
                121.58936
            ]
        },
        "user_created_at": 1457435133,
        "favourites_count": 0,
        "screen_name": "溪水边好大一棵树",
        "gender": "f",
        "user_geo_enabled": true,
        "username": "溪水边好大一棵树",
        "comments_count": 0,
        "t": 1485311382,
        "video_status_count": 0,
        "urank": 17,
        "user_ability": 0,
        "credit_score": 80
    },
    {
        "reposts_count": 0,
        "uid": 6001398635,
        "bi_followers_count": 188,
        "text": "回复@麦克qian:是呀",
        "user_description": "有精彩舞蹈视频可投稿",
        "user_avatar": "https://tvax1.sinaimg.cn/crop.0.0.996.996.50/006y9fWbly8gacjd773m8j30ro0roadz.jpg?KID=imgbed,tva&Expires=1584955293&ssig=CJDsqw%2Bwwv",
        "id": "4067600071445662",
        "city": "1000",
        "province": "33",
        "friends_count": 188,
        "user_location": "浙江",
        "mid": "4067600071445662",
        "verified_reason": "本地资讯博主（宁波） 舞蹈视频自媒体 微博签约自媒体",
        "attitudes_count": 0,
        "followers_count": 181201,
        "verified_type": 0,
        "statuses_count": 7944,
        "parent": "4067595056039403",
        "verified": true,
        "geo": {
            "type": "Point",
            "coordinates": [
                29.87579,
                121.58936
            ]
        },
        "user_created_at": 1471093301,
        "favourites_count": 0,
        "screen_name": "甬城柴备东",
        "gender": "m",
        "user_geo_enabled": true,
        "username": "甬城柴备东",
        "comments_count": 0,
        "t": 1485274892,
        "video_status_count": 0,
        "urank": 41,
        "user_ability": 11798808,
        "credit_score": 80
    },
    {
        "reposts_count": 0,
        "uid": 6001398635,
        "bi_followers_count": 188,
        "text": "回复@悬崖上顺趋势行走:我也是",
        "user_description": "有精彩舞蹈视频可投稿",
        "user_avatar": "https://tvax1.sinaimg.cn/crop.0.0.996.996.50/006y9fWbly8gacjd773m8j30ro0roadz.jpg?KID=imgbed,tva&Expires=1584955293&ssig=CJDsqw%2Bwwv",
        "id": "4067598565723319",
        "city": "1000",
        "province": "33",
        "friends_count": 188,
        "user_location": "浙江",
        "mid": "4067598565723319",
        "verified_reason": "本地资讯博主（宁波） 舞蹈视频自媒体 微博签约自媒体",
        "attitudes_count": 0,
        "followers_count": 181201,
        "verified_type": 0,
        "statuses_count": 7944,
        "parent": "4067595056039403",
        "verified": true,
        "geo": {
            "type": "Point",
            "coordinates": [
                29.87579,
                121.58936
            ]
        },
        "user_created_at": 1471093301,
        "favourites_count": 0,
        "screen_name": "甬城柴备东",
        "gender": "m",
        "user_geo_enabled": true,
        "username": "甬城柴备东",
        "comments_count": 0,
        "t": 1485274533,
        "video_status_count": 0,
        "urank": 41,
        "user_ability": 11798808,
        "credit_score": 80
    },
    {
        "reposts_count": 0,
        "uid": 6001398635,
        "bi_followers_count": 188,
        "text": "回复@溪水边好大一棵树:是呀",
        "user_description": "有精彩舞蹈视频可投稿",
        "user_avatar": "https://tvax1.sinaimg.cn/crop.0.0.996.996.50/006y9fWbly8gacjd773m8j30ro0roadz.jpg?KID=imgbed,tva&Expires=1584955293&ssig=CJDsqw%2Bwwv",
        "id": "4067598502981419",
        "city": "1000",
        "province": "33",
        "friends_count": 188,
        "user_location": "浙江",
        "mid": "4067598502981419",
        "verified_reason": "本地资讯博主（宁波） 舞蹈视频自媒体 微博签约自媒体",
        "attitudes_count": 0,
        "followers_count": 181201,
        "verified_type": 0,
        "statuses_count": 7944,
        "parent": "4067595056039403",
        "verified": true,
        "geo": {
            "type": "Point",
            "coordinates": [
                29.87579,
                121.58936
            ]
        },
        "user_created_at": 1471093301,
        "favourites_count": 0,
        "screen_name": "甬城柴备东",
        "gender": "m",
        "user_geo_enabled": true,
        "username": "甬城柴备东",
        "comments_count": 0,
        "t": 1485274518,
        "video_status_count": 0,
        "urank": 41,
        "user_ability": 11798808,
        "credit_score": 80
    }
]