[
    {
        "reposts_count": 1,
        "uid": 5820188838,
        "bi_followers_count": 0,
        "text": "实拍塑料大米生产过程，利用废弃塑料可以加工成塑料大米。关注@热门表哥 观看更多热门经典视频 http://t.cn/RJhBwp3 . ​",
        "user_description": "当死亡还未来临，把能量都发挥干净。",
        "user_avatar": "https://tvax4.sinaimg.cn/crop.0.0.664.664.50/006lSUZwly8g6xa1e4lwrj30ig0igq36.jpg?KID=imgbed,tva&Expires=1584955841&ssig=UDuTB4J69c",
        "id": "4071889556645443",
        "city": "1",
        "province": "33",
        "friends_count": 0,
        "user_location": "浙江 杭州",
        "mid": "4071889556645443",
        "verified_reason": "知名互联网资讯博主",
        "attitudes_count": 1,
        "followers_count": 359569,
        "verified_type": 0,
        "statuses_count": 24184,
        "parent": null,
        "verified": true,
        "geo": null,
        "user_created_at": 1451788222,
        "favourites_count": 7,
        "screen_name": "热门表哥",
        "gender": "m",
        "user_geo_enabled": false,
        "username": "热门表哥",
        "comments_count": 2,
        "t": 1486297585,
        "video_status_count": 0,
        "urank": 9,
        "user_ability": -2135684600,
        "credit_score": 78
    },
    {
        "reposts_count": 0,
        "uid": 2091235511,
        "bi_followers_count": 208,
        "text": "这是在回收利用塑料好不，行业内叫“造粒”，塑料袋造出来的是PE，比大米贵多了",
        "user_description": "重新定义瓶盖制造业",
        "user_avatar": "https://tvax1.sinaimg.cn/crop.0.0.512.512.50/7ca5b8b7ly8fp2z8rxt93j20e80e8gly.jpg?KID=imgbed,tva&Expires=1584955841&ssig=4PzlJ%2Bx6C8",
        "id": "4072270563742651",
        "city": "8",
        "province": "34",
        "friends_count": 669,
        "user_location": "安徽 安庆",
        "mid": "4072270563742651",
        "verified_reason": "安徽文都盖业有限公司CEO",
        "attitudes_count": 0,
        "followers_count": 598,
        "verified_type": 0,
        "statuses_count": 668,
        "parent": "4071889556645443",
        "verified": true,
        "geo": null,
        "user_created_at": 1302965385,
        "favourites_count": 200,
        "screen_name": "大象瓶盖-东风",
        "gender": "m",
        "user_geo_enabled": false,
        "username": "大象瓶盖-东风",
        "comments_count": 0,
        "t": 1486388424,
        "video_status_count": 0,
        "urank": 39,
        "user_ability": 2097668,
        "credit_score": 80
    }
]