[
    {
        "reposts_count": 1,
        "uid": 5283840898,
        "bi_followers_count": 5,
        "text": "【规则！规则！】据说这是今天发生在吉县壶口瀑布的一起真实意外事件，令人感到震撼，无奈！ 落入虎口还是落入壶口，都是对规则无视的结果！ http://t.cn/RJ4HzDl . ​ http://t.cn/RJbTHEb . ​",
        "user_description": "",
        "user_avatar": "https://tva2.sinaimg.cn/crop.0.0.1242.1242.50/005LAsoijw8ey3xcwfhygj30yi0yidjm.jpg?KID=imgbed,tva&Expires=1584955866&ssig=2v6iXd26xE",
        "id": "4072998740219533",
        "city": "1000",
        "province": "81",
        "friends_count": 386,
        "user_location": "香港",
        "mid": "4072998740219533",
        "verified_reason": "",
        "attitudes_count": 1,
        "followers_count": 130,
        "verified_type": -1,
        "statuses_count": 322,
        "parent": null,
        "verified": false,
        "geo": null,
        "user_created_at": 1410096532,
        "favourites_count": 34,
        "screen_name": "chloe20140815",
        "gender": "f",
        "user_geo_enabled": true,
        "username": "chloe20140815",
        "comments_count": 5,
        "t": 1486562035,
        "video_status_count": 0,
        "urank": 9,
        "user_ability": 2098176,
        "credit_score": 80
    },
    {
        "reposts_count": 0,
        "uid": 1854501505,
        "bi_followers_count": 136,
        "text": "你家壶口瀑布可以站这么近",
        "user_description": "我叫张小狸。",
        "user_avatar": "https://tva4.sinaimg.cn/crop.0.0.180.180.50/6e897281jw1e8qgp5bmzyj2050050aa8.jpg?KID=imgbed,tva&Expires=1584955866&ssig=H97tgQwBXw",
        "id": "4073376882769228",
        "city": "8",
        "province": "11",
        "friends_count": 408,
        "user_location": "北京 海淀区",
        "mid": "4073376882769228",
        "verified_reason": "",
        "attitudes_count": 0,
        "followers_count": 247,
        "verified_type": 220,
        "statuses_count": 10777,
        "parent": "4072998740219533",
        "verified": false,
        "geo": null,
        "user_created_at": 1289441462,
        "favourites_count": 16,
        "screen_name": "张小狸Yoho",
        "gender": "m",
        "user_geo_enabled": true,
        "username": "张小狸Yoho",
        "comments_count": 0,
        "t": 1486652191,
        "video_status_count": 0,
        "urank": 41,
        "user_ability": 3145728,
        "credit_score": 80
    },
    {
        "reposts_count": 0,
        "uid": 1299189060,
        "bi_followers_count": 134,
        "text": "我的天！车直接不见了？",
        "user_description": "我不是键盘侠耶哈哈",
        "user_avatar": "https://tvax1.sinaimg.cn/crop.0.0.512.512.50/4d700d44ly8fvz0n9p0fij20e80e83zb.jpg?KID=imgbed,tva&Expires=1584955866&ssig=MfmzmmzExw",
        "id": "4073278626754323",
        "city": "1",
        "province": "41",
        "friends_count": 416,
        "user_location": "河南 郑州",
        "mid": "4073278626754323",
        "verified_reason": "",
        "attitudes_count": 0,
        "followers_count": 482,
        "verified_type": 220,
        "statuses_count": 1346,
        "parent": "4072998740219533",
        "verified": false,
        "geo": null,
        "user_created_at": 1299507535,
        "favourites_count": 295,
        "screen_name": "玛丽萌吗",
        "gender": "f",
        "user_geo_enabled": true,
        "username": "玛丽萌吗",
        "comments_count": 0,
        "t": 1486628765,
        "video_status_count": 0,
        "urank": 31,
        "user_ability": 33554432,
        "credit_score": 80
    },
    {
        "reposts_count": 0,
        "uid": 5888821405,
        "bi_followers_count": 78,
        "text": "回复@Beemduo:假的，这是巴基斯坦的洪水。而且壶口瀑布不长这样",
        "user_description": "♥︎SHINHWA♥︎",
        "user_avatar": "https://tvax1.sinaimg.cn/crop.0.0.1080.1080.50/006qwTsply8gcdemvab1hj30u00u0jtp.jpg?KID=imgbed,tva&Expires=1584955866&ssig=8pGX676Tj%2F",
        "id": "4073239736700989",
        "city": "1000",
        "province": "100",
        "friends_count": 447,
        "user_location": "其他",
        "mid": "4073239736700989",
        "verified_reason": "娱乐综艺视频自媒体",
        "attitudes_count": 0,
        "followers_count": 249,
        "verified_type": 0,
        "statuses_count": 8245,
        "parent": "4072998740219533",
        "verified": true,
        "geo": null,
        "user_created_at": 1458917035,
        "favourites_count": 409,
        "screen_name": "金蛋的蛋",
        "gender": "f",
        "user_geo_enabled": true,
        "username": "金蛋的蛋",
        "comments_count": 0,
        "t": 1486619492,
        "video_status_count": 0,
        "urank": 36,
        "user_ability": 2098176,
        "credit_score": 80
    },
    {
        "reposts_count": 0,
        "uid": 1819697342,
        "bi_followers_count": 84,
        "text": "巴基斯坦的洪水",
        "user_description": "",
        "user_avatar": "https://tvax2.sinaimg.cn/crop.0.0.1080.1080.50/6c7660bely8g2vjv7iudsj20u00u0di7.jpg?KID=imgbed,tva&Expires=1584955866&ssig=Z0mcB4agpz",
        "id": "4073161492896422",
        "city": "15",
        "province": "31",
        "friends_count": 336,
        "user_location": "上海 浦东新区",
        "mid": "4073161492896422",
        "verified_reason": "",
        "attitudes_count": 0,
        "followers_count": 563,
        "verified_type": 220,
        "statuses_count": 3173,
        "parent": "4072998740219533",
        "verified": false,
        "geo": null,
        "user_created_at": 1284649397,
        "favourites_count": 708,
        "screen_name": "钟爱蓝色",
        "gender": "f",
        "user_geo_enabled": true,
        "username": "钟爱蓝色",
        "comments_count": 0,
        "t": 1486600838,
        "video_status_count": 0,
        "urank": 22,
        "user_ability": 2097152,
        "credit_score": 80
    },
    {
        "reposts_count": 0,
        "uid": 2346355731,
        "bi_followers_count": 76,
        "text": "真的吗？",
        "user_description": "圆融者。若不回头，谁替你救苦救难。如能转念，何须我大慈大悲。跨界行者。身体需要疾病的锻炼。",
        "user_avatar": "https://tva2.sinaimg.cn/crop.0.0.180.180.50/8bda8c13jw1e8qgp5bmzyj2050050aa8.jpg?KID=imgbed,tva&Expires=1584955866&ssig=%2BTbpghOSLp",
        "id": "4073004126936084",
        "city": "1000",
        "province": "100",
        "friends_count": 2136,
        "user_location": "其他",
        "mid": "4073004126936084",
        "verified_reason": "",
        "attitudes_count": 0,
        "followers_count": 353,
        "verified_type": -1,
        "statuses_count": 5938,
        "parent": "4072998740219533",
        "verified": false,
        "geo": null,
        "user_created_at": 1315374103,
        "favourites_count": 4,
        "screen_name": "Beemduo",
        "gender": "m",
        "user_geo_enabled": false,
        "username": "Beemduo",
        "comments_count": 0,
        "t": 1486563319,
        "video_status_count": 0,
        "urank": 27,
        "user_ability": 0,
        "credit_score": 80
    }
]