[
    {
        "reposts_count": 1,
        "uid": 3165513591,
        "bi_followers_count": 55,
        "text": "青海省西宁市省医院：昨天凌晨二点二十三分，三名男女生感染sk5病毒死亡，最大的32岁，最小的5岁，参与抢救的医生已被隔离，中央1台电视新闻己播岀，暂时别吃魚，凉皮，冷面类，酸菜，特别是草魚，酸菜魚，水煮魚，目前西宁有3167个已感染。收到马上发给你关心的人，最好是群友。为了您的健康，请转发...全文： http://m.weibo.cn/3165513591/4072650638647974 ​",
        "user_description": "",
        "user_avatar": "https://tva3.sinaimg.cn/crop.0.0.720.720.50/bcade777jw8euuebcghtyj20k00k0q41.jpg?KID=imgbed,tva&Expires=1584955859&ssig=P7zSwPeu0O",
        "id": "4072650638647974",
        "city": "1",
        "province": "35",
        "friends_count": 687,
        "user_location": "福建 福州",
        "mid": "4072650638647974",
        "verified_reason": "",
        "attitudes_count": 1,
        "followers_count": 125,
        "verified_type": -1,
        "statuses_count": 250,
        "parent": null,
        "verified": false,
        "geo": null,
        "user_created_at": 1353918452,
        "favourites_count": 3,
        "screen_name": "我123俱乐部18859117692",
        "gender": "f",
        "user_geo_enabled": true,
        "username": "我123俱乐部18859117692",
        "comments_count": 7,
        "t": 1486479040,
        "video_status_count": 0,
        "urank": 15,
        "user_ability": 44302336,
        "credit_score": 80
    },
    {
        "reposts_count": 0,
        "uid": 5827662834,
        "bi_followers_count": 76,
        "text": "回复@变态萝莉YYY:我刚刚在一个群里说 转发虚假信息是犯法的转发量过多可能还会被抓 不信 还说我 法律意识堪忧[二哈]",
        "user_description": "网易云音乐人:先巴当知",
        "user_avatar": "https://tvax3.sinaimg.cn/crop.0.0.996.996.50/006mohjQly8g3ygscyej6j30ro0rojv3.jpg?KID=imgbed,tva&Expires=1584955859&ssig=YAqH4YpLve",
        "id": "4098262669336435",
        "city": "1000",
        "province": "63",
        "friends_count": 330,
        "user_location": "青海",
        "mid": "4098262669336435",
        "verified_reason": "",
        "attitudes_count": 0,
        "followers_count": 200,
        "verified_type": -1,
        "statuses_count": 123,
        "parent": "4072650638647974",
        "verified": false,
        "geo": null,
        "user_created_at": 1452606847,
        "favourites_count": 141,
        "screen_name": "先巴当知",
        "gender": "m",
        "user_geo_enabled": true,
        "username": "先巴当知",
        "comments_count": 0,
        "t": 1492585425,
        "video_status_count": 0,
        "urank": 22,
        "user_ability": 2098176,
        "credit_score": 80
    },
    {
        "reposts_count": 0,
        "uid": 2463413413,
        "bi_followers_count": 8,
        "text": "回复@櫊卜八月:假的了 百度一下 全国各地都是一样",
        "user_description": "梦是现实的补偿",
        "user_avatar": "https://tvax3.sinaimg.cn/crop.0.0.751.751.50/92d4b4a5ly8g0wxjhtsq6j20kv0kv0ug.jpg?KID=imgbed,tva&Expires=1584955859&ssig=MYv7TbwQvT",
        "id": "4072997364943001",
        "city": "1000",
        "province": "100",
        "friends_count": 137,
        "user_location": "其他",
        "mid": "4072997364943001",
        "verified_reason": "",
        "attitudes_count": 0,
        "followers_count": 90,
        "verified_type": -1,
        "statuses_count": 5,
        "parent": "4072650638647974",
        "verified": false,
        "geo": null,
        "user_created_at": 1321192749,
        "favourites_count": 3213,
        "screen_name": "颐馆馆",
        "gender": "f",
        "user_geo_enabled": true,
        "username": "颐馆馆",
        "comments_count": 0,
        "t": 1486561706,
        "video_status_count": 0,
        "urank": 37,
        "user_ability": 2097152,
        "credit_score": 80
    },
    {
        "reposts_count": 0,
        "uid": 3814254239,
        "bi_followers_count": 14,
        "text": "@青海发布 @青海青年报 @大青海网 求证实。已经在各个群里看到这种消息了",
        "user_description": "拽而有礼，拽而不狂。",
        "user_avatar": "https://tvax4.sinaimg.cn/crop.0.0.996.996.50/e358e69fly8gbdyaxh53kj20ro0rowff.jpg?KID=imgbed,tva&Expires=1584955859&ssig=N7K1rxHRa3",
        "id": "4072857455836890",
        "city": "1000",
        "province": "100",
        "friends_count": 121,
        "user_location": "其他",
        "mid": "4072857455836890",
        "verified_reason": "",
        "attitudes_count": 0,
        "followers_count": 135,
        "verified_type": -1,
        "statuses_count": 359,
        "parent": "4072650638647974",
        "verified": false,
        "geo": null,
        "user_created_at": 1380096423,
        "favourites_count": 0,
        "screen_name": "櫊卜八月",
        "gender": "f",
        "user_geo_enabled": true,
        "username": "櫊卜八月",
        "comments_count": 0,
        "t": 1486528350,
        "video_status_count": 0,
        "urank": 14,
        "user_ability": 1311744,
        "credit_score": 80
    },
    {
        "reposts_count": 0,
        "uid": 3820303623,
        "bi_followers_count": 18,
        "text": "你知不知道，这样造谣是犯法的！",
        "user_description": "我始终相信一个真理，人贱自有天收🌝",
        "user_avatar": "https://tvax4.sinaimg.cn/crop.0.0.1080.1080.50/e3b53507ly8g72h1dx15xj20u00u0wjg.jpg?KID=imgbed,tva&Expires=1584955859&ssig=FFhVgfdp50",
        "id": "4072841945417527",
        "city": "1000",
        "province": "100",
        "friends_count": 470,
        "user_location": "其他",
        "mid": "4072841945417527",
        "verified_reason": "",
        "attitudes_count": 0,
        "followers_count": 218,
        "verified_type": -1,
        "statuses_count": 6,
        "parent": "4072650638647974",
        "verified": false,
        "geo": null,
        "user_created_at": 1380279554,
        "favourites_count": 150,
        "screen_name": "变态萝莉YYY",
        "gender": "f",
        "user_geo_enabled": true,
        "username": "变态萝莉YYY",
        "comments_count": 0,
        "t": 1486524652,
        "video_status_count": 0,
        "urank": 9,
        "user_ability": 2098176,
        "credit_score": 80
    },
    {
        "reposts_count": 0,
        "uid": 5581601968,
        "bi_followers_count": 13,
        "text": "what?",
        "user_description": "Peace and love",
        "user_avatar": "https://tvax2.sinaimg.cn/crop.0.0.751.751.50/0065JPEcly8gbtumrxkmij30kv0kvmyp.jpg?KID=imgbed,tva&Expires=1584955859&ssig=oEuG%2FXwjAL",
        "id": "4072651842214468",
        "city": "1000",
        "province": "100",
        "friends_count": 43,
        "user_location": "其他",
        "mid": "4072651842214468",
        "verified_reason": "",
        "attitudes_count": 0,
        "followers_count": 1775,
        "verified_type": -1,
        "statuses_count": 864,
        "parent": "4072650638647974",
        "verified": false,
        "geo": null,
        "user_created_at": 1428367581,
        "favourites_count": 81,
        "screen_name": "Ailees_jane",
        "gender": "f",
        "user_geo_enabled": true,
        "username": "Ailees_jane",
        "comments_count": 0,
        "t": 1486479327,
        "video_status_count": 0,
        "urank": 32,
        "user_ability": 3407872,
        "credit_score": 80
    }
]