[
    {
        "reposts_count": 14,
        "uid": 3199299713,
        "bi_followers_count": 728,
        "text": "这是昨天吉县壶口瀑布发生的一起真实意外事件，令人感到震撼，无奈！ 落入虎口还是落入壶口，都是对规则无视的结果！平时闯个红灯、插个队、逃个票以为是不拘小节，甚至还自鸣得意，谁能料想这一次等待他们的是这样的结果。\n依然是规则！ http://t.cn/RJquMIu . ​",
        "user_description": "关注民生，为人民服务！沈阳风情，吃喝玩乐、沈阳新闻、沈阳生活、话题、故事、段子，沈阳朋友...维护、和谐、 文明、健康、环境~重大新闻爆料☏：",
        "user_avatar": "https://tvax4.sinaimg.cn/crop.210.0.540.540.50/beb17081ly8g8oas5bag8j20qo0f00vc.jpg?KID=imgbed,tva&Expires=1584955864&ssig=qxHaPM01c7",
        "id": "4073270305115266",
        "city": "1000",
        "province": "21",
        "friends_count": 2272,
        "user_location": "辽宁",
        "mid": "4073270305115266",
        "verified_reason": "",
        "attitudes_count": 12,
        "followers_count": 24283,
        "verified_type": 220,
        "statuses_count": 15322,
        "parent": null,
        "verified": false,
        "geo": null,
        "user_created_at": 1356078288,
        "favourites_count": 18,
        "screen_name": "关注沈城的大事小事突发事",
        "gender": "m",
        "user_geo_enabled": true,
        "username": "关注沈城的大事小事突发事",
        "comments_count": 10,
        "t": 1486626781,
        "video_status_count": 0,
        "urank": 41,
        "user_ability": 3407880,
        "credit_score": 80
    },
    {
        "reposts_count": 0,
        "uid": 5099703391,
        "bi_followers_count": 139,
        "text": "@若有人兮ggg @枪法如神的大淇子 @Wade遗墨江南",
        "user_description": "！",
        "user_avatar": "https://tva1.sinaimg.cn/crop.0.0.1342.1342.50/005z7POvjw8f7pr5giozcj311a11a413.jpg?KID=imgbed,tva&Expires=1584955864&ssig=tx7%2BfUcXre",
        "id": "4083033588545920",
        "city": "9",
        "province": "62",
        "friends_count": 182,
        "user_location": "甘肃 酒泉",
        "mid": "4083033588545920",
        "verified_reason": "",
        "attitudes_count": 0,
        "followers_count": 278,
        "verified_type": -1,
        "statuses_count": 163,
        "parent": "4073270305115266",
        "verified": false,
        "geo": null,
        "user_created_at": 1398828830,
        "favourites_count": 1,
        "screen_name": "国贸二班的黄同学",
        "gender": "m",
        "user_geo_enabled": true,
        "username": "国贸二班的黄同学",
        "comments_count": 0,
        "t": 1488954529,
        "video_status_count": 0,
        "urank": 30,
        "user_ability": 0,
        "credit_score": 80
    },
    {
        "reposts_count": 0,
        "uid": 1871337442,
        "bi_followers_count": 40,
        "text": "你是在说12天前巴基斯坦洪水这事么？[摊手] http://t.cn/RJqx2tx",
        "user_description": "装修苦行僧",
        "user_avatar": "https://tvax2.sinaimg.cn/crop.0.11.750.750.50/6f8a57e2ly8fnk9xahp3ij20ku0lht9n.jpg?KID=imgbed,tva&Expires=1584955864&ssig=1MyGllGz0j",
        "id": "4073403356284010",
        "city": "3",
        "province": "33",
        "friends_count": 1422,
        "user_location": "浙江 温州",
        "mid": "4073403356284010",
        "verified_reason": "利达装饰集团温州分公司经理",
        "attitudes_count": 0,
        "followers_count": 149,
        "verified_type": 0,
        "statuses_count": 1172,
        "parent": "4073270305115266",
        "verified": true,
        "geo": null,
        "user_created_at": 1289141477,
        "favourites_count": 1412,
        "screen_name": "严小捌",
        "gender": "m",
        "user_geo_enabled": true,
        "username": "严小捌",
        "comments_count": 0,
        "t": 1486658503,
        "video_status_count": 0,
        "urank": 34,
        "user_ability": 2099712,
        "credit_score": 80
    },
    {
        "reposts_count": 0,
        "uid": 5039675173,
        "bi_followers_count": 165,
        "text": "看车牌不像是中国啊，口音好像也不是……",
        "user_description": "不将就，不讲究。",
        "user_avatar": "https://tvax1.sinaimg.cn/crop.0.0.512.512.50/005v3XJrly8fz5osr81jhj30e80e8t94.jpg?KID=imgbed,tva&Expires=1584955864&ssig=7vxMJ3qOO8",
        "id": "4073372168117375",
        "city": "8",
        "province": "50",
        "friends_count": 338,
        "user_location": "重庆 南岸区",
        "mid": "4073372168117375",
        "verified_reason": "搞笑幽默博主 中国图库签约摄影师 搞笑视频自媒体",
        "attitudes_count": 0,
        "followers_count": 1262,
        "verified_type": 0,
        "statuses_count": 1155,
        "parent": "4073270305115266",
        "verified": true,
        "geo": null,
        "user_created_at": 1392496391,
        "favourites_count": 674,
        "screen_name": "择一城遇一人过一生",
        "gender": "m",
        "user_geo_enabled": true,
        "username": "择一城遇一人过一生",
        "comments_count": 0,
        "t": 1486651067,
        "video_status_count": 0,
        "urank": 31,
        "user_ability": 11799552,
        "credit_score": 80
    },
    {
        "reposts_count": 0,
        "uid": 5833254240,
        "bi_followers_count": 1,
        "text": "回复@ProLamer:我听见的好像是普通话让关车门、",
        "user_description": "",
        "user_avatar": "https://tva1.sinaimg.cn/crop.0.0.170.170.50/006mLJTOjw8f04un2w04ij304q04qt8h.jpg?KID=imgbed,tva&Expires=1584955864&ssig=Uz92SXhsp6",
        "id": "4073369462144885",
        "city": "1",
        "province": "21",
        "friends_count": 64,
        "user_location": "辽宁 沈阳",
        "mid": "4073369462144885",
        "verified_reason": "",
        "attitudes_count": 0,
        "followers_count": 5,
        "verified_type": -1,
        "statuses_count": 5,
        "parent": "4073270305115266",
        "verified": false,
        "geo": null,
        "user_created_at": 1453189236,
        "favourites_count": 8,
        "screen_name": "黄焖鸡米饭灬",
        "gender": "m",
        "user_geo_enabled": true,
        "username": "黄焖鸡米饭灬",
        "comments_count": 0,
        "t": 1486650423,
        "video_status_count": 0,
        "urank": 9,
        "user_ability": 35651584,
        "credit_score": 80
    },
    {
        "reposts_count": 0,
        "uid": 2201526513,
        "bi_followers_count": 41,
        "text": "咋回事儿啊？这车就……太可怕了",
        "user_description": "有一个不成熟的心。",
        "user_avatar": "https://tva2.sinaimg.cn/crop.0.60.180.180.50/8338a0f1jw1ez2s6hpz7kj205008cjs5.jpg?KID=imgbed,tva&Expires=1584955864&ssig=N7xao2lnYW",
        "id": "4073362726312283",
        "city": "1",
        "province": "21",
        "friends_count": 604,
        "user_location": "辽宁 沈阳",
        "mid": "4073362726312283",
        "verified_reason": "",
        "attitudes_count": 0,
        "followers_count": 227,
        "verified_type": -1,
        "statuses_count": 443,
        "parent": "4073270305115266",
        "verified": false,
        "geo": null,
        "user_created_at": 1309103152,
        "favourites_count": 69,
        "screen_name": "秋景020",
        "gender": "f",
        "user_geo_enabled": true,
        "username": "秋景020",
        "comments_count": 0,
        "t": 1486648816,
        "video_status_count": 0,
        "urank": 22,
        "user_ability": 36963328,
        "credit_score": 80
    },
    {
        "reposts_count": 0,
        "uid": 1647098525,
        "bi_followers_count": 580,
        "text": "有秩序才平安！",
        "user_description": "辽宁省中西医学会骨科专业委员会委员。 永远热爱脚下的这片黑土地。。。",
        "user_avatar": "https://tvax2.sinaimg.cn/crop.0.0.996.996.50/622cba9dly8g7aq0c5pgyj20ro0rotae.jpg?KID=imgbed,tva&Expires=1584955864&ssig=179saE9JyQ",
        "id": "4073329394816744",
        "city": "1",
        "province": "21",
        "friends_count": 1253,
        "user_location": "辽宁 沈阳",
        "mid": "4073329394816744",
        "verified_reason": "姚平，中国中西医学会辽宁分会骨科专业委员会委员",
        "attitudes_count": 0,
        "followers_count": 5036,
        "verified_type": 0,
        "statuses_count": 23004,
        "parent": "4073270305115266",
        "verified": true,
        "geo": null,
        "user_created_at": 1255857671,
        "favourites_count": 4,
        "screen_name": "姚平Surgeon",
        "gender": "m",
        "user_geo_enabled": true,
        "username": "姚平Surgeon",
        "comments_count": 0,
        "t": 1486640869,
        "video_status_count": 0,
        "urank": 42,
        "user_ability": 265224,
        "credit_score": 80
    },
    {
        "reposts_count": 0,
        "uid": 2245112507,
        "bi_followers_count": 52,
        "text": "自作自受。别说我冷漠。活该",
        "user_description": "祖传秘方【专治】颈椎病、肩周炎、腰椎间盘突出、脱出、膨出，腰肌劳损、坐骨神经痛、骨质增生、腰椎管狭窄，骨折，骨裂。",
        "user_avatar": "https://tvax4.sinaimg.cn/crop.0.0.888.888.50/85d1b2bbly8g1va3j4vyfj20oo0oo0v8.jpg?KID=imgbed,tva&Expires=1584955864&ssig=mcXEg16vb7",
        "id": "4073301200370750",
        "city": "1",
        "province": "21",
        "friends_count": 229,
        "user_location": "辽宁 沈阳",
        "mid": "4073301200370750",
        "verified_reason": "",
        "attitudes_count": 0,
        "followers_count": 492,
        "verified_type": 220,
        "statuses_count": 5381,
        "parent": "4073270305115266",
        "verified": false,
        "geo": null,
        "user_created_at": 1310563064,
        "favourites_count": 239,
        "screen_name": "梁誉医生",
        "gender": "m",
        "user_geo_enabled": true,
        "username": "梁誉医生",
        "comments_count": 0,
        "t": 1486634147,
        "video_status_count": 0,
        "urank": 39,
        "user_ability": 35913728,
        "credit_score": 80
    },
    {
        "reposts_count": 0,
        "uid": 1758338781,
        "bi_followers_count": 13,
        "text": "侥幸心理，每天路上好多司机这样变线。",
        "user_description": "喜欢怼各种看不惯的事情，误伤了你脆弱的心，那就活该了，我又不是你爸爸没必要惯着你啊！",
        "user_avatar": "https://tvax3.sinaimg.cn/crop.0.0.1006.1006.50/68ce1eddly8fdkc74c9gjj20ry0rywfq.jpg?KID=imgbed,tva&Expires=1584955864&ssig=k4Gh9hF1cf",
        "id": "4073293562367554",
        "city": "1",
        "province": "21",
        "friends_count": 265,
        "user_location": "辽宁 沈阳",
        "mid": "4073293562367554",
        "verified_reason": "",
        "attitudes_count": 0,
        "followers_count": 153,
        "verified_type": -1,
        "statuses_count": 2926,
        "parent": "4073270305115266",
        "verified": false,
        "geo": null,
        "user_created_at": 1302714309,
        "favourites_count": 15,
        "screen_name": "风逝lovely",
        "gender": "m",
        "user_geo_enabled": true,
        "username": "风逝lovely",
        "comments_count": 0,
        "t": 1486632326,
        "video_status_count": 0,
        "urank": 34,
        "user_ability": 33554432,
        "credit_score": 80
    },
    {
        "reposts_count": 0,
        "uid": 1295974542,
        "bi_followers_count": 167,
        "text": "作为一个公众号 你能不能转之前长点心 过滤一下  这TM哪里是中国呢？",
        "user_description": "",
        "user_avatar": "https://tva3.sinaimg.cn/crop.0.0.180.180.50/4d3f008ejw1e8qgp5bmzyj2050050aa8.jpg?KID=imgbed,tva&Expires=1584955864&ssig=NqObTNpaVC",
        "id": "4073274700469651",
        "city": "1",
        "province": "21",
        "friends_count": 259,
        "user_location": "辽宁 沈阳",
        "mid": "4073274700469651",
        "verified_reason": "",
        "attitudes_count": 0,
        "followers_count": 627,
        "verified_type": 220,
        "statuses_count": 2018,
        "parent": "4073270305115266",
        "verified": false,
        "geo": null,
        "user_created_at": 1271635399,
        "favourites_count": 91,
        "screen_name": "ProLamer",
        "gender": "m",
        "user_geo_enabled": true,
        "username": "ProLamer",
        "comments_count": 0,
        "t": 1486627829,
        "video_status_count": 0,
        "urank": 33,
        "user_ability": 33554432,
        "credit_score": 80
    }
]