[
    {
        "reposts_count": 2,
        "uid": 2012225384,
        "bi_followers_count": 47,
        "text": "据说是壶口瀑布发生的[傻眼][傻眼][傻眼]这种险情车里的人是下来还是不下来…@韩路- @陈震同学 @李益斌 http://t.cn/RJq9QL5 . ​",
        "user_description": "",
        "user_avatar": "https://tvax2.sinaimg.cn/crop.0.16.1242.1242.50/77f01f68ly8fkj30o6q2nj20yi0ze77i.jpg?KID=imgbed,tva&Expires=1584955869&ssig=1PYeifBhZl",
        "id": "4073242022940765",
        "city": "1000",
        "province": "61",
        "friends_count": 636,
        "user_location": "陕西",
        "mid": "4073242022940765",
        "verified_reason": "",
        "attitudes_count": 3,
        "followers_count": 241,
        "verified_type": -1,
        "statuses_count": 52,
        "parent": null,
        "verified": false,
        "geo": null,
        "user_created_at": 1300277872,
        "favourites_count": 46,
        "screen_name": "沙路易",
        "gender": "m",
        "user_geo_enabled": true,
        "username": "沙路易",
        "comments_count": 7,
        "t": 1486620038,
        "video_status_count": 0,
        "urank": 26,
        "user_ability": 3146752,
        "credit_score": 80
    },
    {
        "reposts_count": 0,
        "uid": 6000157849,
        "bi_followers_count": 1,
        "text": "明显不是中国好不好",
        "user_description": "",
        "user_avatar": "https://tvax1.sinaimg.cn/default/images/default_avatar_male_50.gif?KID=imgbed,tva&Expires=1584955869&ssig=URk%2F30MCCF",
        "id": "4083151258888791",
        "city": "1",
        "province": "21",
        "friends_count": 218,
        "user_location": "辽宁 沈阳",
        "mid": "4083151258888791",
        "verified_reason": "",
        "attitudes_count": 0,
        "followers_count": 38,
        "verified_type": -1,
        "statuses_count": 155,
        "parent": "4073242022940765",
        "verified": false,
        "geo": null,
        "user_created_at": 1470756762,
        "favourites_count": 47,
        "screen_name": "麦克美心333",
        "gender": "m",
        "user_geo_enabled": true,
        "username": "麦克美心333",
        "comments_count": 0,
        "t": 1488982584,
        "video_status_count": 0,
        "urank": 9,
        "user_ability": 35651584,
        "credit_score": 80
    },
    {
        "reposts_count": 0,
        "uid": 1731530680,
        "bi_followers_count": 10,
        "text": "下不下来都得挂。不过挂外面没人陪，挂里面有人作伴。",
        "user_description": "待定……",
        "user_avatar": "https://tvax2.sinaimg.cn/crop.0.0.996.996.50/67350fb8ly8fhf3bo9s8pj20ro0rpwfz.jpg?KID=imgbed,tva&Expires=1584955869&ssig=jLrp7t2%2FrD",
        "id": "4080908791407661",
        "city": "6",
        "province": "37",
        "friends_count": 117,
        "user_location": "山东 烟台",
        "mid": "4080908791407661",
        "verified_reason": "",
        "attitudes_count": 0,
        "followers_count": 43,
        "verified_type": -1,
        "statuses_count": 4031,
        "parent": "4073242022940765",
        "verified": false,
        "geo": null,
        "user_created_at": 1301879251,
        "favourites_count": 5,
        "screen_name": "Lin琳320",
        "gender": "f",
        "user_geo_enabled": true,
        "username": "Lin琳320",
        "comments_count": 0,
        "t": 1488447938,
        "video_status_count": 0,
        "urank": 9,
        "user_ability": 2097152,
        "credit_score": 80
    },
    {
        "reposts_count": 0,
        "uid": 3141057583,
        "bi_followers_count": 36,
        "text": "回复@Das_Das222:都写了不实消息了",
        "user_description": "It's about love, It's about dream, It's about the dream we love, It's about the love I dream",
        "user_avatar": "https://tvax2.sinaimg.cn/crop.0.0.1242.1242.50/bb38bc2fly8fuxm1bowhyj20yi0yidi3.jpg?KID=imgbed,tva&Expires=1584955869&ssig=9%2Baakvm6TZ",
        "id": "4078086389351761",
        "city": "1000",
        "province": "50",
        "friends_count": 215,
        "user_location": "重庆",
        "mid": "4078086389351761",
        "verified_reason": "",
        "attitudes_count": 0,
        "followers_count": 128,
        "verified_type": -1,
        "statuses_count": 325,
        "parent": "4073242022940765",
        "verified": false,
        "geo": null,
        "user_created_at": 1353855384,
        "favourites_count": 362,
        "screen_name": "kisses喵",
        "gender": "f",
        "user_geo_enabled": true,
        "username": "kisses喵",
        "comments_count": 0,
        "t": 1487775025,
        "video_status_count": 0,
        "urank": 18,
        "user_ability": 1024,
        "credit_score": 80
    },
    {
        "reposts_count": 0,
        "uid": 2443314280,
        "bi_followers_count": 109,
        "text": "@kisses喵",
        "user_description": "FAY",
        "user_avatar": "https://tva4.sinaimg.cn/crop.0.0.512.512.50/91a20468jw8fckae1s1n7j20e80e8mxi.jpg?KID=imgbed,tva&Expires=1584955869&ssig=qrpyc96NrT",
        "id": "4078086180154589",
        "city": "6",
        "province": "50",
        "friends_count": 224,
        "user_location": "重庆 沙坪坝区",
        "mid": "4078086180154589",
        "verified_reason": "",
        "attitudes_count": 0,
        "followers_count": 273,
        "verified_type": -1,
        "statuses_count": 63,
        "parent": "4073242022940765",
        "verified": false,
        "geo": null,
        "user_created_at": 1317725516,
        "favourites_count": 909,
        "screen_name": "EDNAN_AS",
        "gender": "f",
        "user_geo_enabled": true,
        "username": "EDNAN_AS",
        "comments_count": 0,
        "t": 1487774974,
        "video_status_count": 0,
        "urank": 30,
        "user_ability": 35651584,
        "credit_score": 80
    },
    {
        "reposts_count": 0,
        "uid": 1833096691,
        "bi_followers_count": 115,
        "text": "车牌巴基斯坦的",
        "user_description": "In Beijing",
        "user_avatar": "https://tva4.sinaimg.cn/crop.0.0.180.180.50/6d42d5f3jw1e8qgp5bmzyj2050050aa8.jpg?KID=imgbed,tva&Expires=1584955869&ssig=wLYNBigcZ2",
        "id": "4073350667957463",
        "city": "5",
        "province": "11",
        "friends_count": 289,
        "user_location": "北京 朝阳区",
        "mid": "4073350667957463",
        "verified_reason": "",
        "attitudes_count": 0,
        "followers_count": 511,
        "verified_type": 220,
        "statuses_count": 2561,
        "parent": "4073242022940765",
        "verified": false,
        "geo": null,
        "user_created_at": 1287415943,
        "favourites_count": 51,
        "screen_name": "云淡海象",
        "gender": "m",
        "user_geo_enabled": false,
        "username": "云淡海象",
        "comments_count": 0,
        "t": 1486645941,
        "video_status_count": 0,
        "urank": 30,
        "user_ability": 2097152,
        "credit_score": 80
    },
    {
        "reposts_count": 0,
        "uid": 2012225384,
        "bi_followers_count": 47,
        "text": "回复@風一様的男仔:想过河吧[挖鼻]",
        "user_description": "",
        "user_avatar": "https://tvax2.sinaimg.cn/crop.0.16.1242.1242.50/77f01f68ly8fkj30o6q2nj20yi0ze77i.jpg?KID=imgbed,tva&Expires=1584955869&ssig=1PYeifBhZl",
        "id": "4073285702619100",
        "city": "1000",
        "province": "61",
        "friends_count": 613,
        "user_location": "陕西",
        "mid": "4073285702619100",
        "verified_reason": "",
        "attitudes_count": 0,
        "followers_count": 242,
        "verified_type": -1,
        "statuses_count": 47,
        "parent": "4073242022940765",
        "verified": false,
        "geo": null,
        "user_created_at": 1300277872,
        "favourites_count": 46,
        "screen_name": "沙路易",
        "gender": "m",
        "user_geo_enabled": true,
        "username": "沙路易",
        "comments_count": 0,
        "t": 1486630452,
        "video_status_count": 0,
        "urank": 26,
        "user_ability": 3146752,
        "credit_score": 80
    },
    {
        "reposts_count": 0,
        "uid": 1477939013,
        "bi_followers_count": 38,
        "text": "车怎么会开到那里去的？",
        "user_description": "我不想变成一只等着被填饲料的悲哀的鸭子",
        "user_avatar": "https://tva4.sinaimg.cn/crop.0.0.1080.1080.50/58178f45jw8ehyw9wu8ytj20u00u0diu.jpg?KID=imgbed,tva&Expires=1584955869&ssig=f2bAmb5L%2FT",
        "id": "4073267456671737",
        "city": "2",
        "province": "37",
        "friends_count": 199,
        "user_location": "山东 青岛",
        "mid": "4073267456671737",
        "verified_reason": "",
        "attitudes_count": 0,
        "followers_count": 227,
        "verified_type": -1,
        "statuses_count": 907,
        "parent": "4073242022940765",
        "verified": false,
        "geo": null,
        "user_created_at": 1353160083,
        "favourites_count": 8,
        "screen_name": "風一様的男仔",
        "gender": "m",
        "user_geo_enabled": true,
        "username": "風一様的男仔",
        "comments_count": 0,
        "t": 1486626102,
        "video_status_count": 0,
        "urank": 24,
        "user_ability": 33816576,
        "credit_score": 80
    }
]