[
    {
        "reposts_count": 3,
        "uid": 3081771920,
        "bi_followers_count": 726,
        "text": "昨日吉县壶口瀑布发生的一起真实意外事件，令人感到震撼，无奈！ 无论是虎口还是壶口，都是对规则无视的结果！平时闯个红灯、插个队、逃个票以为是不拘小节，甚至还自鸣得意，谁能料想这一次等待他们的是这样的结果。依然是规则！[浪]#热点资讯##热点话题#[浪]http://t.cn/RJGHcgT . ...全文： http://m.weibo.cn/3081771920/4073235794436129 ​",
        "user_description": "(商务合作VX:weibo_90)有深度， 有温度， 有情怀。",
        "user_avatar": "https://tvax3.sinaimg.cn/crop.0.0.996.996.50/b7b01b90ly8g48gi6g8hoj20ro0ro0uv.jpg?KID=imgbed,tva&Expires=1584955864&ssig=QJLJaIJZVb",
        "id": "4073235794436129",
        "city": "17",
        "province": "51",
        "friends_count": 1060,
        "user_location": "四川 达州",
        "mid": "4073235794436129",
        "verified_reason": "网络营销师，协晨品牌创始人 财经视频自媒体",
        "attitudes_count": 3,
        "followers_count": 162168,
        "verified_type": 0,
        "statuses_count": 190,
        "parent": null,
        "verified": true,
        "geo": null,
        "user_created_at": 1355297830,
        "favourites_count": 3,
        "screen_name": "万家思想",
        "gender": "m",
        "user_geo_enabled": true,
        "username": "万家思想",
        "comments_count": 1,
        "t": 1486618553,
        "video_status_count": 0,
        "urank": 32,
        "user_ability": 11798536,
        "credit_score": 80
    },
    {
        "reposts_count": 0,
        "uid": 1680478077,
        "bi_followers_count": 8,
        "text": "回复@Asahi万旭亮:图片评论 http://t.cn/RJq1WBD",
        "user_description": "♀♂",
        "user_avatar": "https://tvax3.sinaimg.cn/crop.0.3.505.505.50/642a0f7dly8fh41uss3ejj20e10e8gm5.jpg?KID=imgbed,tva&Expires=1584955864&ssig=MqY9GUNrkb",
        "id": "4073273870402772",
        "city": "11",
        "province": "41",
        "friends_count": 386,
        "user_location": "河南 漯河",
        "mid": "4073273870402772",
        "verified_reason": "",
        "attitudes_count": 0,
        "followers_count": 190,
        "verified_type": -1,
        "statuses_count": 1468,
        "parent": "4073235794436129",
        "verified": false,
        "geo": null,
        "user_created_at": 1309260252,
        "favourites_count": 116,
        "screen_name": "蓝凤凰116",
        "gender": "f",
        "user_geo_enabled": true,
        "username": "蓝凤凰116",
        "comments_count": 0,
        "t": 1486627630,
        "video_status_count": 0,
        "urank": 14,
        "user_ability": 2359296,
        "credit_score": 80
    }
]