[
    {
        "reposts_count": 0,
        "uid": 6121718888,
        "bi_followers_count": 0,
        "text": "安徽省蚌埠市第一医院：昨天凌晨二点二十三分，三名男女生感染sk5病毒死亡，最大的32岁，最小的5岁，参与抢救的医生已被隔离，中央1台电视新闻己播岀，暂时别吃鸡。鸭，魚，凉皮，冷面类，酸菜，特别是草魚，酸菜魚，水煮魚，目前大连有3167个已感染。收到马上发给你关心的人，最好是群发。为了您的健...全文： http://m.weibo.cn/6121718888/4073282309715579 ​",
        "user_description": "",
        "user_avatar": "https://tvax1.sinaimg.cn/default/images/default_avatar_male_50.gif?KID=imgbed,tva&Expires=1584955846&ssig=DejGHAyWAq",
        "id": "4073282309715579",
        "city": "3",
        "province": "61",
        "friends_count": 60,
        "user_location": "陕西 宝鸡",
        "mid": "4073282309715579",
        "verified_reason": "",
        "attitudes_count": 0,
        "followers_count": 5,
        "verified_type": -1,
        "statuses_count": 1,
        "parent": null,
        "verified": false,
        "geo": null,
        "user_created_at": 1485169572,
        "favourites_count": 0,
        "screen_name": "杨佳禹1986",
        "gender": "m",
        "user_geo_enabled": true,
        "username": "杨佳禹1986",
        "comments_count": 1,
        "t": 1486629643,
        "video_status_count": 0,
        "urank": 4,
        "user_ability": 0,
        "credit_score": 80
    },
    {
        "reposts_count": 0,
        "uid": 1654716274,
        "bi_followers_count": 62,
        "text": "假的",
        "user_description": "出走半生，归来仍是少年。",
        "user_avatar": "https://tvax3.sinaimg.cn/crop.0.0.996.996.50/62a0f772ly8g81goybajyj20ro0rognp.jpg?KID=imgbed,tva&Expires=1584955846&ssig=A4ePQT%2F5vy",
        "id": "4075738174768777",
        "city": "1000",
        "province": "34",
        "friends_count": 74,
        "user_location": "安徽",
        "mid": "4075738174768777",
        "verified_reason": "",
        "attitudes_count": 0,
        "followers_count": 1331,
        "verified_type": 220,
        "statuses_count": 4394,
        "parent": "4073282309715579",
        "verified": false,
        "geo": null,
        "user_created_at": 1255904439,
        "favourites_count": 54,
        "screen_name": "静静看这吃人的世界",
        "gender": "m",
        "user_geo_enabled": true,
        "username": "静静看这吃人的世界",
        "comments_count": 0,
        "t": 1487215167,
        "video_status_count": 0,
        "urank": 37,
        "user_ability": 1310720,
        "credit_score": 80
    }
]