[
    {
        "reposts_count": 13,
        "uid": 1874568094,
        "bi_followers_count": 1917,
        "text": "这是今天吉县壶口瀑布发生的一起真实意外事件，令人感到震撼，无奈！ 落入虎口还是落入壶口，都是对规则无视的结果！平时闯个红灯、插个队、逃个票以为是不拘小节，甚至还自鸣得意，谁能料想这一次等待他们的是这样的结果。\n依然是规则！ http://t.cn/RJ5A4Dn . ​",
        "user_description": "微微和风中，与你同行；蒙蒙细雨里，挥洒心情！",
        "user_avatar": "https://tva4.sinaimg.cn/crop.0.0.1440.1440.50/6fbba39ejw8etrl64s1y8j2140140td2.jpg?KID=imgbed,tva&Expires=1584955311&ssig=70fxHmZnbM",
        "id": "4073300814047765",
        "city": "1000",
        "province": "35",
        "friends_count": 2537,
        "user_location": "福建",
        "mid": "4073300814047765",
        "verified_reason": "",
        "attitudes_count": 1,
        "followers_count": 6190,
        "verified_type": -1,
        "statuses_count": 18253,
        "parent": null,
        "verified": false,
        "geo": null,
        "user_created_at": 1289556680,
        "favourites_count": 35,
        "screen_name": "暖暖原名清风细雨",
        "gender": "f",
        "user_geo_enabled": true,
        "username": "暖暖原名清风细雨",
        "comments_count": 23,
        "t": 1486634055,
        "video_status_count": 0,
        "urank": 41,
        "user_ability": 2359296,
        "credit_score": 80
    },
    {
        "reposts_count": 0,
        "uid": 1874568094,
        "bi_followers_count": 1917,
        "text": "回复@武姑娘的Apple小金刚:放着让人们看看，以警示。",
        "user_description": "微微和风中，与你同行；蒙蒙细雨里，挥洒心情！",
        "user_avatar": "https://tva4.sinaimg.cn/crop.0.0.1440.1440.50/6fbba39ejw8etrl64s1y8j2140140td2.jpg?KID=imgbed,tva&Expires=1584955311&ssig=70fxHmZnbM",
        "id": "4083422903470706",
        "city": "1000",
        "province": "35",
        "friends_count": 2530,
        "user_location": "福建",
        "mid": "4083422903470706",
        "verified_reason": "",
        "attitudes_count": 0,
        "followers_count": 6187,
        "verified_type": -1,
        "statuses_count": 18238,
        "parent": "4073300814047765",
        "verified": false,
        "geo": null,
        "user_created_at": 1289556680,
        "favourites_count": 35,
        "screen_name": "暖暖原名清风细雨",
        "gender": "f",
        "user_geo_enabled": true,
        "username": "暖暖原名清风细雨",
        "comments_count": 0,
        "t": 1489047349,
        "video_status_count": 0,
        "urank": 41,
        "user_ability": 2359296,
        "credit_score": 80
    },
    {
        "reposts_count": 0,
        "uid": 2617022181,
        "bi_followers_count": 28,
        "text": "央视新闻都辟谣了，赶紧删了吧",
        "user_description": "心比长相好，懂比爱重要🌸",
        "user_avatar": "https://tvax3.sinaimg.cn/crop.0.0.960.960.50/9bfc96e5ly8fzkvshdzexj20qo0qoac3.jpg?KID=imgbed,tva&Expires=1584955311&ssig=ElaNkGUBpC",
        "id": "4083195227807709",
        "city": "1",
        "province": "53",
        "friends_count": 582,
        "user_location": "云南 昆明",
        "mid": "4083195227807709",
        "verified_reason": "",
        "attitudes_count": 0,
        "followers_count": 488,
        "verified_type": -1,
        "statuses_count": 6459,
        "parent": "4073300814047765",
        "verified": false,
        "geo": null,
        "user_created_at": 1329224995,
        "favourites_count": 111,
        "screen_name": "武姑娘的Apple",
        "gender": "f",
        "user_geo_enabled": true,
        "username": "武姑娘的Apple",
        "comments_count": 0,
        "t": 1488993067,
        "video_status_count": 0,
        "urank": 23,
        "user_ability": 33554432,
        "credit_score": 80
    },
    {
        "reposts_count": 0,
        "uid": 1874568094,
        "bi_followers_count": 1917,
        "text": "回复@玻璃窗上的蝉:知道了，谢谢！☕🌹",
        "user_description": "微微和风中，与你同行；蒙蒙细雨里，挥洒心情！",
        "user_avatar": "https://tva4.sinaimg.cn/crop.0.0.1440.1440.50/6fbba39ejw8etrl64s1y8j2140140td2.jpg?KID=imgbed,tva&Expires=1584955311&ssig=70fxHmZnbM",
        "id": "4082945139006153",
        "city": "1000",
        "province": "35",
        "friends_count": 2530,
        "user_location": "福建",
        "mid": "4082945139006153",
        "verified_reason": "",
        "attitudes_count": 0,
        "followers_count": 6187,
        "verified_type": -1,
        "statuses_count": 18238,
        "parent": "4073300814047765",
        "verified": false,
        "geo": null,
        "user_created_at": 1289556680,
        "favourites_count": 35,
        "screen_name": "暖暖原名清风细雨",
        "gender": "f",
        "user_geo_enabled": true,
        "username": "暖暖原名清风细雨",
        "comments_count": 0,
        "t": 1488933441,
        "video_status_count": 0,
        "urank": 41,
        "user_ability": 2359296,
        "credit_score": 80
    },
    {
        "reposts_count": 0,
        "uid": 3184514432,
        "bi_followers_count": 1,
        "text": "#微博辟谣# 网传吉县壶口瀑布发生意外事件，一越野车落入水中，有网友证实，这是谣传。据@跑者萧邦：Youtube上搜索chaman car flood accident可以找到，发生在巴基斯坦杰曼市，视频后半部是车沉入水后，浮出水面，车里有两人逃出，为了营救仍在车里的同伴，被洪水冲走，不知去向。",
        "user_description": "",
        "user_avatar": "https://tvax3.sinaimg.cn/crop.0.0.512.512.50/bdcfd580ly8fv2hk66fvtj20e80e83yy.jpg?KID=imgbed,tva&Expires=1584955311&ssig=QY0KMPfO0N",
        "id": "4082768742417059",
        "city": "1000",
        "province": "100",
        "friends_count": 94,
        "user_location": "其他",
        "mid": "4082768742417059",
        "verified_reason": "",
        "attitudes_count": 0,
        "followers_count": 35,
        "verified_type": -1,
        "statuses_count": 162,
        "parent": "4073300814047765",
        "verified": false,
        "geo": null,
        "user_created_at": 1360308360,
        "favourites_count": 1,
        "screen_name": "玻璃窗上的蝉",
        "gender": "f",
        "user_geo_enabled": true,
        "username": "玻璃窗上的蝉",
        "comments_count": 0,
        "t": 1488891385,
        "video_status_count": 0,
        "urank": 4,
        "user_ability": 1024,
        "credit_score": 80
    },
    {
        "reposts_count": 0,
        "uid": 3184514432,
        "bi_followers_count": 1,
        "text": "回复@暖暖原名清风细雨:#微博辟谣# 网传吉县壶口瀑布发生意外事件，一越野车落入水中，有网友证实，这是谣传。据@跑者萧邦：Youtube上搜索chaman car flood accident可以找到，发生在巴基斯坦杰曼市，视频后半部是车沉入水后，浮出水面，车里有两人逃出，为了营救仍在车里的同伴，被洪水冲走，不知去向",
        "user_description": "",
        "user_avatar": "https://tvax3.sinaimg.cn/crop.0.0.512.512.50/bdcfd580ly8fv2hk66fvtj20e80e83yy.jpg?KID=imgbed,tva&Expires=1584955311&ssig=QY0KMPfO0N",
        "id": "4082768486514444",
        "city": "1000",
        "province": "100",
        "friends_count": 94,
        "user_location": "其他",
        "mid": "4082768486514444",
        "verified_reason": "",
        "attitudes_count": 0,
        "followers_count": 35,
        "verified_type": -1,
        "statuses_count": 162,
        "parent": "4073300814047765",
        "verified": false,
        "geo": null,
        "user_created_at": 1360308360,
        "favourites_count": 1,
        "screen_name": "玻璃窗上的蝉",
        "gender": "f",
        "user_geo_enabled": true,
        "username": "玻璃窗上的蝉",
        "comments_count": 0,
        "t": 1488891324,
        "video_status_count": 0,
        "urank": 4,
        "user_ability": 1024,
        "credit_score": 80
    },
    {
        "reposts_count": 0,
        "uid": 3184514432,
        "bi_followers_count": 1,
        "text": "回复@暖暖原名清风细雨:不是，说了不是，国外的，具体哪里不知道",
        "user_description": "",
        "user_avatar": "https://tvax3.sinaimg.cn/crop.0.0.512.512.50/bdcfd580ly8fv2hk66fvtj20e80e83yy.jpg?KID=imgbed,tva&Expires=1584955311&ssig=QY0KMPfO0N",
        "id": "4082767727195444",
        "city": "1000",
        "province": "100",
        "friends_count": 94,
        "user_location": "其他",
        "mid": "4082767727195444",
        "verified_reason": "",
        "attitudes_count": 0,
        "followers_count": 35,
        "verified_type": -1,
        "statuses_count": 162,
        "parent": "4073300814047765",
        "verified": false,
        "geo": null,
        "user_created_at": 1360308360,
        "favourites_count": 1,
        "screen_name": "玻璃窗上的蝉",
        "gender": "f",
        "user_geo_enabled": true,
        "username": "玻璃窗上的蝉",
        "comments_count": 0,
        "t": 1488891144,
        "video_status_count": 0,
        "urank": 4,
        "user_ability": 1024,
        "credit_score": 80
    },
    {
        "reposts_count": 0,
        "uid": 1874568094,
        "bi_followers_count": 1917,
        "text": "回复@玻璃窗上的蝉:听声音像是新疆那边的",
        "user_description": "微微和风中，与你同行；蒙蒙细雨里，挥洒心情！",
        "user_avatar": "https://tva4.sinaimg.cn/crop.0.0.1440.1440.50/6fbba39ejw8etrl64s1y8j2140140td2.jpg?KID=imgbed,tva&Expires=1584955311&ssig=70fxHmZnbM",
        "id": "4082723470125002",
        "city": "1000",
        "province": "35",
        "friends_count": 2530,
        "user_location": "福建",
        "mid": "4082723470125002",
        "verified_reason": "",
        "attitudes_count": 0,
        "followers_count": 6187,
        "verified_type": -1,
        "statuses_count": 18238,
        "parent": "4073300814047765",
        "verified": false,
        "geo": null,
        "user_created_at": 1289556680,
        "favourites_count": 35,
        "screen_name": "暖暖原名清风细雨",
        "gender": "f",
        "user_geo_enabled": true,
        "username": "暖暖原名清风细雨",
        "comments_count": 0,
        "t": 1488880591,
        "video_status_count": 0,
        "urank": 41,
        "user_ability": 2359296,
        "credit_score": 80
    },
    {
        "reposts_count": 0,
        "uid": 3184514432,
        "bi_followers_count": 1,
        "text": "回复@暖暖原名清风细雨:不是中国的，是国外前几天的洪流",
        "user_description": "",
        "user_avatar": "https://tvax3.sinaimg.cn/crop.0.0.512.512.50/bdcfd580ly8fv2hk66fvtj20e80e83yy.jpg?KID=imgbed,tva&Expires=1584955311&ssig=QY0KMPfO0N",
        "id": "4082709002718405",
        "city": "1000",
        "province": "100",
        "friends_count": 94,
        "user_location": "其他",
        "mid": "4082709002718405",
        "verified_reason": "",
        "attitudes_count": 0,
        "followers_count": 35,
        "verified_type": -1,
        "statuses_count": 162,
        "parent": "4073300814047765",
        "verified": false,
        "geo": null,
        "user_created_at": 1360308360,
        "favourites_count": 1,
        "screen_name": "玻璃窗上的蝉",
        "gender": "f",
        "user_geo_enabled": true,
        "username": "玻璃窗上的蝉",
        "comments_count": 0,
        "t": 1488877142,
        "video_status_count": 0,
        "urank": 4,
        "user_ability": 1024,
        "credit_score": 80
    },
    {
        "reposts_count": 0,
        "uid": 1874568094,
        "bi_followers_count": 1917,
        "text": "回复@天天压力山大:拿自己的生命开玩笑。",
        "user_description": "微微和风中，与你同行；蒙蒙细雨里，挥洒心情！",
        "user_avatar": "https://tva4.sinaimg.cn/crop.0.0.1440.1440.50/6fbba39ejw8etrl64s1y8j2140140td2.jpg?KID=imgbed,tva&Expires=1584955311&ssig=70fxHmZnbM",
        "id": "4082696161034035",
        "city": "1000",
        "province": "35",
        "friends_count": 2530,
        "user_location": "福建",
        "mid": "4082696161034035",
        "verified_reason": "",
        "attitudes_count": 0,
        "followers_count": 6187,
        "verified_type": -1,
        "statuses_count": 18238,
        "parent": "4073300814047765",
        "verified": false,
        "geo": null,
        "user_created_at": 1289556680,
        "favourites_count": 35,
        "screen_name": "暖暖原名清风细雨",
        "gender": "f",
        "user_geo_enabled": true,
        "username": "暖暖原名清风细雨",
        "comments_count": 0,
        "t": 1488874080,
        "video_status_count": 0,
        "urank": 41,
        "user_ability": 2359296,
        "credit_score": 80
    },
    {
        "reposts_count": 0,
        "uid": 1874568094,
        "bi_followers_count": 1917,
        "text": "回复@玻璃窗上的蝉:应该是吧，群里看到的。",
        "user_description": "微微和风中，与你同行；蒙蒙细雨里，挥洒心情！",
        "user_avatar": "https://tva4.sinaimg.cn/crop.0.0.1440.1440.50/6fbba39ejw8etrl64s1y8j2140140td2.jpg?KID=imgbed,tva&Expires=1584955311&ssig=70fxHmZnbM",
        "id": "4082695417975916",
        "city": "1000",
        "province": "35",
        "friends_count": 2530,
        "user_location": "福建",
        "mid": "4082695417975916",
        "verified_reason": "",
        "attitudes_count": 0,
        "followers_count": 6187,
        "verified_type": -1,
        "statuses_count": 18238,
        "parent": "4073300814047765",
        "verified": false,
        "geo": null,
        "user_created_at": 1289556680,
        "favourites_count": 35,
        "screen_name": "暖暖原名清风细雨",
        "gender": "f",
        "user_geo_enabled": true,
        "username": "暖暖原名清风细雨",
        "comments_count": 0,
        "t": 1488873902,
        "video_status_count": 0,
        "urank": 41,
        "user_ability": 2359296,
        "credit_score": 80
    },
    {
        "reposts_count": 0,
        "uid": 3184514432,
        "bi_followers_count": 1,
        "text": "这不是中国的事",
        "user_description": "",
        "user_avatar": "https://tvax3.sinaimg.cn/crop.0.0.512.512.50/bdcfd580ly8fv2hk66fvtj20e80e83yy.jpg?KID=imgbed,tva&Expires=1584955311&ssig=QY0KMPfO0N",
        "id": "4082689369252896",
        "city": "1000",
        "province": "100",
        "friends_count": 94,
        "user_location": "其他",
        "mid": "4082689369252896",
        "verified_reason": "",
        "attitudes_count": 0,
        "followers_count": 35,
        "verified_type": -1,
        "statuses_count": 162,
        "parent": "4073300814047765",
        "verified": false,
        "geo": null,
        "user_created_at": 1360308360,
        "favourites_count": 1,
        "screen_name": "玻璃窗上的蝉",
        "gender": "f",
        "user_geo_enabled": true,
        "username": "玻璃窗上的蝉",
        "comments_count": 0,
        "t": 1488872461,
        "video_status_count": 0,
        "urank": 4,
        "user_ability": 1024,
        "credit_score": 80
    },
    {
        "reposts_count": 0,
        "uid": 2306854042,
        "bi_followers_count": 3,
        "text": "自己找死，不怨谁",
        "user_description": "",
        "user_avatar": "https://tvax3.sinaimg.cn/crop.0.0.1002.1002.50/897fcc9aly8fdqbnrxpdpj20ru0rudhk.jpg?KID=imgbed,tva&Expires=1584955311&ssig=6a3iqFJc%2BJ",
        "id": "4082663218899011",
        "city": "26",
        "province": "52",
        "friends_count": 234,
        "user_location": "贵州 黔东南",
        "mid": "4082663218899011",
        "verified_reason": "",
        "attitudes_count": 0,
        "followers_count": 103,
        "verified_type": -1,
        "statuses_count": 441,
        "parent": "4073300814047765",
        "verified": false,
        "geo": null,
        "user_created_at": 1313223625,
        "favourites_count": 20,
        "screen_name": "来自狗头的斜视",
        "gender": "m",
        "user_geo_enabled": true,
        "username": "来自狗头的斜视",
        "comments_count": 0,
        "t": 1488866226,
        "video_status_count": 0,
        "urank": 30,
        "user_ability": 2097152,
        "credit_score": 80
    },
    {
        "reposts_count": 0,
        "uid": 3291839353,
        "bi_followers_count": 603,
        "text": "回复@暖暖原名清风细雨:恢之晚也！🙏[伤心]",
        "user_description": "爱憎分明，心直口快，理智待人接物。",
        "user_avatar": "https://tva3.sinaimg.cn/crop.9.31.119.119.50/c4357b79tw1ef64itkmi7j2046046q2t.jpg?KID=imgbed,tva&Expires=1584955311&ssig=tdu00jm%2FCN",
        "id": "4073515323239745",
        "city": "5",
        "province": "11",
        "friends_count": 3035,
        "user_location": "北京 朝阳区",
        "mid": "4073515323239745",
        "verified_reason": "",
        "attitudes_count": 0,
        "followers_count": 1065,
        "verified_type": -1,
        "statuses_count": 4904,
        "parent": "4073300814047765",
        "verified": false,
        "geo": null,
        "user_created_at": 1371813334,
        "favourites_count": 461,
        "screen_name": "野猫_17530",
        "gender": "m",
        "user_geo_enabled": false,
        "username": "野猫_17530",
        "comments_count": 0,
        "t": 1486685199,
        "video_status_count": 0,
        "urank": 26,
        "user_ability": 11534336,
        "credit_score": 80
    },
    {
        "reposts_count": 0,
        "uid": 1874568094,
        "bi_followers_count": 1917,
        "text": "回复@野猫_17530:嗯。",
        "user_description": "微微和风中，与你同行；蒙蒙细雨里，挥洒心情！",
        "user_avatar": "https://tva4.sinaimg.cn/crop.0.0.1440.1440.50/6fbba39ejw8etrl64s1y8j2140140td2.jpg?KID=imgbed,tva&Expires=1584955311&ssig=70fxHmZnbM",
        "id": "4073379080609360",
        "city": "1000",
        "province": "35",
        "friends_count": 2530,
        "user_location": "福建",
        "mid": "4073379080609360",
        "verified_reason": "",
        "attitudes_count": 0,
        "followers_count": 6187,
        "verified_type": -1,
        "statuses_count": 18238,
        "parent": "4073300814047765",
        "verified": false,
        "geo": null,
        "user_created_at": 1289556680,
        "favourites_count": 35,
        "screen_name": "暖暖原名清风细雨",
        "gender": "f",
        "user_geo_enabled": true,
        "username": "暖暖原名清风细雨",
        "comments_count": 0,
        "t": 1486652714,
        "video_status_count": 0,
        "urank": 41,
        "user_ability": 2359296,
        "credit_score": 80
    },
    {
        "reposts_count": 0,
        "uid": 3291839353,
        "bi_followers_count": 603,
        "text": "回复@暖暖原名清风细雨:常言道:水火无情。[伤心]",
        "user_description": "爱憎分明，心直口快，理智待人接物。",
        "user_avatar": "https://tva3.sinaimg.cn/crop.9.31.119.119.50/c4357b79tw1ef64itkmi7j2046046q2t.jpg?KID=imgbed,tva&Expires=1584955311&ssig=tdu00jm%2FCN",
        "id": "4073376450438282",
        "city": "5",
        "province": "11",
        "friends_count": 3035,
        "user_location": "北京 朝阳区",
        "mid": "4073376450438282",
        "verified_reason": "",
        "attitudes_count": 0,
        "followers_count": 1065,
        "verified_type": -1,
        "statuses_count": 4904,
        "parent": "4073300814047765",
        "verified": false,
        "geo": null,
        "user_created_at": 1371813334,
        "favourites_count": 461,
        "screen_name": "野猫_17530",
        "gender": "m",
        "user_geo_enabled": false,
        "username": "野猫_17530",
        "comments_count": 0,
        "t": 1486652088,
        "video_status_count": 0,
        "urank": 26,
        "user_ability": 11534336,
        "credit_score": 80
    },
    {
        "reposts_count": 0,
        "uid": 1874568094,
        "bi_followers_count": 1917,
        "text": "回复@猎手吹雪:他开到中间，知道危险，已经没有退路了。",
        "user_description": "微微和风中，与你同行；蒙蒙细雨里，挥洒心情！",
        "user_avatar": "https://tva4.sinaimg.cn/crop.0.0.1440.1440.50/6fbba39ejw8etrl64s1y8j2140140td2.jpg?KID=imgbed,tva&Expires=1584955311&ssig=70fxHmZnbM",
        "id": "4073373522915351",
        "city": "1000",
        "province": "35",
        "friends_count": 2530,
        "user_location": "福建",
        "mid": "4073373522915351",
        "verified_reason": "",
        "attitudes_count": 0,
        "followers_count": 6187,
        "verified_type": -1,
        "statuses_count": 18238,
        "parent": "4073300814047765",
        "verified": false,
        "geo": null,
        "user_created_at": 1289556680,
        "favourites_count": 35,
        "screen_name": "暖暖原名清风细雨",
        "gender": "f",
        "user_geo_enabled": true,
        "username": "暖暖原名清风细雨",
        "comments_count": 0,
        "t": 1486651390,
        "video_status_count": 0,
        "urank": 41,
        "user_ability": 2359296,
        "credit_score": 80
    },
    {
        "reposts_count": 0,
        "uid": 1404797815,
        "bi_followers_count": 11,
        "text": "no zuo no die",
        "user_description": "面朝大海 春暖花开",
        "user_avatar": "https://tva1.sinaimg.cn/crop.0.0.180.180.50/53bb8377jw1e8qgp5bmzyj2050050aa8.jpg?KID=imgbed,tva&Expires=1584955311&ssig=U5oOIaGYVL",
        "id": "4073363091054852",
        "city": "5",
        "province": "31",
        "friends_count": 590,
        "user_location": "上海 长宁区",
        "mid": "4073363091054852",
        "verified_reason": "",
        "attitudes_count": 0,
        "followers_count": 503,
        "verified_type": -1,
        "statuses_count": 1764,
        "parent": "4073300814047765",
        "verified": false,
        "geo": null,
        "user_created_at": 1268314012,
        "favourites_count": 446,
        "screen_name": "水城路2010",
        "gender": "m",
        "user_geo_enabled": true,
        "username": "水城路2010",
        "comments_count": 0,
        "t": 1486648903,
        "video_status_count": 0,
        "urank": 14,
        "user_ability": 2097152,
        "credit_score": 80
    },
    {
        "reposts_count": 0,
        "uid": 3284706247,
        "bi_followers_count": 32,
        "text": "明知危险 ，还往前开？",
        "user_description": "投身股市二十载,随心红尘修行中。巧遇禅师显机缘，顿悟投机好似通。所有言论均不构成投资建议！",
        "user_avatar": "https://tvax1.sinaimg.cn/crop.0.0.996.996.50/c3c8a3c7ly8fz1pkai2twj20ro0rogpw.jpg?KID=imgbed,tva&Expires=1584955311&ssig=oLKT477EyC",
        "id": "4073358548810378",
        "city": "2",
        "province": "11",
        "friends_count": 691,
        "user_location": "北京 西城区",
        "mid": "4073358548810378",
        "verified_reason": "",
        "attitudes_count": 0,
        "followers_count": 9203,
        "verified_type": -1,
        "statuses_count": 14283,
        "parent": "4073300814047765",
        "verified": false,
        "geo": null,
        "user_created_at": 1370762721,
        "favourites_count": 39,
        "screen_name": "猎手吹雪",
        "gender": "m",
        "user_geo_enabled": false,
        "username": "猎手吹雪",
        "comments_count": 0,
        "t": 1486647820,
        "video_status_count": 0,
        "urank": 14,
        "user_ability": 10747904,
        "credit_score": 80
    },
    {
        "reposts_count": 0,
        "uid": 3291839353,
        "bi_followers_count": 603,
        "text": "没有十二分的把握！千万不要称能？？？[抓狂][伤心]",
        "user_description": "爱憎分明，心直口快，理智待人接物。",
        "user_avatar": "https://tva3.sinaimg.cn/crop.9.31.119.119.50/c4357b79tw1ef64itkmi7j2046046q2t.jpg?KID=imgbed,tva&Expires=1584955311&ssig=tdu00jm%2FCN",
        "id": "4073355965071951",
        "city": "5",
        "province": "11",
        "friends_count": 3035,
        "user_location": "北京 朝阳区",
        "mid": "4073355965071951",
        "verified_reason": "",
        "attitudes_count": 0,
        "followers_count": 1065,
        "verified_type": -1,
        "statuses_count": 4904,
        "parent": "4073300814047765",
        "verified": false,
        "geo": null,
        "user_created_at": 1371813334,
        "favourites_count": 461,
        "screen_name": "野猫_17530",
        "gender": "m",
        "user_geo_enabled": false,
        "username": "野猫_17530",
        "comments_count": 0,
        "t": 1486647204,
        "video_status_count": 0,
        "urank": 26,
        "user_ability": 11534336,
        "credit_score": 80
    },
    {
        "reposts_count": 0,
        "uid": 3855263553,
        "bi_followers_count": 196,
        "text": "平时是天老大他老二，为肾没把地放在眼里，地不是好惹的。",
        "user_description": "祝大家快乐",
        "user_avatar": "https://tvax2.sinaimg.cn/crop.0.0.996.996.50/e5caa741ly8fw14895afmj20ro0roq51.jpg?KID=imgbed,tva&Expires=1584955311&ssig=%2BVL7WN9G7H",
        "id": "4073318283582888",
        "city": "1000",
        "province": "11",
        "friends_count": 1371,
        "user_location": "北京",
        "mid": "4073318283582888",
        "verified_reason": "",
        "attitudes_count": 0,
        "followers_count": 742,
        "verified_type": -1,
        "statuses_count": 100,
        "parent": "4073300814047765",
        "verified": false,
        "geo": null,
        "user_created_at": 1381857773,
        "favourites_count": 2,
        "screen_name": "看微博认字",
        "gender": "m",
        "user_geo_enabled": true,
        "username": "看微博认字",
        "comments_count": 0,
        "t": 1486638220,
        "video_status_count": 0,
        "urank": 33,
        "user_ability": 2359296,
        "credit_score": 80
    },
    {
        "reposts_count": 0,
        "uid": 2686712721,
        "bi_followers_count": 129,
        "text": "咳。。。",
        "user_description": "月夜群星照；天马行空雷！",
        "user_avatar": "https://tvax1.sinaimg.cn/crop.0.0.664.664.50/a023fb91ly8fk6hjqv8cdj20ig0igglt.jpg?KID=imgbed,tva&Expires=1584955311&ssig=R6uF6kHSgD",
        "id": "4073306765978367",
        "city": "2",
        "province": "21",
        "friends_count": 380,
        "user_location": "辽宁 大连",
        "mid": "4073306765978367",
        "verified_reason": "",
        "attitudes_count": 0,
        "followers_count": 986,
        "verified_type": -1,
        "statuses_count": 3589,
        "parent": "4073300814047765",
        "verified": false,
        "geo": null,
        "user_created_at": 1333019121,
        "favourites_count": 10,
        "screen_name": "末日暴君1980",
        "gender": "m",
        "user_geo_enabled": true,
        "username": "末日暴君1980",
        "comments_count": 0,
        "t": 1486635474,
        "video_status_count": 0,
        "urank": 27,
        "user_ability": 33554432,
        "credit_score": 80
    }
]