[
    {
        "reposts_count": 30,
        "uid": 5865591221,
        "bi_followers_count": 68,
        "text": "恐怖！实拍司机无视危险横穿壶口瀑布！最后付出生命的代价！http://t.cn/RJqWOtC ​",
        "user_description": "幽默搞怪达人。",
        "user_avatar": "https://tvax2.sinaimg.cn/crop.3.0.634.634.50/006oXqe1ly8fjz8pes2pwj30hs0hmdgp.jpg?KID=imgbed,tva&Expires=1584955869&ssig=t79Gl6Wq7w",
        "id": "4073251577502118",
        "city": "1000",
        "province": "31",
        "friends_count": 326,
        "user_location": "上海",
        "mid": "4073251577502118",
        "verified_reason": "知名搞笑幽默博主",
        "attitudes_count": 25,
        "followers_count": 37840,
        "verified_type": 0,
        "statuses_count": 5851,
        "parent": null,
        "verified": true,
        "geo": null,
        "user_created_at": 1456141543,
        "favourites_count": 34,
        "screen_name": "搞怪的蜀黍",
        "gender": "m",
        "user_geo_enabled": true,
        "username": "搞怪的蜀黍",
        "comments_count": 23,
        "t": 1486622315,
        "video_status_count": 0,
        "urank": 35,
        "user_ability": -2135686644,
        "credit_score": 80
    },
    {
        "reposts_count": 0,
        "uid": 5514981068,
        "bi_followers_count": 6,
        "text": "回复@大赵小良:你用我们家乡话就叫嘴不怂",
        "user_description": "",
        "user_avatar": "https://tvax3.sinaimg.cn/crop.0.0.1328.1328.50/0061eivyly8fm8bbulgt6j310w10wjtl.jpg?KID=imgbed,tva&Expires=1584955869&ssig=oi0f1XAYf%2B",
        "id": "4087157880745412",
        "city": "1000",
        "province": "100",
        "friends_count": 71,
        "user_location": "其他",
        "mid": "4087157880745412",
        "verified_reason": "",
        "attitudes_count": 0,
        "followers_count": 71,
        "verified_type": -1,
        "statuses_count": 58,
        "parent": "4073251577502118",
        "verified": false,
        "geo": null,
        "user_created_at": 1423474404,
        "favourites_count": 3,
        "screen_name": "人没到胸先到",
        "gender": "m",
        "user_geo_enabled": true,
        "username": "人没到胸先到",
        "comments_count": 0,
        "t": 1489937837,
        "video_status_count": 0,
        "urank": 9,
        "user_ability": 0,
        "credit_score": 80
    },
    {
        "reposts_count": 0,
        "uid": 5829790978,
        "bi_followers_count": 42,
        "text": "假的，不是壶口，不在中国",
        "user_description": "",
        "user_avatar": "https://tva4.sinaimg.cn/crop.0.0.498.498.50/006mxcWKjw8f8178y49obj30du0du3yz.jpg?KID=imgbed,tva&Expires=1584955869&ssig=dznEKBXrd8",
        "id": "4077942973956698",
        "city": "3",
        "province": "61",
        "friends_count": 665,
        "user_location": "陕西 宝鸡",
        "mid": "4077942973956698",
        "verified_reason": "",
        "attitudes_count": 0,
        "followers_count": 334,
        "verified_type": -1,
        "statuses_count": 2661,
        "parent": "4073251577502118",
        "verified": false,
        "geo": null,
        "user_created_at": 1452861141,
        "favourites_count": 708,
        "screen_name": "马丁公司2016",
        "gender": "m",
        "user_geo_enabled": false,
        "username": "马丁公司2016",
        "comments_count": 0,
        "t": 1487740832,
        "video_status_count": 0,
        "urank": 33,
        "user_ability": 3407872,
        "credit_score": 80
    },
    {
        "reposts_count": 0,
        "uid": 5052836947,
        "bi_followers_count": 5,
        "text": "把车门都打开，也许还能坚持一阵。",
        "user_description": "",
        "user_avatar": "https://tvax1.sinaimg.cn/default/images/default_avatar_male_50.gif?KID=imgbed,tva&Expires=1584955869&ssig=URk%2F30MCCF",
        "id": "4075472101024186",
        "city": "1000",
        "province": "51",
        "friends_count": 243,
        "user_location": "四川",
        "mid": "4075472101024186",
        "verified_reason": "",
        "attitudes_count": 0,
        "followers_count": 35,
        "verified_type": -1,
        "statuses_count": 206,
        "parent": "4073251577502118",
        "verified": false,
        "geo": null,
        "user_created_at": 1393594603,
        "favourites_count": 33,
        "screen_name": "大哥big",
        "gender": "m",
        "user_geo_enabled": true,
        "username": "大哥big",
        "comments_count": 0,
        "t": 1487151729,
        "video_status_count": 0,
        "urank": 14,
        "user_ability": 0,
        "credit_score": 80
    },
    {
        "reposts_count": 0,
        "uid": 5239501253,
        "bi_followers_count": 44,
        "text": "回复@大赵小良:哦，那怎么伸呢🤔",
        "user_description": "喜欢做梦，梦里有你。",
        "user_avatar": "https://tvax2.sinaimg.cn/crop.0.0.1080.1080.50/005IApCJly8gd1kxcaexbj30u00u0wgt.jpg?KID=imgbed,tva&Expires=1584955869&ssig=1H%2FJGj2Z63",
        "id": "4073427834302707",
        "city": "1000",
        "province": "32",
        "friends_count": 312,
        "user_location": "江苏",
        "mid": "4073427834302707",
        "verified_reason": "",
        "attitudes_count": 0,
        "followers_count": 133,
        "verified_type": -1,
        "statuses_count": 392,
        "parent": "4073251577502118",
        "verified": false,
        "geo": null,
        "user_created_at": 1406966332,
        "favourites_count": 502,
        "screen_name": "九磅十五便",
        "gender": "m",
        "user_geo_enabled": true,
        "username": "九磅十五便",
        "comments_count": 0,
        "t": 1486664339,
        "video_status_count": 0,
        "urank": 31,
        "user_ability": 2360320,
        "credit_score": 80
    },
    {
        "reposts_count": 0,
        "uid": 1810302912,
        "bi_followers_count": 1237,
        "text": "回复@我非凡人i:伸出援助之手！你们到底读过书吗？",
        "user_description": "爱情里根本不分1,0，请不要问我是1是0，为了爱人我支付得起那份坚挺，也容纳得下那份粗壮。微信：danielaliens",
        "user_avatar": "https://tvax4.sinaimg.cn/crop.13.0.1216.1216.50/6be707c0ly8ff5c8xxyxjj20yi0xsq6n.jpg?KID=imgbed,tva&Expires=1584955869&ssig=T1GTfWbBBe",
        "id": "4073408129840673",
        "city": "1000",
        "province": "44",
        "friends_count": 1479,
        "user_location": "广东",
        "mid": "4073408129840673",
        "verified_reason": "",
        "attitudes_count": 0,
        "followers_count": 10745,
        "verified_type": 220,
        "statuses_count": 3814,
        "parent": "4073251577502118",
        "verified": false,
        "geo": null,
        "user_created_at": 1284165988,
        "favourites_count": 50,
        "screen_name": "大赵小良",
        "gender": "m",
        "user_geo_enabled": false,
        "username": "大赵小良",
        "comments_count": 0,
        "t": 1486659641,
        "video_status_count": 0,
        "urank": 47,
        "user_ability": 2359304,
        "credit_score": 77
    },
    {
        "reposts_count": 0,
        "uid": 1810302912,
        "bi_followers_count": 1237,
        "text": "回复@南栀倾寒-iiiii:你能活到我这么大才该还神",
        "user_description": "爱情里根本不分1,0，请不要问我是1是0，为了爱人我支付得起那份坚挺，也容纳得下那份粗壮。微信：danielaliens",
        "user_avatar": "https://tvax4.sinaimg.cn/crop.13.0.1216.1216.50/6be707c0ly8ff5c8xxyxjj20yi0xsq6n.jpg?KID=imgbed,tva&Expires=1584955869&ssig=T1GTfWbBBe",
        "id": "4073387238490409",
        "city": "1000",
        "province": "44",
        "friends_count": 1479,
        "user_location": "广东",
        "mid": "4073387238490409",
        "verified_reason": "",
        "attitudes_count": 0,
        "followers_count": 10745,
        "verified_type": 220,
        "statuses_count": 3814,
        "parent": "4073251577502118",
        "verified": false,
        "geo": null,
        "user_created_at": 1284165988,
        "favourites_count": 50,
        "screen_name": "大赵小良",
        "gender": "m",
        "user_geo_enabled": false,
        "username": "大赵小良",
        "comments_count": 0,
        "t": 1486654660,
        "video_status_count": 0,
        "urank": 47,
        "user_ability": 2359304,
        "credit_score": 77
    },
    {
        "reposts_count": 0,
        "uid": 5674210446,
        "bi_followers_count": 2,
        "text": "回复@大赵小良:对于你的理解我深感忧虑[doge]能活这么大 全凭运气[哈哈]",
        "user_description": "",
        "user_avatar": "https://tvax3.sinaimg.cn/crop.0.0.1125.1125.50/006c0plkly8fp1xov9lmgj30v90v9q6k.jpg?KID=imgbed,tva&Expires=1584955869&ssig=r%2Bj7IGTTUv",
        "id": "4073377767033931",
        "city": "8",
        "province": "11",
        "friends_count": 127,
        "user_location": "北京 海淀区",
        "mid": "4073377767033931",
        "verified_reason": "",
        "attitudes_count": 0,
        "followers_count": 43,
        "verified_type": -1,
        "statuses_count": 42,
        "parent": "4073251577502118",
        "verified": false,
        "geo": null,
        "user_created_at": 1439266444,
        "favourites_count": 123,
        "screen_name": "清如许呀",
        "gender": "m",
        "user_geo_enabled": false,
        "username": "清如许呀",
        "comments_count": 0,
        "t": 1486652402,
        "video_status_count": 0,
        "urank": 9,
        "user_ability": 1024,
        "credit_score": 80
    },
    {
        "reposts_count": 0,
        "uid": 1821600061,
        "bi_followers_count": 32,
        "text": "都说不是壶口瀑布了",
        "user_description": "",
        "user_avatar": "https://tvax1.sinaimg.cn/crop.0.0.960.960.50/6c93693dly8g9dk577ewtj20qo0qo40b.jpg?KID=imgbed,tva&Expires=1584955869&ssig=s%2B1%2BRfZE%2Fg",
        "id": "4073344850526520",
        "city": "1000",
        "province": "13",
        "friends_count": 1783,
        "user_location": "河北",
        "mid": "4073344850526520",
        "verified_reason": "",
        "attitudes_count": 0,
        "followers_count": 514,
        "verified_type": -1,
        "statuses_count": 849,
        "parent": "4073251577502118",
        "verified": false,
        "geo": null,
        "user_created_at": 1302838980,
        "favourites_count": 25,
        "screen_name": "相识于2019",
        "gender": "m",
        "user_geo_enabled": true,
        "username": "相识于2019",
        "comments_count": 0,
        "t": 1486644554,
        "video_status_count": 0,
        "urank": 33,
        "user_ability": 2097152,
        "credit_score": 80
    },
    {
        "reposts_count": 0,
        "uid": 6051717420,
        "bi_followers_count": 5,
        "text": "找死",
        "user_description": "",
        "user_avatar": "https://tvax4.sinaimg.cn/crop.0.0.664.664.50/006Byo9uly8fhkv14eukbj30ig0igdgw.jpg?KID=imgbed,tva&Expires=1584955869&ssig=8wK6aPOGxP",
        "id": "4073306523084172",
        "city": "1000",
        "province": "100",
        "friends_count": 230,
        "user_location": "其他",
        "mid": "4073306523084172",
        "verified_reason": "",
        "attitudes_count": 0,
        "followers_count": 61,
        "verified_type": -1,
        "statuses_count": 90,
        "parent": "4073251577502118",
        "verified": false,
        "geo": null,
        "user_created_at": 1477227526,
        "favourites_count": 1,
        "screen_name": "缘自且珍惜",
        "gender": "m",
        "user_geo_enabled": true,
        "username": "缘自且珍惜",
        "comments_count": 0,
        "t": 1486635415,
        "video_status_count": 0,
        "urank": 9,
        "user_ability": 3145728,
        "credit_score": 80
    },
    {
        "reposts_count": 0,
        "uid": 3645026835,
        "bi_followers_count": 5,
        "text": "回复@大赵小良:反正横竖都是死，及时下来或许有一线生机",
        "user_description": "",
        "user_avatar": "https://tva4.sinaimg.cn/crop.37.69.135.135.50/d942b213gw1efxh8qnk0dj205x06amxb.jpg?KID=imgbed,tva&Expires=1584955869&ssig=EoHuQOf%2FSb",
        "id": "4073302765474740",
        "city": "3",
        "province": "44",
        "friends_count": 115,
        "user_location": "广东 深圳",
        "mid": "4073302765474740",
        "verified_reason": "",
        "attitudes_count": 0,
        "followers_count": 184,
        "verified_type": -1,
        "statuses_count": 67,
        "parent": "4073251577502118",
        "verified": false,
        "geo": null,
        "user_created_at": 1376114230,
        "favourites_count": 8,
        "screen_name": "3425624652l",
        "gender": "m",
        "user_geo_enabled": true,
        "username": "3425624652l",
        "comments_count": 0,
        "t": 1486634520,
        "video_status_count": 0,
        "urank": 9,
        "user_ability": 2098176,
        "credit_score": 80
    },
    {
        "reposts_count": 0,
        "uid": 5239501253,
        "bi_followers_count": 44,
        "text": "回复@大赵小良:隔那么远伸手有用？[摊手]",
        "user_description": "喜欢做梦，梦里有你。",
        "user_avatar": "https://tvax2.sinaimg.cn/crop.0.0.1080.1080.50/005IApCJly8gd1kxcaexbj30u00u0wgt.jpg?KID=imgbed,tva&Expires=1584955869&ssig=1H%2FJGj2Z63",
        "id": "4073291192290275",
        "city": "1000",
        "province": "32",
        "friends_count": 312,
        "user_location": "江苏",
        "mid": "4073291192290275",
        "verified_reason": "",
        "attitudes_count": 0,
        "followers_count": 133,
        "verified_type": -1,
        "statuses_count": 392,
        "parent": "4073251577502118",
        "verified": false,
        "geo": null,
        "user_created_at": 1406966332,
        "favourites_count": 502,
        "screen_name": "九磅十五便",
        "gender": "m",
        "user_geo_enabled": true,
        "username": "九磅十五便",
        "comments_count": 0,
        "t": 1486631761,
        "video_status_count": 0,
        "urank": 31,
        "user_ability": 2360320,
        "credit_score": 80
    },
    {
        "reposts_count": 0,
        "uid": 1810302912,
        "bi_followers_count": 1237,
        "text": "回复@南栀倾寒-iiiii:谁在乎他们的心态？要的是结果。看到他开门没有人伸手去帮，劝他们回到了鬼门关。视频反应的仅此而已。我想他们做鬼也不会放过劝他们不要跳车的人。",
        "user_description": "爱情里根本不分1,0，请不要问我是1是0，为了爱人我支付得起那份坚挺，也容纳得下那份粗壮。微信：danielaliens",
        "user_avatar": "https://tvax4.sinaimg.cn/crop.13.0.1216.1216.50/6be707c0ly8ff5c8xxyxjj20yi0xsq6n.jpg?KID=imgbed,tva&Expires=1584955869&ssig=T1GTfWbBBe",
        "id": "4073261073884553",
        "city": "1000",
        "province": "44",
        "friends_count": 1479,
        "user_location": "广东",
        "mid": "4073261073884553",
        "verified_reason": "",
        "attitudes_count": 0,
        "followers_count": 10745,
        "verified_type": 220,
        "statuses_count": 3814,
        "parent": "4073251577502118",
        "verified": false,
        "geo": null,
        "user_created_at": 1284165988,
        "favourites_count": 50,
        "screen_name": "大赵小良",
        "gender": "m",
        "user_geo_enabled": false,
        "username": "大赵小良",
        "comments_count": 0,
        "t": 1486624580,
        "video_status_count": 0,
        "urank": 47,
        "user_ability": 2359304,
        "credit_score": 77
    },
    {
        "reposts_count": 0,
        "uid": 5674210446,
        "bi_followers_count": 2,
        "text": "回复@大赵小良:人心态肯定也是为他们好 紧急时候谁能想那么多？",
        "user_description": "",
        "user_avatar": "https://tvax3.sinaimg.cn/crop.0.0.1125.1125.50/006c0plkly8fp1xov9lmgj30v90v9q6k.jpg?KID=imgbed,tva&Expires=1584955869&ssig=r%2Bj7IGTTUv",
        "id": "4073259437298926",
        "city": "8",
        "province": "11",
        "friends_count": 127,
        "user_location": "北京 海淀区",
        "mid": "4073259437298926",
        "verified_reason": "",
        "attitudes_count": 0,
        "followers_count": 43,
        "verified_type": -1,
        "statuses_count": 42,
        "parent": "4073251577502118",
        "verified": false,
        "geo": null,
        "user_created_at": 1439266444,
        "favourites_count": 123,
        "screen_name": "清如许呀",
        "gender": "m",
        "user_geo_enabled": false,
        "username": "清如许呀",
        "comments_count": 0,
        "t": 1486624190,
        "video_status_count": 0,
        "urank": 9,
        "user_ability": 1024,
        "credit_score": 80
    },
    {
        "reposts_count": 0,
        "uid": 1810302912,
        "bi_followers_count": 1237,
        "text": "回复@南栀倾寒-iiiii:如果坐车里下去肯定死，是我就肯定跳下来试试。没必要在这里讨论。而且我问的是不让他们跳车的人的心态。",
        "user_description": "爱情里根本不分1,0，请不要问我是1是0，为了爱人我支付得起那份坚挺，也容纳得下那份粗壮。微信：danielaliens",
        "user_avatar": "https://tvax4.sinaimg.cn/crop.13.0.1216.1216.50/6be707c0ly8ff5c8xxyxjj20yi0xsq6n.jpg?KID=imgbed,tva&Expires=1584955869&ssig=T1GTfWbBBe",
        "id": "4073259064633644",
        "city": "1000",
        "province": "44",
        "friends_count": 1479,
        "user_location": "广东",
        "mid": "4073259064633644",
        "verified_reason": "",
        "attitudes_count": 0,
        "followers_count": 10745,
        "verified_type": 220,
        "statuses_count": 3814,
        "parent": "4073251577502118",
        "verified": false,
        "geo": null,
        "user_created_at": 1284165988,
        "favourites_count": 50,
        "screen_name": "大赵小良",
        "gender": "m",
        "user_geo_enabled": false,
        "username": "大赵小良",
        "comments_count": 0,
        "t": 1486624101,
        "video_status_count": 0,
        "urank": 47,
        "user_ability": 2359304,
        "credit_score": 77
    },
    {
        "reposts_count": 0,
        "uid": 5674210446,
        "bi_followers_count": 2,
        "text": "回复@大赵小良:从下去肯定死啊 车子都停不稳 车里人肯定不能下来啊 不能下来怎么接绳？就这点时间 够么？",
        "user_description": "",
        "user_avatar": "https://tvax3.sinaimg.cn/crop.0.0.1125.1125.50/006c0plkly8fp1xov9lmgj30v90v9q6k.jpg?KID=imgbed,tva&Expires=1584955869&ssig=r%2Bj7IGTTUv",
        "id": "4073258568924554",
        "city": "8",
        "province": "11",
        "friends_count": 127,
        "user_location": "北京 海淀区",
        "mid": "4073258568924554",
        "verified_reason": "",
        "attitudes_count": 0,
        "followers_count": 43,
        "verified_type": -1,
        "statuses_count": 42,
        "parent": "4073251577502118",
        "verified": false,
        "geo": null,
        "user_created_at": 1439266444,
        "favourites_count": 123,
        "screen_name": "清如许呀",
        "gender": "m",
        "user_geo_enabled": false,
        "username": "清如许呀",
        "comments_count": 0,
        "t": 1486623983,
        "video_status_count": 0,
        "urank": 9,
        "user_ability": 1024,
        "credit_score": 80
    },
    {
        "reposts_count": 0,
        "uid": 1810302912,
        "bi_followers_count": 1237,
        "text": "回复@南栀倾寒-iiiii:那你要这么说冲下去也未必会死。未必的事情就没聊的必要了！",
        "user_description": "爱情里根本不分1,0，请不要问我是1是0，为了爱人我支付得起那份坚挺，也容纳得下那份粗壮。微信：danielaliens",
        "user_avatar": "https://tvax4.sinaimg.cn/crop.13.0.1216.1216.50/6be707c0ly8ff5c8xxyxjj20yi0xsq6n.jpg?KID=imgbed,tva&Expires=1584955869&ssig=T1GTfWbBBe",
        "id": "4073255730031112",
        "city": "1000",
        "province": "44",
        "friends_count": 1479,
        "user_location": "广东",
        "mid": "4073255730031112",
        "verified_reason": "",
        "attitudes_count": 0,
        "followers_count": 10745,
        "verified_type": 220,
        "statuses_count": 3814,
        "parent": "4073251577502118",
        "verified": false,
        "geo": null,
        "user_created_at": 1284165988,
        "favourites_count": 50,
        "screen_name": "大赵小良",
        "gender": "m",
        "user_geo_enabled": false,
        "username": "大赵小良",
        "comments_count": 0,
        "t": 1486623306,
        "video_status_count": 0,
        "urank": 47,
        "user_ability": 2359304,
        "credit_score": 77
    },
    {
        "reposts_count": 0,
        "uid": 5674210446,
        "bi_followers_count": 2,
        "text": "回复@大赵小良:拉倒吧你扔过去未必车里人能接住",
        "user_description": "",
        "user_avatar": "https://tvax3.sinaimg.cn/crop.0.0.1125.1125.50/006c0plkly8fp1xov9lmgj30v90v9q6k.jpg?KID=imgbed,tva&Expires=1584955869&ssig=r%2Bj7IGTTUv",
        "id": "4073255356838319",
        "city": "8",
        "province": "11",
        "friends_count": 127,
        "user_location": "北京 海淀区",
        "mid": "4073255356838319",
        "verified_reason": "",
        "attitudes_count": 0,
        "followers_count": 43,
        "verified_type": -1,
        "statuses_count": 42,
        "parent": "4073251577502118",
        "verified": false,
        "geo": null,
        "user_created_at": 1439266444,
        "favourites_count": 123,
        "screen_name": "清如许呀",
        "gender": "m",
        "user_geo_enabled": false,
        "username": "清如许呀",
        "comments_count": 0,
        "t": 1486623217,
        "video_status_count": 0,
        "urank": 9,
        "user_ability": 1024,
        "credit_score": 80
    },
    {
        "reposts_count": 0,
        "uid": 1810302912,
        "bi_followers_count": 1237,
        "text": "回复@南栀倾寒-iiiii:那我觉得扔个绳子我能拉得动一个人，但未必拉得住一台车。",
        "user_description": "爱情里根本不分1,0，请不要问我是1是0，为了爱人我支付得起那份坚挺，也容纳得下那份粗壮。微信：danielaliens",
        "user_avatar": "https://tvax4.sinaimg.cn/crop.13.0.1216.1216.50/6be707c0ly8ff5c8xxyxjj20yi0xsq6n.jpg?KID=imgbed,tva&Expires=1584955869&ssig=T1GTfWbBBe",
        "id": "4073254581244614",
        "city": "1000",
        "province": "44",
        "friends_count": 1479,
        "user_location": "广东",
        "mid": "4073254581244614",
        "verified_reason": "",
        "attitudes_count": 0,
        "followers_count": 10745,
        "verified_type": 220,
        "statuses_count": 3814,
        "parent": "4073251577502118",
        "verified": false,
        "geo": null,
        "user_created_at": 1284165988,
        "favourites_count": 50,
        "screen_name": "大赵小良",
        "gender": "m",
        "user_geo_enabled": false,
        "username": "大赵小良",
        "comments_count": 0,
        "t": 1486623032,
        "video_status_count": 0,
        "urank": 47,
        "user_ability": 2359304,
        "credit_score": 77
    },
    {
        "reposts_count": 0,
        "uid": 5674210446,
        "bi_followers_count": 2,
        "text": "回复@大赵小良:下来还是死 这么大的水连车都能弄走 更何况你一个手无缚鸡之力的人？ 脑子是个好东西[微笑]",
        "user_description": "",
        "user_avatar": "https://tvax3.sinaimg.cn/crop.0.0.1125.1125.50/006c0plkly8fp1xov9lmgj30v90v9q6k.jpg?KID=imgbed,tva&Expires=1584955869&ssig=r%2Bj7IGTTUv",
        "id": "4073254354853891",
        "city": "8",
        "province": "11",
        "friends_count": 127,
        "user_location": "北京 海淀区",
        "mid": "4073254354853891",
        "verified_reason": "",
        "attitudes_count": 0,
        "followers_count": 43,
        "verified_type": -1,
        "statuses_count": 42,
        "parent": "4073251577502118",
        "verified": false,
        "geo": null,
        "user_created_at": 1439266444,
        "favourites_count": 123,
        "screen_name": "清如许呀",
        "gender": "m",
        "user_geo_enabled": false,
        "username": "清如许呀",
        "comments_count": 0,
        "t": 1486622978,
        "video_status_count": 0,
        "urank": 9,
        "user_ability": 1024,
        "credit_score": 80
    },
    {
        "reposts_count": 0,
        "uid": 1810302912,
        "bi_followers_count": 1237,
        "text": "不让他们下的人是什么心态？",
        "user_description": "爱情里根本不分1,0，请不要问我是1是0，为了爱人我支付得起那份坚挺，也容纳得下那份粗壮。微信：danielaliens",
        "user_avatar": "https://tvax4.sinaimg.cn/crop.13.0.1216.1216.50/6be707c0ly8ff5c8xxyxjj20yi0xsq6n.jpg?KID=imgbed,tva&Expires=1584955869&ssig=T1GTfWbBBe",
        "id": "4073253544726453",
        "city": "1000",
        "province": "44",
        "friends_count": 1479,
        "user_location": "广东",
        "mid": "4073253544726453",
        "verified_reason": "",
        "attitudes_count": 0,
        "followers_count": 10745,
        "verified_type": 220,
        "statuses_count": 3814,
        "parent": "4073251577502118",
        "verified": false,
        "geo": null,
        "user_created_at": 1284165988,
        "favourites_count": 50,
        "screen_name": "大赵小良",
        "gender": "m",
        "user_geo_enabled": false,
        "username": "大赵小良",
        "comments_count": 0,
        "t": 1486622785,
        "video_status_count": 0,
        "urank": 47,
        "user_ability": 2359304,
        "credit_score": 77
    }
]