[
    {
        "reposts_count": 0,
        "uid": 5446505233,
        "bi_followers_count": 17,
        "text": "请大家出门注意在宜昌有人开车穿警服说是公安和你说几句话你就晕了，他们把你弄上车搜去你身上的钱，再把你丢到无人的地方逃走。 ​",
        "user_description": "",
        "user_avatar": "https://tva4.sinaimg.cn/crop.0.0.1080.1080.50/005WAYOBjw8expc9j5o0qj30u00u075t.jpg?KID=imgbed,tva&Expires=1584955859&ssig=WlHrobozMS",
        "id": "4074765692117478",
        "city": "5",
        "province": "42",
        "friends_count": 326,
        "user_location": "湖北 宜昌",
        "mid": "4074765692117478",
        "verified_reason": "",
        "attitudes_count": 0,
        "followers_count": 84,
        "verified_type": -1,
        "statuses_count": 8,
        "parent": null,
        "verified": false,
        "geo": null,
        "user_created_at": 1419341076,
        "favourites_count": 1,
        "screen_name": "我是你的麦芽糖1",
        "gender": "m",
        "user_geo_enabled": true,
        "username": "我是你的麦芽糖1",
        "comments_count": 1,
        "t": 1486983309,
        "video_status_count": 0,
        "urank": 9,
        "user_ability": 2098176,
        "credit_score": 80
    },
    {
        "reposts_count": 0,
        "uid": 5446505233,
        "bi_followers_count": 17,
        "text": "请大家务必注意    真实事情",
        "user_description": "",
        "user_avatar": "https://tva4.sinaimg.cn/crop.0.0.1080.1080.50/005WAYOBjw8expc9j5o0qj30u00u075t.jpg?KID=imgbed,tva&Expires=1584955859&ssig=WlHrobozMS",
        "id": "4074765888797509",
        "city": "5",
        "province": "42",
        "friends_count": 326,
        "user_location": "湖北 宜昌",
        "mid": "4074765888797509",
        "verified_reason": "",
        "attitudes_count": 0,
        "followers_count": 83,
        "verified_type": -1,
        "statuses_count": 8,
        "parent": "4074765692117478",
        "verified": false,
        "geo": null,
        "user_created_at": 1419341076,
        "favourites_count": 1,
        "screen_name": "我是你的麦芽糖1",
        "gender": "m",
        "user_geo_enabled": true,
        "username": "我是你的麦芽糖1",
        "comments_count": 0,
        "t": 1486983356,
        "video_status_count": 0,
        "urank": 9,
        "user_ability": 2098176,
        "credit_score": 80
    }
]