[
    {
        "reposts_count": 0,
        "uid": 5926614136,
        "bi_followers_count": 12,
        "text": "福建省南平市，邵武。市立医院。：昨天凌晨二点二十三分，三名男女生感染sk5病毒死亡，最大的32岁，最小的8岁，参与抢救的医生已被隔离，中央1台电视新闻己播岀，暂时别吃魚，凉皮，冷面类，酸菜，特别是草魚，酸菜魚，水煮魚，目前邵武有167个已感染。收到马上发给你关心的人，最好是群友。为了您的健...全文： http://m.weibo.cn/5926614136/4074578110342453 ​",
        "user_description": "做有志向有活力的青年人…",
        "user_avatar": "https://tvax1.sinaimg.cn/crop.0.0.996.996.50/006t5t4Aly8g1zxmvlw8ij30ro0rogmx.jpg?KID=imgbed,tva&Expires=1584955855&ssig=Q2cVOLhl1W",
        "id": "4074578110342453",
        "city": "1000",
        "province": "23",
        "friends_count": 298,
        "user_location": "黑龙江",
        "mid": "4074578110342453",
        "verified_reason": "",
        "attitudes_count": 1,
        "followers_count": 2207,
        "verified_type": -1,
        "statuses_count": 677,
        "parent": null,
        "verified": false,
        "geo": {
            "type": "Point",
            "coordinates": [
                45.75968,
                126.59493
            ]
        },
        "user_created_at": 1462763851,
        "favourites_count": 7,
        "screen_name": "我是杨雪锋",
        "gender": "m",
        "user_geo_enabled": true,
        "username": "我是杨雪锋",
        "comments_count": 2,
        "t": 1486938586,
        "video_status_count": 0,
        "urank": 9,
        "user_ability": 11535360,
        "credit_score": 80
    },
    {
        "reposts_count": 0,
        "uid": 5926614136,
        "bi_followers_count": 12,
        "text": "回复@江江荷:我也不确定啊，怎么是假的呢？",
        "user_description": "做有志向有活力的青年人…",
        "user_avatar": "https://tvax1.sinaimg.cn/crop.0.0.996.996.50/006t5t4Aly8g1zxmvlw8ij30ro0rogmx.jpg?KID=imgbed,tva&Expires=1584955855&ssig=Q2cVOLhl1W",
        "id": "4076119613209909",
        "city": "1000",
        "province": "23",
        "friends_count": 299,
        "user_location": "黑龙江",
        "mid": "4076119613209909",
        "verified_reason": "",
        "attitudes_count": 0,
        "followers_count": 2209,
        "verified_type": -1,
        "statuses_count": 677,
        "parent": "4074578110342453",
        "verified": false,
        "geo": {
            "type": "Point",
            "coordinates": [
                45.75968,
                126.59493
            ]
        },
        "user_created_at": 1462763851,
        "favourites_count": 7,
        "screen_name": "我是杨雪锋",
        "gender": "m",
        "user_geo_enabled": true,
        "username": "我是杨雪锋",
        "comments_count": 0,
        "t": 1487306109,
        "video_status_count": 0,
        "urank": 9,
        "user_ability": 11535360,
        "credit_score": 80
    },
    {
        "reposts_count": 0,
        "uid": 2132219244,
        "bi_followers_count": 65,
        "text": "假的",
        "user_description": "",
        "user_avatar": "https://tva1.sinaimg.cn/crop.0.5.750.750.50/7f17156cjw8fagbkr4cq9j20ku0l50ub.jpg?KID=imgbed,tva&Expires=1584955855&ssig=LO19mZ9cj2",
        "id": "4074615342676377",
        "city": "1",
        "province": "33",
        "friends_count": 110,
        "user_location": "浙江 杭州",
        "mid": "4074615342676377",
        "verified_reason": "",
        "attitudes_count": 0,
        "followers_count": 137,
        "verified_type": -1,
        "statuses_count": 393,
        "parent": "4074578110342453",
        "verified": false,
        "geo": {
            "type": "Point",
            "coordinates": [
                45.75968,
                126.59493
            ]
        },
        "user_created_at": 1336114157,
        "favourites_count": 1,
        "screen_name": "大江江啊",
        "gender": "f",
        "user_geo_enabled": true,
        "username": "大江江啊",
        "comments_count": 0,
        "t": 1486947462,
        "video_status_count": 0,
        "urank": 23,
        "user_ability": 33554432,
        "credit_score": 80
    }
]