[
    {
        "reposts_count": 0,
        "uid": 6121831058,
        "bi_followers_count": 0,
        "text": "安徽省蚌埠市第一医院：昨天凌晨二点二十三分，三名男女生感染sk5病毒死亡，最大的32岁，最小的5岁，参与抢救的医生已被隔离，中央1台电视新闻己播岀，暂时别吃鸡。鸭，魚，凉皮，冷面类，酸菜，特别是草魚，酸菜魚，水煮魚，目前大连有3167个已感染。收到马上发给你关心的人，最好是群发。为了您的健...全文： http://m.weibo.cn/6121831058/4075801462988133 ​",
        "user_description": "",
        "user_avatar": "https://tvax1.sinaimg.cn/default/images/default_avatar_female_50.gif?KID=imgbed,tva&Expires=1584955851&ssig=A8uw%2FrUYLQ",
        "id": "4075801462988133",
        "city": "1000",
        "province": "100",
        "friends_count": 172,
        "user_location": "其他",
        "mid": "4075801462988133",
        "verified_reason": "",
        "attitudes_count": 0,
        "followers_count": 21,
        "verified_type": -1,
        "statuses_count": 68,
        "parent": null,
        "verified": false,
        "geo": null,
        "user_created_at": 1485218367,
        "favourites_count": 0,
        "screen_name": "黺與粨19211",
        "gender": "f",
        "user_geo_enabled": true,
        "username": "黺與粨19211",
        "comments_count": 4,
        "t": 1487230256,
        "video_status_count": 0,
        "urank": 4,
        "user_ability": 262144,
        "credit_score": 80
    },
    {
        "reposts_count": 0,
        "uid": 6121831058,
        "bi_followers_count": 0,
        "text": "回复@-操浩源:小心点好，以防万一",
        "user_description": "",
        "user_avatar": "https://tvax1.sinaimg.cn/default/images/default_avatar_female_50.gif?KID=imgbed,tva&Expires=1584955851&ssig=A8uw%2FrUYLQ",
        "id": "4081892577988480",
        "city": "1000",
        "province": "100",
        "friends_count": 172,
        "user_location": "其他",
        "mid": "4081892577988480",
        "verified_reason": "",
        "attitudes_count": 0,
        "followers_count": 20,
        "verified_type": -1,
        "statuses_count": 68,
        "parent": "4075801462988133",
        "verified": false,
        "geo": null,
        "user_created_at": 1485218367,
        "favourites_count": 0,
        "screen_name": "黺與粨19211",
        "gender": "f",
        "user_geo_enabled": true,
        "username": "黺與粨19211",
        "comments_count": 0,
        "t": 1488682490,
        "video_status_count": 0,
        "urank": 4,
        "user_ability": 262144,
        "credit_score": 80
    },
    {
        "reposts_count": 0,
        "uid": 6121831058,
        "bi_followers_count": 0,
        "text": "回复@友达面馆铜山新区店:小心点好，以防万一",
        "user_description": "",
        "user_avatar": "https://tvax1.sinaimg.cn/default/images/default_avatar_female_50.gif?KID=imgbed,tva&Expires=1584955851&ssig=A8uw%2FrUYLQ",
        "id": "4078950257242459",
        "city": "1000",
        "province": "100",
        "friends_count": 172,
        "user_location": "其他",
        "mid": "4078950257242459",
        "verified_reason": "",
        "attitudes_count": 0,
        "followers_count": 20,
        "verified_type": -1,
        "statuses_count": 68,
        "parent": "4075801462988133",
        "verified": false,
        "geo": null,
        "user_created_at": 1485218367,
        "favourites_count": 0,
        "screen_name": "黺與粨19211",
        "gender": "f",
        "user_geo_enabled": true,
        "username": "黺與粨19211",
        "comments_count": 0,
        "t": 1487980987,
        "video_status_count": 0,
        "urank": 4,
        "user_ability": 262144,
        "credit_score": 80
    },
    {
        "reposts_count": 0,
        "uid": 5558760107,
        "bi_followers_count": 23,
        "text": "假的，造谣",
        "user_description": "",
        "user_avatar": "https://tva1.sinaimg.cn/crop.0.0.640.640.50/0064bZr5jw8f3iyuggsauj30hs0hswf2.jpg?KID=imgbed,tva&Expires=1584955851&ssig=gFusj12lx2",
        "id": "4075903132849168",
        "city": "3",
        "province": "32",
        "friends_count": 49,
        "user_location": "江苏 徐州",
        "mid": "4075903132849168",
        "verified_reason": "",
        "attitudes_count": 0,
        "followers_count": 73,
        "verified_type": -1,
        "statuses_count": 43,
        "parent": "4075801462988133",
        "verified": false,
        "geo": null,
        "user_created_at": 1426484381,
        "favourites_count": 0,
        "screen_name": "友达面馆铜山新区店",
        "gender": "f",
        "user_geo_enabled": true,
        "username": "友达面馆铜山新区店",
        "comments_count": 0,
        "t": 1487254496,
        "video_status_count": 0,
        "urank": 13,
        "user_ability": 0,
        "credit_score": 80
    }
]