[
    {
        "reposts_count": 0,
        "uid": 6136539739,
        "bi_followers_count": 0,
        "text": "紧急通知：下午公安上学校了解情况了，家里有孩子的 大人都要看好，从三亚来了100多个外地人 ，现已经到了湖北省孝感市汉川市新河镇偷抢小孩的，红星一带已丢了20多个，解剖了7个小孩的胸部，拿走器官。凡是在街上转来转去的陌生人，开面包车，收粮食的车，收旧家电的，修平房漏水的   说不完整普通话...全文： http://m.weibo.cn/6136539739/4075943821787014 ​",
        "user_description": "",
        "user_avatar": "https://tva2.sinaimg.cn/crop.0.0.664.664.50/006Hiijpjw8fcj5pfwax1j30ig0igdgt.jpg?KID=imgbed,tva&Expires=1584955150&ssig=%2FSKeR24s84",
        "id": "4075943821787014",
        "city": "1000",
        "province": "44",
        "friends_count": 62,
        "user_location": "广东",
        "mid": "4075943821787014",
        "verified_reason": "",
        "attitudes_count": 0,
        "followers_count": 10,
        "verified_type": -1,
        "statuses_count": 1,
        "parent": null,
        "verified": false,
        "geo": null,
        "user_created_at": 1486543631,
        "favourites_count": 0,
        "screen_name": "时间偷走了爱情",
        "gender": "m",
        "user_geo_enabled": true,
        "username": "时间偷走了爱情",
        "comments_count": 3,
        "t": 1487264196,
        "video_status_count": 0,
        "urank": 4,
        "user_ability": 0,
        "credit_score": 80
    },
    {
        "reposts_count": 0,
        "uid": 5918971521,
        "bi_followers_count": 17,
        "text": "您好，我是三亚网警。您的微博发布的内容存在不实之处。为避免不实信息的扩散，建议您将该微博自行删除。警方提示：根据《计算机信息网络国际联网安全保护管理办法》，利用互联网制作、复制、传播不实信息等扰乱社会秩序的，都属于违法行为",
        "user_description": "",
        "user_avatar": "https://tva3.sinaimg.cn/crop.18.0.796.796.50/006szoSBjw8f459fihzuij30mr0mrae1.jpg?KID=imgbed,tva&Expires=1584955150&ssig=gz79H2hUUp",
        "id": "4091318906755303",
        "city": "1000",
        "province": "46",
        "friends_count": 96,
        "user_location": "海南",
        "mid": "4091318906755303",
        "verified_reason": "海南省三亚市公安局网络警察支队官方微博",
        "attitudes_count": 0,
        "followers_count": 917,
        "verified_type": 1,
        "statuses_count": 413,
        "parent": "4075943821787014",
        "verified": true,
        "geo": null,
        "user_created_at": 1462433203,
        "favourites_count": 5,
        "screen_name": "三亚网警巡查执法",
        "gender": "m",
        "user_geo_enabled": true,
        "username": "三亚网警巡查执法",
        "comments_count": 0,
        "t": 1490929903,
        "video_status_count": 0,
        "urank": 9,
        "user_ability": 1024,
        "credit_score": 80
    },
    {
        "reposts_count": 0,
        "uid": 1831448292,
        "bi_followers_count": 228,
        "text": "您好，我是常州网警，您发布的信息为谣言。为避免不实信息的扩散，建议您将该信息自行删除。警方提示：根据《计算机信息网络国际联网安全保护管理办法》，利用互联网制作、复制、传播不实信息等扰乱社会秩序的，都属于违法行为。",
        "user_description": "常州市公安局网警网上巡查执法账号，维护网上治安秩序，共建文明、和谐、清朗的网络空间。",
        "user_avatar": "https://tvax1.sinaimg.cn/crop.0.0.1255.1255.50/6d29aee4ly8frnbqmap6tj20yv0yvker.jpg?KID=imgbed,tva&Expires=1584955150&ssig=IhFV%2FEC0NQ",
        "id": "4087315087709060",
        "city": "1000",
        "province": "32",
        "friends_count": 592,
        "user_location": "江苏",
        "mid": "4087315087709060",
        "verified_reason": "常州市公安局网络安全保卫支队",
        "attitudes_count": 0,
        "followers_count": 22190,
        "verified_type": 1,
        "statuses_count": 9891,
        "parent": "4075943821787014",
        "verified": true,
        "geo": null,
        "user_created_at": 1287990975,
        "favourites_count": 2,
        "screen_name": "常州网警巡查执法",
        "gender": "m",
        "user_geo_enabled": true,
        "username": "常州网警巡查执法",
        "comments_count": 0,
        "t": 1489975318,
        "video_status_count": 0,
        "urank": 36,
        "user_ability": 8650760,
        "credit_score": 80
    },
    {
        "reposts_count": 0,
        "uid": 1568648311,
        "bi_followers_count": 234,
        "text": "弱智",
        "user_description": "一直在减肥一直在发疯的演员，一直在犯傻的二货导演",
        "user_avatar": "https://tvax1.sinaimg.cn/crop.0.0.640.640.50/5d7fac77ly8gcj515ofzcj20hs0hswer.jpg?KID=imgbed,tva&Expires=1584955150&ssig=K27QvJLGFN",
        "id": "4078359824736720",
        "city": "6",
        "province": "11",
        "friends_count": 1378,
        "user_location": "北京 丰台区",
        "mid": "4078359824736720",
        "verified_reason": "",
        "attitudes_count": 0,
        "followers_count": 1128,
        "verified_type": 220,
        "statuses_count": 3384,
        "parent": "4075943821787014",
        "verified": false,
        "geo": null,
        "user_created_at": 1281774493,
        "favourites_count": 121,
        "screen_name": "刘biubiu在努力",
        "gender": "m",
        "user_geo_enabled": false,
        "username": "刘biubiu在努力",
        "comments_count": 0,
        "t": 1487840217,
        "video_status_count": 0,
        "urank": 39,
        "user_ability": 2097152,
        "credit_score": 80
    }
]