[
    {
        "reposts_count": 0,
        "uid": 5876989882,
        "bi_followers_count": 18,
        "text": "紧急通知：下午公安上学校了解情况了，家里有孩子的 大人都要看好，从三亚来了100多个外地人 ，现已经到了湖北省仙桃市，汉川市新河镇偷抢小孩的，红星一带已丢了20多个，解剖了7个小孩的胸部，拿走器官。凡是在街上转来转去的陌生人，开面包车，收粮食的车，收旧家电的，修平房漏水的   说不完整普通...全文： http://m.weibo.cn/5876989882/4075758630396027 ​",
        "user_description": "有咨询内衣的友友加我v信私聊874143646（口令微博好友）👑",
        "user_avatar": "https://tva3.sinaimg.cn/crop.0.0.996.996.50/006pJfxojw8fa8prn8my3j30ro0rpah5.jpg?KID=imgbed,tva&Expires=1584955144&ssig=UMuVklkKlT",
        "id": "4075758630396027",
        "city": "1000",
        "province": "42",
        "friends_count": 362,
        "user_location": "湖北",
        "mid": "4075758630396027",
        "verified_reason": "",
        "attitudes_count": 1,
        "followers_count": 85,
        "verified_type": -1,
        "statuses_count": 74,
        "parent": null,
        "verified": false,
        "geo": null,
        "user_created_at": 1457504606,
        "favourites_count": 0,
        "screen_name": "用户5876989882小薇",
        "gender": "f",
        "user_geo_enabled": true,
        "username": "用户5876989882小薇",
        "comments_count": 3,
        "t": 1487220044,
        "video_status_count": 0,
        "urank": 11,
        "user_ability": 1024,
        "credit_score": 80
    },
    {
        "reposts_count": 0,
        "uid": 5918971521,
        "bi_followers_count": 17,
        "text": "您好，我是三亚网警。您的微博发布的内容存在不实之处。为避免不实信息的扩散，建议您将该微博自行删除。警方提示：根据《计算机信息网络国际联网安全保护管理办法》，利用互联网制作、复制、传播不实信息等扰乱社会秩序的，都属于违法行为",
        "user_description": "",
        "user_avatar": "https://tva3.sinaimg.cn/crop.18.0.796.796.50/006szoSBjw8f459fihzuij30mr0mrae1.jpg?KID=imgbed,tva&Expires=1584955144&ssig=waCvoYnsKZ",
        "id": "4091319745428810",
        "city": "1000",
        "province": "46",
        "friends_count": 96,
        "user_location": "海南",
        "mid": "4091319745428810",
        "verified_reason": "海南省三亚市公安局网络警察支队官方微博",
        "attitudes_count": 0,
        "followers_count": 917,
        "verified_type": 1,
        "statuses_count": 413,
        "parent": "4075758630396027",
        "verified": true,
        "geo": null,
        "user_created_at": 1462433203,
        "favourites_count": 5,
        "screen_name": "三亚网警巡查执法",
        "gender": "m",
        "user_geo_enabled": true,
        "username": "三亚网警巡查执法",
        "comments_count": 0,
        "t": 1490930104,
        "video_status_count": 0,
        "urank": 9,
        "user_ability": 1024,
        "credit_score": 80
    },
    {
        "reposts_count": 0,
        "uid": 5682931858,
        "bi_followers_count": 50,
        "text": "您好，我是滁州网警。您的贴吧发布的内容存在不实之处。为避免不实信息的扩散，建议您将该帖子自行删除。警方提示：根据《计算机信息网络国际联网安全保护管理办法》，利用互联网制作、复制、传播不实信息等扰乱社会秩序的，都属于违法行为。",
        "user_description": "安徽省滁州市公安局网络安全保卫支队官方微博",
        "user_avatar": "https://tva4.sinaimg.cn/crop.0.0.817.817.50/006cB0bggw1f3jgh2159cj30mr0mragn.jpg?KID=imgbed,tva&Expires=1584955144&ssig=cCSrnE%2BWdp",
        "id": "4089840087591698",
        "city": "1000",
        "province": "34",
        "friends_count": 93,
        "user_location": "安徽",
        "mid": "4089840087591698",
        "verified_reason": "安徽省滁州市公安局网络安全保卫支队官方微博",
        "attitudes_count": 0,
        "followers_count": 49440,
        "verified_type": 1,
        "statuses_count": 5698,
        "parent": "4075758630396027",
        "verified": true,
        "geo": null,
        "user_created_at": 1441589743,
        "favourites_count": 7,
        "screen_name": "滁州网警巡查执法",
        "gender": "m",
        "user_geo_enabled": true,
        "username": "滁州网警巡查执法",
        "comments_count": 0,
        "t": 1490577325,
        "video_status_count": 0,
        "urank": 29,
        "user_ability": 8650760,
        "credit_score": 80
    }
]