[
    {
        "reposts_count": 9,
        "uid": 3199299713,
        "bi_followers_count": 728,
        "text": "网友爆料提供视频，黑加工点利用费朔料加工出来大米。 http://t.cn/RJEobnu . ​",
        "user_description": "关注民生，为人民服务！沈阳风情，吃喝玩乐、沈阳新闻、沈阳生活、话题、故事、段子，沈阳朋友...维护、和谐、 文明、健康、环境~重大新闻爆料☏：",
        "user_avatar": "https://tvax4.sinaimg.cn/crop.210.0.540.540.50/beb17081ly8g8oas5bag8j20qo0f00vc.jpg?KID=imgbed,tva&Expires=1584955845&ssig=lx9wLSqlwf",
        "id": "4076467002074007",
        "city": "1000",
        "province": "21",
        "friends_count": 2272,
        "user_location": "辽宁",
        "mid": "4076467002074007",
        "verified_reason": "",
        "attitudes_count": 9,
        "followers_count": 24283,
        "verified_type": 220,
        "statuses_count": 15322,
        "parent": null,
        "verified": false,
        "geo": null,
        "user_created_at": 1356078288,
        "favourites_count": 18,
        "screen_name": "关注沈城的大事小事突发事",
        "gender": "m",
        "user_geo_enabled": true,
        "username": "关注沈城的大事小事突发事",
        "comments_count": 24,
        "t": 1487388933,
        "video_status_count": 0,
        "urank": 41,
        "user_ability": 3407880,
        "credit_score": 80
    },
    {
        "reposts_count": 0,
        "uid": 1833117912,
        "bi_followers_count": 15,
        "text": "妈的真缺德啊😱",
        "user_description": "爱情只会迟到，但永远不会缺席💎",
        "user_avatar": "https://tva1.sinaimg.cn/crop.0.0.180.180.50/6d4328d8jw1e8qgp5bmzyj2050050aa8.jpg?KID=imgbed,tva&Expires=1584955845&ssig=n%2FRquA7V%2Bw",
        "id": "4082669522383575",
        "city": "1",
        "province": "32",
        "friends_count": 689,
        "user_location": "江苏 南京",
        "mid": "4082669522383575",
        "verified_reason": "",
        "attitudes_count": 0,
        "followers_count": 148,
        "verified_type": -1,
        "statuses_count": 2023,
        "parent": "4076467002074007",
        "verified": false,
        "geo": null,
        "user_created_at": 1368321151,
        "favourites_count": 48,
        "screen_name": "RL心疼",
        "gender": "f",
        "user_geo_enabled": true,
        "username": "RL心疼",
        "comments_count": 0,
        "t": 1488867729,
        "video_status_count": 0,
        "urank": 9,
        "user_ability": 36700160,
        "credit_score": 80
    },
    {
        "reposts_count": 0,
        "uid": 1787701615,
        "bi_followers_count": 121,
        "text": "妈的智障，这是把塑料做成塑料颗粒，用来做热粘胶的，用热胶机把塑料热化，然后粘东西，特别结实！[挖鼻][挖鼻][挖鼻][挖鼻]一群吃群中",
        "user_description": "每一个不曾起舞的日子，都是对生命的一种挥霍。",
        "user_avatar": "https://tvax2.sinaimg.cn/crop.0.0.1328.1328.50/6a8e296fly8fri0gmvwzsj210w10wwgv.jpg?KID=imgbed,tva&Expires=1584955845&ssig=WSFpRWOvXx",
        "id": "4079511392091886",
        "city": "1",
        "province": "41",
        "friends_count": 597,
        "user_location": "河南 郑州",
        "mid": "4079511392091886",
        "verified_reason": "",
        "attitudes_count": 0,
        "followers_count": 1446,
        "verified_type": -1,
        "statuses_count": 6692,
        "parent": "4076467002074007",
        "verified": false,
        "geo": null,
        "user_created_at": 1280998078,
        "favourites_count": 1117,
        "screen_name": "forgood小王子",
        "gender": "m",
        "user_geo_enabled": true,
        "username": "forgood小王子",
        "comments_count": 0,
        "t": 1488114772,
        "video_status_count": 0,
        "urank": 45,
        "user_ability": 11796480,
        "credit_score": 80
    },
    {
        "reposts_count": 0,
        "uid": 3058815154,
        "bi_followers_count": 2,
        "text": "说的我差点就信了，这是塑料粒子好吗",
        "user_description": "除了丑没什么特别的",
        "user_avatar": "https://tvax4.sinaimg.cn/crop.0.0.750.750.50/b651d0b2ly8gaiou0267dj20ku0kuq46.jpg?KID=imgbed,tva&Expires=1584955845&ssig=oyuefe5ArM",
        "id": "4077244487379267",
        "city": "1000",
        "province": "100",
        "friends_count": 30,
        "user_location": "其他",
        "mid": "4077244487379267",
        "verified_reason": "",
        "attitudes_count": 0,
        "followers_count": 100,
        "verified_type": -1,
        "statuses_count": 10,
        "parent": "4076467002074007",
        "verified": false,
        "geo": null,
        "user_created_at": 1366613316,
        "favourites_count": 57,
        "screen_name": "以身犯难",
        "gender": "m",
        "user_geo_enabled": true,
        "username": "以身犯难",
        "comments_count": 0,
        "t": 1487574300,
        "video_status_count": 0,
        "urank": 14,
        "user_ability": 1024,
        "credit_score": 80
    },
    {
        "reposts_count": 0,
        "uid": 3974718927,
        "bi_followers_count": 1470,
        "text": "“老鼠爱大米”，过去的故事！[疑问]",
        "user_description": "坐井观天微博世界，互相学习谢绝入群。己所不欲勿施于人，与反共反人民者不共戴天！",
        "user_avatar": "https://tva3.sinaimg.cn/crop.0.0.996.996.50/ece965cfjw8f1crbwi1ytj20ro0rpwgx.jpg?KID=imgbed,tva&Expires=1584955845&ssig=CooKvtLwtO",
        "id": "4077146954069056",
        "city": "1000",
        "province": "44",
        "friends_count": 1481,
        "user_location": "广东",
        "mid": "4077146954069056",
        "verified_reason": "",
        "attitudes_count": 0,
        "followers_count": 5139,
        "verified_type": -1,
        "statuses_count": 24242,
        "parent": "4076467002074007",
        "verified": false,
        "geo": null,
        "user_created_at": 1389278657,
        "favourites_count": 2287,
        "screen_name": "老兵微博天下",
        "gender": "m",
        "user_geo_enabled": true,
        "username": "老兵微博天下",
        "comments_count": 0,
        "t": 1487551046,
        "video_status_count": 0,
        "urank": 43,
        "user_ability": 10747904,
        "credit_score": 80
    },
    {
        "reposts_count": 0,
        "uid": 3927220077,
        "bi_followers_count": 36,
        "text": "缺德",
        "user_description": "",
        "user_avatar": "https://tva2.sinaimg.cn/crop.0.0.664.664.50/ea149f6djw8f2w2p8rqkuj20ig0igq3u.jpg?KID=imgbed,tva&Expires=1584955845&ssig=5N6B6Z3roN",
        "id": "4076990346775446",
        "city": "2",
        "province": "33",
        "friends_count": 178,
        "user_location": "浙江 宁波",
        "mid": "4076990346775446",
        "verified_reason": "",
        "attitudes_count": 0,
        "followers_count": 184,
        "verified_type": -1,
        "statuses_count": 88,
        "parent": "4076467002074007",
        "verified": false,
        "geo": null,
        "user_created_at": 1396664865,
        "favourites_count": 19,
        "screen_name": "然后呢xxxxx",
        "gender": "f",
        "user_geo_enabled": true,
        "username": "然后呢xxxxx",
        "comments_count": 0,
        "t": 1487513708,
        "video_status_count": 0,
        "urank": 14,
        "user_ability": 35914752,
        "credit_score": 80
    },
    {
        "reposts_count": 0,
        "uid": 2531024484,
        "bi_followers_count": 11,
        "text": "回复@张舒杨:假的。就是做塑料颗粒，像大米而已。被无良博主乱加标题而已。",
        "user_description": "疼·····",
        "user_avatar": "https://tva1.sinaimg.cn/crop.0.0.512.512.50/96dc5e64jw8erfrkc804xj20e80e874s.jpg?KID=imgbed,tva&Expires=1584955845&ssig=rm3wIYDXkC",
        "id": "4076989751148391",
        "city": "25",
        "province": "50",
        "friends_count": 347,
        "user_location": "重庆 大足县",
        "mid": "4076989751148391",
        "verified_reason": "",
        "attitudes_count": 0,
        "followers_count": 193,
        "verified_type": -1,
        "statuses_count": 120,
        "parent": "4076467002074007",
        "verified": false,
        "geo": null,
        "user_created_at": 1321118308,
        "favourites_count": 40,
        "screen_name": "村草杨摧花",
        "gender": "m",
        "user_geo_enabled": true,
        "username": "村草杨摧花",
        "comments_count": 0,
        "t": 1487513566,
        "video_status_count": 0,
        "urank": 14,
        "user_ability": 35651584,
        "credit_score": 80
    },
    {
        "reposts_count": 0,
        "uid": 2279328361,
        "bi_followers_count": 58,
        "text": "回复@袜子作用:假的",
        "user_description": "Past lives couldn't ever hold me down.",
        "user_avatar": "https://tvax1.sinaimg.cn/crop.0.0.512.512.50/87dbca69ly8gai0ffage2j20e80e8dgb.jpg?KID=imgbed,tva&Expires=1584955845&ssig=92HoYNV2Xl",
        "id": "4076987939248974",
        "city": "1",
        "province": "62",
        "friends_count": 82,
        "user_location": "甘肃 兰州",
        "mid": "4076987939248974",
        "verified_reason": "",
        "attitudes_count": 0,
        "followers_count": 249,
        "verified_type": -1,
        "statuses_count": 99,
        "parent": "4076467002074007",
        "verified": false,
        "geo": null,
        "user_created_at": 1312110427,
        "favourites_count": 448,
        "screen_name": "--Delicaca",
        "gender": "f",
        "user_geo_enabled": true,
        "username": "--Delicaca",
        "comments_count": 0,
        "t": 1487513134,
        "video_status_count": 0,
        "urank": 34,
        "user_ability": 36963328,
        "credit_score": 80
    },
    {
        "reposts_count": 0,
        "uid": 5677752665,
        "bi_followers_count": 3,
        "text": "@Runningwhale上扬 我广东一定吃的是这种大米",
        "user_description": "",
        "user_avatar": "https://tvax2.sinaimg.cn/crop.0.0.1080.1080.50/006cfgPTly8gan4cl62bzj30u00u0dif.jpg?KID=imgbed,tva&Expires=1584955845&ssig=GPnwmj5mWt",
        "id": "4076985691221932",
        "city": "58",
        "province": "400",
        "friends_count": 85,
        "user_location": "海外 斯洛文尼亚",
        "mid": "4076985691221932",
        "verified_reason": "",
        "attitudes_count": 0,
        "followers_count": 65,
        "verified_type": -1,
        "statuses_count": 0,
        "parent": "4076467002074007",
        "verified": false,
        "geo": null,
        "user_created_at": 1439627133,
        "favourites_count": 5,
        "screen_name": "才能明白最重要",
        "gender": "m",
        "user_geo_enabled": true,
        "username": "才能明白最重要",
        "comments_count": 0,
        "t": 1487512598,
        "video_status_count": 0,
        "urank": 9,
        "user_ability": 33555456,
        "credit_score": 80
    },
    {
        "reposts_count": 0,
        "uid": 5852733567,
        "bi_followers_count": 2,
        "text": "zz，这是塑料颗粒，工业原料，谁吃了[挖鼻]",
        "user_description": "",
        "user_avatar": "https://tva2.sinaimg.cn/crop.0.0.996.996.50/006o5tmvjw8f8601qzplgj30ro0rp75w.jpg?KID=imgbed,tva&Expires=1584955845&ssig=cjDkXHfSAw",
        "id": "4076983316404972",
        "city": "1",
        "province": "14",
        "friends_count": 67,
        "user_location": "山西 太原",
        "mid": "4076983316404972",
        "verified_reason": "",
        "attitudes_count": 0,
        "followers_count": 7,
        "verified_type": -1,
        "statuses_count": 42,
        "parent": "4076467002074007",
        "verified": false,
        "geo": null,
        "user_created_at": 1454826969,
        "favourites_count": 3,
        "screen_name": "朕DieDi",
        "gender": "m",
        "user_geo_enabled": true,
        "username": "朕DieDi",
        "comments_count": 0,
        "t": 1487512032,
        "video_status_count": 0,
        "urank": 9,
        "user_ability": 0,
        "credit_score": 80
    },
    {
        "reposts_count": 0,
        "uid": 2322918470,
        "bi_followers_count": 3,
        "text": "已经辟谣了，博主这是在传谣",
        "user_description": "",
        "user_avatar": "https://tva4.sinaimg.cn/crop.0.0.180.180.50/8a74ec46jw1e8qgp5bmzyj2050050aa8.jpg?KID=imgbed,tva&Expires=1584955845&ssig=wOr9UGVmys",
        "id": "4076981823485787",
        "city": "8",
        "province": "11",
        "friends_count": 114,
        "user_location": "北京 海淀区",
        "mid": "4076981823485787",
        "verified_reason": "",
        "attitudes_count": 0,
        "followers_count": 29,
        "verified_type": -1,
        "statuses_count": 164,
        "parent": "4076467002074007",
        "verified": false,
        "geo": null,
        "user_created_at": 1313744434,
        "favourites_count": 0,
        "screen_name": "董小胖的陈大毛",
        "gender": "m",
        "user_geo_enabled": true,
        "username": "董小胖的陈大毛",
        "comments_count": 0,
        "t": 1487511676,
        "video_status_count": 0,
        "urank": 9,
        "user_ability": 2097152,
        "credit_score": 80
    },
    {
        "reposts_count": 0,
        "uid": 1012163184,
        "bi_followers_count": 3,
        "text": "傻屌，这是在塑料造粒，好不好",
        "user_description": "",
        "user_avatar": "https://tvax1.sinaimg.cn/default/images/default_avatar_male_50.gif?KID=imgbed,tva&Expires=1584955845&ssig=SSZ8o8N4T4",
        "id": "4076951218359852",
        "city": "1",
        "province": "36",
        "friends_count": 538,
        "user_location": "江西 南昌",
        "mid": "4076951218359852",
        "verified_reason": "",
        "attitudes_count": 0,
        "followers_count": 132,
        "verified_type": -1,
        "statuses_count": 1504,
        "parent": "4076467002074007",
        "verified": false,
        "geo": null,
        "user_created_at": 1307444546,
        "favourites_count": 25,
        "screen_name": "逍遥1012163184",
        "gender": "m",
        "user_geo_enabled": true,
        "username": "逍遥1012163184",
        "comments_count": 0,
        "t": 1487504379,
        "video_status_count": 0,
        "urank": 28,
        "user_ability": 35651584,
        "credit_score": 80
    },
    {
        "reposts_count": 0,
        "uid": 5701649232,
        "bi_followers_count": 16,
        "text": "这东西比大米贵，没文化真可怕",
        "user_description": "万事如意",
        "user_avatar": "https://tvax1.sinaimg.cn/crop.0.0.996.996.50/006dRxqoly8g2rzcni298j30ro0rowhg.jpg?KID=imgbed,tva&Expires=1584955845&ssig=giSArwj5Ig",
        "id": "4076948995363539",
        "city": "1",
        "province": "61",
        "friends_count": 224,
        "user_location": "陕西 西安",
        "mid": "4076948995363539",
        "verified_reason": "",
        "attitudes_count": 0,
        "followers_count": 137,
        "verified_type": -1,
        "statuses_count": 35,
        "parent": "4076467002074007",
        "verified": false,
        "geo": null,
        "user_created_at": 1442111839,
        "favourites_count": 5,
        "screen_name": "Zzzz安歌",
        "gender": "m",
        "user_geo_enabled": true,
        "username": "Zzzz安歌",
        "comments_count": 0,
        "t": 1487503849,
        "video_status_count": 0,
        "urank": 9,
        "user_ability": 3408896,
        "credit_score": 80
    },
    {
        "reposts_count": 0,
        "uid": 3186726643,
        "bi_followers_count": 84,
        "text": "能不能有点常识啊，各位，这个叫做再生塑料颗粒，远看像大米而已",
        "user_description": "安徽商贸职业技术学院",
        "user_avatar": "https://tva4.sinaimg.cn/crop.7.0.498.498.50/bdf196f3jw8f4a8grl54wj20e80dumxd.jpg?KID=imgbed,tva&Expires=1584955845&ssig=R9cNIO%2BUE5",
        "id": "4076948747038014",
        "city": "2",
        "province": "34",
        "friends_count": 972,
        "user_location": "安徽 芜湖",
        "mid": "4076948747038014",
        "verified_reason": "",
        "attitudes_count": 0,
        "followers_count": 234,
        "verified_type": -1,
        "statuses_count": 930,
        "parent": "4076467002074007",
        "verified": false,
        "geo": null,
        "user_created_at": 1355308880,
        "favourites_count": 43,
        "screen_name": "任传孟同学",
        "gender": "m",
        "user_geo_enabled": true,
        "username": "任传孟同学",
        "comments_count": 0,
        "t": 1487503790,
        "video_status_count": 0,
        "urank": 27,
        "user_ability": 2359296,
        "credit_score": 80
    },
    {
        "reposts_count": 0,
        "uid": 3793010500,
        "bi_followers_count": 12,
        "text": "已经避谣了，人家只是在加工塑料颗粒而已，有人借此恶意营销罢了……",
        "user_description": "赌书消得茶泼香，当时只道是寻常。",
        "user_avatar": "https://tvax2.sinaimg.cn/crop.0.0.996.996.50/e214bf44ly8fxclvqbi4hj20ro0ro3zg.jpg?KID=imgbed,tva&Expires=1584955845&ssig=xUev4sbkkX",
        "id": "4076909112002867",
        "city": "6",
        "province": "61",
        "friends_count": 109,
        "user_location": "陕西 延安",
        "mid": "4076909112002867",
        "verified_reason": "",
        "attitudes_count": 0,
        "followers_count": 73,
        "verified_type": -1,
        "statuses_count": 14,
        "parent": "4076467002074007",
        "verified": false,
        "geo": null,
        "user_created_at": 1379128098,
        "favourites_count": 271,
        "screen_name": "是三团鸭",
        "gender": "m",
        "user_geo_enabled": true,
        "username": "是三团鸭",
        "comments_count": 0,
        "t": 1487494340,
        "video_status_count": 0,
        "urank": 9,
        "user_ability": 2097152,
        "credit_score": 80
    },
    {
        "reposts_count": 0,
        "uid": 2740803577,
        "bi_followers_count": 69,
        "text": "我去，多看点书，有用……",
        "user_description": "",
        "user_avatar": "https://tvax4.sinaimg.cn/crop.0.0.1242.1242.50/a35d57f9ly8fwrl54bdbhj20yi0yiwg4.jpg?KID=imgbed,tva&Expires=1584955845&ssig=6UR7FIH751",
        "id": "4076902820027636",
        "city": "9",
        "province": "41",
        "friends_count": 2204,
        "user_location": "河南 濮阳",
        "mid": "4076902820027636",
        "verified_reason": "",
        "attitudes_count": 0,
        "followers_count": 400,
        "verified_type": -1,
        "statuses_count": 572,
        "parent": "4076467002074007",
        "verified": false,
        "geo": null,
        "user_created_at": 1338440852,
        "favourites_count": 22,
        "screen_name": "我是石大乐",
        "gender": "m",
        "user_geo_enabled": true,
        "username": "我是石大乐",
        "comments_count": 0,
        "t": 1487492840,
        "video_status_count": 0,
        "urank": 26,
        "user_ability": 3146752,
        "credit_score": 80
    },
    {
        "reposts_count": 0,
        "uid": 3829679764,
        "bi_followers_count": 51,
        "text": "智障吗，谁家塑料能加热吃了，这是做塑料袋的原料好吗",
        "user_description": "我是个好人",
        "user_avatar": "https://tvax3.sinaimg.cn/crop.0.0.512.512.50/e4444694ly8fvge2s0vjmj20e80e8wev.jpg?KID=imgbed,tva&Expires=1584955845&ssig=qe60b6rvi4",
        "id": "4076899086385524",
        "city": "7",
        "province": "37",
        "friends_count": 478,
        "user_location": "山东 潍坊",
        "mid": "4076899086385524",
        "verified_reason": "",
        "attitudes_count": 0,
        "followers_count": 127,
        "verified_type": -1,
        "statuses_count": 315,
        "parent": "4076467002074007",
        "verified": false,
        "geo": null,
        "user_created_at": 1380715386,
        "favourites_count": 151,
        "screen_name": "叫小姐姐给你糖吃-",
        "gender": "f",
        "user_geo_enabled": true,
        "username": "叫小姐姐给你糖吃-",
        "comments_count": 0,
        "t": 1487491950,
        "video_status_count": 0,
        "urank": 28,
        "user_ability": 35652610,
        "credit_score": 80
    },
    {
        "reposts_count": 0,
        "uid": 2605322194,
        "bi_followers_count": 153,
        "text": "没文化很可怕",
        "user_description": "工业产品设计",
        "user_avatar": "https://tva3.sinaimg.cn/crop.0.0.800.800.50/9b4a0fd2jw8ergb3jw4q0j20m80m8goc.jpg?KID=imgbed,tva&Expires=1584955845&ssig=xe2%2Bhrki3o",
        "id": "4076765682439803",
        "city": "6",
        "province": "44",
        "friends_count": 263,
        "user_location": "广东 佛山",
        "mid": "4076765682439803",
        "verified_reason": "",
        "attitudes_count": 0,
        "followers_count": 532,
        "verified_type": -1,
        "statuses_count": 35,
        "parent": "4076467002074007",
        "verified": false,
        "geo": null,
        "user_created_at": 1323685156,
        "favourites_count": 14,
        "screen_name": "27-会飞的猫",
        "gender": "m",
        "user_geo_enabled": true,
        "username": "27-会飞的猫",
        "comments_count": 0,
        "t": 1487460145,
        "video_status_count": 0,
        "urank": 31,
        "user_ability": 35651584,
        "credit_score": 80
    },
    {
        "reposts_count": 0,
        "uid": 2655428107,
        "bi_followers_count": 229,
        "text": "@笑哥__ 这次不是紫菜，是大米",
        "user_description": "士不可以不弘毅",
        "user_avatar": "https://tvax1.sinaimg.cn/crop.0.0.996.996.50/9e469e0bly8g9jw3pzt0ij20ro0ron0m.jpg?KID=imgbed,tva&Expires=1584955845&ssig=Bc3W5jXB4w",
        "id": "4076611139617963",
        "city": "1000",
        "province": "11",
        "friends_count": 990,
        "user_location": "北京",
        "mid": "4076611139617963",
        "verified_reason": "北京睿和美容美发有限公司 造型师",
        "attitudes_count": 0,
        "followers_count": 1956,
        "verified_type": 0,
        "statuses_count": 127,
        "parent": "4076467002074007",
        "verified": true,
        "geo": null,
        "user_created_at": 1393951226,
        "favourites_count": 904,
        "screen_name": "劉大闯MQ",
        "gender": "m",
        "user_geo_enabled": true,
        "username": "劉大闯MQ",
        "comments_count": 0,
        "t": 1487423298,
        "video_status_count": 0,
        "urank": 41,
        "user_ability": 2360320,
        "credit_score": 80
    },
    {
        "reposts_count": 0,
        "uid": 2270645175,
        "bi_followers_count": 56,
        "text": "[笑cry][笑cry]塑料做大米，吃的时候确定能嚼碎",
        "user_description": "机会真的永远是给有准备的人的。",
        "user_avatar": "https://tvax2.sinaimg.cn/crop.0.0.751.751.50/87574bb7ly8g17q479ssrj20kv0kvgmn.jpg?KID=imgbed,tva&Expires=1584955845&ssig=3Lx71F9ufh",
        "id": "4076498597837307",
        "city": "15",
        "province": "31",
        "friends_count": 194,
        "user_location": "上海 浦东新区",
        "mid": "4076498597837307",
        "verified_reason": "",
        "attitudes_count": 0,
        "followers_count": 257,
        "verified_type": -1,
        "statuses_count": 1052,
        "parent": "4076467002074007",
        "verified": false,
        "geo": null,
        "user_created_at": 1311688643,
        "favourites_count": 7,
        "screen_name": "哆啦A梦口袋里的叮当猫",
        "gender": "m",
        "user_geo_enabled": true,
        "username": "哆啦A梦口袋里的叮当猫",
        "comments_count": 0,
        "t": 1487396465,
        "video_status_count": 0,
        "urank": 32,
        "user_ability": 2097152,
        "credit_score": 80
    },
    {
        "reposts_count": 0,
        "uid": 1341390384,
        "bi_followers_count": 9,
        "text": "这明明就是废旧塑料回收造粒，造好的颗粒再做成塑料制品好吗？不知道你是开玩笑呢，还是信以为真呢💩[吐]",
        "user_description": "反叛日渐枯燥，毫无意义的生活～",
        "user_avatar": "https://tva3.sinaimg.cn/crop.0.0.1152.1152.50/4ff3fe30jw8eqye2ei663j20w00w0whq.jpg?KID=imgbed,tva&Expires=1584955845&ssig=hh1jhNfgUf",
        "id": "4076469543534241",
        "city": "1",
        "province": "21",
        "friends_count": 255,
        "user_location": "辽宁 沈阳",
        "mid": "4076469543534241",
        "verified_reason": "",
        "attitudes_count": 0,
        "followers_count": 57,
        "verified_type": -1,
        "statuses_count": 448,
        "parent": "4076467002074007",
        "verified": false,
        "geo": null,
        "user_created_at": 1293532032,
        "favourites_count": 27,
        "screen_name": "空谷幽兰travel",
        "gender": "m",
        "user_geo_enabled": true,
        "username": "空谷幽兰travel",
        "comments_count": 0,
        "t": 1487389540,
        "video_status_count": 0,
        "urank": 14,
        "user_ability": 33554432,
        "credit_score": 80
    },
    {
        "reposts_count": 0,
        "uid": 2316630327,
        "bi_followers_count": 57,
        "text": "是真的吗，大米居然是槊料的。。。",
        "user_description": "",
        "user_avatar": "https://tvax1.sinaimg.cn/crop.0.0.996.996.50/8a14f937ly8fh30dtj86yj20ro0rognu.jpg?KID=imgbed,tva&Expires=1584955845&ssig=sN7jA1ul5B",
        "id": "4076468793347535",
        "city": "1",
        "province": "21",
        "friends_count": 718,
        "user_location": "辽宁 沈阳",
        "mid": "4076468793347535",
        "verified_reason": "",
        "attitudes_count": 0,
        "followers_count": 244,
        "verified_type": -1,
        "statuses_count": 492,
        "parent": "4076467002074007",
        "verified": false,
        "geo": null,
        "user_created_at": 1314008772,
        "favourites_count": 56,
        "screen_name": "张舒杨",
        "gender": "m",
        "user_geo_enabled": true,
        "username": "张舒杨",
        "comments_count": 0,
        "t": 1487389360,
        "video_status_count": 0,
        "urank": 21,
        "user_ability": 35651584,
        "credit_score": 80
    },
    {
        "reposts_count": 0,
        "uid": 5721204499,
        "bi_followers_count": 1,
        "text": "坑人，抓住造假害人的，统统枪毙。💣💣💣",
        "user_description": "杳事，化解，预测，各种法事道场，大型风水策划。",
        "user_avatar": "https://tvax2.sinaimg.cn/crop.0.0.664.664.50/006fbADVly8ffbnagt4r1j30ig0igwfy.jpg?KID=imgbed,tva&Expires=1584955845&ssig=qSfcH0Cv9j",
        "id": "4076467287551559",
        "city": "1",
        "province": "21",
        "friends_count": 68,
        "user_location": "辽宁 沈阳",
        "mid": "4076467287551559",
        "verified_reason": "",
        "attitudes_count": 0,
        "followers_count": 85,
        "verified_type": -1,
        "statuses_count": 73,
        "parent": "4076467002074007",
        "verified": false,
        "geo": null,
        "user_created_at": 1444313669,
        "favourites_count": 17,
        "screen_name": "金福堂风水策划公司",
        "gender": "m",
        "user_geo_enabled": true,
        "username": "金福堂风水策划公司",
        "comments_count": 0,
        "t": 1487389001,
        "video_status_count": 0,
        "urank": 9,
        "user_ability": 2097152,
        "credit_score": 80
    }
]