[
    {
        "reposts_count": 0,
        "uid": 1041571747,
        "bi_followers_count": 34,
        "text": "令人惶恐，我们吃的有些紫菜竟然是塑料袋做的，看到这个视频，在想自己肚子里也许有不少塑料袋吧，商家良心何在啊？？[泪][泪][泪] http://t.cn/RJHrZqc . ​",
        "user_description": "胎早教，育儿分享者",
        "user_avatar": "https://tva1.sinaimg.cn/crop.0.0.639.639.50/3e151fa3jw8erx6q4t4ttj20hs0hrq3y.jpg?KID=imgbed,tva&Expires=1584955603&ssig=r0dxsyhTwh",
        "id": "4076089934113880",
        "city": "16",
        "province": "44",
        "friends_count": 627,
        "user_location": "广东 河源",
        "mid": "4076089934113880",
        "verified_reason": "",
        "attitudes_count": 0,
        "followers_count": 128,
        "verified_type": -1,
        "statuses_count": 286,
        "parent": null,
        "verified": false,
        "geo": null,
        "user_created_at": 1394152030,
        "favourites_count": 2,
        "screen_name": "M宝码",
        "gender": "f",
        "user_geo_enabled": true,
        "username": "M宝码",
        "comments_count": 6,
        "t": 1487299033,
        "video_status_count": 0,
        "urank": 14,
        "user_ability": 2101248,
        "credit_score": 80
    },
    {
        "reposts_count": 0,
        "uid": 5349878890,
        "bi_followers_count": 0,
        "text": "@微博辟谣",
        "user_description": "",
        "user_avatar": "https://tvax2.sinaimg.cn/crop.65.0.365.365.50/005Q3xTcly8fzalo4a9rlj30dw0a6mxi.jpg?KID=imgbed,tva&Expires=1584955603&ssig=2kUI2GMCio",
        "id": "4077676681661384",
        "city": "1000",
        "province": "100",
        "friends_count": 72,
        "user_location": "其他",
        "mid": "4077676681661384",
        "verified_reason": "",
        "attitudes_count": 0,
        "followers_count": 4,
        "verified_type": -1,
        "statuses_count": 10,
        "parent": "4076089934113880",
        "verified": false,
        "geo": null,
        "user_created_at": 1414742173,
        "favourites_count": 0,
        "screen_name": "阿信比特",
        "gender": "m",
        "user_geo_enabled": true,
        "username": "阿信比特",
        "comments_count": 0,
        "t": 1487677343,
        "video_status_count": 0,
        "urank": 4,
        "user_ability": 0,
        "credit_score": 80
    },
    {
        "reposts_count": 0,
        "uid": 2178755832,
        "bi_followers_count": 53,
        "text": "请拿紫菜和塑料膜做燃烧实验对比，或将紫菜拿到有关质监部门检测，如有塑料成分或塑化剂，本人愿意承担一切法律责任。阿一波等紫菜厂家均已发表声明并已报警严惩造谣者，请勿传播网络谣言，谢谢！",
        "user_description": "处女天秤男。",
        "user_avatar": "https://tva3.sinaimg.cn/crop.0.0.180.180.50/81dd2cf8jw1e8qgp5bmzyj2050050aa8.jpg?KID=imgbed,tva&Expires=1584955603&ssig=WeQQaAsPO7",
        "id": "4077035166930814",
        "city": "5",
        "province": "35",
        "friends_count": 174,
        "user_location": "福建 泉州",
        "mid": "4077035166930814",
        "verified_reason": "",
        "attitudes_count": 0,
        "followers_count": 182,
        "verified_type": -1,
        "statuses_count": 146,
        "parent": "4076089934113880",
        "verified": false,
        "geo": null,
        "user_created_at": 1308293991,
        "favourites_count": 177,
        "screen_name": "牛先生SS",
        "gender": "m",
        "user_geo_enabled": true,
        "username": "牛先生SS",
        "comments_count": 0,
        "t": 1487524394,
        "video_status_count": 0,
        "urank": 25,
        "user_ability": 33554432,
        "credit_score": 80
    },
    {
        "reposts_count": 0,
        "uid": 2306020201,
        "bi_followers_count": 5,
        "text": "无知的人咋这么多，看来9年义务教育不太够",
        "user_description": "DOTA（C）、足球（M）",
        "user_avatar": "https://tvax1.sinaimg.cn/crop.0.0.996.996.50/89731369ly8g46unulr8vj20ro0rogor.jpg?KID=imgbed,tva&Expires=1584955603&ssig=0AEjtsLuh2",
        "id": "4076423737614184",
        "city": "2",
        "province": "21",
        "friends_count": 26,
        "user_location": "辽宁 大连",
        "mid": "4076423737614184",
        "verified_reason": "",
        "attitudes_count": 0,
        "followers_count": 177,
        "verified_type": -1,
        "statuses_count": 156,
        "parent": "4076089934113880",
        "verified": false,
        "geo": null,
        "user_created_at": 1313469688,
        "favourites_count": 53,
        "screen_name": "ThinkingUnlock",
        "gender": "m",
        "user_geo_enabled": true,
        "username": "ThinkingUnlock",
        "comments_count": 0,
        "t": 1487378619,
        "video_status_count": 0,
        "urank": 11,
        "user_ability": 262144,
        "credit_score": 80
    },
    {
        "reposts_count": 0,
        "uid": 5883375356,
        "bi_followers_count": 4,
        "text": "2",
        "user_description": "低调奢华不吵闹。",
        "user_avatar": "https://tvax1.sinaimg.cn/default/images/default_avatar_male_50.gif?KID=imgbed,tva&Expires=1584955603&ssig=dqjWE299gA",
        "id": "4076186151713359",
        "city": "1000",
        "province": "11",
        "friends_count": 148,
        "user_location": "北京",
        "mid": "4076186151713359",
        "verified_reason": "",
        "attitudes_count": 0,
        "followers_count": 16,
        "verified_type": -1,
        "statuses_count": 148,
        "parent": "4076089934113880",
        "verified": false,
        "geo": null,
        "user_created_at": 1458322803,
        "favourites_count": 30,
        "screen_name": "散礼2007",
        "gender": "m",
        "user_geo_enabled": true,
        "username": "散礼2007",
        "comments_count": 0,
        "t": 1487321973,
        "video_status_count": 0,
        "urank": 9,
        "user_ability": 2097152,
        "credit_score": 80
    },
    {
        "reposts_count": 0,
        "uid": 5089287579,
        "bi_followers_count": 11,
        "text": "紫菜和塑料袋的鉴别方式是用火烧，紫菜会容易灭，紫菜属于蛋白质和碳水化合物，燃烧后跟塑料味道差距很大。至于为什么会嚼不烂，是因为紫菜生长周期不同，质量是不一样的，第一次采摘叫“头水”，第二次叫“二水”，接着“三水”“四水”，最后一次“末水紫菜”，最后一次的比较老，但不是塑料袋。",
        "user_description": "腹有诗书气自华",
        "user_avatar": "https://tvax3.sinaimg.cn/crop.0.0.1080.1080.50/005yq8bxly8ga7jlrq3ykj30u00u0gpr.jpg?KID=imgbed,tva&Expires=1584955603&ssig=BLdeQj%2F6tv",
        "id": "4076100897810306",
        "city": "1000",
        "province": "11",
        "friends_count": 205,
        "user_location": "北京",
        "mid": "4076100897810306",
        "verified_reason": "",
        "attitudes_count": 0,
        "followers_count": 353,
        "verified_type": -1,
        "statuses_count": 58,
        "parent": "4076089934113880",
        "verified": false,
        "geo": null,
        "user_created_at": 1396194776,
        "favourites_count": 1,
        "screen_name": "YOYO优小妹",
        "gender": "f",
        "user_geo_enabled": true,
        "username": "YOYO优小妹",
        "comments_count": 0,
        "t": 1487301648,
        "video_status_count": 0,
        "urank": 9,
        "user_ability": 262144,
        "credit_score": 80
    },
    {
        "reposts_count": 0,
        "uid": 3598665795,
        "bi_followers_count": 34,
        "text": "这个是假的哦，具体可以去百度，所谓的臭是海带本身的腥臭海腥味，而所谓的塑料质感是因为温水泡海带造成的视觉效果，不知道拍视频的人居心何在。",
        "user_description": "我有两只猫，黑的叫焦糖，白的叫奶糖🍬",
        "user_avatar": "https://tvax2.sinaimg.cn/crop.0.0.1080.1080.50/d67f4843ly8gbmph3rydwj20u00u0q5u.jpg?KID=imgbed,tva&Expires=1584955603&ssig=NxMeFNBXsO",
        "id": "4076091792049994",
        "city": "1000",
        "province": "100",
        "friends_count": 309,
        "user_location": "其他",
        "mid": "4076091792049994",
        "verified_reason": "",
        "attitudes_count": 0,
        "followers_count": 130,
        "verified_type": -1,
        "statuses_count": 1267,
        "parent": "4076089934113880",
        "verified": false,
        "geo": null,
        "user_created_at": 1377165000,
        "favourites_count": 0,
        "screen_name": "赚钱圈养彩虹熊233",
        "gender": "f",
        "user_geo_enabled": true,
        "username": "赚钱圈养彩虹熊233",
        "comments_count": 0,
        "t": 1487299477,
        "video_status_count": 0,
        "urank": 14,
        "user_ability": 2360320,
        "credit_score": 78
    }
]