[
    {
        "reposts_count": 2,
        "uid": 3853722683,
        "bi_followers_count": 2,
        "text": "就在今天四川一铁索桥断了现场太惨烈了。哀嚎声震彻山谷呀！ http://t.cn/RzT9sP5 http://t.cn/RJ1aB4b . ​",
        "user_description": "我只会玩命",
        "user_avatar": "https://tva1.sinaimg.cn/crop.0.0.664.664.50/e5b3243bjw8f0f2u3smi6j20ig0igdgc.jpg?KID=imgbed,tva&Expires=1584955826&ssig=zQ%2Bf9UitpW",
        "id": "4076983921017690",
        "city": "1000",
        "province": "13",
        "friends_count": 377,
        "user_location": "河北",
        "mid": "4076983921017690",
        "verified_reason": "",
        "attitudes_count": 2,
        "followers_count": 88,
        "verified_type": -1,
        "statuses_count": 321,
        "parent": null,
        "verified": false,
        "geo": {
            "type": "Point",
            "coordinates": [
                39.90744,
                116.63214
            ]
        },
        "user_created_at": 1381808484,
        "favourites_count": 2,
        "screen_name": "GodLike726",
        "gender": "m",
        "user_geo_enabled": true,
        "username": "GodLike726",
        "comments_count": 30,
        "t": 1487512176,
        "video_status_count": 0,
        "urank": 14,
        "user_ability": 2097152,
        "credit_score": 80
    },
    {
        "reposts_count": 0,
        "uid": 5645498321,
        "bi_followers_count": 13,
        "text": "回复@少年阿hang:他的意思是说这个信息是假的，但是这个事件是真的，不过是发生与二零一四年的",
        "user_description": "",
        "user_avatar": "https://tvax3.sinaimg.cn/crop.0.0.438.438.50/006a3W0xly8fitq9d6b7gj30c60c6t96.jpg?KID=imgbed,tva&Expires=1584955826&ssig=e0z5vqAePi",
        "id": "4078028303272656",
        "city": "11",
        "province": "36",
        "friends_count": 179,
        "user_location": "江西 上饶",
        "mid": "4078028303272656",
        "verified_reason": "",
        "attitudes_count": 0,
        "followers_count": 47,
        "verified_type": -1,
        "statuses_count": 577,
        "parent": "4076983921017690",
        "verified": false,
        "geo": {
            "type": "Point",
            "coordinates": [
                39.90744,
                116.63214
            ]
        },
        "user_created_at": 1435915206,
        "favourites_count": 67,
        "screen_name": "慕容圣星蟹",
        "gender": "f",
        "user_geo_enabled": true,
        "username": "慕容圣星蟹",
        "comments_count": 0,
        "t": 1487761176,
        "video_status_count": 0,
        "urank": 9,
        "user_ability": 1024,
        "credit_score": 80
    },
    {
        "reposts_count": 0,
        "uid": 2952452577,
        "bi_followers_count": 28,
        "text": "脑子是个好东西[微笑]",
        "user_description": "精神不正常患者",
        "user_avatar": "https://tvax1.sinaimg.cn/crop.0.0.1242.1242.50/affad9e1ly8fozj4hs33uj20yi0yijt6.jpg?KID=imgbed,tva&Expires=1584955826&ssig=Wvnlbx9Qm0",
        "id": "4077338083207770",
        "city": "2",
        "province": "21",
        "friends_count": 120,
        "user_location": "辽宁 大连",
        "mid": "4077338083207770",
        "verified_reason": "",
        "attitudes_count": 0,
        "followers_count": 164,
        "verified_type": -1,
        "statuses_count": 775,
        "parent": "4076983921017690",
        "verified": false,
        "geo": {
            "type": "Point",
            "coordinates": [
                39.90744,
                116.63214
            ]
        },
        "user_created_at": 1348049879,
        "favourites_count": 7,
        "screen_name": "脑残粉的小跟班",
        "gender": "m",
        "user_geo_enabled": true,
        "username": "脑残粉的小跟班",
        "comments_count": 0,
        "t": 1487596616,
        "video_status_count": 0,
        "urank": 14,
        "user_ability": 33554432,
        "credit_score": 80
    },
    {
        "reposts_count": 0,
        "uid": 1610837543,
        "bi_followers_count": 109,
        "text": "这是谣言，这是2014年越南吊桥事件",
        "user_description": "",
        "user_avatar": "https://tva1.sinaimg.cn/crop.16.0.1210.1210.50/60036e27jw8f9xr1ksxipj20yi0xmgp0.jpg?KID=imgbed,tva&Expires=1584955826&ssig=07KRZqL044",
        "id": "4077215039207163",
        "city": "1",
        "province": "33",
        "friends_count": 340,
        "user_location": "浙江 杭州",
        "mid": "4077215039207163",
        "verified_reason": "",
        "attitudes_count": 0,
        "followers_count": 260,
        "verified_type": 220,
        "statuses_count": 1112,
        "parent": "4076983921017690",
        "verified": false,
        "geo": {
            "type": "Point",
            "coordinates": [
                39.90744,
                116.63214
            ]
        },
        "user_created_at": 1298007358,
        "favourites_count": 228,
        "screen_name": "hey早",
        "gender": "f",
        "user_geo_enabled": false,
        "username": "hey早",
        "comments_count": 0,
        "t": 1487567280,
        "video_status_count": 0,
        "urank": 25,
        "user_ability": 35651584,
        "credit_score": 80
    },
    {
        "reposts_count": 0,
        "uid": 1842276071,
        "bi_followers_count": 52,
        "text": "假的假的，不懂那些造谣的人是干嘛，有病吗。",
        "user_description": "女装设计师 热爱服装画 分享服装画教程",
        "user_avatar": "https://tva2.sinaimg.cn/crop.0.1.1242.1242.50/6dcee6e7jw8f9nw886ek0j20yi0yktb5.jpg?KID=imgbed,tva&Expires=1584955826&ssig=U1G6n2miNL",
        "id": "4077200279808361",
        "city": "1000",
        "province": "100",
        "friends_count": 246,
        "user_location": "其他",
        "mid": "4077200279808361",
        "verified_reason": "",
        "attitudes_count": 0,
        "followers_count": 2367,
        "verified_type": 220,
        "statuses_count": 34,
        "parent": "4076983921017690",
        "verified": false,
        "geo": {
            "type": "Point",
            "coordinates": [
                39.90744,
                116.63214
            ]
        },
        "user_created_at": 1288410146,
        "favourites_count": 1996,
        "screen_name": "Kimy小曼时装画",
        "gender": "f",
        "user_geo_enabled": true,
        "username": "Kimy小曼时装画",
        "comments_count": 0,
        "t": 1487563760,
        "video_status_count": 0,
        "urank": 36,
        "user_ability": 0,
        "credit_score": 80
    },
    {
        "reposts_count": 0,
        "uid": 1842276071,
        "bi_followers_count": 52,
        "text": "回复@森荣野山参:图片评论 http://t.cn/RJrUUfa",
        "user_description": "女装设计师 热爱服装画 分享服装画教程",
        "user_avatar": "https://tva2.sinaimg.cn/crop.0.1.1242.1242.50/6dcee6e7jw8f9nw886ek0j20yi0yktb5.jpg?KID=imgbed,tva&Expires=1584955826&ssig=U1G6n2miNL",
        "id": "4077200019674089",
        "city": "1000",
        "province": "100",
        "friends_count": 246,
        "user_location": "其他",
        "mid": "4077200019674089",
        "verified_reason": "",
        "attitudes_count": 0,
        "followers_count": 2367,
        "verified_type": 220,
        "statuses_count": 34,
        "parent": "4076983921017690",
        "verified": false,
        "geo": {
            "type": "Point",
            "coordinates": [
                39.90744,
                116.63214
            ]
        },
        "user_created_at": 1288410146,
        "favourites_count": 1996,
        "screen_name": "Kimy小曼时装画",
        "gender": "f",
        "user_geo_enabled": true,
        "username": "Kimy小曼时装画",
        "comments_count": 0,
        "t": 1487563698,
        "video_status_count": 0,
        "urank": 36,
        "user_ability": 0,
        "credit_score": 80
    },
    {
        "reposts_count": 0,
        "uid": 3324706072,
        "bi_followers_count": 16,
        "text": "http://t.cn/RJ1Wy9r",
        "user_description": "小镇青年欢乐多~",
        "user_avatar": "https://tvax3.sinaimg.cn/crop.0.160.673.673.50/c62afd18ly8fjq1z5rcplj20ip0qdgo5.jpg?KID=imgbed,tva&Expires=1584955826&ssig=TBSDAUbHmx",
        "id": "4077193796070783",
        "city": "10",
        "province": "42",
        "friends_count": 103,
        "user_location": "湖北 荆州",
        "mid": "4077193796070783",
        "verified_reason": "",
        "attitudes_count": 0,
        "followers_count": 96,
        "verified_type": -1,
        "statuses_count": 13,
        "parent": "4076983921017690",
        "verified": false,
        "geo": {
            "type": "Point",
            "coordinates": [
                39.90744,
                116.63214
            ]
        },
        "user_created_at": 1365948913,
        "favourites_count": 540,
        "screen_name": "李美丽与肖麻子的故事",
        "gender": "m",
        "user_geo_enabled": true,
        "username": "李美丽与肖麻子的故事",
        "comments_count": 0,
        "t": 1487562214,
        "video_status_count": 0,
        "urank": 14,
        "user_ability": 0,
        "credit_score": 80
    },
    {
        "reposts_count": 0,
        "uid": 1416762497,
        "bi_followers_count": 300,
        "text": "骚年，那是越南的 http://t.cn/RJrPI0v",
        "user_description": "网络水军直隶分舵朱雀堂红花小队长",
        "user_avatar": "https://tvax3.sinaimg.cn/crop.0.0.512.512.50/54721481ly8g9bx97kvmpj20e80e8q3m.jpg?KID=imgbed,tva&Expires=1584955826&ssig=KnKPU8JoQl",
        "id": "4077185876778675",
        "city": "58",
        "province": "400",
        "friends_count": 333,
        "user_location": "海外 斯洛文尼亚",
        "mid": "4077185876778675",
        "verified_reason": "",
        "attitudes_count": 0,
        "followers_count": 2493,
        "verified_type": -1,
        "statuses_count": 9729,
        "parent": "4076983921017690",
        "verified": false,
        "geo": {
            "type": "Point",
            "coordinates": [
                39.90744,
                116.63214
            ]
        },
        "user_created_at": 1308127276,
        "favourites_count": 203,
        "screen_name": "尔等刁民朕想杀",
        "gender": "m",
        "user_geo_enabled": true,
        "username": "尔等刁民朕想杀",
        "comments_count": 0,
        "t": 1487560325,
        "video_status_count": 0,
        "urank": 48,
        "user_ability": 3407872,
        "credit_score": 80
    },
    {
        "reposts_count": 0,
        "uid": 1224922144,
        "bi_followers_count": 435,
        "text": "这是2010年2月15日四川省洪雅县柳江镇红星村一铁索桥意外垮塌。",
        "user_description": "大自然漫步者",
        "user_avatar": "https://tva4.sinaimg.cn/crop.0.0.179.179.50/4902d420gw1ehrc69dyevj2050050a9x.jpg?KID=imgbed,tva&Expires=1584955826&ssig=ujpiiNiAoW",
        "id": "4077169607120613",
        "city": "8",
        "province": "34",
        "friends_count": 1134,
        "user_location": "安徽 安庆",
        "mid": "4077169607120613",
        "verified_reason": "",
        "attitudes_count": 0,
        "followers_count": 1899,
        "verified_type": 220,
        "statuses_count": 8405,
        "parent": "4076983921017690",
        "verified": false,
        "geo": {
            "type": "Point",
            "coordinates": [
                39.90744,
                116.63214
            ]
        },
        "user_created_at": 1268283980,
        "favourites_count": 68,
        "screen_name": "安庆丰雨",
        "gender": "m",
        "user_geo_enabled": true,
        "username": "安庆丰雨",
        "comments_count": 0,
        "t": 1487556447,
        "video_status_count": 0,
        "urank": 35,
        "user_ability": 8388608,
        "credit_score": 80
    },
    {
        "reposts_count": 0,
        "uid": 1634178075,
        "bi_followers_count": 107,
        "text": "回复@少年阿hang:2014年的视频啊，越南的，下面不是贴图了吗",
        "user_description": "低低檐入低低树，小小盆盛小小花。",
        "user_avatar": "https://tva2.sinaimg.cn/crop.0.0.180.180.50/6167941bjw1e8qgp5bmzyj2050050aa8.jpg?KID=imgbed,tva&Expires=1584955826&ssig=o6zWFMCpEN",
        "id": "4077009376140476",
        "city": "1",
        "province": "51",
        "friends_count": 416,
        "user_location": "四川 成都",
        "mid": "4077009376140476",
        "verified_reason": "",
        "attitudes_count": 0,
        "followers_count": 334,
        "verified_type": 220,
        "statuses_count": 1057,
        "parent": "4076983921017690",
        "verified": false,
        "geo": {
            "type": "Point",
            "coordinates": [
                39.90744,
                116.63214
            ]
        },
        "user_created_at": 1271428338,
        "favourites_count": 324,
        "screen_name": "小小盆中小小花",
        "gender": "f",
        "user_geo_enabled": true,
        "username": "小小盆中小小花",
        "comments_count": 0,
        "t": 1487518245,
        "video_status_count": 0,
        "urank": 24,
        "user_ability": 35651584,
        "credit_score": 80
    },
    {
        "reposts_count": 0,
        "uid": 3967330556,
        "bi_followers_count": 40,
        "text": "有人发视频在朋友圈很多 真的吗",
        "user_description": "欲戴王冠 必承其重",
        "user_avatar": "https://tva2.sinaimg.cn/crop.1.98.477.477.50/ec78a8fctw1ec7cx235hcj20dc0hsdik.jpg?KID=imgbed,tva&Expires=1584955826&ssig=u3SSInuHal",
        "id": "4077004644769813",
        "city": "12",
        "province": "21",
        "friends_count": 798,
        "user_location": "辽宁 铁岭",
        "mid": "4077004644769813",
        "verified_reason": "",
        "attitudes_count": 0,
        "followers_count": 247,
        "verified_type": -1,
        "statuses_count": 2632,
        "parent": "4076983921017690",
        "verified": false,
        "geo": {
            "type": "Point",
            "coordinates": [
                39.90744,
                116.63214
            ]
        },
        "user_created_at": 1388806475,
        "favourites_count": 8,
        "screen_name": "Leafyer",
        "gender": "f",
        "user_geo_enabled": true,
        "username": "Leafyer",
        "comments_count": 0,
        "t": 1487517117,
        "video_status_count": 0,
        "urank": 28,
        "user_ability": 2097152,
        "credit_score": 80
    },
    {
        "reposts_count": 0,
        "uid": 5986226347,
        "bi_followers_count": 6,
        "text": "我也在微信群里看到了，貌似官方屁摇了",
        "user_description": "立陶宛大军所过之处寸草不生",
        "user_avatar": "https://tvax4.sinaimg.cn/crop.0.0.664.664.50/006x7AVRly8g97kkoi79xj30ig0ig3zr.jpg?KID=imgbed,tva&Expires=1584955826&ssig=67jfZOaWdx",
        "id": "4077003781173442",
        "city": "5",
        "province": "11",
        "friends_count": 19,
        "user_location": "北京 朝阳区",
        "mid": "4077003781173442",
        "verified_reason": "",
        "attitudes_count": 0,
        "followers_count": 41,
        "verified_type": -1,
        "statuses_count": 15,
        "parent": "4076983921017690",
        "verified": false,
        "geo": {
            "type": "Point",
            "coordinates": [
                39.90744,
                116.63214
            ]
        },
        "user_created_at": 1469070552,
        "favourites_count": 2,
        "screen_name": "立陶宛大公",
        "gender": "m",
        "user_geo_enabled": true,
        "username": "立陶宛大公",
        "comments_count": 0,
        "t": 1487516911,
        "video_status_count": 0,
        "urank": 4,
        "user_ability": 10485760,
        "credit_score": 80
    },
    {
        "reposts_count": 0,
        "uid": 2101262241,
        "bi_followers_count": 142,
        "text": "@广西公安 已辟谣，望周知 http://t.cn/RJ1TfzD",
        "user_description": "太可了～",
        "user_avatar": "https://tvax2.sinaimg.cn/crop.0.0.1080.1080.50/7d3eb7a1ly8gcjadwgzazj20u00u0gmy.jpg?KID=imgbed,tva&Expires=1584955826&ssig=NXXHTuN6MZ",
        "id": "4076995224756186",
        "city": "1000",
        "province": "11",
        "friends_count": 522,
        "user_location": "北京",
        "mid": "4076995224756186",
        "verified_reason": "",
        "attitudes_count": 0,
        "followers_count": 890,
        "verified_type": 220,
        "statuses_count": 2040,
        "parent": "4076983921017690",
        "verified": false,
        "geo": {
            "type": "Point",
            "coordinates": [
                39.90744,
                116.63214
            ]
        },
        "user_created_at": 1303462910,
        "favourites_count": 877,
        "screen_name": "Anco__瑞",
        "gender": "f",
        "user_geo_enabled": false,
        "username": "Anco__瑞",
        "comments_count": 0,
        "t": 1487514871,
        "video_status_count": 0,
        "urank": 40,
        "user_ability": 0,
        "credit_score": 80
    },
    {
        "reposts_count": 0,
        "uid": 5388270012,
        "bi_followers_count": 25,
        "text": "回复@森荣野山参:我是说这个事情应该是真的，只是不知道在哪儿发生的。毕竟下面躺着这么多人",
        "user_description": "",
        "user_avatar": "https://tvax4.sinaimg.cn/crop.0.0.1080.1080.50/005SEDaQly8g77l9xsun8j30u00u00zf.jpg?KID=imgbed,tva&Expires=1584955826&ssig=2ZBqzyPz6C",
        "id": "4076994696429902",
        "city": "83",
        "province": "50",
        "friends_count": 36,
        "user_location": "重庆 永川区",
        "mid": "4076994696429902",
        "verified_reason": "",
        "attitudes_count": 0,
        "followers_count": 35,
        "verified_type": -1,
        "statuses_count": 17,
        "parent": "4076983921017690",
        "verified": false,
        "geo": {
            "type": "Point",
            "coordinates": [
                39.90744,
                116.63214
            ]
        },
        "user_created_at": 1417059592,
        "favourites_count": 8,
        "screen_name": "hangbetter",
        "gender": "m",
        "user_geo_enabled": true,
        "username": "hangbetter",
        "comments_count": 0,
        "t": 1487514745,
        "video_status_count": 0,
        "urank": 14,
        "user_ability": 33555456,
        "credit_score": 80
    },
    {
        "reposts_count": 0,
        "uid": 2289431267,
        "bi_followers_count": 1,
        "text": "是以前的新闻",
        "user_description": "广交天下段友，笑傲五湖四海(研究僧)",
        "user_avatar": "https://tvax3.sinaimg.cn/crop.0.0.664.664.50/8875f2e3ly8g7gg6f5qzjj20ig0iht8i.jpg?KID=imgbed,tva&Expires=1584955826&ssig=XL6m78ggSt",
        "id": "4076994024665356",
        "city": "1000",
        "province": "100",
        "friends_count": 68,
        "user_location": "其他",
        "mid": "4076994024665356",
        "verified_reason": "",
        "attitudes_count": 0,
        "followers_count": 252,
        "verified_type": -1,
        "statuses_count": 21,
        "parent": "4076983921017690",
        "verified": false,
        "geo": {
            "type": "Point",
            "coordinates": [
                39.90744,
                116.63214
            ]
        },
        "user_created_at": 1346812620,
        "favourites_count": 8,
        "screen_name": "六一学士",
        "gender": "m",
        "user_geo_enabled": true,
        "username": "六一学士",
        "comments_count": 0,
        "t": 1487514585,
        "video_status_count": 0,
        "urank": 29,
        "user_ability": 2097152,
        "credit_score": 80
    },
    {
        "reposts_count": 0,
        "uid": 1707590904,
        "bi_followers_count": 35,
        "text": "是越南的",
        "user_description": "就像风筝断了线。",
        "user_avatar": "https://tva1.sinaimg.cn/crop.3.0.1118.1118.50/65c7c4f8jw8fd89388z76j20v90v2myj.jpg?KID=imgbed,tva&Expires=1584955826&ssig=qFd9mQcLzo",
        "id": "4076993047575486",
        "city": "1",
        "province": "51",
        "friends_count": 386,
        "user_location": "四川 成都",
        "mid": "4076993047575486",
        "verified_reason": "",
        "attitudes_count": 0,
        "followers_count": 389,
        "verified_type": -1,
        "statuses_count": 887,
        "parent": "4076983921017690",
        "verified": false,
        "geo": {
            "type": "Point",
            "coordinates": [
                39.90744,
                116.63214
            ]
        },
        "user_created_at": 1319676775,
        "favourites_count": 235,
        "screen_name": "叔叔叔叔_四叔",
        "gender": "m",
        "user_geo_enabled": true,
        "username": "叔叔叔叔_四叔",
        "comments_count": 0,
        "t": 1487514352,
        "video_status_count": 0,
        "urank": 32,
        "user_ability": 35913728,
        "credit_score": 80
    },
    {
        "reposts_count": 0,
        "uid": 5388270012,
        "bi_followers_count": 25,
        "text": "回复@森荣野山参:你怎么知道是假的？我都看到视频了，只是不知道是哪儿发生的？",
        "user_description": "",
        "user_avatar": "https://tvax4.sinaimg.cn/crop.0.0.1080.1080.50/005SEDaQly8g77l9xsun8j30u00u00zf.jpg?KID=imgbed,tva&Expires=1584955826&ssig=2ZBqzyPz6C",
        "id": "4076992863663626",
        "city": "83",
        "province": "50",
        "friends_count": 36,
        "user_location": "重庆 永川区",
        "mid": "4076992863663626",
        "verified_reason": "",
        "attitudes_count": 0,
        "followers_count": 35,
        "verified_type": -1,
        "statuses_count": 17,
        "parent": "4076983921017690",
        "verified": false,
        "geo": {
            "type": "Point",
            "coordinates": [
                39.90744,
                116.63214
            ]
        },
        "user_created_at": 1417059592,
        "favourites_count": 8,
        "screen_name": "hangbetter",
        "gender": "m",
        "user_geo_enabled": true,
        "username": "hangbetter",
        "comments_count": 0,
        "t": 1487514308,
        "video_status_count": 0,
        "urank": 14,
        "user_ability": 33555456,
        "credit_score": 80
    },
    {
        "reposts_count": 0,
        "uid": 1139321761,
        "bi_followers_count": 165,
        "text": "官方辟谣 http://t.cn/RJ1l6pc",
        "user_description": "过气网红过气美妆博主过气美食博主",
        "user_avatar": "https://tvax1.sinaimg.cn/crop.0.0.1125.1125.50/43e8aba1ly8fx2b7rka6hj20v90v9acs.jpg?KID=imgbed,tva&Expires=1584955826&ssig=j1BgQSKUM9",
        "id": "4076992611589514",
        "city": "1000",
        "province": "100",
        "friends_count": 978,
        "user_location": "其他",
        "mid": "4076992611589514",
        "verified_reason": "",
        "attitudes_count": 0,
        "followers_count": 6266,
        "verified_type": 220,
        "statuses_count": 6393,
        "parent": "4076983921017690",
        "verified": false,
        "geo": {
            "type": "Point",
            "coordinates": [
                39.90744,
                116.63214
            ]
        },
        "user_created_at": 1281368994,
        "favourites_count": 655,
        "screen_name": "恐龙团子喵",
        "gender": "f",
        "user_geo_enabled": true,
        "username": "恐龙团子喵",
        "comments_count": 0,
        "t": 1487514248,
        "video_status_count": 0,
        "urank": 34,
        "user_ability": 4,
        "credit_score": 80
    },
    {
        "reposts_count": 0,
        "uid": 3179826400,
        "bi_followers_count": 15,
        "text": "我也看到了 朋友圈里 微博居然就你一个发消息 说的是雅安啊",
        "user_description": "没有输出。",
        "user_avatar": "https://tvax4.sinaimg.cn/crop.0.0.664.664.50/bd884ce0ly8firq0idc5aj20ig0iggm4.jpg?KID=imgbed,tva&Expires=1584955826&ssig=JpEQsudCGm",
        "id": "4076992524049032",
        "city": "1000",
        "province": "100",
        "friends_count": 94,
        "user_location": "其他",
        "mid": "4076992524049032",
        "verified_reason": "",
        "attitudes_count": 0,
        "followers_count": 165,
        "verified_type": -1,
        "statuses_count": 916,
        "parent": "4076983921017690",
        "verified": false,
        "geo": {
            "type": "Point",
            "coordinates": [
                39.90744,
                116.63214
            ]
        },
        "user_created_at": 1359993766,
        "favourites_count": 9,
        "screen_name": "希望树活着-",
        "gender": "m",
        "user_geo_enabled": true,
        "username": "希望树活着-",
        "comments_count": 0,
        "t": 1487514227,
        "video_status_count": 0,
        "urank": 9,
        "user_ability": 2098176,
        "credit_score": 80
    },
    {
        "reposts_count": 0,
        "uid": 2416650225,
        "bi_followers_count": 55,
        "text": "为什么都搜不到",
        "user_description": "勤锻炼 多读书❤️",
        "user_avatar": "https://tvax1.sinaimg.cn/crop.0.0.512.512.50/900b27f1ly8g8uzhwtly1j20e80e8q4p.jpg?KID=imgbed,tva&Expires=1584955826&ssig=ypCTy6S11q",
        "id": "4076992389388701",
        "city": "1000",
        "province": "33",
        "friends_count": 306,
        "user_location": "浙江",
        "mid": "4076992389388701",
        "verified_reason": "",
        "attitudes_count": 0,
        "followers_count": 907,
        "verified_type": 220,
        "statuses_count": 1298,
        "parent": "4076983921017690",
        "verified": false,
        "geo": {
            "type": "Point",
            "coordinates": [
                39.90744,
                116.63214
            ]
        },
        "user_created_at": 1318926607,
        "favourites_count": 414,
        "screen_name": "小仙女一定要努力呀",
        "gender": "f",
        "user_geo_enabled": true,
        "username": "小仙女一定要努力呀",
        "comments_count": 0,
        "t": 1487514195,
        "video_status_count": 0,
        "urank": 36,
        "user_ability": 2359296,
        "credit_score": 80
    },
    {
        "reposts_count": 0,
        "uid": 1509532640,
        "bi_followers_count": 70,
        "text": "是四川哪里的铁索桥啊",
        "user_description": " ",
        "user_avatar": "https://tva4.sinaimg.cn/crop.0.0.180.180.50/59f9a3e0jw1e8qgp5bmzyj2050050aa8.jpg?KID=imgbed,tva&Expires=1584955826&ssig=okxtlsHDQw",
        "id": "4076990329637422",
        "city": "2",
        "province": "33",
        "friends_count": 227,
        "user_location": "浙江 宁波",
        "mid": "4076990329637422",
        "verified_reason": "",
        "attitudes_count": 0,
        "followers_count": 297,
        "verified_type": -1,
        "statuses_count": 1473,
        "parent": "4076983921017690",
        "verified": false,
        "geo": {
            "type": "Point",
            "coordinates": [
                39.90744,
                116.63214
            ]
        },
        "user_created_at": 1289269020,
        "favourites_count": 45,
        "screen_name": "kiringgirl",
        "gender": "f",
        "user_geo_enabled": true,
        "username": "kiringgirl",
        "comments_count": 0,
        "t": 1487513704,
        "video_status_count": 0,
        "urank": 24,
        "user_ability": 33554432,
        "credit_score": 80
    },
    {
        "reposts_count": 0,
        "uid": 3853722683,
        "bi_followers_count": 2,
        "text": "回复@半盏嫣红51:已经被和谐了",
        "user_description": "我只会玩命",
        "user_avatar": "https://tva1.sinaimg.cn/crop.0.0.664.664.50/e5b3243bjw8f0f2u3smi6j20ig0igdgc.jpg?KID=imgbed,tva&Expires=1584955826&ssig=zQ%2Bf9UitpW",
        "id": "4076986681074055",
        "city": "1000",
        "province": "13",
        "friends_count": 377,
        "user_location": "河北",
        "mid": "4076986681074055",
        "verified_reason": "",
        "attitudes_count": 0,
        "followers_count": 87,
        "verified_type": -1,
        "statuses_count": 321,
        "parent": "4076983921017690",
        "verified": false,
        "geo": {
            "type": "Point",
            "coordinates": [
                39.90744,
                116.63214
            ]
        },
        "user_created_at": 1381808484,
        "favourites_count": 2,
        "screen_name": "GodLike726",
        "gender": "m",
        "user_geo_enabled": true,
        "username": "GodLike726",
        "comments_count": 0,
        "t": 1487512834,
        "video_status_count": 0,
        "urank": 14,
        "user_ability": 2097152,
        "credit_score": 80
    },
    {
        "reposts_count": 0,
        "uid": 1866515534,
        "bi_followers_count": 34,
        "text": "这种事情也能和谐吗？",
        "user_description": "",
        "user_avatar": "https://tva4.sinaimg.cn/crop.0.0.750.750.50/6f40c44ejw8f72dkc8v6jj20ku0ku0vc.jpg?KID=imgbed,tva&Expires=1584955826&ssig=BJ5ZvuaVt%2B",
        "id": "4076986491726833",
        "city": "7",
        "province": "33",
        "friends_count": 232,
        "user_location": "浙江 金华",
        "mid": "4076986491726833",
        "verified_reason": "",
        "attitudes_count": 0,
        "followers_count": 129,
        "verified_type": -1,
        "statuses_count": 150,
        "parent": "4076983921017690",
        "verified": false,
        "geo": {
            "type": "Point",
            "coordinates": [
                39.90744,
                116.63214
            ]
        },
        "user_created_at": 1319606285,
        "favourites_count": 3,
        "screen_name": "半盏嫣红51",
        "gender": "f",
        "user_geo_enabled": true,
        "username": "半盏嫣红51",
        "comments_count": 0,
        "t": 1487512790,
        "video_status_count": 0,
        "urank": 14,
        "user_ability": 3145728,
        "credit_score": 80
    },
    {
        "reposts_count": 0,
        "uid": 3853722683,
        "bi_followers_count": 2,
        "text": "回复@小啊锐锐锐:估计是",
        "user_description": "我只会玩命",
        "user_avatar": "https://tva1.sinaimg.cn/crop.0.0.664.664.50/e5b3243bjw8f0f2u3smi6j20ig0igdgc.jpg?KID=imgbed,tva&Expires=1584955826&ssig=zQ%2Bf9UitpW",
        "id": "4076985443184919",
        "city": "1000",
        "province": "13",
        "friends_count": 377,
        "user_location": "河北",
        "mid": "4076985443184919",
        "verified_reason": "",
        "attitudes_count": 0,
        "followers_count": 87,
        "verified_type": -1,
        "statuses_count": 321,
        "parent": "4076983921017690",
        "verified": false,
        "geo": {
            "type": "Point",
            "coordinates": [
                39.90744,
                116.63214
            ]
        },
        "user_created_at": 1381808484,
        "favourites_count": 2,
        "screen_name": "GodLike726",
        "gender": "m",
        "user_geo_enabled": true,
        "username": "GodLike726",
        "comments_count": 0,
        "t": 1487512539,
        "video_status_count": 0,
        "urank": 14,
        "user_ability": 2097152,
        "credit_score": 80
    },
    {
        "reposts_count": 0,
        "uid": 5360712094,
        "bi_followers_count": 4,
        "text": "是不是被屏蔽了",
        "user_description": "",
        "user_avatar": "https://tvax1.sinaimg.cn/crop.0.0.996.996.50/005QN06ily8fff9p52oczj30ro0ro76j.jpg?KID=imgbed,tva&Expires=1584955826&ssig=5HYpsBw7y6",
        "id": "4076985317377620",
        "city": "1000",
        "province": "100",
        "friends_count": 39,
        "user_location": "其他",
        "mid": "4076985317377620",
        "verified_reason": "",
        "attitudes_count": 0,
        "followers_count": 43,
        "verified_type": -1,
        "statuses_count": 68,
        "parent": "4076983921017690",
        "verified": false,
        "geo": {
            "type": "Point",
            "coordinates": [
                39.90744,
                116.63214
            ]
        },
        "user_created_at": 1417498651,
        "favourites_count": 3,
        "screen_name": "小啊锐锐锐",
        "gender": "m",
        "user_geo_enabled": true,
        "username": "小啊锐锐锐",
        "comments_count": 0,
        "t": 1487512509,
        "video_status_count": 0,
        "urank": 8,
        "user_ability": 0,
        "credit_score": 80
    },
    {
        "reposts_count": 0,
        "uid": 1838848720,
        "bi_followers_count": 78,
        "text": "不知道真假，我的朋友圈里有人在发视频，那河里的水都红了。。。",
        "user_description": "Make up for ever!!",
        "user_avatar": "https://tva3.sinaimg.cn/crop.6.68.423.423.50/6d9a9ad0gw1e6pp3xu85zj20by0dwdhm.jpg?KID=imgbed,tva&Expires=1584955826&ssig=UtMJ%2B%2F8WSB",
        "id": "4076984956505223",
        "city": "1000",
        "province": "33",
        "friends_count": 1343,
        "user_location": "浙江",
        "mid": "4076984956505223",
        "verified_reason": "",
        "attitudes_count": 0,
        "followers_count": 1489,
        "verified_type": 220,
        "statuses_count": 20870,
        "parent": "4076983921017690",
        "verified": false,
        "geo": {
            "type": "Point",
            "coordinates": [
                39.90744,
                116.63214
            ]
        },
        "user_created_at": 1289205986,
        "favourites_count": 2295,
        "screen_name": "落花香满头",
        "gender": "f",
        "user_geo_enabled": false,
        "username": "落花香满头",
        "comments_count": 0,
        "t": 1487512423,
        "video_status_count": 0,
        "urank": 37,
        "user_ability": 2097152,
        "credit_score": 80
    },
    {
        "reposts_count": 0,
        "uid": 5678801682,
        "bi_followers_count": 5,
        "text": "怎么看不了啊",
        "user_description": "",
        "user_avatar": "https://tvax1.sinaimg.cn/crop.0.0.1242.1242.50/006cjFJwly8fpc7kmsdhej30yi0yiju5.jpg?KID=imgbed,tva&Expires=1584955826&ssig=CBjNijkj0B",
        "id": "4076984722673302",
        "city": "7",
        "province": "51",
        "friends_count": 350,
        "user_location": "四川 绵阳",
        "mid": "4076984722673302",
        "verified_reason": "",
        "attitudes_count": 0,
        "followers_count": 54,
        "verified_type": -1,
        "statuses_count": 117,
        "parent": "4076983921017690",
        "verified": false,
        "geo": {
            "type": "Point",
            "coordinates": [
                39.90744,
                116.63214
            ]
        },
        "user_created_at": 1439792156,
        "favourites_count": 0,
        "screen_name": "释迦有点甜",
        "gender": "f",
        "user_geo_enabled": true,
        "username": "释迦有点甜",
        "comments_count": 0,
        "t": 1487512367,
        "video_status_count": 0,
        "urank": 9,
        "user_ability": 2098176,
        "credit_score": 80
    }
]