[
    {
        "reposts_count": 0,
        "uid": 5198108902,
        "bi_followers_count": 10,
        "text": "安徽省蚌埠市第一医院：昨天凌晨二点二十三分，三名男女生感染sk5病毒死亡，最大的32岁，最小的5岁，参与抢救的医生已被隔离，中央1台电视新闻己播岀，暂时别吃鸡。鸭，魚，凉皮，冷面类，酸菜，特别是草魚，酸菜魚，水煮魚，目前大连有3167个已感染。收到马上发给你关心的人，最好是群发。为了您的健...全文： http://m.weibo.cn/5198108902/4076577295884629 ​",
        "user_description": "如果不幸福，如果不快乐，那就放手吧；如果舍不得，如果放不下，那就痛苦吧。现在才知道，不了解一个人，还可以爱他；现在才了解，不爱一个人，",
        "user_avatar": "https://tvax4.sinaimg.cn/crop.0.0.512.512.50/005FMJAaly8gb2p8fnecrj30e80e8aao.jpg?KID=imgbed,tva&Expires=1584955849&ssig=NSGlXwI5fg",
        "id": "4076577295884629",
        "city": "1000",
        "province": "33",
        "friends_count": 623,
        "user_location": "浙江",
        "mid": "4076577295884629",
        "verified_reason": "",
        "attitudes_count": 1,
        "followers_count": 113,
        "verified_type": -1,
        "statuses_count": 973,
        "parent": null,
        "verified": false,
        "geo": null,
        "user_created_at": 1404032203,
        "favourites_count": 5,
        "screen_name": "美妙的一分钟",
        "gender": "f",
        "user_geo_enabled": true,
        "username": "美妙的一分钟",
        "comments_count": 10,
        "t": 1487415229,
        "video_status_count": 0,
        "urank": 14,
        "user_ability": 2098176,
        "credit_score": 80
    },
    {
        "reposts_count": 0,
        "uid": 5198108902,
        "bi_followers_count": 10,
        "text": "回复@梅花等雪199:[怒][怒]",
        "user_description": "如果不幸福，如果不快乐，那就放手吧；如果舍不得，如果放不下，那就痛苦吧。现在才知道，不了解一个人，还可以爱他；现在才了解，不爱一个人，",
        "user_avatar": "https://tvax4.sinaimg.cn/crop.0.0.512.512.50/005FMJAaly8gb2p8fnecrj30e80e8aao.jpg?KID=imgbed,tva&Expires=1584955849&ssig=NSGlXwI5fg",
        "id": "4076640885432450",
        "city": "1000",
        "province": "33",
        "friends_count": 623,
        "user_location": "浙江",
        "mid": "4076640885432450",
        "verified_reason": "",
        "attitudes_count": 0,
        "followers_count": 112,
        "verified_type": -1,
        "statuses_count": 973,
        "parent": "4076577295884629",
        "verified": false,
        "geo": null,
        "user_created_at": 1404032203,
        "favourites_count": 5,
        "screen_name": "美妙的一分钟",
        "gender": "f",
        "user_geo_enabled": true,
        "username": "美妙的一分钟",
        "comments_count": 0,
        "t": 1487430390,
        "video_status_count": 0,
        "urank": 14,
        "user_ability": 2098176,
        "credit_score": 80
    },
    {
        "reposts_count": 0,
        "uid": 5517820622,
        "bi_followers_count": 0,
        "text": "别误导人",
        "user_description": "",
        "user_avatar": "https://tva2.sinaimg.cn/crop.0.0.80.80.50/0061qdcOjw8ep6vd9k23oj3028028q2p.jpg?KID=imgbed,tva&Expires=1584955849&ssig=4m1bNYwRYS",
        "id": "4076637458954376",
        "city": "1000",
        "province": "37",
        "friends_count": 233,
        "user_location": "山东",
        "mid": "4076637458954376",
        "verified_reason": "",
        "attitudes_count": 0,
        "followers_count": 10,
        "verified_type": -1,
        "statuses_count": 116,
        "parent": "4076577295884629",
        "verified": false,
        "geo": null,
        "user_created_at": 1423745696,
        "favourites_count": 0,
        "screen_name": "梅花等雪199",
        "gender": "m",
        "user_geo_enabled": true,
        "username": "梅花等雪199",
        "comments_count": 0,
        "t": 1487429573,
        "video_status_count": 0,
        "urank": 4,
        "user_ability": 0,
        "credit_score": 80
    },
    {
        "reposts_count": 0,
        "uid": 1806299165,
        "bi_followers_count": 1761,
        "text": "已举报",
        "user_description": "欢迎所有朋友都详细记录下自己每一次的败家小酌与疯狂嗨皮，同玩同乐，与大家共同分享自己的玩乐心得。QQ群：118146557",
        "user_avatar": "https://tva2.sinaimg.cn/crop.0.0.512.512.50/6ba9f01djw8f5692tleb8j20e80e8aam.jpg?KID=imgbed,tva&Expires=1584955849&ssig=DFf1ShiPuq",
        "id": "4076588398792608",
        "city": "3",
        "province": "34",
        "friends_count": 3013,
        "user_location": "安徽 蚌埠",
        "mid": "4076588398792608",
        "verified_reason": "微博蚌埠同城大使",
        "attitudes_count": 0,
        "followers_count": 213096,
        "verified_type": 0,
        "statuses_count": 10334,
        "parent": "4076577295884629",
        "verified": true,
        "geo": null,
        "user_created_at": 1283218660,
        "favourites_count": 393,
        "screen_name": "人人爱蚌埠",
        "gender": "m",
        "user_geo_enabled": true,
        "username": "人人爱蚌埠",
        "comments_count": 0,
        "t": 1487417876,
        "video_status_count": 0,
        "urank": 48,
        "user_ability": 11800078,
        "credit_score": 80
    },
    {
        "reposts_count": 0,
        "uid": 5198108902,
        "bi_followers_count": 10,
        "text": "回复@早早早早早霜:[怒]",
        "user_description": "如果不幸福，如果不快乐，那就放手吧；如果舍不得，如果放不下，那就痛苦吧。现在才知道，不了解一个人，还可以爱他；现在才了解，不爱一个人，",
        "user_avatar": "https://tvax4.sinaimg.cn/crop.0.0.512.512.50/005FMJAaly8gb2p8fnecrj30e80e8aao.jpg?KID=imgbed,tva&Expires=1584955849&ssig=NSGlXwI5fg",
        "id": "4076586498492437",
        "city": "1000",
        "province": "33",
        "friends_count": 623,
        "user_location": "浙江",
        "mid": "4076586498492437",
        "verified_reason": "",
        "attitudes_count": 0,
        "followers_count": 112,
        "verified_type": -1,
        "statuses_count": 973,
        "parent": "4076577295884629",
        "verified": false,
        "geo": null,
        "user_created_at": 1404032203,
        "favourites_count": 5,
        "screen_name": "美妙的一分钟",
        "gender": "f",
        "user_geo_enabled": true,
        "username": "美妙的一分钟",
        "comments_count": 0,
        "t": 1487417423,
        "video_status_count": 0,
        "urank": 14,
        "user_ability": 2098176,
        "credit_score": 80
    },
    {
        "reposts_count": 0,
        "uid": 3179029111,
        "bi_followers_count": 14,
        "text": "你自己百度sk5，除了城市名字变了，还有别的区别吗？",
        "user_description": "？？？",
        "user_avatar": "https://tvax2.sinaimg.cn/crop.0.0.360.360.50/bd7c2277ly8gd1eebkujej20a00a0q68.jpg?KID=imgbed,tva&Expires=1584955849&ssig=6gfT5xmkS6",
        "id": "4076585650352047",
        "city": "2",
        "province": "32",
        "friends_count": 114,
        "user_location": "江苏 无锡",
        "mid": "4076585650352047",
        "verified_reason": "",
        "attitudes_count": 0,
        "followers_count": 55,
        "verified_type": -1,
        "statuses_count": 166,
        "parent": "4076577295884629",
        "verified": false,
        "geo": null,
        "user_created_at": 1355018577,
        "favourites_count": 5,
        "screen_name": "早早早早早霜",
        "gender": "m",
        "user_geo_enabled": true,
        "username": "早早早早早霜",
        "comments_count": 0,
        "t": 1487417221,
        "video_status_count": 0,
        "urank": 14,
        "user_ability": 33555456,
        "credit_score": 80
    },
    {
        "reposts_count": 0,
        "uid": 5198108902,
        "bi_followers_count": 10,
        "text": "回复@人人爱蚌埠:不是假的确实是真的",
        "user_description": "如果不幸福，如果不快乐，那就放手吧；如果舍不得，如果放不下，那就痛苦吧。现在才知道，不了解一个人，还可以爱他；现在才了解，不爱一个人，",
        "user_avatar": "https://tvax4.sinaimg.cn/crop.0.0.512.512.50/005FMJAaly8gb2p8fnecrj30e80e8aao.jpg?KID=imgbed,tva&Expires=1584955849&ssig=NSGlXwI5fg",
        "id": "4076584513955092",
        "city": "1000",
        "province": "33",
        "friends_count": 623,
        "user_location": "浙江",
        "mid": "4076584513955092",
        "verified_reason": "",
        "attitudes_count": 0,
        "followers_count": 112,
        "verified_type": -1,
        "statuses_count": 973,
        "parent": "4076577295884629",
        "verified": false,
        "geo": null,
        "user_created_at": 1404032203,
        "favourites_count": 5,
        "screen_name": "美妙的一分钟",
        "gender": "f",
        "user_geo_enabled": true,
        "username": "美妙的一分钟",
        "comments_count": 0,
        "t": 1487416950,
        "video_status_count": 0,
        "urank": 14,
        "user_ability": 2098176,
        "credit_score": 80
    },
    {
        "reposts_count": 0,
        "uid": 1806299165,
        "bi_followers_count": 1761,
        "text": "回复@美妙的一分钟:谣言",
        "user_description": "欢迎所有朋友都详细记录下自己每一次的败家小酌与疯狂嗨皮，同玩同乐，与大家共同分享自己的玩乐心得。QQ群：118146557",
        "user_avatar": "https://tva2.sinaimg.cn/crop.0.0.512.512.50/6ba9f01djw8f5692tleb8j20e80e8aam.jpg?KID=imgbed,tva&Expires=1584955849&ssig=DFf1ShiPuq",
        "id": "4076580914868992",
        "city": "3",
        "province": "34",
        "friends_count": 3013,
        "user_location": "安徽 蚌埠",
        "mid": "4076580914868992",
        "verified_reason": "微博蚌埠同城大使",
        "attitudes_count": 0,
        "followers_count": 213096,
        "verified_type": 0,
        "statuses_count": 10334,
        "parent": "4076577295884629",
        "verified": true,
        "geo": null,
        "user_created_at": 1283218660,
        "favourites_count": 393,
        "screen_name": "人人爱蚌埠",
        "gender": "m",
        "user_geo_enabled": true,
        "username": "人人爱蚌埠",
        "comments_count": 0,
        "t": 1487416093,
        "video_status_count": 0,
        "urank": 48,
        "user_ability": 11800078,
        "credit_score": 80
    },
    {
        "reposts_count": 0,
        "uid": 5198108902,
        "bi_followers_count": 10,
        "text": "回复@人人爱蚌埠:是真的",
        "user_description": "如果不幸福，如果不快乐，那就放手吧；如果舍不得，如果放不下，那就痛苦吧。现在才知道，不了解一个人，还可以爱他；现在才了解，不爱一个人，",
        "user_avatar": "https://tvax4.sinaimg.cn/crop.0.0.512.512.50/005FMJAaly8gb2p8fnecrj30e80e8aao.jpg?KID=imgbed,tva&Expires=1584955849&ssig=NSGlXwI5fg",
        "id": "4076579695001680",
        "city": "1000",
        "province": "33",
        "friends_count": 623,
        "user_location": "浙江",
        "mid": "4076579695001680",
        "verified_reason": "",
        "attitudes_count": 0,
        "followers_count": 112,
        "verified_type": -1,
        "statuses_count": 973,
        "parent": "4076577295884629",
        "verified": false,
        "geo": null,
        "user_created_at": 1404032203,
        "favourites_count": 5,
        "screen_name": "美妙的一分钟",
        "gender": "f",
        "user_geo_enabled": true,
        "username": "美妙的一分钟",
        "comments_count": 0,
        "t": 1487415800,
        "video_status_count": 0,
        "urank": 14,
        "user_ability": 2098176,
        "credit_score": 80
    },
    {
        "reposts_count": 0,
        "uid": 1806299165,
        "bi_followers_count": 1761,
        "text": "假的",
        "user_description": "欢迎所有朋友都详细记录下自己每一次的败家小酌与疯狂嗨皮，同玩同乐，与大家共同分享自己的玩乐心得。QQ群：118146557",
        "user_avatar": "https://tva2.sinaimg.cn/crop.0.0.512.512.50/6ba9f01djw8f5692tleb8j20e80e8aam.jpg?KID=imgbed,tva&Expires=1584955849&ssig=DFf1ShiPuq",
        "id": "4076579414474196",
        "city": "3",
        "province": "34",
        "friends_count": 3013,
        "user_location": "安徽 蚌埠",
        "mid": "4076579414474196",
        "verified_reason": "微博蚌埠同城大使",
        "attitudes_count": 0,
        "followers_count": 213096,
        "verified_type": 0,
        "statuses_count": 10334,
        "parent": "4076577295884629",
        "verified": true,
        "geo": null,
        "user_created_at": 1283218660,
        "favourites_count": 393,
        "screen_name": "人人爱蚌埠",
        "gender": "m",
        "user_geo_enabled": true,
        "username": "人人爱蚌埠",
        "comments_count": 0,
        "t": 1487415734,
        "video_status_count": 0,
        "urank": 48,
        "user_ability": 11800078,
        "credit_score": 80
    }
]