[
    {
        "reposts_count": 2,
        "uid": 5124509892,
        "bi_followers_count": 3,
        "text": "紫菜是塑料袋？以后你还敢吃吗?阿一波紫菜，回家都泡泡看看#紫菜是塑料# @聚美陈欧 @董新尧 @超级男神西红士 @蔡国庆 @奔波儿灞与灞波儿奔 @全球育儿大全 @幽默搞笑学堂 @王尼玛 @虫虫Chonny http://t.cn/RJEdc2d . ​",
        "user_description": "",
        "user_avatar": "https://tva3.sinaimg.cn/crop.0.0.1242.1242.50/005ANV7mjw8f8kyllidg0j30yi0yi77h.jpg?KID=imgbed,tva&Expires=1584955845&ssig=k9K92JqnTm",
        "id": "4076507322250523",
        "city": "1000",
        "province": "100",
        "friends_count": 191,
        "user_location": "其他",
        "mid": "4076507322250523",
        "verified_reason": "",
        "attitudes_count": 0,
        "followers_count": 33,
        "verified_type": -1,
        "statuses_count": 84,
        "parent": null,
        "verified": false,
        "geo": null,
        "user_created_at": 1409805582,
        "favourites_count": 1,
        "screen_name": "Alinbaby魏大迷糊",
        "gender": "f",
        "user_geo_enabled": true,
        "username": "Alinbaby魏大迷糊",
        "comments_count": 24,
        "t": 1487398546,
        "video_status_count": 0,
        "urank": 9,
        "user_ability": 0,
        "credit_score": 80
    },
    {
        "reposts_count": 0,
        "uid": 2286639065,
        "bi_followers_count": 101,
        "text": "都辟谣了还在瞎转发[摊手]",
        "user_description": "你们就是我的梦想。",
        "user_avatar": "https://tvax2.sinaimg.cn/crop.0.0.1002.1002.50/884b57d9ly8fnv0tflk61j20ru0rvmzl.jpg?KID=imgbed,tva&Expires=1584955845&ssig=e55AUGc95P",
        "id": "4078131852030526",
        "city": "13",
        "province": "31",
        "friends_count": 484,
        "user_location": "上海 宝山区",
        "mid": "4078131852030526",
        "verified_reason": "",
        "attitudes_count": 0,
        "followers_count": 351,
        "verified_type": -1,
        "statuses_count": 421,
        "parent": "4076507322250523",
        "verified": false,
        "geo": null,
        "user_created_at": 1313586207,
        "favourites_count": 4,
        "screen_name": "旅行的意义zxy",
        "gender": "m",
        "user_geo_enabled": true,
        "username": "旅行的意义zxy",
        "comments_count": 0,
        "t": 1487785864,
        "video_status_count": 0,
        "urank": 26,
        "user_ability": 2098176,
        "credit_score": 80
    },
    {
        "reposts_count": 0,
        "uid": 5737212239,
        "bi_followers_count": 58,
        "text": "仔细想一想，其实很多东西一听很可怕，然后就忘记思考了，就让我们转发的时候仔细想一想，不要造谣传谣[可爱]",
        "user_description": "从前我是瞎的，如今我看得见",
        "user_avatar": "https://tvax3.sinaimg.cn/crop.0.0.512.512.50/006ggKZhly8g8avlyj70jj30e80e874v.jpg?KID=imgbed,tva&Expires=1584955845&ssig=tYMhKGY2GG",
        "id": "4077915152739493",
        "city": "5",
        "province": "11",
        "friends_count": 477,
        "user_location": "北京 朝阳区",
        "mid": "4077915152739493",
        "verified_reason": "",
        "attitudes_count": 0,
        "followers_count": 383,
        "verified_type": -1,
        "statuses_count": 275,
        "parent": "4076507322250523",
        "verified": false,
        "geo": null,
        "user_created_at": 1445704477,
        "favourites_count": 23,
        "screen_name": "-异地恋男一号",
        "gender": "m",
        "user_geo_enabled": true,
        "username": "-异地恋男一号",
        "comments_count": 0,
        "t": 1487734199,
        "video_status_count": 0,
        "urank": 26,
        "user_ability": 2098176,
        "credit_score": 80
    },
    {
        "reposts_count": 0,
        "uid": 1806912700,
        "bi_followers_count": 45,
        "text": "回复@塞班大安东:这是不懂不让问吗？大家给提醒了这是造谣信息，这几天各种渠道辟谣的，还在这死皮赖脸说不懂不让问？要脸吗？有足够的渠道获取证据说明传播的信息是谣言还不处理，这不是坏吗？和谐？这个视频本来就是造谣，被标为不实信息怎么叫和谐？能分的清是非曲直吗您？",
        "user_description": "",
        "user_avatar": "https://tva1.sinaimg.cn/crop.0.0.180.180.50/6bb34cbcjw1e8qgp5bmzyj2050050aa8.jpg?KID=imgbed,tva&Expires=1584955845&ssig=nWFgtSmMeC",
        "id": "4077731089742842",
        "city": "12",
        "province": "11",
        "friends_count": 655,
        "user_location": "北京 通州区",
        "mid": "4077731089742842",
        "verified_reason": "",
        "attitudes_count": 0,
        "followers_count": 110,
        "verified_type": -1,
        "statuses_count": 1307,
        "parent": "4076507322250523",
        "verified": false,
        "geo": null,
        "user_created_at": 1283613600,
        "favourites_count": 247,
        "screen_name": "JJLuo86",
        "gender": "m",
        "user_geo_enabled": false,
        "username": "JJLuo86",
        "comments_count": 0,
        "t": 1487690316,
        "video_status_count": 0,
        "urank": 34,
        "user_ability": 3145728,
        "credit_score": 80
    },
    {
        "reposts_count": 0,
        "uid": 2178755832,
        "bi_followers_count": 53,
        "text": "足够截图存证了",
        "user_description": "处女天秤男。",
        "user_avatar": "https://tva3.sinaimg.cn/crop.0.0.180.180.50/81dd2cf8jw1e8qgp5bmzyj2050050aa8.jpg?KID=imgbed,tva&Expires=1584955845&ssig=wEC6dv72Jo",
        "id": "4077728602439188",
        "city": "5",
        "province": "35",
        "friends_count": 174,
        "user_location": "福建 泉州",
        "mid": "4077728602439188",
        "verified_reason": "",
        "attitudes_count": 0,
        "followers_count": 182,
        "verified_type": -1,
        "statuses_count": 146,
        "parent": "4076507322250523",
        "verified": false,
        "geo": null,
        "user_created_at": 1308293991,
        "favourites_count": 177,
        "screen_name": "牛先生SS",
        "gender": "m",
        "user_geo_enabled": true,
        "username": "牛先生SS",
        "comments_count": 0,
        "t": 1487689722,
        "video_status_count": 0,
        "urank": 25,
        "user_ability": 33554432,
        "credit_score": 80
    },
    {
        "reposts_count": 0,
        "uid": 1806912700,
        "bi_followers_count": 45,
        "text": "回复@Alinbaby魏大迷糊:你是爱干嘛干嘛，但你这造谣传谣是误导别人，危害社会。你想过这些谣言给背后的企业、企业背后的投资人工人、养紫菜的农民带来什么影响？你自己作自己没事，但是不能危害社会。",
        "user_description": "",
        "user_avatar": "https://tva1.sinaimg.cn/crop.0.0.180.180.50/6bb34cbcjw1e8qgp5bmzyj2050050aa8.jpg?KID=imgbed,tva&Expires=1584955845&ssig=nWFgtSmMeC",
        "id": "4077714123578627",
        "city": "12",
        "province": "11",
        "friends_count": 655,
        "user_location": "北京 通州区",
        "mid": "4077714123578627",
        "verified_reason": "",
        "attitudes_count": 0,
        "followers_count": 110,
        "verified_type": -1,
        "statuses_count": 1307,
        "parent": "4076507322250523",
        "verified": false,
        "geo": null,
        "user_created_at": 1283613600,
        "favourites_count": 247,
        "screen_name": "JJLuo86",
        "gender": "m",
        "user_geo_enabled": false,
        "username": "JJLuo86",
        "comments_count": 0,
        "t": 1487686270,
        "video_status_count": 0,
        "urank": 34,
        "user_ability": 3145728,
        "credit_score": 80
    },
    {
        "reposts_count": 0,
        "uid": 5181543969,
        "bi_followers_count": 59,
        "text": "回复@JJLuo86:说得好，我挺一个",
        "user_description": "You'll never walk alone",
        "user_avatar": "https://tvax3.sinaimg.cn/crop.0.0.512.512.50/005EFehPly8garf33wiixj30e80e874t.jpg?KID=imgbed,tva&Expires=1584955845&ssig=T2NFfQkx1W",
        "id": "4077710583904525",
        "city": "2",
        "province": "11",
        "friends_count": 703,
        "user_location": "北京 西城区",
        "mid": "4077710583904525",
        "verified_reason": "",
        "attitudes_count": 0,
        "followers_count": 409,
        "verified_type": -1,
        "statuses_count": 479,
        "parent": "4076507322250523",
        "verified": false,
        "geo": null,
        "user_created_at": 1402908360,
        "favourites_count": 576,
        "screen_name": "沧海很KOP",
        "gender": "m",
        "user_geo_enabled": true,
        "username": "沧海很KOP",
        "comments_count": 0,
        "t": 1487685426,
        "video_status_count": 0,
        "urank": 24,
        "user_ability": 2098176,
        "credit_score": 79
    },
    {
        "reposts_count": 0,
        "uid": 1806912700,
        "bi_followers_count": 45,
        "text": "回复@Alinbaby魏大迷糊:我又不是你爸管你干嘛？你这种造谣生事的交给法律去管。另外你这名字该改下，应该叫“脑子里都是浆糊”",
        "user_description": "",
        "user_avatar": "https://tva1.sinaimg.cn/crop.0.0.180.180.50/6bb34cbcjw1e8qgp5bmzyj2050050aa8.jpg?KID=imgbed,tva&Expires=1584955845&ssig=nWFgtSmMeC",
        "id": "4077181686528310",
        "city": "12",
        "province": "11",
        "friends_count": 655,
        "user_location": "北京 通州区",
        "mid": "4077181686528310",
        "verified_reason": "",
        "attitudes_count": 0,
        "followers_count": 110,
        "verified_type": -1,
        "statuses_count": 1307,
        "parent": "4076507322250523",
        "verified": false,
        "geo": null,
        "user_created_at": 1283613600,
        "favourites_count": 247,
        "screen_name": "JJLuo86",
        "gender": "m",
        "user_geo_enabled": false,
        "username": "JJLuo86",
        "comments_count": 0,
        "t": 1487559327,
        "video_status_count": 0,
        "urank": 34,
        "user_ability": 3145728,
        "credit_score": 80
    },
    {
        "reposts_count": 0,
        "uid": 5124509892,
        "bi_followers_count": 3,
        "text": "回复@心__扉:没看见哦",
        "user_description": "",
        "user_avatar": "https://tva3.sinaimg.cn/crop.0.0.1242.1242.50/005ANV7mjw8f8kyllidg0j30yi0yi77h.jpg?KID=imgbed,tva&Expires=1584955845&ssig=k9K92JqnTm",
        "id": "4077170261441412",
        "city": "1000",
        "province": "100",
        "friends_count": 191,
        "user_location": "其他",
        "mid": "4077170261441412",
        "verified_reason": "",
        "attitudes_count": 0,
        "followers_count": 32,
        "verified_type": -1,
        "statuses_count": 84,
        "parent": "4076507322250523",
        "verified": false,
        "geo": null,
        "user_created_at": 1409805582,
        "favourites_count": 1,
        "screen_name": "Alinbaby魏大迷糊",
        "gender": "f",
        "user_geo_enabled": true,
        "username": "Alinbaby魏大迷糊",
        "comments_count": 0,
        "t": 1487556603,
        "video_status_count": 0,
        "urank": 9,
        "user_ability": 0,
        "credit_score": 80
    },
    {
        "reposts_count": 0,
        "uid": 1860848924,
        "bi_followers_count": 48,
        "text": "这个大妈造假的视频不是一般的多。",
        "user_description": "哈哈哈哈哈哈",
        "user_avatar": "https://tvax4.sinaimg.cn/crop.0.0.1328.1328.50/6eea4d1cly8fgz0l6rc97j210w10wdip.jpg?KID=imgbed,tva&Expires=1584955845&ssig=0mc5MUf4yH",
        "id": "4077141651670869",
        "city": "11",
        "province": "33",
        "friends_count": 545,
        "user_location": "浙江 丽水",
        "mid": "4077141651670869",
        "verified_reason": "",
        "attitudes_count": 0,
        "followers_count": 297,
        "verified_type": -1,
        "statuses_count": 899,
        "parent": "4076507322250523",
        "verified": false,
        "geo": null,
        "user_created_at": 1287832805,
        "favourites_count": 3,
        "screen_name": "大布丁poss-",
        "gender": "m",
        "user_geo_enabled": true,
        "username": "大布丁poss-",
        "comments_count": 0,
        "t": 1487549781,
        "video_status_count": 0,
        "urank": 28,
        "user_ability": 262144,
        "credit_score": 80
    },
    {
        "reposts_count": 0,
        "uid": 2178755832,
        "bi_followers_count": 53,
        "text": "请拿紫菜和塑料膜做燃烧实验对比，或将紫菜拿到有关质监部门检测，如有塑料成分或塑化剂，本人愿意承担一切法律责任。阿一波等紫菜厂家均已发表声明并已报警严惩造谣者，请勿传播网络谣言，谢谢！",
        "user_description": "处女天秤男。",
        "user_avatar": "https://tva3.sinaimg.cn/crop.0.0.180.180.50/81dd2cf8jw1e8qgp5bmzyj2050050aa8.jpg?KID=imgbed,tva&Expires=1584955845&ssig=wEC6dv72Jo",
        "id": "4077031362503143",
        "city": "5",
        "province": "35",
        "friends_count": 174,
        "user_location": "福建 泉州",
        "mid": "4077031362503143",
        "verified_reason": "",
        "attitudes_count": 0,
        "followers_count": 182,
        "verified_type": -1,
        "statuses_count": 146,
        "parent": "4076507322250523",
        "verified": false,
        "geo": null,
        "user_created_at": 1308293991,
        "favourites_count": 177,
        "screen_name": "牛先生SS",
        "gender": "m",
        "user_geo_enabled": true,
        "username": "牛先生SS",
        "comments_count": 0,
        "t": 1487523487,
        "video_status_count": 0,
        "urank": 25,
        "user_ability": 33554432,
        "credit_score": 80
    },
    {
        "reposts_count": 0,
        "uid": 5958341862,
        "bi_followers_count": 0,
        "text": "回复@迷糊楠楠MM:垃圾",
        "user_description": "",
        "user_avatar": "https://tvax4.sinaimg.cn/crop.0.0.664.664.50/006veAU6ly8fgo6um25ypj30ig0igq4i.jpg?KID=imgbed,tva&Expires=1584955845&ssig=kNOUYO%2Fw0z",
        "id": "4077009845417968",
        "city": "1000",
        "province": "51",
        "friends_count": 57,
        "user_location": "四川",
        "mid": "4077009845417968",
        "verified_reason": "",
        "attitudes_count": 0,
        "followers_count": 25,
        "verified_type": -1,
        "statuses_count": 3,
        "parent": "4076507322250523",
        "verified": false,
        "geo": null,
        "user_created_at": 1466040258,
        "favourites_count": 63,
        "screen_name": "撩妹狂魔王",
        "gender": "f",
        "user_geo_enabled": true,
        "username": "撩妹狂魔王",
        "comments_count": 0,
        "t": 1487518357,
        "video_status_count": 0,
        "urank": 9,
        "user_ability": 1024,
        "credit_score": 80
    },
    {
        "reposts_count": 0,
        "uid": 2352192765,
        "bi_followers_count": 4,
        "text": "谣言一个！人民日报都辟谣了！请不要相信",
        "user_description": "快乐的人！",
        "user_avatar": "https://tva3.sinaimg.cn/crop.14.0.722.722.50/8c339cfdjw8fcxe4xqwjkj20ku0k2q48.jpg?KID=imgbed,tva&Expires=1584955845&ssig=cIjIERbhRu",
        "id": "4077007170329171",
        "city": "1",
        "province": "42",
        "friends_count": 42,
        "user_location": "湖北 武汉",
        "mid": "4077007170329171",
        "verified_reason": "",
        "attitudes_count": 0,
        "followers_count": 27,
        "verified_type": -1,
        "statuses_count": 47,
        "parent": "4076507322250523",
        "verified": false,
        "geo": null,
        "user_created_at": 1330326132,
        "favourites_count": 8,
        "screen_name": "心__扉",
        "gender": "m",
        "user_geo_enabled": true,
        "username": "心__扉",
        "comments_count": 0,
        "t": 1487517719,
        "video_status_count": 0,
        "urank": 4,
        "user_ability": 0,
        "credit_score": 80
    },
    {
        "reposts_count": 0,
        "uid": 5979986587,
        "bi_followers_count": 0,
        "text": "总有一些人惟恐天下不乱",
        "user_description": "",
        "user_avatar": "https://tva2.sinaimg.cn/crop.0.0.40.40.50/006wHpGzjw8f5rl1shbbgj3014014741.jpg?KID=imgbed,tva&Expires=1584955845&ssig=PUxJfYo0iZ",
        "id": "4077005937417650",
        "city": "1000",
        "province": "100",
        "friends_count": 2,
        "user_location": "其他",
        "mid": "4077005937417650",
        "verified_reason": "",
        "attitudes_count": 0,
        "followers_count": 27,
        "verified_type": -1,
        "statuses_count": 3,
        "parent": "4076507322250523",
        "verified": false,
        "geo": null,
        "user_created_at": 1468340439,
        "favourites_count": 0,
        "screen_name": "猜猜拳05473",
        "gender": "m",
        "user_geo_enabled": true,
        "username": "猜猜拳05473",
        "comments_count": 0,
        "t": 1487517425,
        "video_status_count": 0,
        "urank": 4,
        "user_ability": 0,
        "credit_score": 80
    },
    {
        "reposts_count": 0,
        "uid": 5726872880,
        "bi_followers_count": 2,
        "text": "谣言止于智者",
        "user_description": "整天傻呼呼乐呵呵的",
        "user_avatar": "https://tva1.sinaimg.cn/crop.0.0.480.480.50/006fznfqjw8ex1w70n12tj30dc0dcaak.jpg?KID=imgbed,tva&Expires=1584955845&ssig=%2BsHhJR8UaZ",
        "id": "4076851808431621",
        "city": "2",
        "province": "35",
        "friends_count": 286,
        "user_location": "福建 厦门",
        "mid": "4076851808431621",
        "verified_reason": "",
        "attitudes_count": 0,
        "followers_count": 56,
        "verified_type": -1,
        "statuses_count": 387,
        "parent": "4076507322250523",
        "verified": false,
        "geo": null,
        "user_created_at": 1444888529,
        "favourites_count": 2,
        "screen_name": "迷糊楠楠MM",
        "gender": "f",
        "user_geo_enabled": true,
        "username": "迷糊楠楠MM",
        "comments_count": 0,
        "t": 1487480679,
        "video_status_count": 0,
        "urank": 9,
        "user_ability": 35652608,
        "credit_score": 80
    },
    {
        "reposts_count": 0,
        "uid": 5124509892,
        "bi_followers_count": 3,
        "text": "回复@李德怀123:谢谢哦。这个很好",
        "user_description": "",
        "user_avatar": "https://tva3.sinaimg.cn/crop.0.0.1242.1242.50/005ANV7mjw8f8kyllidg0j30yi0yi77h.jpg?KID=imgbed,tva&Expires=1584955845&ssig=k9K92JqnTm",
        "id": "4076828680861254",
        "city": "1000",
        "province": "100",
        "friends_count": 191,
        "user_location": "其他",
        "mid": "4076828680861254",
        "verified_reason": "",
        "attitudes_count": 0,
        "followers_count": 32,
        "verified_type": -1,
        "statuses_count": 84,
        "parent": "4076507322250523",
        "verified": false,
        "geo": null,
        "user_created_at": 1409805582,
        "favourites_count": 1,
        "screen_name": "Alinbaby魏大迷糊",
        "gender": "f",
        "user_geo_enabled": true,
        "username": "Alinbaby魏大迷糊",
        "comments_count": 0,
        "t": 1487475164,
        "video_status_count": 0,
        "urank": 9,
        "user_ability": 0,
        "credit_score": 80
    },
    {
        "reposts_count": 0,
        "uid": 1980717255,
        "bi_followers_count": 93,
        "text": "美女！自己做个实验，塑料袋和紫菜燃烧是不同的！",
        "user_description": "",
        "user_avatar": "https://tva4.sinaimg.cn/crop.0.0.640.640.50/760f58c7jw8edgkuq451cj20hs0hsmy6.jpg?KID=imgbed,tva&Expires=1584955845&ssig=kT4yEQ3CEr",
        "id": "4076809991389763",
        "city": "5",
        "province": "35",
        "friends_count": 250,
        "user_location": "福建 泉州",
        "mid": "4076809991389763",
        "verified_reason": "",
        "attitudes_count": 0,
        "followers_count": 172,
        "verified_type": -1,
        "statuses_count": 293,
        "parent": "4076507322250523",
        "verified": false,
        "geo": null,
        "user_created_at": 1298246955,
        "favourites_count": 2,
        "screen_name": "李德怀123",
        "gender": "m",
        "user_geo_enabled": true,
        "username": "李德怀123",
        "comments_count": 0,
        "t": 1487470708,
        "video_status_count": 0,
        "urank": 15,
        "user_ability": 1024,
        "credit_score": 80
    },
    {
        "reposts_count": 0,
        "uid": 1806912700,
        "bi_followers_count": 45,
        "text": "造谣传谣，判刑坐牢。@公安部打四黑除四害",
        "user_description": "",
        "user_avatar": "https://tva1.sinaimg.cn/crop.0.0.180.180.50/6bb34cbcjw1e8qgp5bmzyj2050050aa8.jpg?KID=imgbed,tva&Expires=1584955845&ssig=nWFgtSmMeC",
        "id": "4076789548620645",
        "city": "12",
        "province": "11",
        "friends_count": 655,
        "user_location": "北京 通州区",
        "mid": "4076789548620645",
        "verified_reason": "",
        "attitudes_count": 0,
        "followers_count": 110,
        "verified_type": -1,
        "statuses_count": 1307,
        "parent": "4076507322250523",
        "verified": false,
        "geo": null,
        "user_created_at": 1283613600,
        "favourites_count": 247,
        "screen_name": "JJLuo86",
        "gender": "m",
        "user_geo_enabled": false,
        "username": "JJLuo86",
        "comments_count": 0,
        "t": 1487465834,
        "video_status_count": 0,
        "urank": 34,
        "user_ability": 3145728,
        "credit_score": 80
    },
    {
        "reposts_count": 0,
        "uid": 2565221802,
        "bi_followers_count": 3,
        "text": "这不就是五水紫菜么？顺带一说，自带颜色的塑料袋价格好贵的，而且水是泡不开塑料袋的[doge]",
        "user_description": "",
        "user_avatar": "https://tva1.sinaimg.cn/crop.0.0.748.748.50/98e62daajw8ef8dkeo5jzj20ks0ksmzd.jpg?KID=imgbed,tva&Expires=1584955845&ssig=%2FWvdFIRBdE",
        "id": "4076549429473590",
        "city": "10",
        "province": "31",
        "friends_count": 197,
        "user_location": "上海 杨浦区",
        "mid": "4076549429473590",
        "verified_reason": "",
        "attitudes_count": 0,
        "followers_count": 57,
        "verified_type": -1,
        "statuses_count": 94,
        "parent": "4076507322250523",
        "verified": false,
        "geo": null,
        "user_created_at": 1322367448,
        "favourites_count": 639,
        "screen_name": "dingdong铃铛",
        "gender": "f",
        "user_geo_enabled": true,
        "username": "dingdong铃铛",
        "comments_count": 0,
        "t": 1487408585,
        "video_status_count": 0,
        "urank": 9,
        "user_ability": 2098176,
        "credit_score": 80
    }
]