[
    {
        "reposts_count": 19,
        "uid": 3199299713,
        "bi_followers_count": 728,
        "text": "网友爆料提供视频，黑加工点利用费朔料加工出来大米。 http://t.cn/RJEoeD5 . ​",
        "user_description": "关注民生，为人民服务！沈阳风情，吃喝玩乐、沈阳新闻、沈阳生活、话题、故事、段子，沈阳朋友...维护、和谐、 文明、健康、环境~重大新闻爆料☏：",
        "user_avatar": "https://tvax4.sinaimg.cn/crop.210.0.540.540.50/beb17081ly8g8oas5bag8j20qo0f00vc.jpg?KID=imgbed,tva&Expires=1584955842&ssig=hSi2lAJDIF",
        "id": "4076467899830551",
        "city": "1000",
        "province": "21",
        "friends_count": 2272,
        "user_location": "辽宁",
        "mid": "4076467899830551",
        "verified_reason": "",
        "attitudes_count": 21,
        "followers_count": 24283,
        "verified_type": 220,
        "statuses_count": 15322,
        "parent": null,
        "verified": false,
        "geo": null,
        "user_created_at": 1356078288,
        "favourites_count": 18,
        "screen_name": "关注沈城的大事小事突发事",
        "gender": "m",
        "user_geo_enabled": true,
        "username": "关注沈城的大事小事突发事",
        "comments_count": 38,
        "t": 1487389147,
        "video_status_count": 0,
        "urank": 41,
        "user_ability": 3407880,
        "credit_score": 80
    },
    {
        "reposts_count": 0,
        "uid": 1909570941,
        "bi_followers_count": 5,
        "text": "回复@Sa1ly_Yur:不实消息，以处理",
        "user_description": "价格低，服务好，教练认真负责态度和蔼，包教包过包拿证，中途驾校不收一分钱，外地学员免费办暂住证👏电话微信15839732227",
        "user_avatar": "https://tvax2.sinaimg.cn/crop.0.0.512.512.50/71d1bd7dly8gbik7vnn58j20e80e8js4.jpg?KID=imgbed,tva&Expires=1584955842&ssig=4D1XnaPq7s",
        "id": "4087027383205999",
        "city": "15",
        "province": "41",
        "friends_count": 230,
        "user_location": "河南 信阳",
        "mid": "4087027383205999",
        "verified_reason": "",
        "attitudes_count": 0,
        "followers_count": 838,
        "verified_type": -1,
        "statuses_count": 2433,
        "parent": "4076467899830551",
        "verified": false,
        "geo": null,
        "user_created_at": 1293947758,
        "favourites_count": 430,
        "screen_name": "信阳驾校招生",
        "gender": "m",
        "user_geo_enabled": true,
        "username": "信阳驾校招生",
        "comments_count": 0,
        "t": 1489906724,
        "video_status_count": 0,
        "urank": 24,
        "user_ability": 3145728,
        "credit_score": 80
    },
    {
        "reposts_count": 0,
        "uid": 1822870971,
        "bi_followers_count": 91,
        "text": "@信阳驾校招生",
        "user_description": "我怀念的",
        "user_avatar": "https://tvax4.sinaimg.cn/crop.0.0.512.512.50/6ca6cdbbly8g2it617kl5j20e80e8dg8.jpg?KID=imgbed,tva&Expires=1584955842&ssig=7EyEkBkAzB",
        "id": "4087026725212108",
        "city": "15",
        "province": "41",
        "friends_count": 277,
        "user_location": "河南 信阳",
        "mid": "4087026725212108",
        "verified_reason": "",
        "attitudes_count": 0,
        "followers_count": 1177,
        "verified_type": -1,
        "statuses_count": 12,
        "parent": "4076467899830551",
        "verified": false,
        "geo": null,
        "user_created_at": 1294052092,
        "favourites_count": 63,
        "screen_name": "Sa1ly_Yur",
        "gender": "f",
        "user_geo_enabled": true,
        "username": "Sa1ly_Yur",
        "comments_count": 0,
        "t": 1489906567,
        "video_status_count": 0,
        "urank": 37,
        "user_ability": 0,
        "credit_score": 80
    },
    {
        "reposts_count": 0,
        "uid": 3970266863,
        "bi_followers_count": 7,
        "text": "5块多一斤的塑料颗粒当大米卖，",
        "user_description": "",
        "user_avatar": "https://tva3.sinaimg.cn/crop.14.0.611.611.50/eca576efjw8f756nmc2x4j20hs0gzdgd.jpg?KID=imgbed,tva&Expires=1584955842&ssig=zNeeZzXDIA",
        "id": "4086793173512665",
        "city": "1000",
        "province": "100",
        "friends_count": 240,
        "user_location": "其他",
        "mid": "4086793173512665",
        "verified_reason": "",
        "attitudes_count": 0,
        "followers_count": 22,
        "verified_type": -1,
        "statuses_count": 148,
        "parent": "4076467899830551",
        "verified": false,
        "geo": null,
        "user_created_at": 1389150642,
        "favourites_count": 1,
        "screen_name": "捡到一枚小菇凉",
        "gender": "m",
        "user_geo_enabled": true,
        "username": "捡到一枚小菇凉",
        "comments_count": 0,
        "t": 1489850884,
        "video_status_count": 0,
        "urank": 9,
        "user_ability": 0,
        "credit_score": 80
    },
    {
        "reposts_count": 0,
        "uid": 2956933562,
        "bi_followers_count": 41,
        "text": "这难道不是塑料造粒吗[二哈][二哈][二哈]",
        "user_description": "",
        "user_avatar": "https://tvax4.sinaimg.cn/crop.0.0.1080.1080.50/b03f39baly8fyh1hzs9poj20u00u00v0.jpg?KID=imgbed,tva&Expires=1584955842&ssig=I1Zt2OPRJJ",
        "id": "4086677184442561",
        "city": "10",
        "province": "33",
        "friends_count": 74,
        "user_location": "浙江 台州",
        "mid": "4086677184442561",
        "verified_reason": "",
        "attitudes_count": 0,
        "followers_count": 92,
        "verified_type": -1,
        "statuses_count": 74,
        "parent": "4076467899830551",
        "verified": false,
        "geo": null,
        "user_created_at": 1348754811,
        "favourites_count": 93,
        "screen_name": "littlecatwithyou",
        "gender": "f",
        "user_geo_enabled": true,
        "username": "littlecatwithyou",
        "comments_count": 0,
        "t": 1489823229,
        "video_status_count": 0,
        "urank": 26,
        "user_ability": 3407872,
        "credit_score": 80
    },
    {
        "reposts_count": 0,
        "uid": 5340719052,
        "bi_followers_count": 18,
        "text": "没文化真可怕，这是人在造粒，这料现在估计得两万多了吧",
        "user_description": "人生在世，不如意之事十之八九",
        "user_avatar": "https://tva2.sinaimg.cn/crop.0.0.664.664.50/005Pr6ZSjw8f14kx8q6rvj30ig0ig74r.jpg?KID=imgbed,tva&Expires=1584955842&ssig=3VM17JbQlM",
        "id": "4085701332569401",
        "city": "6",
        "province": "50",
        "friends_count": 119,
        "user_location": "重庆 沙坪坝区",
        "mid": "4085701332569401",
        "verified_reason": "",
        "attitudes_count": 0,
        "followers_count": 61,
        "verified_type": -1,
        "statuses_count": 421,
        "parent": "4076467899830551",
        "verified": false,
        "geo": null,
        "user_created_at": 1413813994,
        "favourites_count": 0,
        "screen_name": "河鱼的微博",
        "gender": "m",
        "user_geo_enabled": true,
        "username": "河鱼的微博",
        "comments_count": 0,
        "t": 1489590569,
        "video_status_count": 0,
        "urank": 14,
        "user_ability": 33555456,
        "credit_score": 80
    },
    {
        "reposts_count": 0,
        "uid": 5467771583,
        "bi_followers_count": 50,
        "text": "回复@只艾特王木木:这是造谣的",
        "user_description": "❤️",
        "user_avatar": "https://tvax2.sinaimg.cn/crop.0.0.512.512.50/005Y2dafly8ft2tq1rh7ij30e80e83yh.jpg?KID=imgbed,tva&Expires=1584955842&ssig=RVwJIFn2r2",
        "id": "4085523935315293",
        "city": "1000",
        "province": "400",
        "friends_count": 214,
        "user_location": "海外",
        "mid": "4085523935315293",
        "verified_reason": "",
        "attitudes_count": 0,
        "followers_count": 118,
        "verified_type": -1,
        "statuses_count": 669,
        "parent": "4076467899830551",
        "verified": false,
        "geo": null,
        "user_created_at": 1420774907,
        "favourites_count": 250,
        "screen_name": "Elin嗯",
        "gender": "f",
        "user_geo_enabled": false,
        "username": "Elin嗯",
        "comments_count": 0,
        "t": 1489548274,
        "video_status_count": 0,
        "urank": 27,
        "user_ability": 1024,
        "credit_score": 80
    },
    {
        "reposts_count": 0,
        "uid": 5829483698,
        "bi_followers_count": 7,
        "text": "@Elin嗯",
        "user_description": "",
        "user_avatar": "https://tvax2.sinaimg.cn/crop.0.0.512.512.50/006mvV0Cly8g4hpe01k9hj30e80e80ts.jpg?KID=imgbed,tva&Expires=1584955842&ssig=QV3RZJm1B1",
        "id": "4085521267223136",
        "city": "8",
        "province": "35",
        "friends_count": 337,
        "user_location": "福建 龙岩",
        "mid": "4085521267223136",
        "verified_reason": "",
        "attitudes_count": 0,
        "followers_count": 41,
        "verified_type": -1,
        "statuses_count": 93,
        "parent": "4076467899830551",
        "verified": false,
        "geo": null,
        "user_created_at": 1452780977,
        "favourites_count": 11,
        "screen_name": "不谈旧事G",
        "gender": "m",
        "user_geo_enabled": true,
        "username": "不谈旧事G",
        "comments_count": 0,
        "t": 1489547637,
        "video_status_count": 0,
        "urank": 9,
        "user_ability": 2359296,
        "credit_score": 80
    },
    {
        "reposts_count": 0,
        "uid": 3902010875,
        "bi_followers_count": 81,
        "text": "这是在造谣吧",
        "user_description": "一个小透明",
        "user_avatar": "https://tvax1.sinaimg.cn/crop.0.0.996.996.50/e893f5fbly8gcp138316fj20ro0rodi1.jpg?KID=imgbed,tva&Expires=1584955842&ssig=hxx3A0Yblf",
        "id": "4084425383548727",
        "city": "1000",
        "province": "100",
        "friends_count": 166,
        "user_location": "其他",
        "mid": "4084425383548727",
        "verified_reason": "",
        "attitudes_count": 0,
        "followers_count": 1394,
        "verified_type": -1,
        "statuses_count": 186,
        "parent": "4076467899830551",
        "verified": false,
        "geo": null,
        "user_created_at": 1384237132,
        "favourites_count": 26,
        "screen_name": "小刺鱼",
        "gender": "f",
        "user_geo_enabled": true,
        "username": "小刺鱼",
        "comments_count": 0,
        "t": 1489286358,
        "video_status_count": 0,
        "urank": 35,
        "user_ability": 2098180,
        "credit_score": 80
    },
    {
        "reposts_count": 0,
        "uid": 6166444441,
        "bi_followers_count": 0,
        "text": "这种行为很败类",
        "user_description": "",
        "user_avatar": "https://tvax1.sinaimg.cn/default/images/default_avatar_male_50.gif?KID=imgbed,tva&Expires=1584955842&ssig=rlMcrGXHqH",
        "id": "4084409587600017",
        "city": "12",
        "province": "41",
        "friends_count": 62,
        "user_location": "河南 三门峡",
        "mid": "4084409587600017",
        "verified_reason": "",
        "attitudes_count": 0,
        "followers_count": 15,
        "verified_type": -1,
        "statuses_count": 22,
        "parent": "4076467899830551",
        "verified": false,
        "geo": null,
        "user_created_at": 1489192982,
        "favourites_count": 0,
        "screen_name": "逃亡小童鞋",
        "gender": "m",
        "user_geo_enabled": true,
        "username": "逃亡小童鞋",
        "comments_count": 0,
        "t": 1489282594,
        "video_status_count": 0,
        "urank": 4,
        "user_ability": 0,
        "credit_score": 80
    },
    {
        "reposts_count": 0,
        "uid": 2822710281,
        "bi_followers_count": 40,
        "text": "这是做成胶粒好运输！",
        "user_description": "无法显示",
        "user_avatar": "https://tvax4.sinaimg.cn/crop.0.0.512.512.50/a83f2409ly8fy1dsrx780j20e80e8aam.jpg?KID=imgbed,tva&Expires=1584955842&ssig=AvN8e0uDZ0",
        "id": "4080816663512999",
        "city": "3",
        "province": "44",
        "friends_count": 89,
        "user_location": "广东 深圳",
        "mid": "4080816663512999",
        "verified_reason": "",
        "attitudes_count": 0,
        "followers_count": 283,
        "verified_type": -1,
        "statuses_count": 910,
        "parent": "4076467899830551",
        "verified": false,
        "geo": null,
        "user_created_at": 1340092417,
        "favourites_count": 2,
        "screen_name": "吃不胖怪我了",
        "gender": "m",
        "user_geo_enabled": true,
        "username": "吃不胖怪我了",
        "comments_count": 0,
        "t": 1488425973,
        "video_status_count": 0,
        "urank": 30,
        "user_ability": 8650752,
        "credit_score": 80
    },
    {
        "reposts_count": 0,
        "uid": 3837206307,
        "bi_followers_count": 125,
        "text": "米还可以生产[污]",
        "user_description": "工作聯繫郵箱: mingsiyu5020@qq.com",
        "user_avatar": "https://tvax3.sinaimg.cn/crop.0.0.996.996.50/e4b71f23ly8fu8j525d3pj20ro0rogmc.jpg?KID=imgbed,tva&Expires=1584955842&ssig=M%2FHAQHwjoN",
        "id": "4079165743809830",
        "city": "1000",
        "province": "100",
        "friends_count": 246,
        "user_location": "其他",
        "mid": "4079165743809830",
        "verified_reason": "明氏传媒工作室创始人",
        "attitudes_count": 0,
        "followers_count": 46982,
        "verified_type": 0,
        "statuses_count": 2119,
        "parent": "4076467899830551",
        "verified": true,
        "geo": null,
        "user_created_at": 1381059200,
        "favourites_count": 100,
        "screen_name": "歌手明思远",
        "gender": "m",
        "user_geo_enabled": false,
        "username": "歌手明思远",
        "comments_count": 0,
        "t": 1488032363,
        "video_status_count": 0,
        "urank": 32,
        "user_ability": 11536392,
        "credit_score": 80
    },
    {
        "reposts_count": 0,
        "uid": 2977306440,
        "bi_followers_count": 2,
        "text": "傻的",
        "user_description": "一个刚出来的菜鸟医生",
        "user_avatar": "https://tva2.sinaimg.cn/crop.0.0.180.180.50/b1761748jw1e8qgp5bmzyj2050050aa8.jpg?KID=imgbed,tva&Expires=1584955842&ssig=5sRP%2FhL7HF",
        "id": "4078761299393827",
        "city": "1000",
        "province": "44",
        "friends_count": 142,
        "user_location": "广东",
        "mid": "4078761299393827",
        "verified_reason": "",
        "attitudes_count": 0,
        "followers_count": 31,
        "verified_type": -1,
        "statuses_count": 119,
        "parent": "4076467899830551",
        "verified": false,
        "geo": null,
        "user_created_at": 1346301196,
        "favourites_count": 6,
        "screen_name": "卡格营地",
        "gender": "f",
        "user_geo_enabled": true,
        "username": "卡格营地",
        "comments_count": 0,
        "t": 1487935936,
        "video_status_count": 0,
        "urank": 14,
        "user_ability": 0,
        "credit_score": 80
    },
    {
        "reposts_count": 0,
        "uid": 5665703264,
        "bi_followers_count": 1,
        "text": "无知真可怕，大米一吨才五六千元，这个塑料粒子一吨在1万二以上了。用这做大米？老板不亏死。",
        "user_description": "",
        "user_avatar": "https://tvax3.sinaimg.cn/crop.0.0.996.996.50/006bqIeIly8gbf07ewjxsj30ro0ro75h.jpg?KID=imgbed,tva&Expires=1584955842&ssig=KW1R7eeD5u",
        "id": "4077524789401829",
        "city": "1",
        "province": "34",
        "friends_count": 71,
        "user_location": "安徽 合肥",
        "mid": "4077524789401829",
        "verified_reason": "",
        "attitudes_count": 0,
        "followers_count": 15,
        "verified_type": -1,
        "statuses_count": 31,
        "parent": "4076467899830551",
        "verified": false,
        "geo": null,
        "user_created_at": 1440244143,
        "favourites_count": 0,
        "screen_name": "没离开过_68414",
        "gender": "f",
        "user_geo_enabled": true,
        "username": "没离开过_68414",
        "comments_count": 0,
        "t": 1487641129,
        "video_status_count": 0,
        "urank": 9,
        "user_ability": 35651584,
        "credit_score": 80
    },
    {
        "reposts_count": 0,
        "uid": 2254984372,
        "bi_followers_count": 5,
        "text": "回复@走轰东京去:你买贵了，中东那边进口到广东的，原料只要一万多。",
        "user_description": "白天不懂夜的黑。。。",
        "user_avatar": "https://tva1.sinaimg.cn/crop.0.0.640.640.50/866854b4jw8f3bsrxbia7j20hs0hs3yt.jpg?KID=imgbed,tva&Expires=1584955842&ssig=DsAQaK6TcB",
        "id": "4077308585867936",
        "city": "52",
        "province": "44",
        "friends_count": 131,
        "user_location": "广东 揭阳",
        "mid": "4077308585867936",
        "verified_reason": "",
        "attitudes_count": 0,
        "followers_count": 113,
        "verified_type": -1,
        "statuses_count": 217,
        "parent": "4076467899830551",
        "verified": false,
        "geo": null,
        "user_created_at": 1311012428,
        "favourites_count": 90,
        "screen_name": "_倪晓彬",
        "gender": "m",
        "user_geo_enabled": true,
        "username": "_倪晓彬",
        "comments_count": 0,
        "t": 1487589582,
        "video_status_count": 0,
        "urank": 28,
        "user_ability": 2097152,
        "credit_score": 80
    },
    {
        "reposts_count": 0,
        "uid": 5732271159,
        "bi_followers_count": 3,
        "text": "回复@走轰东京去:我有一万多的料，乙烯厂直接生产出来的聚乙烯你要吗？[攤手]",
        "user_description": "逆风飞翔不流泪",
        "user_avatar": "https://tvax3.sinaimg.cn/crop.0.0.1080.1080.50/006fW1Arly8g2cy00lzbbj30u00u00wc.jpg?KID=imgbed,tva&Expires=1584955842&ssig=%2BIfHOBbbdp",
        "id": "4077259663578107",
        "city": "1",
        "province": "31",
        "friends_count": 17,
        "user_location": "上海 黄浦区",
        "mid": "4077259663578107",
        "verified_reason": "",
        "attitudes_count": 0,
        "followers_count": 53,
        "verified_type": -1,
        "statuses_count": 10,
        "parent": "4076467899830551",
        "verified": false,
        "geo": null,
        "user_created_at": 1445276391,
        "favourites_count": 0,
        "screen_name": "逆风男儿南巨川",
        "gender": "m",
        "user_geo_enabled": true,
        "username": "逆风男儿南巨川",
        "comments_count": 0,
        "t": 1487577917,
        "video_status_count": 0,
        "urank": 9,
        "user_ability": 0,
        "credit_score": 80
    },
    {
        "reposts_count": 0,
        "uid": 1886244274,
        "bi_followers_count": 7,
        "text": "回复@_倪晓彬:一万只能买回收的垃圾塑料",
        "user_description": "青海湖茶卡盐湖甘肃敦煌大环线包车、拼车管家",
        "user_avatar": "https://tvax4.sinaimg.cn/crop.0.0.751.751.50/706dcdb2ly8g2s208z2xaj20kv0kv3zf.jpg?KID=imgbed,tva&Expires=1584955842&ssig=3QZW9JCOLm",
        "id": "4077221527859008",
        "city": "1",
        "province": "63",
        "friends_count": 226,
        "user_location": "青海 西宁",
        "mid": "4077221527859008",
        "verified_reason": "",
        "attitudes_count": 0,
        "followers_count": 1280,
        "verified_type": -1,
        "statuses_count": 1731,
        "parent": "4076467899830551",
        "verified": false,
        "geo": null,
        "user_created_at": 1291202907,
        "favourites_count": 251,
        "screen_name": "青海湖趣旅行",
        "gender": "m",
        "user_geo_enabled": true,
        "username": "青海湖趣旅行",
        "comments_count": 0,
        "t": 1487568827,
        "video_status_count": 0,
        "urank": 36,
        "user_ability": 2359296,
        "credit_score": 80
    },
    {
        "reposts_count": 0,
        "uid": 3535475651,
        "bi_followers_count": 4,
        "text": "反正举报了",
        "user_description": "很反感那些被基督教洗脑的人",
        "user_avatar": "https://tvax1.sinaimg.cn/default/images/default_avatar_male_50.gif?KID=imgbed,tva&Expires=1584955842&ssig=rlMcrGXHqH",
        "id": "4077014950179490",
        "city": "1",
        "province": "44",
        "friends_count": 321,
        "user_location": "广东 广州",
        "mid": "4077014950179490",
        "verified_reason": "",
        "attitudes_count": 0,
        "followers_count": 90,
        "verified_type": -1,
        "statuses_count": 374,
        "parent": "4076467899830551",
        "verified": false,
        "geo": null,
        "user_created_at": 1371201226,
        "favourites_count": 8,
        "screen_name": "_四夕水",
        "gender": "m",
        "user_geo_enabled": true,
        "username": "_四夕水",
        "comments_count": 0,
        "t": 1487519574,
        "video_status_count": 0,
        "urank": 9,
        "user_ability": 33554432,
        "credit_score": 80
    },
    {
        "reposts_count": 0,
        "uid": 6019391331,
        "bi_followers_count": 2,
        "text": "高密度聚乙烯，比大米贵多了，傻子才做赔本的买卖",
        "user_description": "",
        "user_avatar": "https://tva2.sinaimg.cn/crop.0.0.1342.1342.50/006zmKEXjw8f8wcfqfyi9j311a11awpp.jpg?KID=imgbed,tva&Expires=1584955842&ssig=BOa2irZcdQ",
        "id": "4076991093405379",
        "city": "1",
        "province": "61",
        "friends_count": 36,
        "user_location": "陕西 西安",
        "mid": "4076991093405379",
        "verified_reason": "",
        "attitudes_count": 0,
        "followers_count": 8,
        "verified_type": -1,
        "statuses_count": 151,
        "parent": "4076467899830551",
        "verified": false,
        "geo": null,
        "user_created_at": 1473431331,
        "favourites_count": 1,
        "screen_name": "XN1822656",
        "gender": "m",
        "user_geo_enabled": true,
        "username": "XN1822656",
        "comments_count": 0,
        "t": 1487513886,
        "video_status_count": 0,
        "urank": 9,
        "user_ability": 33554432,
        "credit_score": 80
    },
    {
        "reposts_count": 0,
        "uid": 2476468860,
        "bi_followers_count": 50,
        "text": "已经举报  传谣造谣",
        "user_description": "孑然一身勇，算什么英雄。",
        "user_avatar": "https://tva4.sinaimg.cn/crop.0.0.996.996.50/939bea7cjw8f8gp5jhbjjj20ro0rojt1.jpg?KID=imgbed,tva&Expires=1584955842&ssig=86%2Fe6cDKec",
        "id": "4076988421036878",
        "city": "6",
        "province": "14",
        "friends_count": 106,
        "user_location": "山西 朔州",
        "mid": "4076988421036878",
        "verified_reason": "",
        "attitudes_count": 0,
        "followers_count": 151,
        "verified_type": -1,
        "statuses_count": 10,
        "parent": "4076467899830551",
        "verified": false,
        "geo": null,
        "user_created_at": 1318936135,
        "favourites_count": 339,
        "screen_name": "薛下个没完",
        "gender": "m",
        "user_geo_enabled": true,
        "username": "薛下个没完",
        "comments_count": 0,
        "t": 1487513249,
        "video_status_count": 0,
        "urank": 30,
        "user_ability": 2097152,
        "credit_score": 80
    },
    {
        "reposts_count": 0,
        "uid": 1782339641,
        "bi_followers_count": 19,
        "text": "我想说，如果做成大米以后，做米饭的时候不会被发现吗？？无语……我想不是真的！",
        "user_description": "三观太正，以至于没有朋友",
        "user_avatar": "https://tvax2.sinaimg.cn/crop.0.0.1242.1242.50/6a3c5839ly8ft3hsn3l3aj20yi0yiq54.jpg?KID=imgbed,tva&Expires=1584955842&ssig=Ibj185%2BBhw",
        "id": "4076988090263767",
        "city": "1000",
        "province": "41",
        "friends_count": 804,
        "user_location": "河南",
        "mid": "4076988090263767",
        "verified_reason": "",
        "attitudes_count": 0,
        "followers_count": 200,
        "verified_type": -1,
        "statuses_count": 2839,
        "parent": "4076467899830551",
        "verified": false,
        "geo": null,
        "user_created_at": 1279847966,
        "favourites_count": 371,
        "screen_name": "玉婕blog",
        "gender": "f",
        "user_geo_enabled": true,
        "username": "玉婕blog",
        "comments_count": 0,
        "t": 1487513170,
        "video_status_count": 0,
        "urank": 35,
        "user_ability": 262144,
        "credit_score": 80
    },
    {
        "reposts_count": 0,
        "uid": 5641319989,
        "bi_followers_count": 9,
        "text": "@Co-leslie",
        "user_description": "抱璞守一",
        "user_avatar": "https://tvax3.sinaimg.cn/crop.0.0.751.751.50/0069Mp25ly8g4dvyjcqxtj30kv0kvtaq.jpg?KID=imgbed,tva&Expires=1584955842&ssig=%2FhXPloDJ2b",
        "id": "4076963322283070",
        "city": "4",
        "province": "61",
        "friends_count": 48,
        "user_location": "陕西 咸阳",
        "mid": "4076963322283070",
        "verified_reason": "",
        "attitudes_count": 0,
        "followers_count": 53,
        "verified_type": -1,
        "statuses_count": 139,
        "parent": "4076467899830551",
        "verified": false,
        "geo": null,
        "user_created_at": 1435422361,
        "favourites_count": 49,
        "screen_name": "superbee94",
        "gender": "m",
        "user_geo_enabled": true,
        "username": "superbee94",
        "comments_count": 0,
        "t": 1487507266,
        "video_status_count": 0,
        "urank": 9,
        "user_ability": 263168,
        "credit_score": 80
    },
    {
        "reposts_count": 0,
        "uid": 5285190611,
        "bi_followers_count": 34,
        "text": "没文化真可怕",
        "user_description": "iOS 开发者新秀",
        "user_avatar": "https://tvax3.sinaimg.cn/crop.0.10.492.492.50/005LG7vRly8fjif7koch5j30do0e8t9e.jpg?KID=imgbed,tva&Expires=1584955842&ssig=HQM8qruXb7",
        "id": "4076943089321966",
        "city": "1",
        "province": "32",
        "friends_count": 264,
        "user_location": "江苏 南京",
        "mid": "4076943089321966",
        "verified_reason": "",
        "attitudes_count": 0,
        "followers_count": 161,
        "verified_type": -1,
        "statuses_count": 332,
        "parent": "4076467899830551",
        "verified": false,
        "geo": null,
        "user_created_at": 1410272218,
        "favourites_count": 65,
        "screen_name": "第一梯队Coder",
        "gender": "m",
        "user_geo_enabled": true,
        "username": "第一梯队Coder",
        "comments_count": 0,
        "t": 1487502441,
        "video_status_count": 0,
        "urank": 14,
        "user_ability": 35651584,
        "credit_score": 80
    },
    {
        "reposts_count": 0,
        "uid": 2254984372,
        "bi_followers_count": 5,
        "text": "回复@走轰东京去:不是八万多。是一万左右",
        "user_description": "白天不懂夜的黑。。。",
        "user_avatar": "https://tva1.sinaimg.cn/crop.0.0.640.640.50/866854b4jw8f3bsrxbia7j20hs0hs3yt.jpg?KID=imgbed,tva&Expires=1584955842&ssig=DsAQaK6TcB",
        "id": "4076942988746614",
        "city": "52",
        "province": "44",
        "friends_count": 131,
        "user_location": "广东 揭阳",
        "mid": "4076942988746614",
        "verified_reason": "",
        "attitudes_count": 0,
        "followers_count": 113,
        "verified_type": -1,
        "statuses_count": 217,
        "parent": "4076467899830551",
        "verified": false,
        "geo": null,
        "user_created_at": 1311012428,
        "favourites_count": 90,
        "screen_name": "_倪晓彬",
        "gender": "m",
        "user_geo_enabled": true,
        "username": "_倪晓彬",
        "comments_count": 0,
        "t": 1487502417,
        "video_status_count": 0,
        "urank": 28,
        "user_ability": 2097152,
        "credit_score": 80
    },
    {
        "reposts_count": 0,
        "uid": 3969589987,
        "bi_followers_count": 3,
        "text": "这不是在造粒吗？白色的料很不错了！",
        "user_description": "",
        "user_avatar": "https://tvax1.sinaimg.cn/crop.0.0.996.996.50/ec9b22e3ly8ffd38zinwgj20ro0rodif.jpg?KID=imgbed,tva&Expires=1584955842&ssig=tGM9sDdYbr",
        "id": "4076940908605340",
        "city": "1000",
        "province": "100",
        "friends_count": 60,
        "user_location": "其他",
        "mid": "4076940908605340",
        "verified_reason": "",
        "attitudes_count": 0,
        "followers_count": 698,
        "verified_type": -1,
        "statuses_count": 2,
        "parent": "4076467899830551",
        "verified": false,
        "geo": null,
        "user_created_at": 1393000358,
        "favourites_count": 117,
        "screen_name": "菠萝家的葡萄",
        "gender": "m",
        "user_geo_enabled": false,
        "username": "菠萝家的葡萄",
        "comments_count": 0,
        "t": 1487501921,
        "video_status_count": 0,
        "urank": 14,
        "user_ability": 33554432,
        "credit_score": 80
    },
    {
        "reposts_count": 0,
        "uid": 3297824237,
        "bi_followers_count": 489,
        "text": "没文化真可怕。。。。",
        "user_description": "慢慢来，比较快。",
        "user_avatar": "https://tvax2.sinaimg.cn/crop.187.458.1609.1609.50/c490cdedly8ft42rayrmdj21kw28h15k.jpg?KID=imgbed,tva&Expires=1584955842&ssig=9oNZBfxqf%2B",
        "id": "4076935032522117",
        "city": "1",
        "province": "44",
        "friends_count": 2759,
        "user_location": "广东 广州",
        "mid": "4076935032522117",
        "verified_reason": "",
        "attitudes_count": 0,
        "followers_count": 2308,
        "verified_type": -1,
        "statuses_count": 11031,
        "parent": "4076467899830551",
        "verified": false,
        "geo": null,
        "user_created_at": 1362181671,
        "favourites_count": 77,
        "screen_name": "收留受伤小猫的不良少年",
        "gender": "m",
        "user_geo_enabled": true,
        "username": "收留受伤小猫的不良少年",
        "comments_count": 0,
        "t": 1487500520,
        "video_status_count": 0,
        "urank": 44,
        "user_ability": 2098176,
        "credit_score": 80
    },
    {
        "reposts_count": 0,
        "uid": 2159294211,
        "bi_followers_count": 30,
        "text": "已举报",
        "user_description": "天生骄傲",
        "user_avatar": "https://tvax4.sinaimg.cn/crop.0.0.924.924.50/80b43703ly8gd21d94hcxj20po0poaie.jpg?KID=imgbed,tva&Expires=1584955842&ssig=xmO5yy%2BcrA",
        "id": "4076917491122804",
        "city": "1",
        "province": "61",
        "friends_count": 913,
        "user_location": "陕西 西安",
        "mid": "4076917491122804",
        "verified_reason": "",
        "attitudes_count": 0,
        "followers_count": 157,
        "verified_type": -1,
        "statuses_count": 3991,
        "parent": "4076467899830551",
        "verified": false,
        "geo": null,
        "user_created_at": 1307014903,
        "favourites_count": 217,
        "screen_name": "边度世界会好",
        "gender": "m",
        "user_geo_enabled": true,
        "username": "边度世界会好",
        "comments_count": 0,
        "t": 1487496338,
        "video_status_count": 0,
        "urank": 14,
        "user_ability": 35651584,
        "credit_score": 80
    },
    {
        "reposts_count": 0,
        "uid": 1886244274,
        "bi_followers_count": 7,
        "text": "这是塑料回收制成颗粒。好的进口塑料一吨8万左右人民币。",
        "user_description": "青海湖茶卡盐湖甘肃敦煌大环线包车、拼车管家",
        "user_avatar": "https://tvax4.sinaimg.cn/crop.0.0.751.751.50/706dcdb2ly8g2s208z2xaj20kv0kv3zf.jpg?KID=imgbed,tva&Expires=1584955842&ssig=3QZW9JCOLm",
        "id": "4076903843175823",
        "city": "1",
        "province": "63",
        "friends_count": 226,
        "user_location": "青海 西宁",
        "mid": "4076903843175823",
        "verified_reason": "",
        "attitudes_count": 0,
        "followers_count": 1280,
        "verified_type": -1,
        "statuses_count": 1731,
        "parent": "4076467899830551",
        "verified": false,
        "geo": null,
        "user_created_at": 1291202907,
        "favourites_count": 251,
        "screen_name": "青海湖趣旅行",
        "gender": "m",
        "user_geo_enabled": true,
        "username": "青海湖趣旅行",
        "comments_count": 0,
        "t": 1487493084,
        "video_status_count": 0,
        "urank": 36,
        "user_ability": 2359296,
        "credit_score": 80
    },
    {
        "reposts_count": 0,
        "uid": 5458115904,
        "bi_followers_count": 42,
        "text": "回复@枫林晚96:塑料比大米贵好么[哈哈][哈哈][哈哈][哈哈]",
        "user_description": "瘦瘦瘦",
        "user_avatar": "https://tva3.sinaimg.cn/crop.0.6.751.751.50/005XnHhujw8fbuzos9tq7j30kv0l7gn7.jpg?KID=imgbed,tva&Expires=1584955842&ssig=Lt4sDXUt2I",
        "id": "4076900206450407",
        "city": "1",
        "province": "21",
        "friends_count": 260,
        "user_location": "辽宁 沈阳",
        "mid": "4076900206450407",
        "verified_reason": "",
        "attitudes_count": 0,
        "followers_count": 180,
        "verified_type": -1,
        "statuses_count": 1114,
        "parent": "4076467899830551",
        "verified": false,
        "geo": null,
        "user_created_at": 1426564870,
        "favourites_count": 12,
        "screen_name": "尽力做一个灵活的胖子",
        "gender": "m",
        "user_geo_enabled": true,
        "username": "尽力做一个灵活的胖子",
        "comments_count": 0,
        "t": 1487492217,
        "video_status_count": 0,
        "urank": 30,
        "user_ability": 35651584,
        "credit_score": 80
    },
    {
        "reposts_count": 0,
        "uid": 2358531744,
        "bi_followers_count": 58,
        "text": "哈哈哈哈哈哈哈哈哈哈哈，好好笑",
        "user_description": "安",
        "user_avatar": "https://tvax3.sinaimg.cn/crop.0.0.996.996.50/8c9456a0ly8gbz86zmczsj20ro0rojst.jpg?KID=imgbed,tva&Expires=1584955842&ssig=HsnbnbwzYY",
        "id": "4076899368270775",
        "city": "14",
        "province": "51",
        "friends_count": 281,
        "user_location": "四川 眉山",
        "mid": "4076899368270775",
        "verified_reason": "设计美学博主",
        "attitudes_count": 0,
        "followers_count": 11489,
        "verified_type": 0,
        "statuses_count": 658,
        "parent": "4076467899830551",
        "verified": true,
        "geo": null,
        "user_created_at": 1314668741,
        "favourites_count": 50,
        "screen_name": "朱螃蟹",
        "gender": "m",
        "user_geo_enabled": true,
        "username": "朱螃蟹",
        "comments_count": 0,
        "t": 1487492017,
        "video_status_count": 0,
        "urank": 34,
        "user_ability": 2360328,
        "credit_score": 80
    },
    {
        "reposts_count": 0,
        "uid": 5303226875,
        "bi_followers_count": 10,
        "text": "塑料大米逆天了去",
        "user_description": "喋喋不休地，越过山丘",
        "user_avatar": "https://tvax4.sinaimg.cn/crop.0.0.996.996.50/005MTNzlly8fwfnc0slz0j30ro0rowfl.jpg?KID=imgbed,tva&Expires=1584955842&ssig=xAa9hlFWYT",
        "id": "4076896256321321",
        "city": "15",
        "province": "31",
        "friends_count": 155,
        "user_location": "上海 浦东新区",
        "mid": "4076896256321321",
        "verified_reason": "",
        "attitudes_count": 0,
        "followers_count": 880,
        "verified_type": -1,
        "statuses_count": 6787,
        "parent": "4076467899830551",
        "verified": false,
        "geo": null,
        "user_created_at": 1411390488,
        "favourites_count": 70,
        "screen_name": "佩之九州",
        "gender": "m",
        "user_geo_enabled": true,
        "username": "佩之九州",
        "comments_count": 0,
        "t": 1487491275,
        "video_status_count": 0,
        "urank": 14,
        "user_ability": 0,
        "credit_score": 80
    },
    {
        "reposts_count": 0,
        "uid": 2415629845,
        "bi_followers_count": 79,
        "text": "不是很明白博主怎么了，骗流量倒没什么，传谣就不好了。",
        "user_description": "谁终将声震人间，必长久深自缄默；谁终将点燃闪电，必长久如云漂泊。",
        "user_avatar": "https://tva3.sinaimg.cn/crop.0.0.996.996.50/8ffb9615jw8fcjzesgg4mj20ro0rogns.jpg?KID=imgbed,tva&Expires=1584955842&ssig=xA0iZYqwCJ",
        "id": "4076895358251173",
        "city": "1",
        "province": "32",
        "friends_count": 322,
        "user_location": "江苏 南京",
        "mid": "4076895358251173",
        "verified_reason": "",
        "attitudes_count": 0,
        "followers_count": 228,
        "verified_type": -1,
        "statuses_count": 343,
        "parent": "4076467899830551",
        "verified": false,
        "geo": null,
        "user_created_at": 1318853612,
        "favourites_count": 99,
        "screen_name": "齐天大圣-孙悟坤",
        "gender": "m",
        "user_geo_enabled": true,
        "username": "齐天大圣-孙悟坤",
        "comments_count": 0,
        "t": 1487491061,
        "video_status_count": 0,
        "urank": 25,
        "user_ability": 33554432,
        "credit_score": 80
    },
    {
        "reposts_count": 0,
        "uid": 3851453236,
        "bi_followers_count": 1,
        "text": "沙壁博主，你这是传谣知道吗？",
        "user_description": "",
        "user_avatar": "https://tva3.sinaimg.cn/crop.0.0.1125.1125.50/e5908334jw8erxubdxfd1j20v90v9774.jpg?KID=imgbed,tva&Expires=1584955842&ssig=t544FcPRa%2F",
        "id": "4076843298454929",
        "city": "1",
        "province": "21",
        "friends_count": 1020,
        "user_location": "辽宁 沈阳",
        "mid": "4076843298454929",
        "verified_reason": "",
        "attitudes_count": 0,
        "followers_count": 101,
        "verified_type": -1,
        "statuses_count": 134,
        "parent": "4076467899830551",
        "verified": false,
        "geo": null,
        "user_created_at": 1381767499,
        "favourites_count": 1134,
        "screen_name": "2000型",
        "gender": "m",
        "user_geo_enabled": true,
        "username": "2000型",
        "comments_count": 0,
        "t": 1487478649,
        "video_status_count": 0,
        "urank": 14,
        "user_ability": 33554432,
        "credit_score": 80
    },
    {
        "reposts_count": 0,
        "uid": 5920229385,
        "bi_followers_count": 4,
        "text": "抽粒的，再生料，貌似高密度聚乙烯，用它来冒充大米不划算",
        "user_description": "",
        "user_avatar": "https://tva2.sinaimg.cn/crop.0.0.1241.1241.50/006sEG6Jjw8f4078x05unj30yi0yhdi7.jpg?KID=imgbed,tva&Expires=1584955842&ssig=%2FWnhskLTaC",
        "id": "4076776857264644",
        "city": "1",
        "province": "33",
        "friends_count": 78,
        "user_location": "浙江 杭州",
        "mid": "4076776857264644",
        "verified_reason": "",
        "attitudes_count": 0,
        "followers_count": 26,
        "verified_type": -1,
        "statuses_count": 3,
        "parent": "4076467899830551",
        "verified": false,
        "geo": null,
        "user_created_at": 1462469238,
        "favourites_count": 1,
        "screen_name": "枫林晚96",
        "gender": "m",
        "user_geo_enabled": true,
        "username": "枫林晚96",
        "comments_count": 0,
        "t": 1487462808,
        "video_status_count": 0,
        "urank": 9,
        "user_ability": 35651584,
        "credit_score": 80
    },
    {
        "reposts_count": 0,
        "uid": 1719596493,
        "bi_followers_count": 7,
        "text": "回复@爱生活爱辽宁篮球:可怕的是公众号博主还无脑转发",
        "user_description": "",
        "user_avatar": "https://tva1.sinaimg.cn/crop.0.0.180.180.50/667ef5cdjw1e8qgp5bmzyj2050050aa8.jpg?KID=imgbed,tva&Expires=1584955842&ssig=5XPSUfVvjd",
        "id": "4076762209975865",
        "city": "1000",
        "province": "100",
        "friends_count": 93,
        "user_location": "其他",
        "mid": "4076762209975865",
        "verified_reason": "",
        "attitudes_count": 0,
        "followers_count": 239,
        "verified_type": -1,
        "statuses_count": 5,
        "parent": "4076467899830551",
        "verified": false,
        "geo": null,
        "user_created_at": 1269648572,
        "favourites_count": 30,
        "screen_name": "啊threethree",
        "gender": "m",
        "user_geo_enabled": true,
        "username": "啊threethree",
        "comments_count": 0,
        "t": 1487459316,
        "video_status_count": 0,
        "urank": 29,
        "user_ability": 33816576,
        "credit_score": 80
    },
    {
        "reposts_count": 0,
        "uid": 3153732482,
        "bi_followers_count": 5,
        "text": "没文化太可怕，塑料颗粒，可以做矿泉水瓶，或者塑料袋的！",
        "user_description": "",
        "user_avatar": "https://tva4.sinaimg.cn/crop.0.0.996.996.50/bbfa2382jw8faerxfh7slj20ro0rp40i.jpg?KID=imgbed,tva&Expires=1584955842&ssig=Tn9bu89x4I",
        "id": "4076498589800927",
        "city": "1000",
        "province": "100",
        "friends_count": 153,
        "user_location": "其他",
        "mid": "4076498589800927",
        "verified_reason": "",
        "attitudes_count": 0,
        "followers_count": 61,
        "verified_type": -1,
        "statuses_count": 71,
        "parent": "4076467899830551",
        "verified": false,
        "geo": null,
        "user_created_at": 1359960905,
        "favourites_count": 11,
        "screen_name": "爱生活爱辽宁篮球",
        "gender": "m",
        "user_geo_enabled": true,
        "username": "爱生活爱辽宁篮球",
        "comments_count": 0,
        "t": 1487396464,
        "video_status_count": 0,
        "urank": 15,
        "user_ability": 2098176,
        "credit_score": 80
    }
]