[
    {
        "reposts_count": 0,
        "uid": 5694365917,
        "bi_followers_count": 1,
        "text": "塑料袋紫菜，这人也太坏了。",
        "user_description": "奋斗目标",
        "user_avatar": "https://tvax1.sinaimg.cn/crop.0.0.996.996.50/006dmYHzly8fur0hsjhgmj30ro0ron0j.jpg?KID=imgbed,tva&Expires=1584955607&ssig=kyhQucKS2G",
        "id": "4076992960083887",
        "city": "15",
        "province": "41",
        "friends_count": 565,
        "user_location": "河南 信阳",
        "mid": "4076992960083887",
        "verified_reason": "",
        "attitudes_count": 0,
        "followers_count": 57,
        "verified_type": -1,
        "statuses_count": 96,
        "parent": null,
        "verified": false,
        "geo": null,
        "user_created_at": 1441359354,
        "favourites_count": 1,
        "screen_name": "Xin丿想你夜",
        "gender": "m",
        "user_geo_enabled": true,
        "username": "Xin丿想你夜",
        "comments_count": 4,
        "t": 1487514330,
        "video_status_count": 0,
        "urank": 9,
        "user_ability": 2097152,
        "credit_score": 80
    },
    {
        "reposts_count": 0,
        "uid": 1980717255,
        "bi_followers_count": 93,
        "text": "回复@Xin丿想你夜:如果真是塑料！吃过的人，早就去医院割胃去了！",
        "user_description": "",
        "user_avatar": "https://tva4.sinaimg.cn/crop.0.0.640.640.50/760f58c7jw8edgkuq451cj20hs0hsmy6.jpg?KID=imgbed,tva&Expires=1584955607&ssig=PV%2FPBTIiOF",
        "id": "4077011142562582",
        "city": "5",
        "province": "35",
        "friends_count": 250,
        "user_location": "福建 泉州",
        "mid": "4077011142562582",
        "verified_reason": "",
        "attitudes_count": 0,
        "followers_count": 172,
        "verified_type": -1,
        "statuses_count": 293,
        "parent": "4076992960083887",
        "verified": false,
        "geo": null,
        "user_created_at": 1298246955,
        "favourites_count": 2,
        "screen_name": "李德怀123",
        "gender": "m",
        "user_geo_enabled": true,
        "username": "李德怀123",
        "comments_count": 0,
        "t": 1487518666,
        "video_status_count": 0,
        "urank": 15,
        "user_ability": 1024,
        "credit_score": 80
    },
    {
        "reposts_count": 0,
        "uid": 5965655244,
        "bi_followers_count": 0,
        "text": "回复@Xin丿想你夜:眼见不一定为实！毕竟我们只是觉得它是“塑料”但真的就是“塑料么”？",
        "user_description": "越努力 越幸运",
        "user_avatar": "https://tvax3.sinaimg.cn/crop.0.0.1080.1080.50/006vJhrSly8ga869k24uuj30u00u0tc7.jpg?KID=imgbed,tva&Expires=1584955607&ssig=P%2FGQQVdgnF",
        "id": "4077010970193770",
        "city": "5",
        "province": "35",
        "friends_count": 105,
        "user_location": "福建 泉州",
        "mid": "4077010970193770",
        "verified_reason": "",
        "attitudes_count": 0,
        "followers_count": 12,
        "verified_type": -1,
        "statuses_count": 3,
        "parent": "4076992960083887",
        "verified": false,
        "geo": null,
        "user_created_at": 1465739199,
        "favourites_count": 0,
        "screen_name": "St___Chen",
        "gender": "m",
        "user_geo_enabled": true,
        "username": "St___Chen",
        "comments_count": 0,
        "t": 1487518625,
        "video_status_count": 0,
        "urank": 4,
        "user_ability": 262144,
        "credit_score": 80
    },
    {
        "reposts_count": 0,
        "uid": 5694365917,
        "bi_followers_count": 1,
        "text": "回复@St___Chen:还得相信自己的眼睛。人民日报不能给人民治病。",
        "user_description": "奋斗目标",
        "user_avatar": "https://tvax1.sinaimg.cn/crop.0.0.996.996.50/006dmYHzly8fur0hsjhgmj30ro0ron0j.jpg?KID=imgbed,tva&Expires=1584955607&ssig=kyhQucKS2G",
        "id": "4076998181196994",
        "city": "15",
        "province": "41",
        "friends_count": 542,
        "user_location": "河南 信阳",
        "mid": "4076998181196994",
        "verified_reason": "",
        "attitudes_count": 0,
        "followers_count": 54,
        "verified_type": -1,
        "statuses_count": 95,
        "parent": "4076992960083887",
        "verified": false,
        "geo": null,
        "user_created_at": 1441359354,
        "favourites_count": 1,
        "screen_name": "Xin丿想你夜",
        "gender": "m",
        "user_geo_enabled": true,
        "username": "Xin丿想你夜",
        "comments_count": 0,
        "t": 1487515576,
        "video_status_count": 0,
        "urank": 9,
        "user_ability": 2097152,
        "credit_score": 80
    },
    {
        "reposts_count": 0,
        "uid": 5965655244,
        "bi_followers_count": 0,
        "text": "一群无知的吃瓜群众！人民日报对此已经辟谣了！",
        "user_description": "越努力 越幸运",
        "user_avatar": "https://tvax3.sinaimg.cn/crop.0.0.1080.1080.50/006vJhrSly8ga869k24uuj30u00u0tc7.jpg?KID=imgbed,tva&Expires=1584955607&ssig=P%2FGQQVdgnF",
        "id": "4076996289827449",
        "city": "5",
        "province": "35",
        "friends_count": 105,
        "user_location": "福建 泉州",
        "mid": "4076996289827449",
        "verified_reason": "",
        "attitudes_count": 0,
        "followers_count": 12,
        "verified_type": -1,
        "statuses_count": 3,
        "parent": "4076992960083887",
        "verified": false,
        "geo": null,
        "user_created_at": 1465739199,
        "favourites_count": 0,
        "screen_name": "St___Chen",
        "gender": "m",
        "user_geo_enabled": true,
        "username": "St___Chen",
        "comments_count": 0,
        "t": 1487515124,
        "video_status_count": 0,
        "urank": 4,
        "user_ability": 262144,
        "credit_score": 80
    }
]