[
    {
        "reposts_count": 0,
        "uid": 6087243992,
        "bi_followers_count": 3,
        "text": "安徽省蚌埠市第一医院：昨天凌晨二点二十三分，三名男女生感染sk5病毒死亡，最大的32岁，最小的5岁，参与抢救的医生已被隔离，中央1台电视新闻己播岀，暂时别吃鸡。鸭，魚，凉皮，冷面类，酸菜，特别是草魚，酸菜魚，水煮魚，目前大连有3167个已感染。收到马上发给你关心的人，最好是群发。为了您的健...全文： http://m.weibo.cn/6087243992/4076556235883116 ​",
        "user_description": "",
        "user_avatar": "https://tvax3.sinaimg.cn/crop.0.0.664.664.50/006DXseIly8fjs4dihandj30ig0ig3zj.jpg?KID=imgbed,tva&Expires=1584955553&ssig=UTgSeHwYnI",
        "id": "4076556235883116",
        "city": "1000",
        "province": "22",
        "friends_count": 103,
        "user_location": "吉林",
        "mid": "4076556235883116",
        "verified_reason": "",
        "attitudes_count": 1,
        "followers_count": 16,
        "verified_type": -1,
        "statuses_count": 75,
        "parent": null,
        "verified": false,
        "geo": null,
        "user_created_at": 1481709791,
        "favourites_count": 0,
        "screen_name": "精彩徐龙",
        "gender": "m",
        "user_geo_enabled": true,
        "username": "精彩徐龙",
        "comments_count": 1,
        "t": 1487410208,
        "video_status_count": 0,
        "urank": 9,
        "user_ability": 1048576,
        "credit_score": 80
    },
    {
        "reposts_count": 0,
        "uid": 1806299165,
        "bi_followers_count": 1761,
        "text": "假的",
        "user_description": "欢迎所有朋友都详细记录下自己每一次的败家小酌与疯狂嗨皮，同玩同乐，与大家共同分享自己的玩乐心得。QQ群：118146557",
        "user_avatar": "https://tva2.sinaimg.cn/crop.0.0.512.512.50/6ba9f01djw8f5692tleb8j20e80e8aam.jpg?KID=imgbed,tva&Expires=1584955553&ssig=UOnM6usRDv",
        "id": "4076572161578742",
        "city": "3",
        "province": "34",
        "friends_count": 3013,
        "user_location": "安徽 蚌埠",
        "mid": "4076572161578742",
        "verified_reason": "微博蚌埠同城大使",
        "attitudes_count": 0,
        "followers_count": 213093,
        "verified_type": 0,
        "statuses_count": 10333,
        "parent": "4076556235883116",
        "verified": true,
        "geo": null,
        "user_created_at": 1283218660,
        "favourites_count": 393,
        "screen_name": "人人爱蚌埠",
        "gender": "m",
        "user_geo_enabled": true,
        "username": "人人爱蚌埠",
        "comments_count": 0,
        "t": 1487414005,
        "video_status_count": 0,
        "urank": 48,
        "user_ability": 11800078,
        "credit_score": 80
    }
]