[
    {
        "reposts_count": 15,
        "uid": 1131224560,
        "bi_followers_count": 5077,
        "text": "#长春吐槽# 神奇的紫菜、黑色的塑料袋，你还敢吃么？[拜拜] http://t.cn/RJRGTzW ​",
        "user_description": "各地热门事件、民生吐槽爆料、吃喝玩乐达人、微公益正能量！商务合作VX：ccrm123456789，QQ：308000020",
        "user_avatar": "https://tvax2.sinaimg.cn/crop.0.0.664.664.50/436d1df0ly8fwx67jy27pj20ig0igwg1.jpg?KID=imgbed,tva&Expires=1584955844&ssig=ptFvGj256D",
        "id": "4076291567089810",
        "city": "1000",
        "province": "22",
        "friends_count": 5765,
        "user_location": "吉林",
        "mid": "4076291567089810",
        "verified_reason": "知名本地博主 本地资讯博主（长春）美食点评团成员 搞笑视频自媒体",
        "attitudes_count": 22,
        "followers_count": 1180747,
        "verified_type": 0,
        "statuses_count": 48999,
        "parent": null,
        "verified": true,
        "geo": null,
        "user_created_at": 1294541230,
        "favourites_count": 542,
        "screen_name": "长春热门",
        "gender": "m",
        "user_geo_enabled": false,
        "username": "长春热门",
        "comments_count": 59,
        "t": 1487347106,
        "video_status_count": 0,
        "urank": 48,
        "user_ability": -2135684596,
        "credit_score": 73
    },
    {
        "reposts_count": 0,
        "uid": 3107948687,
        "bi_followers_count": 3,
        "text": "@微博辟谣",
        "user_description": "",
        "user_avatar": "https://tva4.sinaimg.cn/crop.0.0.180.180.50/b93f888fjw8f6fdaw0r7ej2050050aa3.jpg?KID=imgbed,tva&Expires=1584955844&ssig=Cu5jhogq04",
        "id": "4077867979486347",
        "city": "5",
        "province": "35",
        "friends_count": 90,
        "user_location": "福建 泉州",
        "mid": "4077867979486347",
        "verified_reason": "",
        "attitudes_count": 0,
        "followers_count": 15,
        "verified_type": -1,
        "statuses_count": 5,
        "parent": "4076291567089810",
        "verified": false,
        "geo": null,
        "user_created_at": 1352819258,
        "favourites_count": 1,
        "screen_name": "4海8荒",
        "gender": "m",
        "user_geo_enabled": true,
        "username": "4海8荒",
        "comments_count": 0,
        "t": 1487722952,
        "video_status_count": 0,
        "urank": 7,
        "user_ability": 35651584,
        "credit_score": 80
    },
    {
        "reposts_count": 0,
        "uid": 5492467417,
        "bi_followers_count": 12,
        "text": "新闻都辟谣了，有一种天然组织叫琼胶，调查清楚在发表言论，传播假新闻要负责任的",
        "user_description": "",
        "user_avatar": "https://tvax3.sinaimg.cn/crop.0.0.512.512.50/005ZHPG9ly8fng84887rpj30e80e8dfy.jpg?KID=imgbed,tva&Expires=1584955844&ssig=IR%2B%2FyCZzrP",
        "id": "4077859284933999",
        "city": "1",
        "province": "37",
        "friends_count": 365,
        "user_location": "山东 济南",
        "mid": "4077859284933999",
        "verified_reason": "",
        "attitudes_count": 0,
        "followers_count": 146,
        "verified_type": -1,
        "statuses_count": 6421,
        "parent": "4076291567089810",
        "verified": false,
        "geo": null,
        "user_created_at": 1422014244,
        "favourites_count": 20,
        "screen_name": "因为柠檬柚子茶",
        "gender": "f",
        "user_geo_enabled": true,
        "username": "因为柠檬柚子茶",
        "comments_count": 0,
        "t": 1487720878,
        "video_status_count": 0,
        "urank": 14,
        "user_ability": 35652608,
        "credit_score": 80
    },
    {
        "reposts_count": 0,
        "uid": 5492467417,
        "bi_followers_count": 12,
        "text": "回复@晴MOMO晴:这是博眼球的假新闻",
        "user_description": "",
        "user_avatar": "https://tvax3.sinaimg.cn/crop.0.0.512.512.50/005ZHPG9ly8fng84887rpj30e80e8dfy.jpg?KID=imgbed,tva&Expires=1584955844&ssig=IR%2B%2FyCZzrP",
        "id": "4077859057902432",
        "city": "1",
        "province": "37",
        "friends_count": 365,
        "user_location": "山东 济南",
        "mid": "4077859057902432",
        "verified_reason": "",
        "attitudes_count": 0,
        "followers_count": 146,
        "verified_type": -1,
        "statuses_count": 6421,
        "parent": "4076291567089810",
        "verified": false,
        "geo": null,
        "user_created_at": 1422014244,
        "favourites_count": 20,
        "screen_name": "因为柠檬柚子茶",
        "gender": "f",
        "user_geo_enabled": true,
        "username": "因为柠檬柚子茶",
        "comments_count": 0,
        "t": 1487720826,
        "video_status_count": 0,
        "urank": 14,
        "user_ability": 35652608,
        "credit_score": 80
    },
    {
        "reposts_count": 0,
        "uid": 2781827322,
        "bi_followers_count": 11,
        "text": "这谣造得假得不能再假了[怒]",
        "user_description": "高价回收香烟，洋酒，白酒，冬虫夏草，花胶，鹿茸，高丽参，玉器首饰！电话13682290675\nQQ1535213228",
        "user_avatar": "https://tva4.sinaimg.cn/crop.0.0.180.180.50/a5cf50fajw1e8qgp5bmzyj2050050aa8.jpg?KID=imgbed,tva&Expires=1584955844&ssig=rwACXrJ7IZ",
        "id": "4077347541930610",
        "city": "1000",
        "province": "100",
        "friends_count": 1191,
        "user_location": "其他",
        "mid": "4077347541930610",
        "verified_reason": "",
        "attitudes_count": 0,
        "followers_count": 1183,
        "verified_type": -1,
        "statuses_count": 714,
        "parent": "4076291567089810",
        "verified": false,
        "geo": null,
        "user_created_at": 1358328248,
        "favourites_count": 26,
        "screen_name": "广州回收烟酒虫草",
        "gender": "m",
        "user_geo_enabled": true,
        "username": "广州回收烟酒虫草",
        "comments_count": 0,
        "t": 1487598869,
        "video_status_count": 0,
        "urank": 14,
        "user_ability": 2360320,
        "credit_score": 80
    },
    {
        "reposts_count": 0,
        "uid": 3933651930,
        "bi_followers_count": 10,
        "text": "听这口音就是离海边远的没啥这方面常识的",
        "user_description": "脑子坏掉了",
        "user_avatar": "https://tvax1.sinaimg.cn/crop.0.0.996.996.50/ea76c3daly8fdy4zqx2j3j20ro0rpwg6.jpg?KID=imgbed,tva&Expires=1584955844&ssig=jF%2BZf90lCB",
        "id": "4077221951871213",
        "city": "2",
        "province": "21",
        "friends_count": 248,
        "user_location": "辽宁 大连",
        "mid": "4077221951871213",
        "verified_reason": "",
        "attitudes_count": 0,
        "followers_count": 84,
        "verified_type": -1,
        "statuses_count": 390,
        "parent": "4076291567089810",
        "verified": false,
        "geo": null,
        "user_created_at": 1386500050,
        "favourites_count": 7,
        "screen_name": "胆小的奥特w慢",
        "gender": "f",
        "user_geo_enabled": true,
        "username": "胆小的奥特w慢",
        "comments_count": 0,
        "t": 1487568927,
        "video_status_count": 0,
        "urank": 14,
        "user_ability": 33554432,
        "credit_score": 80
    },
    {
        "reposts_count": 0,
        "uid": 5290488734,
        "bi_followers_count": 178,
        "text": "作为一个公众微博，你不知道造谣要判刑的吗？",
        "user_description": "小动物管理员",
        "user_avatar": "https://tvax3.sinaimg.cn/crop.0.0.1002.1002.50/005M2lNsly8g2doi3cn3oj30ru0ruacj.jpg?KID=imgbed,tva&Expires=1584955844&ssig=aU0fZA3ffQ",
        "id": "4077169963211084",
        "city": "1",
        "province": "31",
        "friends_count": 691,
        "user_location": "上海 黄浦区",
        "mid": "4077169963211084",
        "verified_reason": "",
        "attitudes_count": 0,
        "followers_count": 1394,
        "verified_type": -1,
        "statuses_count": 1095,
        "parent": "4076291567089810",
        "verified": false,
        "geo": null,
        "user_created_at": 1410435943,
        "favourites_count": 132,
        "screen_name": "向日小葵小葵",
        "gender": "f",
        "user_geo_enabled": true,
        "username": "向日小葵小葵",
        "comments_count": 0,
        "t": 1487556532,
        "video_status_count": 0,
        "urank": 40,
        "user_ability": 3409408,
        "credit_score": 80
    },
    {
        "reposts_count": 0,
        "uid": 5321379658,
        "bi_followers_count": 9,
        "text": "回复@W先生5809706447:这不是东北口音，东北三省口音最重的辽宁省也不是这个味",
        "user_description": "",
        "user_avatar": "https://tvax1.sinaimg.cn/crop.0.0.1080.1080.50/005O7XWaly8gcw7av1c2ij30u00u0acj.jpg?KID=imgbed,tva&Expires=1584955844&ssig=KXBlZ2QGNt",
        "id": "4077164439325709",
        "city": "1000",
        "province": "100",
        "friends_count": 58,
        "user_location": "其他",
        "mid": "4077164439325709",
        "verified_reason": "",
        "attitudes_count": 0,
        "followers_count": 11753,
        "verified_type": -1,
        "statuses_count": 203,
        "parent": "4076291567089810",
        "verified": false,
        "geo": null,
        "user_created_at": 1412697435,
        "favourites_count": 105,
        "screen_name": "又买了好多吃的",
        "gender": "f",
        "user_geo_enabled": true,
        "username": "又买了好多吃的",
        "comments_count": 0,
        "t": 1487555215,
        "video_status_count": 0,
        "urank": 38,
        "user_ability": 3407880,
        "credit_score": 80
    },
    {
        "reposts_count": 0,
        "uid": 2178755832,
        "bi_followers_count": 53,
        "text": "请拿紫菜和塑料膜做燃烧实验对比，或将紫菜拿到有关质监部门检测，如有塑料成分或塑化剂，本人愿意承担一切法律责任。阿一波等紫菜厂家均已发表声明并已报警严惩造谣者，请勿传播网络谣言，谢谢！",
        "user_description": "处女天秤男。",
        "user_avatar": "https://tva3.sinaimg.cn/crop.0.0.180.180.50/81dd2cf8jw1e8qgp5bmzyj2050050aa8.jpg?KID=imgbed,tva&Expires=1584955844&ssig=f5ZNSpb6bh",
        "id": "4077031916530688",
        "city": "5",
        "province": "35",
        "friends_count": 174,
        "user_location": "福建 泉州",
        "mid": "4077031916530688",
        "verified_reason": "",
        "attitudes_count": 0,
        "followers_count": 182,
        "verified_type": -1,
        "statuses_count": 146,
        "parent": "4076291567089810",
        "verified": false,
        "geo": null,
        "user_created_at": 1308293991,
        "favourites_count": 177,
        "screen_name": "牛先生SS",
        "gender": "m",
        "user_geo_enabled": true,
        "username": "牛先生SS",
        "comments_count": 0,
        "t": 1487523619,
        "video_status_count": 0,
        "urank": 25,
        "user_ability": 33554432,
        "credit_score": 80
    },
    {
        "reposts_count": 0,
        "uid": 5809706447,
        "bi_followers_count": 0,
        "text": "回复@十九娘娘:其实，有火队紫菜烤下就知道了。真的紫菜火烤不会蜷缩，颜色会变。",
        "user_description": "",
        "user_avatar": "https://tva4.sinaimg.cn/crop.0.1.1242.1242.50/006laW2Hjw8eze4doflh4j30yi0yldhp.jpg?KID=imgbed,tva&Expires=1584955844&ssig=Q4jFnPKM%2BW",
        "id": "4077017434151006",
        "city": "5",
        "province": "35",
        "friends_count": 116,
        "user_location": "福建 泉州",
        "mid": "4077017434151006",
        "verified_reason": "",
        "attitudes_count": 0,
        "followers_count": 15,
        "verified_type": -1,
        "statuses_count": 9,
        "parent": "4076291567089810",
        "verified": false,
        "geo": null,
        "user_created_at": 1451191728,
        "favourites_count": 0,
        "screen_name": "W先生5809706447",
        "gender": "m",
        "user_geo_enabled": true,
        "username": "W先生5809706447",
        "comments_count": 0,
        "t": 1487520166,
        "video_status_count": 0,
        "urank": 4,
        "user_ability": 0,
        "credit_score": 80
    },
    {
        "reposts_count": 0,
        "uid": 5809706447,
        "bi_followers_count": 0,
        "text": "那视频里的大妈，听口音东北的！难怪了。是好是坏分不清！难怪了山炮了。不懂就别瞎栽，毁人家名誉。虽然你的出发点是好的。但做事说是，用用脑，没忘脑袋是长头上的吧！瞎。",
        "user_description": "",
        "user_avatar": "https://tva4.sinaimg.cn/crop.0.1.1242.1242.50/006laW2Hjw8eze4doflh4j30yi0yldhp.jpg?KID=imgbed,tva&Expires=1584955844&ssig=Q4jFnPKM%2BW",
        "id": "4077017005485374",
        "city": "5",
        "province": "35",
        "friends_count": 116,
        "user_location": "福建 泉州",
        "mid": "4077017005485374",
        "verified_reason": "",
        "attitudes_count": 0,
        "followers_count": 15,
        "verified_type": -1,
        "statuses_count": 9,
        "parent": "4076291567089810",
        "verified": false,
        "geo": null,
        "user_created_at": 1451191728,
        "favourites_count": 0,
        "screen_name": "W先生5809706447",
        "gender": "m",
        "user_geo_enabled": true,
        "username": "W先生5809706447",
        "comments_count": 0,
        "t": 1487520064,
        "video_status_count": 0,
        "urank": 4,
        "user_ability": 0,
        "credit_score": 80
    },
    {
        "reposts_count": 0,
        "uid": 5078055388,
        "bi_followers_count": 216,
        "text": "看视频就想说一句，sb[笑cry]",
        "user_description": "coser风早，合作请私信。",
        "user_avatar": "https://tvax2.sinaimg.cn/crop.0.0.996.996.50/005xF0baly8fgcnswcktmj30ro0rowgy.jpg?KID=imgbed,tva&Expires=1584955844&ssig=gF%2B6%2BTt92L",
        "id": "4077002497199017",
        "city": "1000",
        "province": "100",
        "friends_count": 737,
        "user_location": "其他",
        "mid": "4077002497199017",
        "verified_reason": "动漫博主",
        "attitudes_count": 0,
        "followers_count": 13705,
        "verified_type": 0,
        "statuses_count": 2921,
        "parent": "4076291567089810",
        "verified": true,
        "geo": null,
        "user_created_at": 1395293203,
        "favourites_count": 122,
        "screen_name": "风早大人",
        "gender": "f",
        "user_geo_enabled": true,
        "username": "风早大人",
        "comments_count": 0,
        "t": 1487516604,
        "video_status_count": 0,
        "urank": 37,
        "user_ability": 2361352,
        "credit_score": 80
    },
    {
        "reposts_count": 0,
        "uid": 1034512857,
        "bi_followers_count": 0,
        "text": "脑子是个好东西，可惜发视频的人没有",
        "user_description": "",
        "user_avatar": "https://tvax3.sinaimg.cn/crop.0.0.1125.1125.50/3da969d9ly8foldk4bt7fj20v90v9tbh.jpg?KID=imgbed,tva&Expires=1584955844&ssig=lnmyKzhn78",
        "id": "4076986077131239",
        "city": "2",
        "province": "21",
        "friends_count": 208,
        "user_location": "辽宁 大连",
        "mid": "4076986077131239",
        "verified_reason": "",
        "attitudes_count": 0,
        "followers_count": 19012,
        "verified_type": -1,
        "statuses_count": 175,
        "parent": "4076291567089810",
        "verified": false,
        "geo": null,
        "user_created_at": 1277221457,
        "favourites_count": 11,
        "screen_name": "石头10005",
        "gender": "m",
        "user_geo_enabled": true,
        "username": "石头10005",
        "comments_count": 0,
        "t": 1487512690,
        "video_status_count": 0,
        "urank": 36,
        "user_ability": 2359304,
        "credit_score": 80
    },
    {
        "reposts_count": 0,
        "uid": 2116303767,
        "bi_followers_count": 12,
        "text": "放屁",
        "user_description": "",
        "user_avatar": "https://tva4.sinaimg.cn/crop.0.0.996.996.50/7e243b97jw8f72i9bks6tj20ro0rpq4e.jpg?KID=imgbed,tva&Expires=1584955844&ssig=n1FEIB%2FKqR",
        "id": "4076870653219044",
        "city": "1000",
        "province": "11",
        "friends_count": 106,
        "user_location": "北京",
        "mid": "4076870653219044",
        "verified_reason": "",
        "attitudes_count": 0,
        "followers_count": 23,
        "verified_type": -1,
        "statuses_count": 173,
        "parent": "4076291567089810",
        "verified": false,
        "geo": null,
        "user_created_at": 1304301612,
        "favourites_count": 12,
        "screen_name": "独立金汪",
        "gender": "f",
        "user_geo_enabled": true,
        "username": "独立金汪",
        "comments_count": 0,
        "t": 1487485171,
        "video_status_count": 0,
        "urank": 9,
        "user_ability": 0,
        "credit_score": 80
    },
    {
        "reposts_count": 0,
        "uid": 2116303767,
        "bi_followers_count": 12,
        "text": "放弃",
        "user_description": "",
        "user_avatar": "https://tva4.sinaimg.cn/crop.0.0.996.996.50/7e243b97jw8f72i9bks6tj20ro0rpq4e.jpg?KID=imgbed,tva&Expires=1584955844&ssig=n1FEIB%2FKqR",
        "id": "4076870615764000",
        "city": "1000",
        "province": "11",
        "friends_count": 106,
        "user_location": "北京",
        "mid": "4076870615764000",
        "verified_reason": "",
        "attitudes_count": 0,
        "followers_count": 23,
        "verified_type": -1,
        "statuses_count": 173,
        "parent": "4076291567089810",
        "verified": false,
        "geo": null,
        "user_created_at": 1304301612,
        "favourites_count": 12,
        "screen_name": "独立金汪",
        "gender": "f",
        "user_geo_enabled": true,
        "username": "独立金汪",
        "comments_count": 0,
        "t": 1487485162,
        "video_status_count": 0,
        "urank": 9,
        "user_ability": 0,
        "credit_score": 80
    },
    {
        "reposts_count": 0,
        "uid": 1868260080,
        "bi_followers_count": 175,
        "text": "大v请注意素质，不要转发造谣视频，已澄清过得东西这样会被追究法律责任的",
        "user_description": "有些事你现在不去做,就永远不会做了.i on the way!",
        "user_avatar": "https://tva2.sinaimg.cn/crop.0.0.748.748.50/6f5b62f0jw8eh3n8nxhzmj20ks0ksq4r.jpg?KID=imgbed,tva&Expires=1584955844&ssig=wVLEkMWx5E",
        "id": "4076869731675462",
        "city": "1",
        "province": "35",
        "friends_count": 411,
        "user_location": "福建 福州",
        "mid": "4076869731675462",
        "verified_reason": "",
        "attitudes_count": 0,
        "followers_count": 374,
        "verified_type": 220,
        "statuses_count": 1049,
        "parent": "4076291567089810",
        "verified": false,
        "geo": null,
        "user_created_at": 1288842463,
        "favourites_count": 321,
        "screen_name": "老施同学盼风轻云淡",
        "gender": "m",
        "user_geo_enabled": true,
        "username": "老施同学盼风轻云淡",
        "comments_count": 0,
        "t": 1487484951,
        "video_status_count": 0,
        "urank": 23,
        "user_ability": 33554432,
        "credit_score": 80
    },
    {
        "reposts_count": 0,
        "uid": 1586559561,
        "bi_followers_count": 85,
        "text": "SB吧，泡个水就说是塑料袋，你根本就没证明其成分，不怕商家告你呀！还有你说这是塑料袋，你证明一下紫菜到底啥样。这些无根据视频请勿乱转",
        "user_description": "平凡、普通、固执、做梦，喜欢在自己的地方固步自封，很摩羯，没有目的，不知道到终点，不知道不悔是什么，只选择眼前。",
        "user_avatar": "https://tva2.sinaimg.cn/crop.0.0.639.639.50/5e90fa49jw8ew8nz2ya38j20hs0hr74v.jpg?KID=imgbed,tva&Expires=1584955844&ssig=TdF%2BlFSUoS",
        "id": "4076845399637781",
        "city": "1000",
        "province": "100",
        "friends_count": 743,
        "user_location": "其他",
        "mid": "4076845399637781",
        "verified_reason": "",
        "attitudes_count": 0,
        "followers_count": 463,
        "verified_type": 220,
        "statuses_count": 2999,
        "parent": "4076291567089810",
        "verified": false,
        "geo": null,
        "user_created_at": 1261060583,
        "favourites_count": 2448,
        "screen_name": "沐小允",
        "gender": "f",
        "user_geo_enabled": false,
        "username": "沐小允",
        "comments_count": 0,
        "t": 1487479150,
        "video_status_count": 0,
        "urank": 33,
        "user_ability": 35652608,
        "credit_score": 80
    },
    {
        "reposts_count": 0,
        "uid": 2411446297,
        "bi_followers_count": 50,
        "text": "是不是黑色塑料袋做的用火烧一下不就知道了[挖鼻]，泡水验证。。。你四不四傻[摊手]",
        "user_description": "",
        "user_avatar": "https://tva1.sinaimg.cn/crop.0.3.751.751.50/8fbbc019jw8f6uak0gsm1j20kv0l1q44.jpg?KID=imgbed,tva&Expires=1584955844&ssig=INp2hzqADS",
        "id": "4076808623671277",
        "city": "1000",
        "province": "35",
        "friends_count": 117,
        "user_location": "福建",
        "mid": "4076808623671277",
        "verified_reason": "",
        "attitudes_count": 0,
        "followers_count": 103,
        "verified_type": -1,
        "statuses_count": 621,
        "parent": "4076291567089810",
        "verified": false,
        "geo": null,
        "user_created_at": 1319471164,
        "favourites_count": 2,
        "screen_name": "我在南方的艳阳里吃着炸鸡_",
        "gender": "m",
        "user_geo_enabled": true,
        "username": "我在南方的艳阳里吃着炸鸡_",
        "comments_count": 0,
        "t": 1487470383,
        "video_status_count": 0,
        "urank": 22,
        "user_ability": 33554432,
        "credit_score": 75
    },
    {
        "reposts_count": 0,
        "uid": 1806912700,
        "bi_followers_count": 45,
        "text": "智商请充值，脑子要有。造谣传谣，判刑坐牢，@公安部打四黑除四害",
        "user_description": "",
        "user_avatar": "https://tva1.sinaimg.cn/crop.0.0.180.180.50/6bb34cbcjw1e8qgp5bmzyj2050050aa8.jpg?KID=imgbed,tva&Expires=1584955844&ssig=bJvrrvrb6d",
        "id": "4076790051861427",
        "city": "12",
        "province": "11",
        "friends_count": 655,
        "user_location": "北京 通州区",
        "mid": "4076790051861427",
        "verified_reason": "",
        "attitudes_count": 0,
        "followers_count": 110,
        "verified_type": -1,
        "statuses_count": 1307,
        "parent": "4076291567089810",
        "verified": false,
        "geo": null,
        "user_created_at": 1283613600,
        "favourites_count": 247,
        "screen_name": "JJLuo86",
        "gender": "m",
        "user_geo_enabled": false,
        "username": "JJLuo86",
        "comments_count": 0,
        "t": 1487465954,
        "video_status_count": 0,
        "urank": 34,
        "user_ability": 3145728,
        "credit_score": 80
    },
    {
        "reposts_count": 0,
        "uid": 6025613803,
        "bi_followers_count": 2,
        "text": "现在为什么那么多得病的人，就是中国人坑中国人",
        "user_description": "",
        "user_avatar": "https://tvax2.sinaimg.cn/crop.0.0.996.996.50/006zMRpply8fkf7bcrj86j30ro0rp78e.jpg?KID=imgbed,tva&Expires=1584955844&ssig=YOrarjmmvw",
        "id": "4076771185824892",
        "city": "1",
        "province": "22",
        "friends_count": 84,
        "user_location": "吉林 长春",
        "mid": "4076771185824892",
        "verified_reason": "",
        "attitudes_count": 0,
        "followers_count": 22,
        "verified_type": -1,
        "statuses_count": 1,
        "parent": "4076291567089810",
        "verified": false,
        "geo": null,
        "user_created_at": 1474089809,
        "favourites_count": 1,
        "screen_name": "用户6025613803",
        "gender": "m",
        "user_geo_enabled": true,
        "username": "用户6025613803",
        "comments_count": 0,
        "t": 1487461456,
        "video_status_count": 0,
        "urank": 9,
        "user_ability": 33554432,
        "credit_score": 80
    },
    {
        "reposts_count": 0,
        "uid": 1771933260,
        "bi_followers_count": 51,
        "text": "回复@长春市内人口贩卖:不用麻烦政府，这有脑子的都知道，就是普通紫菜",
        "user_description": "不管再过多少年，你们都是我的心事。",
        "user_avatar": "https://tvax2.sinaimg.cn/crop.0.0.996.996.50/699d8e4cly8gbg1k43gjij20ro0ro43d.jpg?KID=imgbed,tva&Expires=1584955844&ssig=KsOVtSwgJc",
        "id": "4076587488523964",
        "city": "7",
        "province": "43",
        "friends_count": 146,
        "user_location": "湖南 常德",
        "mid": "4076587488523964",
        "verified_reason": "",
        "attitudes_count": 0,
        "followers_count": 73,
        "verified_type": 220,
        "statuses_count": 9454,
        "parent": "4076291567089810",
        "verified": false,
        "geo": null,
        "user_created_at": 1282229906,
        "favourites_count": 218,
        "screen_name": "鲨_2020拖延症毕业希望",
        "gender": "f",
        "user_geo_enabled": true,
        "username": "鲨_2020拖延症毕业希望",
        "comments_count": 0,
        "t": 1487417658,
        "video_status_count": 0,
        "urank": 48,
        "user_ability": 2359296,
        "credit_score": 80
    },
    {
        "reposts_count": 0,
        "uid": 5616946029,
        "bi_followers_count": 10,
        "text": "回复@长春市内人口贩卖:政府忙不忙？不忙来帮着看看，这是啥玩意儿[微笑]",
        "user_description": "命都不要，就爱安逸",
        "user_avatar": "https://tva3.sinaimg.cn/crop.0.0.996.996.50/006888fHjw8fctjkwb5n3j30ro0rp77k.jpg?KID=imgbed,tva&Expires=1584955844&ssig=XXyAd5%2B7Gi",
        "id": "4076544987055066",
        "city": "1000",
        "province": "22",
        "friends_count": 297,
        "user_location": "吉林",
        "mid": "4076544987055066",
        "verified_reason": "",
        "attitudes_count": 0,
        "followers_count": 137,
        "verified_type": -1,
        "statuses_count": 420,
        "parent": "4076291567089810",
        "verified": false,
        "geo": null,
        "user_created_at": 1462800803,
        "favourites_count": 0,
        "screen_name": "长春市内人口贩卖",
        "gender": "m",
        "user_geo_enabled": true,
        "username": "长春市内人口贩卖",
        "comments_count": 0,
        "t": 1487407526,
        "video_status_count": 0,
        "urank": 9,
        "user_ability": 0,
        "credit_score": 80
    },
    {
        "reposts_count": 0,
        "uid": 5616946029,
        "bi_followers_count": 10,
        "text": "@长春市质量技术监督局",
        "user_description": "命都不要，就爱安逸",
        "user_avatar": "https://tva3.sinaimg.cn/crop.0.0.996.996.50/006888fHjw8fctjkwb5n3j30ro0rp77k.jpg?KID=imgbed,tva&Expires=1584955844&ssig=XXyAd5%2B7Gi",
        "id": "4076544760211651",
        "city": "1000",
        "province": "22",
        "friends_count": 297,
        "user_location": "吉林",
        "mid": "4076544760211651",
        "verified_reason": "",
        "attitudes_count": 0,
        "followers_count": 137,
        "verified_type": -1,
        "statuses_count": 420,
        "parent": "4076291567089810",
        "verified": false,
        "geo": null,
        "user_created_at": 1462800803,
        "favourites_count": 0,
        "screen_name": "长春市内人口贩卖",
        "gender": "m",
        "user_geo_enabled": true,
        "username": "长春市内人口贩卖",
        "comments_count": 0,
        "t": 1487407472,
        "video_status_count": 0,
        "urank": 9,
        "user_ability": 0,
        "credit_score": 80
    },
    {
        "reposts_count": 0,
        "uid": 5880596158,
        "bi_followers_count": 0,
        "text": "大妈微博呢？有种发出来[摊手]",
        "user_description": "相由心生",
        "user_avatar": "https://tvax1.sinaimg.cn/crop.0.0.1080.1080.50/006pYnH8ly8g5rlzxdtzzj30u00u0n4s.jpg?KID=imgbed,tva&Expires=1584955844&ssig=8xinGNo5iC",
        "id": "4076537461941522",
        "city": "1000",
        "province": "21",
        "friends_count": 241,
        "user_location": "辽宁",
        "mid": "4076537461941522",
        "verified_reason": "",
        "attitudes_count": 0,
        "followers_count": 65,
        "verified_type": -1,
        "statuses_count": 29,
        "parent": "4076291567089810",
        "verified": false,
        "geo": null,
        "user_created_at": 1457887430,
        "favourites_count": 5,
        "screen_name": "左冷禅左牵黄",
        "gender": "m",
        "user_geo_enabled": true,
        "username": "左冷禅左牵黄",
        "comments_count": 0,
        "t": 1487405732,
        "video_status_count": 0,
        "urank": 4,
        "user_ability": 35652608,
        "credit_score": 78
    },
    {
        "reposts_count": 0,
        "uid": 5880596158,
        "bi_followers_count": 0,
        "text": "回复@cyanmi_小蓝宝宝:23333333，估计你吃的才是假紫菜[摊手]紫菜拿来凉拌，很有嚼劲的好嘛",
        "user_description": "相由心生",
        "user_avatar": "https://tvax1.sinaimg.cn/crop.0.0.1080.1080.50/006pYnH8ly8g5rlzxdtzzj30u00u0n4s.jpg?KID=imgbed,tva&Expires=1584955844&ssig=8xinGNo5iC",
        "id": "4076535537334938",
        "city": "1000",
        "province": "21",
        "friends_count": 241,
        "user_location": "辽宁",
        "mid": "4076535537334938",
        "verified_reason": "",
        "attitudes_count": 0,
        "followers_count": 65,
        "verified_type": -1,
        "statuses_count": 29,
        "parent": "4076291567089810",
        "verified": false,
        "geo": null,
        "user_created_at": 1457887430,
        "favourites_count": 5,
        "screen_name": "左冷禅左牵黄",
        "gender": "m",
        "user_geo_enabled": true,
        "username": "左冷禅左牵黄",
        "comments_count": 0,
        "t": 1487405272,
        "video_status_count": 0,
        "urank": 4,
        "user_ability": 35652608,
        "credit_score": 78
    },
    {
        "reposts_count": 0,
        "uid": 5880596158,
        "bi_followers_count": 0,
        "text": "塑料袋那么有弹性？塑料袋泡水会变化？你欺负我只吃过紫菜没见过塑料袋？真的是在网络上说话可以不负责任啊，小心被人人肉出来告你诽谤。",
        "user_description": "相由心生",
        "user_avatar": "https://tvax1.sinaimg.cn/crop.0.0.1080.1080.50/006pYnH8ly8g5rlzxdtzzj30u00u0n4s.jpg?KID=imgbed,tva&Expires=1584955844&ssig=8xinGNo5iC",
        "id": "4076535260423191",
        "city": "1000",
        "province": "21",
        "friends_count": 241,
        "user_location": "辽宁",
        "mid": "4076535260423191",
        "verified_reason": "",
        "attitudes_count": 0,
        "followers_count": 65,
        "verified_type": -1,
        "statuses_count": 29,
        "parent": "4076291567089810",
        "verified": false,
        "geo": null,
        "user_created_at": 1457887430,
        "favourites_count": 5,
        "screen_name": "左冷禅左牵黄",
        "gender": "m",
        "user_geo_enabled": true,
        "username": "左冷禅左牵黄",
        "comments_count": 0,
        "t": 1487405207,
        "video_status_count": 0,
        "urank": 4,
        "user_ability": 35652608,
        "credit_score": 78
    },
    {
        "reposts_count": 0,
        "uid": 5368419132,
        "bi_followers_count": 8,
        "text": "我觉得是黑色安全套，不是黑色塑料袋",
        "user_description": "",
        "user_avatar": "https://tva1.sinaimg.cn/crop.0.0.720.720.50/005Rjl3mjw8enb66jscocj30k00k1taj.jpg?KID=imgbed,tva&Expires=1584955844&ssig=SuRF26Soa0",
        "id": "4076487688972440",
        "city": "1",
        "province": "22",
        "friends_count": 86,
        "user_location": "吉林 长春",
        "mid": "4076487688972440",
        "verified_reason": "",
        "attitudes_count": 0,
        "followers_count": 961,
        "verified_type": -1,
        "statuses_count": 0,
        "parent": "4076291567089810",
        "verified": false,
        "geo": null,
        "user_created_at": 1415852860,
        "favourites_count": 1,
        "screen_name": "国防费春姑娘",
        "gender": "m",
        "user_geo_enabled": true,
        "username": "国防费春姑娘",
        "comments_count": 0,
        "t": 1487393864,
        "video_status_count": 0,
        "urank": 9,
        "user_ability": 35651584,
        "credit_score": 80
    },
    {
        "reposts_count": 0,
        "uid": 2685988595,
        "bi_followers_count": 73,
        "text": "@Abarth-小明 @极品屌丝_Kevin @射手座的小格调 @墎蜀黍",
        "user_description": "🎈",
        "user_avatar": "https://tva1.sinaimg.cn/crop.1.0.748.748.50/a018eef3jw8f5mtju3umuj20ku0ksglp.jpg?KID=imgbed,tva&Expires=1584955844&ssig=d3RAku2Yy6",
        "id": "4076467715031001",
        "city": "3",
        "province": "22",
        "friends_count": 837,
        "user_location": "吉林 四平",
        "mid": "4076467715031001",
        "verified_reason": "",
        "attitudes_count": 0,
        "followers_count": 525,
        "verified_type": -1,
        "statuses_count": 523,
        "parent": "4076291567089810",
        "verified": false,
        "geo": null,
        "user_created_at": 1333110403,
        "favourites_count": 1815,
        "screen_name": "我是你刘哥呀",
        "gender": "m",
        "user_geo_enabled": true,
        "username": "我是你刘哥呀",
        "comments_count": 0,
        "t": 1487389104,
        "video_status_count": 0,
        "urank": 37,
        "user_ability": 2097152,
        "credit_score": 80
    },
    {
        "reposts_count": 0,
        "uid": 2003324591,
        "bi_followers_count": 216,
        "text": "一波坑爹妈爷奶的视频上线了",
        "user_description": "You’re a creator. You think different, challenge everything and everyone, most of all yourself. You’re on a quest for better.",
        "user_avatar": "https://tva1.sinaimg.cn/crop.0.0.640.640.50/77684eafjw8eh0azfhp3ij20hs0hs75e.jpg?KID=imgbed,tva&Expires=1584955844&ssig=GWZRTVGic7",
        "id": "4076465781726095",
        "city": "4",
        "province": "31",
        "friends_count": 608,
        "user_location": "上海 徐汇区",
        "mid": "4076465781726095",
        "verified_reason": "",
        "attitudes_count": 0,
        "followers_count": 702,
        "verified_type": 220,
        "statuses_count": 4311,
        "parent": "4076291567089810",
        "verified": false,
        "geo": null,
        "user_created_at": 1299076820,
        "favourites_count": 171,
        "screen_name": "D茤藦M",
        "gender": "m",
        "user_geo_enabled": true,
        "username": "D茤藦M",
        "comments_count": 0,
        "t": 1487388641,
        "video_status_count": 0,
        "urank": 34,
        "user_ability": 2097152,
        "credit_score": 80
    },
    {
        "reposts_count": 0,
        "uid": 1979348134,
        "bi_followers_count": 11,
        "text": "紫菜分早晚期采摘，早期的就是比较嫩，晚期就比较老，咬不动，你见过塑料袋吸水？你见过塑料袋能泡开？服了！没文化还乱传谣言！",
        "user_description": "努力成为心中那个美好的自己!B-)",
        "user_avatar": "https://tva2.sinaimg.cn/crop.0.0.512.512.50/75fa74a6jw8ezou20zm3rj20e80e874s.jpg?KID=imgbed,tva&Expires=1584955844&ssig=paluuI3ifR",
        "id": "4076461571026239",
        "city": "2",
        "province": "46",
        "friends_count": 76,
        "user_location": "海南 三亚",
        "mid": "4076461571026239",
        "verified_reason": "",
        "attitudes_count": 0,
        "followers_count": 102,
        "verified_type": -1,
        "statuses_count": 107,
        "parent": "4076291567089810",
        "verified": false,
        "geo": null,
        "user_created_at": 1305335260,
        "favourites_count": 10,
        "screen_name": "变超人Zi彤",
        "gender": "f",
        "user_geo_enabled": true,
        "username": "变超人Zi彤",
        "comments_count": 0,
        "t": 1487387638,
        "video_status_count": 0,
        "urank": 14,
        "user_ability": 0,
        "credit_score": 80
    },
    {
        "reposts_count": 0,
        "uid": 1797145005,
        "bi_followers_count": 358,
        "text": "@荭色娘子军 看评论",
        "user_description": "🐠",
        "user_avatar": "https://tvax3.sinaimg.cn/crop.0.0.512.512.50/6b1e41adly8g3a831ityrj20e80e8wf2.jpg?KID=imgbed,tva&Expires=1584955844&ssig=sCsBxIgD6%2F",
        "id": "4076458194050705",
        "city": "1",
        "province": "22",
        "friends_count": 572,
        "user_location": "吉林 长春",
        "mid": "4076458194050705",
        "verified_reason": "",
        "attitudes_count": 0,
        "followers_count": 1551,
        "verified_type": 220,
        "statuses_count": 650,
        "parent": "4076291567089810",
        "verified": false,
        "geo": null,
        "user_created_at": 1282036678,
        "favourites_count": 1211,
        "screen_name": "奥莉黑黑",
        "gender": "f",
        "user_geo_enabled": true,
        "username": "奥莉黑黑",
        "comments_count": 0,
        "t": 1487386833,
        "video_status_count": 0,
        "urank": 35,
        "user_ability": 3146752,
        "credit_score": 80
    },
    {
        "reposts_count": 0,
        "uid": 5574302079,
        "bi_followers_count": 12,
        "text": "这个塑料袋材质挺另类啊，吸水能力强，韧性好，撕不断，都能申请专利了吧，当紫菜卖太可惜了。[二哈][笑cry]",
        "user_description": "",
        "user_avatar": "https://tva4.sinaimg.cn/crop.0.1.640.640.50/0065fcC3jw8eqlfby1te1j30hs0hudga.jpg?KID=imgbed,tva&Expires=1584955844&ssig=uazFVa7xmI",
        "id": "4076431438489011",
        "city": "1",
        "province": "22",
        "friends_count": 44,
        "user_location": "吉林 长春",
        "mid": "4076431438489011",
        "verified_reason": "",
        "attitudes_count": 0,
        "followers_count": 55,
        "verified_type": -1,
        "statuses_count": 225,
        "parent": "4076291567089810",
        "verified": false,
        "geo": null,
        "user_created_at": 1427523373,
        "favourites_count": 24,
        "screen_name": "瑶拉卷",
        "gender": "f",
        "user_geo_enabled": false,
        "username": "瑶拉卷",
        "comments_count": 0,
        "t": 1487380454,
        "video_status_count": 0,
        "urank": 27,
        "user_ability": 33555456,
        "credit_score": 80
    },
    {
        "reposts_count": 0,
        "uid": 2855075147,
        "bi_followers_count": 5,
        "text": "如果是塑料袋，用水泡有用吗？啥时候看到塑料袋还吸水？ 拍视频的人，智商应该充值了！",
        "user_description": "本人男，爱好女",
        "user_avatar": "https://tva4.sinaimg.cn/crop.27.9.631.631.50/aa2cfd4bjw1f0ayyx2919j20j60j6di8.jpg?KID=imgbed,tva&Expires=1584955844&ssig=b%2FricMHgBA",
        "id": "4076425067142754",
        "city": "3",
        "province": "44",
        "friends_count": 271,
        "user_location": "广东 深圳",
        "mid": "4076425067142754",
        "verified_reason": "",
        "attitudes_count": 0,
        "followers_count": 177,
        "verified_type": -1,
        "statuses_count": 820,
        "parent": "4076291567089810",
        "verified": false,
        "geo": null,
        "user_created_at": 1346119519,
        "favourites_count": 3,
        "screen_name": "如此四季侯宇",
        "gender": "m",
        "user_geo_enabled": true,
        "username": "如此四季侯宇",
        "comments_count": 0,
        "t": 1487378936,
        "video_status_count": 0,
        "urank": 9,
        "user_ability": 2097152,
        "credit_score": 80
    },
    {
        "reposts_count": 0,
        "uid": 3227104404,
        "bi_followers_count": 7,
        "text": "这视频是错误的，紫菜是真紫菜，是录视频者缺乏常识或者弱智。科普大V辟谣过。",
        "user_description": "收废品诚聘帮手，会蹬倒骑驴优先。",
        "user_avatar": "https://tva4.sinaimg.cn/crop.0.0.1242.1242.50/c059b494jw8f0osvl2ktzj20yi0yitbc.jpg?KID=imgbed,tva&Expires=1584955844&ssig=TkAhTK8r90",
        "id": "4076423851640583",
        "city": "1",
        "province": "22",
        "friends_count": 318,
        "user_location": "吉林 长春",
        "mid": "4076423851640583",
        "verified_reason": "",
        "attitudes_count": 0,
        "followers_count": 1207,
        "verified_type": -1,
        "statuses_count": 2865,
        "parent": "4076291567089810",
        "verified": false,
        "geo": null,
        "user_created_at": 1363601396,
        "favourites_count": 40,
        "screen_name": "狂暴的小矮人",
        "gender": "m",
        "user_geo_enabled": true,
        "username": "狂暴的小矮人",
        "comments_count": 0,
        "t": 1487378645,
        "video_status_count": 0,
        "urank": 14,
        "user_ability": 33554432,
        "credit_score": 80
    },
    {
        "reposts_count": 0,
        "uid": 2306020201,
        "bi_followers_count": 5,
        "text": "这个视频新闻不是都辟谣了吗？咋还有人在传谣？",
        "user_description": "DOTA（C）、足球（M）",
        "user_avatar": "https://tvax1.sinaimg.cn/crop.0.0.996.996.50/89731369ly8g46unulr8vj20ro0rogor.jpg?KID=imgbed,tva&Expires=1584955844&ssig=UPjhKy3hOe",
        "id": "4076423104662273",
        "city": "2",
        "province": "21",
        "friends_count": 26,
        "user_location": "辽宁 大连",
        "mid": "4076423104662273",
        "verified_reason": "",
        "attitudes_count": 0,
        "followers_count": 177,
        "verified_type": -1,
        "statuses_count": 156,
        "parent": "4076291567089810",
        "verified": false,
        "geo": null,
        "user_created_at": 1313469688,
        "favourites_count": 53,
        "screen_name": "ThinkingUnlock",
        "gender": "m",
        "user_geo_enabled": true,
        "username": "ThinkingUnlock",
        "comments_count": 0,
        "t": 1487378467,
        "video_status_count": 0,
        "urank": 11,
        "user_ability": 262144,
        "credit_score": 80
    },
    {
        "reposts_count": 0,
        "uid": 3182674242,
        "bi_followers_count": 23,
        "text": "光这么泡有个屁用，根本证明不了啥，而且我也仔细看了，没有那么强的塑料感，烧一下不就知道了！这能看出个啥啊",
        "user_description": "有趣的人不需要备注",
        "user_avatar": "https://tvax2.sinaimg.cn/crop.0.0.1242.1242.50/bdb3c142ly8flahsb1ncdj20yi0yiq5k.jpg?KID=imgbed,tva&Expires=1584955844&ssig=l%2BDZ6w%2FKgK",
        "id": "4076418037583425",
        "city": "1",
        "province": "23",
        "friends_count": 731,
        "user_location": "黑龙江 哈尔滨",
        "mid": "4076418037583425",
        "verified_reason": "",
        "attitudes_count": 0,
        "followers_count": 256,
        "verified_type": -1,
        "statuses_count": 7957,
        "parent": "4076291567089810",
        "verified": false,
        "geo": null,
        "user_created_at": 1360250253,
        "favourites_count": 4,
        "screen_name": "妮子的卤蛋先生",
        "gender": "m",
        "user_geo_enabled": true,
        "username": "妮子的卤蛋先生",
        "comments_count": 0,
        "t": 1487377260,
        "video_status_count": 0,
        "urank": 38,
        "user_ability": 35913728,
        "credit_score": 80
    },
    {
        "reposts_count": 0,
        "uid": 2817474151,
        "bi_followers_count": 29,
        "text": "@博物杂志 求证实",
        "user_description": "",
        "user_avatar": "https://tva4.sinaimg.cn/crop.0.0.512.512.50/a7ef3e67jw8f20qxeevn9j20e80e8jru.jpg?KID=imgbed,tva&Expires=1584955844&ssig=0JGgG8gx6O",
        "id": "4076409532565089",
        "city": "1",
        "province": "45",
        "friends_count": 167,
        "user_location": "广西 南宁",
        "mid": "4076409532565089",
        "verified_reason": "",
        "attitudes_count": 0,
        "followers_count": 185,
        "verified_type": -1,
        "statuses_count": 96,
        "parent": "4076291567089810",
        "verified": false,
        "geo": null,
        "user_created_at": 1344142140,
        "favourites_count": 99,
        "screen_name": "一位不愿透露姓名的好学生",
        "gender": "m",
        "user_geo_enabled": true,
        "username": "一位不愿透露姓名的好学生",
        "comments_count": 0,
        "t": 1487375231,
        "video_status_count": 0,
        "urank": 15,
        "user_ability": 2098176,
        "credit_score": 80
    },
    {
        "reposts_count": 0,
        "uid": 1656296290,
        "bi_followers_count": 3,
        "text": "感觉扯淡",
        "user_description": "",
        "user_avatar": "https://tvax1.sinaimg.cn/crop.1.0.176.176.50/62b91362ly8fdjtqdu72rj205005074j.jpg?KID=imgbed,tva&Expires=1584955844&ssig=8Q2Z6Oyg8i",
        "id": "4076405124170997",
        "city": "2",
        "province": "11",
        "friends_count": 69,
        "user_location": "北京 西城区",
        "mid": "4076405124170997",
        "verified_reason": "",
        "attitudes_count": 0,
        "followers_count": 196,
        "verified_type": -1,
        "statuses_count": 28,
        "parent": "4076291567089810",
        "verified": false,
        "geo": null,
        "user_created_at": 1331693239,
        "favourites_count": 17,
        "screen_name": "7cnu43ey2s1",
        "gender": "f",
        "user_geo_enabled": false,
        "username": "7cnu43ey2s1",
        "comments_count": 0,
        "t": 1487374180,
        "video_status_count": 0,
        "urank": 25,
        "user_ability": 0,
        "credit_score": 80
    },
    {
        "reposts_count": 0,
        "uid": 1969153525,
        "bi_followers_count": 42,
        "text": "智障吗？紫菜要用开水烫啊",
        "user_description": "谁相思昨日送你的红豆",
        "user_avatar": "https://tva2.sinaimg.cn/crop.0.1.640.640.50/755ee5f5jw8esxgfck7j8j20hs0hudi8.jpg?KID=imgbed,tva&Expires=1584955844&ssig=5IEN1%2FBhgo",
        "id": "4076396961687705",
        "city": "1",
        "province": "22",
        "friends_count": 178,
        "user_location": "吉林 长春",
        "mid": "4076396961687705",
        "verified_reason": "",
        "attitudes_count": 0,
        "followers_count": 113,
        "verified_type": -1,
        "statuses_count": 160,
        "parent": "4076291567089810",
        "verified": false,
        "geo": null,
        "user_created_at": 1297683910,
        "favourites_count": 11,
        "screen_name": "Vechgg_dd",
        "gender": "m",
        "user_geo_enabled": true,
        "username": "Vechgg_dd",
        "comments_count": 0,
        "t": 1487372234,
        "video_status_count": 0,
        "urank": 27,
        "user_ability": 35651584,
        "credit_score": 80
    },
    {
        "reposts_count": 0,
        "uid": 1829011507,
        "bi_followers_count": 1,
        "text": "好有良心啊，用的是黑塑料袋，而不是用彩色塑料袋染黑…",
        "user_description": "心之所向❤️不慌不忙",
        "user_avatar": "https://tvax1.sinaimg.cn/crop.0.0.1080.1080.50/6d048033ly8g5c6ne5n3bj20u00u0wh3.jpg?KID=imgbed,tva&Expires=1584955844&ssig=13TlJ8EQkm",
        "id": "4076391161557958",
        "city": "1",
        "province": "400",
        "friends_count": 6,
        "user_location": "海外 美国",
        "mid": "4076391161557958",
        "verified_reason": "",
        "attitudes_count": 0,
        "followers_count": 144,
        "verified_type": -1,
        "statuses_count": 128,
        "parent": "4076291567089810",
        "verified": false,
        "geo": null,
        "user_created_at": 1291864343,
        "favourites_count": 7,
        "screen_name": "晴MOMO晴",
        "gender": "f",
        "user_geo_enabled": true,
        "username": "晴MOMO晴",
        "comments_count": 0,
        "t": 1487370851,
        "video_status_count": 0,
        "urank": 14,
        "user_ability": 262144,
        "credit_score": 80
    },
    {
        "reposts_count": 0,
        "uid": 1752570255,
        "bi_followers_count": 126,
        "text": "[污]",
        "user_description": "有些人，光是遇见就已经很开心了。",
        "user_avatar": "https://tva2.sinaimg.cn/crop.0.0.1152.1152.50/6876198fjw8enxv1z4gwej20w00w0dhu.jpg?KID=imgbed,tva&Expires=1584955844&ssig=cLn%2Fi2RA46",
        "id": "4076323217078073",
        "city": "1000",
        "province": "22",
        "friends_count": 350,
        "user_location": "吉林",
        "mid": "4076323217078073",
        "verified_reason": "原创概念设计师",
        "attitudes_count": 0,
        "followers_count": 4990,
        "verified_type": 0,
        "statuses_count": 2358,
        "parent": "4076291567089810",
        "verified": true,
        "geo": null,
        "user_created_at": 1275980640,
        "favourites_count": 5,
        "screen_name": "喽兮",
        "gender": "m",
        "user_geo_enabled": true,
        "username": "喽兮",
        "comments_count": 0,
        "t": 1487354653,
        "video_status_count": 0,
        "urank": 38,
        "user_ability": 262144,
        "credit_score": 80
    },
    {
        "reposts_count": 0,
        "uid": 3300061895,
        "bi_followers_count": 83,
        "text": "拍视频的说话这语气一听就不是什么善茬，骂人的话我就不说了，用凉水泡紫菜，这么几秒钟就说撕不断，为啥不用热水？还塑料袋，咋不说用避孕套呢？塑料袋可没这么好的韧性[摊手] http://t.cn/RJRlFDy",
        "user_description": "一个爱唱歌的神经病",
        "user_avatar": "https://tvax3.sinaimg.cn/crop.14.0.722.722.50/c4b2f2c7ly8fdgv4a95iyj20ku0k2q3k.jpg?KID=imgbed,tva&Expires=1584955844&ssig=JKKv6Fbn6O",
        "id": "4076320893328840",
        "city": "1",
        "province": "22",
        "friends_count": 663,
        "user_location": "吉林 长春",
        "mid": "4076320893328840",
        "verified_reason": "吉林省职业病防治院检验师",
        "attitudes_count": 0,
        "followers_count": 223,
        "verified_type": 0,
        "statuses_count": 1933,
        "parent": "4076291567089810",
        "verified": true,
        "geo": null,
        "user_created_at": 1362377586,
        "favourites_count": 28,
        "screen_name": "锟仔是个灵活的胖子",
        "gender": "m",
        "user_geo_enabled": true,
        "username": "锟仔是个灵活的胖子",
        "comments_count": 0,
        "t": 1487354099,
        "video_status_count": 0,
        "urank": 41,
        "user_ability": 2097152,
        "credit_score": 80
    },
    {
        "reposts_count": 0,
        "uid": 3745710912,
        "bi_followers_count": 2,
        "text": "如果是真的也是个别吧 谁能吃不出来是紫菜孩子塑料袋啊",
        "user_description": "孩子是我的小命",
        "user_avatar": "https://tva4.sinaimg.cn/crop.0.0.748.748.50/df430340jw8elliaehegfj20ks0ks0uz.jpg?KID=imgbed,tva&Expires=1584955844&ssig=KmVuoHmkEV",
        "id": "4076300572206053",
        "city": "1",
        "province": "22",
        "friends_count": 67,
        "user_location": "吉林 长春",
        "mid": "4076300572206053",
        "verified_reason": "",
        "attitudes_count": 0,
        "followers_count": 113,
        "verified_type": -1,
        "statuses_count": 1661,
        "parent": "4076291567089810",
        "verified": false,
        "geo": null,
        "user_created_at": 1377476394,
        "favourites_count": 92,
        "screen_name": "现在的孩子不好管",
        "gender": "f",
        "user_geo_enabled": true,
        "username": "现在的孩子不好管",
        "comments_count": 0,
        "t": 1487349253,
        "video_status_count": 0,
        "urank": 29,
        "user_ability": 33554432,
        "credit_score": 80
    },
    {
        "reposts_count": 0,
        "uid": 3167377487,
        "bi_followers_count": 31,
        "text": "我感觉不是吧，塑料袋遇水会变软？我不太懂，看着挺像紫菜的！感觉有点乱黑了！",
        "user_description": "如果我们在人海里相遇，请给我的保温杯里加点热水",
        "user_avatar": "https://tvax1.sinaimg.cn/crop.0.0.996.996.50/bcca584fly8fypsw89ekzj20ro0romzc.jpg?KID=imgbed,tva&Expires=1584955844&ssig=7BrY09Q9UE",
        "id": "4076298240197178",
        "city": "1000",
        "province": "100",
        "friends_count": 137,
        "user_location": "其他",
        "mid": "4076298240197178",
        "verified_reason": "情感博主",
        "attitudes_count": 0,
        "followers_count": 1533,
        "verified_type": 0,
        "statuses_count": 1919,
        "parent": "4076291567089810",
        "verified": true,
        "geo": null,
        "user_created_at": 1354004178,
        "favourites_count": 4,
        "screen_name": "-高叔叔",
        "gender": "m",
        "user_geo_enabled": true,
        "username": "-高叔叔",
        "comments_count": 0,
        "t": 1487348697,
        "video_status_count": 0,
        "urank": 41,
        "user_ability": 3409920,
        "credit_score": 80
    },
    {
        "reposts_count": 0,
        "uid": 2723259304,
        "bi_followers_count": 384,
        "text": "额…我只是觉得这个紫菜比较老…仅此而已…坐标大连，紫菜海菜下锅烂海麻线等等从小吃到大。是不是塑料，明火烧一下就知道了。",
        "user_description": "Geronimo!!!",
        "user_avatar": "https://tvax4.sinaimg.cn/crop.0.0.1080.1080.50/a251a3a8ly8gbqg1kw8lej20u00u0jsz.jpg?KID=imgbed,tva&Expires=1584955844&ssig=XJC5KixcZo",
        "id": "4076295614173726",
        "city": "2",
        "province": "21",
        "friends_count": 536,
        "user_location": "辽宁 大连",
        "mid": "4076295614173726",
        "verified_reason": "",
        "attitudes_count": 0,
        "followers_count": 2673,
        "verified_type": 220,
        "statuses_count": 2424,
        "parent": "4076291567089810",
        "verified": false,
        "geo": null,
        "user_created_at": 1329897425,
        "favourites_count": 213,
        "screen_name": "十九娘娘",
        "gender": "f",
        "user_geo_enabled": true,
        "username": "十九娘娘",
        "comments_count": 0,
        "t": 1487348072,
        "video_status_count": 0,
        "urank": 44,
        "user_ability": 262144,
        "credit_score": 80
    },
    {
        "reposts_count": 0,
        "uid": 2753586395,
        "bi_followers_count": 108,
        "text": "这个真是厉害了👍",
        "user_description": "树洞",
        "user_avatar": "https://tvax4.sinaimg.cn/crop.0.0.512.512.50/a42064dbly8fykpt8pqtzj20e80e8gm1.jpg?KID=imgbed,tva&Expires=1584955844&ssig=P4zy2LKVyB",
        "id": "4076295241515926",
        "city": "2",
        "province": "13",
        "friends_count": 555,
        "user_location": "河北 唐山",
        "mid": "4076295241515926",
        "verified_reason": "",
        "attitudes_count": 0,
        "followers_count": 686,
        "verified_type": -1,
        "statuses_count": 221,
        "parent": "4076291567089810",
        "verified": false,
        "geo": null,
        "user_created_at": 1336303256,
        "favourites_count": 11,
        "screen_name": "一粒生米m",
        "gender": "f",
        "user_geo_enabled": true,
        "username": "一粒生米m",
        "comments_count": 0,
        "t": 1487347982,
        "video_status_count": 0,
        "urank": 33,
        "user_ability": 1049600,
        "credit_score": 80
    },
    {
        "reposts_count": 0,
        "uid": 1076478757,
        "bi_followers_count": 25,
        "text": "[吐]",
        "user_description": "",
        "user_avatar": "https://tvax1.sinaimg.cn/crop.0.7.750.750.50/4029c325ly8fefoimwlk6j20ku0l93zh.jpg?KID=imgbed,tva&Expires=1584955844&ssig=nKAeiSaKi4",
        "id": "4076295119667280",
        "city": "1",
        "province": "22",
        "friends_count": 191,
        "user_location": "吉林 长春",
        "mid": "4076295119667280",
        "verified_reason": "",
        "attitudes_count": 0,
        "followers_count": 281,
        "verified_type": 200,
        "statuses_count": 995,
        "parent": "4076291567089810",
        "verified": false,
        "geo": null,
        "user_created_at": 1304635527,
        "favourites_count": 120,
        "screen_name": "奥巴兔子猴",
        "gender": "f",
        "user_geo_enabled": true,
        "username": "奥巴兔子猴",
        "comments_count": 0,
        "t": 1487347953,
        "video_status_count": 0,
        "urank": 29,
        "user_ability": 33554432,
        "credit_score": 80
    },
    {
        "reposts_count": 0,
        "uid": 1131224560,
        "bi_followers_count": 5077,
        "text": "回复@松原小表哥:脑袋瓜子进汤了",
        "user_description": "各地热门事件、民生吐槽爆料、吃喝玩乐达人、微公益正能量！商务合作VX：ccrm123456789，QQ：308000020",
        "user_avatar": "https://tvax2.sinaimg.cn/crop.0.0.664.664.50/436d1df0ly8fwx67jy27pj20ig0igwg1.jpg?KID=imgbed,tva&Expires=1584955844&ssig=ptFvGj256D",
        "id": "4076294435534358",
        "city": "1000",
        "province": "22",
        "friends_count": 5765,
        "user_location": "吉林",
        "mid": "4076294435534358",
        "verified_reason": "知名本地博主 本地资讯博主（长春）美食点评团成员 搞笑视频自媒体",
        "attitudes_count": 0,
        "followers_count": 1180748,
        "verified_type": 0,
        "statuses_count": 48966,
        "parent": "4076291567089810",
        "verified": true,
        "geo": null,
        "user_created_at": 1294541230,
        "favourites_count": 542,
        "screen_name": "长春热门",
        "gender": "m",
        "user_geo_enabled": false,
        "username": "长春热门",
        "comments_count": 0,
        "t": 1487347791,
        "video_status_count": 0,
        "urank": 48,
        "user_ability": -2135684596,
        "credit_score": 73
    },
    {
        "reposts_count": 0,
        "uid": 5209935768,
        "bi_followers_count": 12,
        "text": "烧一下不就知道了   是食物就会变粉末   是塑料就会变黑旮瘩",
        "user_description": "“先别急着爱我 如果你愿意 先来尝尝我的怪脾气 占有欲 自私 任性和口是心非 过后 若你还爱我 那我的世界就只有你”",
        "user_avatar": "https://tvax2.sinaimg.cn/crop.0.0.996.996.50/005GAmi4ly8fkhq9wewwfj30ro0ro0tp.jpg?KID=imgbed,tva&Expires=1584955844&ssig=UpInnUwyv5",
        "id": "4076293378980794",
        "city": "5",
        "province": "32",
        "friends_count": 264,
        "user_location": "江苏 苏州",
        "mid": "4076293378980794",
        "verified_reason": "",
        "attitudes_count": 0,
        "followers_count": 783,
        "verified_type": -1,
        "statuses_count": 0,
        "parent": "4076291567089810",
        "verified": false,
        "geo": null,
        "user_created_at": 1404865701,
        "favourites_count": 20,
        "screen_name": "没关系谁让我喜欢你啊",
        "gender": "f",
        "user_geo_enabled": true,
        "username": "没关系谁让我喜欢你啊",
        "comments_count": 0,
        "t": 1487347538,
        "video_status_count": 0,
        "urank": 31,
        "user_ability": 44040192,
        "credit_score": 80
    },
    {
        "reposts_count": 0,
        "uid": 2138674441,
        "bi_followers_count": 11,
        "text": "厉害了",
        "user_description": "孤独、自由、清醒、理性。已读不回的人都是孤儿。Young Egg from Changchun City.",
        "user_avatar": "https://tva1.sinaimg.cn/crop.27.46.243.243.50/7f799509jw8eotk40ozq2j208p08pdfq.jpg?KID=imgbed,tva&Expires=1584955844&ssig=BgQ%2B5pH6d8",
        "id": "4076292985213814",
        "city": "1",
        "province": "22",
        "friends_count": 185,
        "user_location": "吉林 长春",
        "mid": "4076292985213814",
        "verified_reason": "",
        "attitudes_count": 0,
        "followers_count": 184,
        "verified_type": -1,
        "statuses_count": 43,
        "parent": "4076291567089810",
        "verified": false,
        "geo": null,
        "user_created_at": 1306219404,
        "favourites_count": 15,
        "screen_name": "CCC_Young_Egg",
        "gender": "m",
        "user_geo_enabled": true,
        "username": "CCC_Young_Egg",
        "comments_count": 0,
        "t": 1487347444,
        "video_status_count": 0,
        "urank": 14,
        "user_ability": 35652608,
        "credit_score": 72
    },
    {
        "reposts_count": 0,
        "uid": 2412436754,
        "bi_followers_count": 191,
        "text": "~",
        "user_description": "人生一世，草木一春，当得轰轰烈烈，方能不枉此生！—《弹痕》",
        "user_avatar": "https://tvax1.sinaimg.cn/crop.0.0.960.960.50/8fcadd12ly8frsc9i3jf3j20qo0qojsj.jpg?KID=imgbed,tva&Expires=1584955844&ssig=YZ0OM0G4PE",
        "id": "4076292858906619",
        "city": "1",
        "province": "22",
        "friends_count": 390,
        "user_location": "吉林 长春",
        "mid": "4076292858906619",
        "verified_reason": "#白城#超级话题主持人",
        "attitudes_count": 0,
        "followers_count": 548,
        "verified_type": 0,
        "statuses_count": 693,
        "parent": "4076291567089810",
        "verified": true,
        "geo": null,
        "user_created_at": 1316521620,
        "favourites_count": 27,
        "screen_name": "一念-zZ",
        "gender": "m",
        "user_geo_enabled": true,
        "username": "一念-zZ",
        "comments_count": 0,
        "t": 1487347413,
        "video_status_count": 0,
        "urank": 37,
        "user_ability": 2097152,
        "credit_score": 80
    },
    {
        "reposts_count": 0,
        "uid": 3602439812,
        "bi_followers_count": 267,
        "text": "食品监督局都在喝紫菜蛋花汤？？？",
        "user_description": "谈天论地🤒 无所不谈",
        "user_avatar": "https://tva2.sinaimg.cn/crop.0.0.512.512.50/d6b8de84jw8errylxqe46j20e80e8mxe.jpg?KID=imgbed,tva&Expires=1584955844&ssig=tT2mxMuP9j",
        "id": "4076292834355583",
        "city": "1000",
        "province": "22",
        "friends_count": 306,
        "user_location": "吉林",
        "mid": "4076292834355583",
        "verified_reason": "本地资讯博主（松原）",
        "attitudes_count": 0,
        "followers_count": 6893,
        "verified_type": 0,
        "statuses_count": 1523,
        "parent": "4076291567089810",
        "verified": true,
        "geo": null,
        "user_created_at": 1373961544,
        "favourites_count": 4,
        "screen_name": "小表哥skr",
        "gender": "m",
        "user_geo_enabled": true,
        "username": "小表哥skr",
        "comments_count": 0,
        "t": 1487347408,
        "video_status_count": 0,
        "urank": 39,
        "user_ability": 2359308,
        "credit_score": 80
    },
    {
        "reposts_count": 0,
        "uid": 2199609263,
        "bi_followers_count": 696,
        "text": "真的紫菜在嘴里都可以很快融掉。。。",
        "user_description": "个性强如小米，所以无法签名",
        "user_avatar": "https://tvax2.sinaimg.cn/crop.0.0.800.800.50/831b5fafly8g5pxshyo70j20m80m8gnl.jpg?KID=imgbed,tva&Expires=1584955844&ssig=DYKYRthWwT",
        "id": "4076292645211379",
        "city": "1000",
        "province": "22",
        "friends_count": 1847,
        "user_location": "吉林",
        "mid": "4076292645211379",
        "verified_reason": "互联网资讯博主 橙米快报超话主持人 数码视频自媒体",
        "attitudes_count": 0,
        "followers_count": 35358,
        "verified_type": 0,
        "statuses_count": 14238,
        "parent": "4076291567089810",
        "verified": true,
        "geo": null,
        "user_created_at": 1309046926,
        "favourites_count": 30,
        "screen_name": "科技橙米",
        "gender": "m",
        "user_geo_enabled": true,
        "username": "科技橙米",
        "comments_count": 0,
        "t": 1487347363,
        "video_status_count": 0,
        "urank": 48,
        "user_ability": 280235020,
        "credit_score": 76
    }
]