[
    {
        "reposts_count": 0,
        "uid": 1768873190,
        "bi_followers_count": 1,
        "text": "张家界的风景区的铁索桥断了 http://t.cn/RJrzkA3 . ​",
        "user_description": "与世无争！",
        "user_avatar": "https://tvax3.sinaimg.cn/crop.0.0.1242.1242.50/696edce6ly8fov5bgvbxsj20yi0yi0tq.jpg?KID=imgbed,tva&Expires=1584955843&ssig=Ifnylj%2BvIt",
        "id": "4077190952334757",
        "city": "2",
        "province": "21",
        "friends_count": 57,
        "user_location": "辽宁 大连",
        "mid": "4077190952334757",
        "verified_reason": "",
        "attitudes_count": 3,
        "followers_count": 487,
        "verified_type": -1,
        "statuses_count": 5,
        "parent": null,
        "verified": false,
        "geo": null,
        "user_created_at": 1278166110,
        "favourites_count": 40,
        "screen_name": "宇本尊",
        "gender": "m",
        "user_geo_enabled": true,
        "username": "宇本尊",
        "comments_count": 9,
        "t": 1487561535,
        "video_status_count": 0,
        "urank": 9,
        "user_ability": 35651584,
        "credit_score": 80
    },
    {
        "reposts_count": 0,
        "uid": 2822570942,
        "bi_followers_count": 907,
        "text": "谣言，小伙伴这不是张家界",
        "user_description": "市区店地址：天门山索道正对面。景区店地址： 武陵源天子山湘大路口。微信同号：13517447745 Q：978466970群号：294771252。木子青年旅舍，欢迎回家",
        "user_avatar": "https://tva4.sinaimg.cn/crop.129.169.1075.1075.50/a83d03bejw8fd2tg22dpxj21hs1004qp.jpg?KID=imgbed,tva&Expires=1584955843&ssig=wFx03yzhWr",
        "id": "4077311207329922",
        "city": "8",
        "province": "43",
        "friends_count": 1195,
        "user_location": "湖南 张家界",
        "mid": "4077311207329922",
        "verified_reason": "",
        "attitudes_count": 0,
        "followers_count": 3447,
        "verified_type": -1,
        "statuses_count": 1471,
        "parent": "4077190952334757",
        "verified": false,
        "geo": null,
        "user_created_at": 1338782076,
        "favourites_count": 38,
        "screen_name": "张家界木子青年旅舍汉庭天门山店",
        "gender": "m",
        "user_geo_enabled": true,
        "username": "张家界木子青年旅舍汉庭天门山店",
        "comments_count": 0,
        "t": 1487590207,
        "video_status_count": 0,
        "urank": 42,
        "user_ability": 0,
        "credit_score": 80
    },
    {
        "reposts_count": 0,
        "uid": 5342162524,
        "bi_followers_count": 242,
        "text": "不是真的，这个视频2014年就有了，是越南的",
        "user_description": "出品农家一碗香：新鲜人物传记、重口味段子、生猛笑料、爆辣历史、特色美食，一锅烩了。看什么看，再看、再看把你吃了！",
        "user_avatar": "https://tva2.sinaimg.cn/crop.0.0.1000.1000.50/005PxavGjw8f9lwfexh54j30rs0rs78s.jpg?KID=imgbed,tva&Expires=1584955843&ssig=izhiwp31No",
        "id": "4077231494228490",
        "city": "1",
        "province": "44",
        "friends_count": 714,
        "user_location": "广东 广州",
        "mid": "4077231494228490",
        "verified_reason": "广州食货列传食品有限公司",
        "attitudes_count": 0,
        "followers_count": 1742,
        "verified_type": 2,
        "statuses_count": 123,
        "parent": "4077190952334757",
        "verified": true,
        "geo": null,
        "user_created_at": 1414027344,
        "favourites_count": 0,
        "screen_name": "食货列传_九月新农园",
        "gender": "f",
        "user_geo_enabled": false,
        "username": "食货列传_九月新农园",
        "comments_count": 0,
        "t": 1487571202,
        "video_status_count": 0,
        "urank": 9,
        "user_ability": 0,
        "credit_score": 80
    },
    {
        "reposts_count": 0,
        "uid": 2258343617,
        "bi_followers_count": 18,
        "text": "谣言也敢发，你玩大了",
        "user_description": "我为祖国献石油",
        "user_avatar": "https://tva2.sinaimg.cn/crop.0.0.180.180.50/869b96c1jw1e8qgp5bmzyj2050050aa8.jpg?KID=imgbed,tva&Expires=1584955843&ssig=JmyvR2x7qP",
        "id": "4077217111412525",
        "city": "1",
        "province": "61",
        "friends_count": 193,
        "user_location": "陕西 西安",
        "mid": "4077217111412525",
        "verified_reason": "",
        "attitudes_count": 0,
        "followers_count": 156,
        "verified_type": -1,
        "statuses_count": 349,
        "parent": "4077190952334757",
        "verified": false,
        "geo": null,
        "user_created_at": 1311132579,
        "favourites_count": 7,
        "screen_name": "夜真的很憔悴",
        "gender": "m",
        "user_geo_enabled": true,
        "username": "夜真的很憔悴",
        "comments_count": 0,
        "t": 1487567773,
        "video_status_count": 0,
        "urank": 9,
        "user_ability": 33554432,
        "credit_score": 80
    },
    {
        "reposts_count": 0,
        "uid": 5371226236,
        "bi_followers_count": 3,
        "text": "http://t.cn/R5wQZZp",
        "user_description": "",
        "user_avatar": "https://tva1.sinaimg.cn/crop.0.0.750.750.50/005Rv7jejw8f3w8nohaw2j30ku0ku400.jpg?KID=imgbed,tva&Expires=1584955843&ssig=HX4BhH2H0I",
        "id": "4077210925076398",
        "city": "1000",
        "province": "50",
        "friends_count": 199,
        "user_location": "重庆",
        "mid": "4077210925076398",
        "verified_reason": "",
        "attitudes_count": 0,
        "followers_count": 29,
        "verified_type": -1,
        "statuses_count": 119,
        "parent": "4077190952334757",
        "verified": false,
        "geo": null,
        "user_created_at": 1415923818,
        "favourites_count": 1,
        "screen_name": "雨以后不会",
        "gender": "m",
        "user_geo_enabled": true,
        "username": "雨以后不会",
        "comments_count": 0,
        "t": 1487566297,
        "video_status_count": 0,
        "urank": 14,
        "user_ability": 1024,
        "credit_score": 80
    },
    {
        "reposts_count": 0,
        "uid": 1819131207,
        "bi_followers_count": 129,
        "text": "越南的",
        "user_description": "",
        "user_avatar": "https://tvax1.sinaimg.cn/crop.0.0.996.996.50/6c6dbd47ly8fwfp6et6slj20ro0ro0v5.jpg?KID=imgbed,tva&Expires=1584955843&ssig=4UGb8b0cLt",
        "id": "4077204138326595",
        "city": "6",
        "province": "43",
        "friends_count": 269,
        "user_location": "湖南 岳阳",
        "mid": "4077204138326595",
        "verified_reason": "",
        "attitudes_count": 0,
        "followers_count": 285,
        "verified_type": 220,
        "statuses_count": 433,
        "parent": "4077190952334757",
        "verified": false,
        "geo": null,
        "user_created_at": 1284332135,
        "favourites_count": 14,
        "screen_name": "愚公移山的吊兰",
        "gender": "m",
        "user_geo_enabled": true,
        "username": "愚公移山的吊兰",
        "comments_count": 0,
        "t": 1487564681,
        "video_status_count": 0,
        "urank": 29,
        "user_ability": 33554432,
        "credit_score": 80
    },
    {
        "reposts_count": 0,
        "uid": 2967601333,
        "bi_followers_count": 2,
        "text": "回复@旅行黑卡体验师阿超:假的，视频越南的",
        "user_description": "",
        "user_avatar": "https://tvax1.sinaimg.cn/crop.0.0.512.512.50/b0e200b5ly8gcuj66slwij20e80e8mxp.jpg?KID=imgbed,tva&Expires=1584955843&ssig=XdSEMtRU4n",
        "id": "4077197382267086",
        "city": "2",
        "province": "33",
        "friends_count": 1,
        "user_location": "浙江 宁波",
        "mid": "4077197382267086",
        "verified_reason": "",
        "attitudes_count": 0,
        "followers_count": 112,
        "verified_type": -1,
        "statuses_count": 0,
        "parent": "4077190952334757",
        "verified": false,
        "geo": null,
        "user_created_at": 1349087271,
        "favourites_count": 0,
        "screen_name": "Haveaniaceday",
        "gender": "m",
        "user_geo_enabled": true,
        "username": "Haveaniaceday",
        "comments_count": 0,
        "t": 1487563069,
        "video_status_count": 0,
        "urank": 16,
        "user_ability": 2098176,
        "credit_score": 80
    },
    {
        "reposts_count": 0,
        "uid": 2859443762,
        "bi_followers_count": 96,
        "text": "@一颗孤独的土豆 @夜蒲春马",
        "user_description": "世间所有的相遇，都是久别后的重逢。",
        "user_avatar": "https://tvax4.sinaimg.cn/crop.0.0.512.512.50/aa6fa632ly8ftwaquzx2nj20e80e8mxs.jpg?KID=imgbed,tva&Expires=1584955843&ssig=MtvzZA5r15",
        "id": "4077191476793717",
        "city": "1",
        "province": "32",
        "friends_count": 219,
        "user_location": "江苏 南京",
        "mid": "4077191476793717",
        "verified_reason": "",
        "attitudes_count": 0,
        "followers_count": 741,
        "verified_type": -1,
        "statuses_count": 1681,
        "parent": "4077190952334757",
        "verified": false,
        "geo": null,
        "user_created_at": 1341319751,
        "favourites_count": 79,
        "screen_name": "马铃薯啊薯",
        "gender": "f",
        "user_geo_enabled": true,
        "username": "马铃薯啊薯",
        "comments_count": 0,
        "t": 1487561661,
        "video_status_count": 0,
        "urank": 36,
        "user_ability": 35914752,
        "credit_score": 80
    },
    {
        "reposts_count": 0,
        "uid": 2190911080,
        "bi_followers_count": 69,
        "text": "真的假的",
        "user_description": "不怕你憨厚吃亏 也不怕你精明过人 就怕你半精半傻的 占不到便宜也交不到朋友 ​​​",
        "user_avatar": "https://tvax1.sinaimg.cn/crop.5.0.502.502.50/8296a668ly8fjg0jyjo7tj20e80dydgt.jpg?KID=imgbed,tva&Expires=1584955843&ssig=bAch0uNNda",
        "id": "4077191202974260",
        "city": "5",
        "province": "11",
        "friends_count": 118,
        "user_location": "北京 朝阳区",
        "mid": "4077191202974260",
        "verified_reason": "",
        "attitudes_count": 0,
        "followers_count": 1103,
        "verified_type": -1,
        "statuses_count": 38,
        "parent": "4077190952334757",
        "verified": false,
        "geo": null,
        "user_created_at": 1308879702,
        "favourites_count": 0,
        "screen_name": "狮子座的街道",
        "gender": "m",
        "user_geo_enabled": true,
        "username": "狮子座的街道",
        "comments_count": 0,
        "t": 1487561597,
        "video_status_count": 0,
        "urank": 25,
        "user_ability": 10748928,
        "credit_score": 80
    }
]