[
    {
        "reposts_count": 13,
        "uid": 6085757677,
        "bi_followers_count": 100,
        "text": "#紫菜撕不破还有腥味#网友爆料：用黑色塑料袋做的紫菜是真的吗？ http://t.cn/RJeSyxF . ​",
        "user_description": "搜集全球美食小吃；美食教学",
        "user_avatar": "https://tva1.sinaimg.cn/crop.474.0.1080.1080.50/006DRdzTjw8fb3ya3uar9j31hc0u07p8.jpg?KID=imgbed,tva&Expires=1584955540&ssig=4g9dFgysTU",
        "id": "4077553368661453",
        "city": "1",
        "province": "11",
        "friends_count": 187,
        "user_location": "北京 东城区",
        "mid": "4077553368661453",
        "verified_reason": "知名美食博主 美食视频博主",
        "attitudes_count": 25,
        "followers_count": 407339,
        "verified_type": 0,
        "statuses_count": 29930,
        "parent": null,
        "verified": true,
        "geo": null,
        "user_created_at": 1482288188,
        "favourites_count": 0,
        "screen_name": "吃遍全世界美味",
        "gender": "m",
        "user_geo_enabled": true,
        "username": "吃遍全世界美味",
        "comments_count": 24,
        "t": 1487647944,
        "video_status_count": 0,
        "urank": 31,
        "user_ability": 2359560,
        "credit_score": 72
    },
    {
        "reposts_count": 0,
        "uid": 3929329172,
        "bi_followers_count": 0,
        "text": "早就爆料说紫菜没问题了。是有些商家勒索他们要钱的[哆啦A梦汗][哆啦A梦汗]",
        "user_description": "i told you not to do than。",
        "user_avatar": "https://tvax1.sinaimg.cn/crop.0.0.664.664.50/ea34ce14ly8fha96fmj26j20ig0igdgz.jpg?KID=imgbed,tva&Expires=1584955540&ssig=TUuLttomTI",
        "id": "4084528005792371",
        "city": "3",
        "province": "44",
        "friends_count": 7,
        "user_location": "广东 深圳",
        "mid": "4084528005792371",
        "verified_reason": "",
        "attitudes_count": 0,
        "followers_count": 3,
        "verified_type": -1,
        "statuses_count": 2,
        "parent": "4077553368661453",
        "verified": false,
        "geo": null,
        "user_created_at": 1386209476,
        "favourites_count": 0,
        "screen_name": "跟我走哎天亮就出发",
        "gender": "m",
        "user_geo_enabled": true,
        "username": "跟我走哎天亮就出发",
        "comments_count": 0,
        "t": 1489310826,
        "video_status_count": 0,
        "urank": 9,
        "user_ability": 1024,
        "credit_score": 80
    },
    {
        "reposts_count": 0,
        "uid": 6041687980,
        "bi_followers_count": 7,
        "text": "要死了我还那么爱吃我靠",
        "user_description": "。。。",
        "user_avatar": "https://tvax3.sinaimg.cn/crop.0.0.996.996.50/006ASj2kly8gcdrynv9z4j30ro0romyy.jpg?KID=imgbed,tva&Expires=1584955540&ssig=lpSbO0qJI9",
        "id": "4081946403459238",
        "city": "1000",
        "province": "15",
        "friends_count": 155,
        "user_location": "内蒙古",
        "mid": "4081946403459238",
        "verified_reason": "",
        "attitudes_count": 0,
        "followers_count": 99,
        "verified_type": -1,
        "statuses_count": 53,
        "parent": "4077553368661453",
        "verified": false,
        "geo": null,
        "user_created_at": 1475938056,
        "favourites_count": 499,
        "screen_name": "狐狸耶里",
        "gender": "f",
        "user_geo_enabled": true,
        "username": "狐狸耶里",
        "comments_count": 0,
        "t": 1488695324,
        "video_status_count": 0,
        "urank": 9,
        "user_ability": 35651584,
        "credit_score": 80
    },
    {
        "reposts_count": 0,
        "uid": 5838183739,
        "bi_followers_count": 13,
        "text": "我广大网友有自己的辩别能力的，公道在人心！",
        "user_description": "來自中原的男孩，在外打拼，辛苦但快乐着。对人对事依理依据，爱家人爱朋友，淡淡的忧伤中迎来多彩的每一天。",
        "user_avatar": "https://tva3.sinaimg.cn/crop.0.0.996.996.50/006n6qhRjw8f99ziil9m2j30ro0rpaen.jpg?KID=imgbed,tva&Expires=1584955540&ssig=Qp8yj1GJk%2F",
        "id": "4081886286533964",
        "city": "19",
        "province": "44",
        "friends_count": 203,
        "user_location": "广东 东莞",
        "mid": "4081886286533964",
        "verified_reason": "",
        "attitudes_count": 0,
        "followers_count": 28,
        "verified_type": -1,
        "statuses_count": 234,
        "parent": "4077553368661453",
        "verified": false,
        "geo": null,
        "user_created_at": 1453609432,
        "favourites_count": 6,
        "screen_name": "伟哥41373",
        "gender": "m",
        "user_geo_enabled": true,
        "username": "伟哥41373",
        "comments_count": 0,
        "t": 1488680991,
        "video_status_count": 0,
        "urank": 9,
        "user_ability": 35651584,
        "credit_score": 80
    },
    {
        "reposts_count": 0,
        "uid": 5427000713,
        "bi_followers_count": 63,
        "text": "这个人已经被抓住了。",
        "user_description": "任它长路漫漫，看我跃马扬鞭。",
        "user_avatar": "https://tvax1.sinaimg.cn/crop.0.0.1002.1002.50/005Vh8Nzly8fzseghibrwj30ru0ru761.jpg?KID=imgbed,tva&Expires=1584955540&ssig=4kZlQTJ5MH",
        "id": "4081321087106323",
        "city": "1000",
        "province": "37",
        "friends_count": 396,
        "user_location": "山东",
        "mid": "4081321087106323",
        "verified_reason": "山东明曦投资管理有限公司经理",
        "attitudes_count": 0,
        "followers_count": 933,
        "verified_type": 0,
        "statuses_count": 1544,
        "parent": "4077553368661453",
        "verified": true,
        "geo": null,
        "user_created_at": 1418810363,
        "favourites_count": 8,
        "screen_name": "川头尺",
        "gender": "m",
        "user_geo_enabled": true,
        "username": "川头尺",
        "comments_count": 0,
        "t": 1488546237,
        "video_status_count": 0,
        "urank": 31,
        "user_ability": 8650752,
        "credit_score": 80
    },
    {
        "reposts_count": 0,
        "uid": 2262494275,
        "bi_followers_count": 337,
        "text": "造谣，流言止于智者",
        "user_description": "oleg",
        "user_avatar": "https://tvax2.sinaimg.cn/crop.1.0.510.510.50/86daec43ly8fkc113mvmmj20e80e6wff.jpg?KID=imgbed,tva&Expires=1584955540&ssig=yAw26uYU%2B0",
        "id": "4080590145283369",
        "city": "2",
        "province": "21",
        "friends_count": 1315,
        "user_location": "辽宁 大连",
        "mid": "4080590145283369",
        "verified_reason": "",
        "attitudes_count": 0,
        "followers_count": 1494,
        "verified_type": 220,
        "statuses_count": 1861,
        "parent": "4077553368661453",
        "verified": false,
        "geo": null,
        "user_created_at": 1311300818,
        "favourites_count": 2,
        "screen_name": "三炮三炮三炮",
        "gender": "m",
        "user_geo_enabled": true,
        "username": "三炮三炮三炮",
        "comments_count": 0,
        "t": 1488371968,
        "video_status_count": 0,
        "urank": 33,
        "user_ability": 1048580,
        "credit_score": 80
    },
    {
        "reposts_count": 0,
        "uid": 5327189346,
        "bi_followers_count": 37,
        "text": "有病吧，你家塑料吸水啊，还有商家不挣钱去卖这个。。。[怒][怒]",
        "user_description": "不喜欢懒得，喜欢一个人或者陪着女朋友静静地坐在一起。",
        "user_avatar": "https://tva4.sinaimg.cn/crop.0.15.750.750.50/005OwliOjw8f6eknlbba8j30ku0lodhg.jpg?KID=imgbed,tva&Expires=1584955540&ssig=DZQ6YfwFm6",
        "id": "4080549876016718",
        "city": "2",
        "province": "37",
        "friends_count": 280,
        "user_location": "山东 青岛",
        "mid": "4080549876016718",
        "verified_reason": "",
        "attitudes_count": 0,
        "followers_count": 107,
        "verified_type": -1,
        "statuses_count": 345,
        "parent": "4077553368661453",
        "verified": false,
        "geo": null,
        "user_created_at": 1413020062,
        "favourites_count": 12,
        "screen_name": "麻辣豌豆逗",
        "gender": "m",
        "user_geo_enabled": true,
        "username": "麻辣豌豆逗",
        "comments_count": 0,
        "t": 1488362366,
        "video_status_count": 0,
        "urank": 20,
        "user_ability": 1024,
        "credit_score": 80
    },
    {
        "reposts_count": 0,
        "uid": 1619618797,
        "bi_followers_count": 27,
        "text": "@天月七间人",
        "user_description": "",
        "user_avatar": "https://tvax1.sinaimg.cn/crop.0.0.512.512.50/60896bedly8ftsarwv6idj20e80e8js1.jpg?KID=imgbed,tva&Expires=1584955540&ssig=8gjghVl8sC",
        "id": "4080531325490171",
        "city": "1000",
        "province": "400",
        "friends_count": 456,
        "user_location": "海外",
        "mid": "4080531325490171",
        "verified_reason": "旅行视频自媒体",
        "attitudes_count": 0,
        "followers_count": 1545,
        "verified_type": 0,
        "statuses_count": 0,
        "parent": "4077553368661453",
        "verified": true,
        "geo": null,
        "user_created_at": 1293369883,
        "favourites_count": 13,
        "screen_name": "Matterhornmatrer",
        "gender": "m",
        "user_geo_enabled": true,
        "username": "Matterhornmatrer",
        "comments_count": 0,
        "t": 1488357943,
        "video_status_count": 0,
        "urank": 35,
        "user_ability": 2048,
        "credit_score": 80
    },
    {
        "reposts_count": 0,
        "uid": 1778021891,
        "bi_followers_count": 167,
        "text": "造谣",
        "user_description": "不要愁老之将至  你老了一定很可爱",
        "user_avatar": "https://tvax3.sinaimg.cn/crop.0.0.512.512.50/69fa7603ly8gctm44v7trj20e80e8jrr.jpg?KID=imgbed,tva&Expires=1584955540&ssig=fQg%2B8fd%2BCZ",
        "id": "4080517130770769",
        "city": "11",
        "province": "51",
        "friends_count": 400,
        "user_location": "四川 乐山",
        "mid": "4080517130770769",
        "verified_reason": "",
        "attitudes_count": 0,
        "followers_count": 520,
        "verified_type": -1,
        "statuses_count": 1065,
        "parent": "4077553368661453",
        "verified": false,
        "geo": null,
        "user_created_at": 1279419182,
        "favourites_count": 486,
        "screen_name": "ZHANGLANXING_",
        "gender": "f",
        "user_geo_enabled": true,
        "username": "ZHANGLANXING_",
        "comments_count": 0,
        "t": 1488354559,
        "video_status_count": 0,
        "urank": 34,
        "user_ability": 3408896,
        "credit_score": 80
    },
    {
        "reposts_count": 0,
        "uid": 3359732274,
        "bi_followers_count": 84,
        "text": "你他妈每天吃紫菜，",
        "user_description": "绝望",
        "user_avatar": "https://tvax3.sinaimg.cn/crop.0.0.996.996.50/c8417232ly8g3u8aq4tmtj20ro0roq5q.jpg?KID=imgbed,tva&Expires=1584955540&ssig=neTCMquF27",
        "id": "4080496269440390",
        "city": "1000",
        "province": "36",
        "friends_count": 355,
        "user_location": "江西",
        "mid": "4080496269440390",
        "verified_reason": "",
        "attitudes_count": 0,
        "followers_count": 2205,
        "verified_type": -1,
        "statuses_count": 223,
        "parent": "4077553368661453",
        "verified": false,
        "geo": null,
        "user_created_at": 1368663499,
        "favourites_count": 49,
        "screen_name": "怎么还在世上",
        "gender": "f",
        "user_geo_enabled": true,
        "username": "怎么还在世上",
        "comments_count": 0,
        "t": 1488349585,
        "video_status_count": 0,
        "urank": 36,
        "user_ability": 10486784,
        "credit_score": 80
    },
    {
        "reposts_count": 0,
        "uid": 5901017549,
        "bi_followers_count": 8,
        "text": "能把造谣的人抓起来不，混淆视听，缺德",
        "user_description": "大条又神经质～矛盾的存在体ᐜ自负又自卑⤵︎总之，自信心不够，就这样⤵︎还有，我不是美女🌽",
        "user_avatar": "https://tvax1.sinaimg.cn/crop.0.0.1080.1080.50/006rm4eply8fz4pec3ulnj30u00u0gqj.jpg?KID=imgbed,tva&Expires=1584955540&ssig=s87DBoyHHM",
        "id": "4080436030089069",
        "city": "1000",
        "province": "23",
        "friends_count": 231,
        "user_location": "黑龙江",
        "mid": "4080436030089069",
        "verified_reason": "",
        "attitudes_count": 0,
        "followers_count": 41,
        "verified_type": -1,
        "statuses_count": 75,
        "parent": "4077553368661453",
        "verified": false,
        "geo": null,
        "user_created_at": 1460960374,
        "favourites_count": 13,
        "screen_name": "宝儿女子",
        "gender": "f",
        "user_geo_enabled": true,
        "username": "宝儿女子",
        "comments_count": 0,
        "t": 1488335223,
        "video_status_count": 0,
        "urank": 9,
        "user_ability": 2097152,
        "credit_score": 80
    },
    {
        "reposts_count": 0,
        "uid": 5034406960,
        "bi_followers_count": 13,
        "text": "@Ysr小厨",
        "user_description": "冇",
        "user_avatar": "https://tvax1.sinaimg.cn/crop.0.0.1080.1080.50/005uHRegly8g89f4mpmoqj30u00u0mz7.jpg?KID=imgbed,tva&Expires=1584955540&ssig=vd293zX4jT",
        "id": "4080275418277097",
        "city": "3",
        "province": "13",
        "friends_count": 72,
        "user_location": "河北 秦皇岛",
        "mid": "4080275418277097",
        "verified_reason": "",
        "attitudes_count": 0,
        "followers_count": 122,
        "verified_type": -1,
        "statuses_count": 1,
        "parent": "4077553368661453",
        "verified": false,
        "geo": null,
        "user_created_at": 1392214871,
        "favourites_count": 54,
        "screen_name": "Ldeer-",
        "gender": "f",
        "user_geo_enabled": true,
        "username": "Ldeer-",
        "comments_count": 0,
        "t": 1488296929,
        "video_status_count": 0,
        "urank": 33,
        "user_ability": 2097152,
        "credit_score": 80
    },
    {
        "reposts_count": 0,
        "uid": 2960406297,
        "bi_followers_count": 401,
        "text": "唉，醉了",
        "user_description": "天下熙熙，皆为利来: 天下攘攘，皆为利往。。。",
        "user_avatar": "https://tva1.sinaimg.cn/crop.0.0.996.996.50/b0743719jw8f4v6rkuekqj20ro0rpacg.jpg?KID=imgbed,tva&Expires=1584955540&ssig=cjXp9sLMTU",
        "id": "4080270116383484",
        "city": "1",
        "province": "44",
        "friends_count": 496,
        "user_location": "广东 广州",
        "mid": "4080270116383484",
        "verified_reason": "",
        "attitudes_count": 0,
        "followers_count": 510,
        "verified_type": -1,
        "statuses_count": 221,
        "parent": "4077553368661453",
        "verified": false,
        "geo": null,
        "user_created_at": 1349188691,
        "favourites_count": 1,
        "screen_name": "霜caroline",
        "gender": "f",
        "user_geo_enabled": true,
        "username": "霜caroline",
        "comments_count": 0,
        "t": 1488295666,
        "video_status_count": 0,
        "urank": 26,
        "user_ability": 33554432,
        "credit_score": 80
    },
    {
        "reposts_count": 0,
        "uid": 2392974924,
        "bi_followers_count": 11,
        "text": "傻，你家的塑料袋会吸水啊[笑cry]",
        "user_description": "",
        "user_avatar": "https://tva4.sinaimg.cn/crop.0.1.510.510.50/8ea1e64cjw8eudxk7zi62j20e60e8wex.jpg?KID=imgbed,tva&Expires=1584955540&ssig=BB%2B6KBJ9wK",
        "id": "4080238479235916",
        "city": "3",
        "province": "33",
        "friends_count": 62,
        "user_location": "浙江 温州",
        "mid": "4080238479235916",
        "verified_reason": "",
        "attitudes_count": 0,
        "followers_count": 51,
        "verified_type": -1,
        "statuses_count": 240,
        "parent": "4077553368661453",
        "verified": false,
        "geo": null,
        "user_created_at": 1315901443,
        "favourites_count": 32,
        "screen_name": "没有回忆没有梦想的呆货",
        "gender": "m",
        "user_geo_enabled": true,
        "username": "没有回忆没有梦想的呆货",
        "comments_count": 0,
        "t": 1488288123,
        "video_status_count": 0,
        "urank": 31,
        "user_ability": 0,
        "credit_score": 80
    },
    {
        "reposts_count": 0,
        "uid": 5043780586,
        "bi_followers_count": 0,
        "text": "搅不碎是因为紫菜比较老，要是熟料的话不是那种黑色透光的",
        "user_description": "",
        "user_avatar": "https://tva1.sinaimg.cn/crop.0.0.180.180.50/005vlbJMjw8edq0y5exsjj30500500so.jpg?KID=imgbed,tva&Expires=1584955540&ssig=Qlt0IGmtx4",
        "id": "4080228710116372",
        "city": "1",
        "province": "11",
        "friends_count": 54,
        "user_location": "北京 东城区",
        "mid": "4080228710116372",
        "verified_reason": "",
        "attitudes_count": 0,
        "followers_count": 13,
        "verified_type": -1,
        "statuses_count": 27,
        "parent": "4077553368661453",
        "verified": false,
        "geo": null,
        "user_created_at": 1392892148,
        "favourites_count": 0,
        "screen_name": "忘不了爱哭的你",
        "gender": "m",
        "user_geo_enabled": true,
        "username": "忘不了爱哭的你",
        "comments_count": 0,
        "t": 1488285794,
        "video_status_count": 0,
        "urank": 4,
        "user_ability": 0,
        "credit_score": 80
    },
    {
        "reposts_count": 0,
        "uid": 5198131550,
        "bi_followers_count": 0,
        "text": "有病吧",
        "user_description": "",
        "user_avatar": "https://tva4.sinaimg.cn/crop.0.114.571.571.50/005FMPtsjw8ehv5z6pu33j30fv0m8dgf.jpg?KID=imgbed,tva&Expires=1584955540&ssig=%2FUgl0e78K%2F",
        "id": "4078493262501827",
        "city": "1000",
        "province": "42",
        "friends_count": 186,
        "user_location": "湖北",
        "mid": "4078493262501827",
        "verified_reason": "",
        "attitudes_count": 0,
        "followers_count": 10,
        "verified_type": -1,
        "statuses_count": 5,
        "parent": "4077553368661453",
        "verified": false,
        "geo": null,
        "user_created_at": 1404037976,
        "favourites_count": 2,
        "screen_name": "徐海琼2011_153",
        "gender": "f",
        "user_geo_enabled": true,
        "username": "徐海琼2011_153",
        "comments_count": 0,
        "t": 1487872031,
        "video_status_count": 0,
        "urank": 4,
        "user_ability": 0,
        "credit_score": 80
    },
    {
        "reposts_count": 0,
        "uid": 5198131550,
        "bi_followers_count": 0,
        "text": "假新闻",
        "user_description": "",
        "user_avatar": "https://tva4.sinaimg.cn/crop.0.114.571.571.50/005FMPtsjw8ehv5z6pu33j30fv0m8dgf.jpg?KID=imgbed,tva&Expires=1584955540&ssig=%2FUgl0e78K%2F",
        "id": "4078492863615497",
        "city": "1000",
        "province": "42",
        "friends_count": 186,
        "user_location": "湖北",
        "mid": "4078492863615497",
        "verified_reason": "",
        "attitudes_count": 0,
        "followers_count": 10,
        "verified_type": -1,
        "statuses_count": 5,
        "parent": "4077553368661453",
        "verified": false,
        "geo": null,
        "user_created_at": 1404037976,
        "favourites_count": 2,
        "screen_name": "徐海琼2011_153",
        "gender": "f",
        "user_geo_enabled": true,
        "username": "徐海琼2011_153",
        "comments_count": 0,
        "t": 1487871936,
        "video_status_count": 0,
        "urank": 4,
        "user_ability": 0,
        "credit_score": 80
    },
    {
        "reposts_count": 0,
        "uid": 1758061655,
        "bi_followers_count": 15,
        "text": "本来就紫菜，天天看电视看废了，有一天发现自己也是假的?哈哈哈哈",
        "user_description": "看众生百态，修自身德行。化缘并不只是为了吃饭，还是一种修行。",
        "user_avatar": "https://tva1.sinaimg.cn/crop.0.0.180.180.50/68c9e457jw1e8qgp5bmzyj2050050aa8.jpg?KID=imgbed,tva&Expires=1584955540&ssig=A20K0tsyj9",
        "id": "4078052663262804",
        "city": "1000",
        "province": "41",
        "friends_count": 533,
        "user_location": "河南",
        "mid": "4078052663262804",
        "verified_reason": "",
        "attitudes_count": 0,
        "followers_count": 214,
        "verified_type": -1,
        "statuses_count": 640,
        "parent": "4077553368661453",
        "verified": false,
        "geo": null,
        "user_created_at": 1276511626,
        "favourites_count": 111,
        "screen_name": "九铜门",
        "gender": "m",
        "user_geo_enabled": true,
        "username": "九铜门",
        "comments_count": 0,
        "t": 1487766984,
        "video_status_count": 0,
        "urank": 14,
        "user_ability": 33554432,
        "credit_score": 80
    },
    {
        "reposts_count": 0,
        "uid": 5074389453,
        "bi_followers_count": 20,
        "text": "扯犊子",
        "user_description": "",
        "user_avatar": "https://tva2.sinaimg.cn/crop.0.0.720.720.50/005xpCvbjw8ej5j7qrx6tj30k00k075h.jpg?KID=imgbed,tva&Expires=1584955540&ssig=kNL7kNGnTT",
        "id": "4078033868246934",
        "city": "1",
        "province": "51",
        "friends_count": 469,
        "user_location": "四川 成都",
        "mid": "4078033868246934",
        "verified_reason": "",
        "attitudes_count": 0,
        "followers_count": 57,
        "verified_type": -1,
        "statuses_count": 91,
        "parent": "4077553368661453",
        "verified": false,
        "geo": null,
        "user_created_at": 1395032026,
        "favourites_count": 6,
        "screen_name": "你说你爱7",
        "gender": "f",
        "user_geo_enabled": true,
        "username": "你说你爱7",
        "comments_count": 0,
        "t": 1487762502,
        "video_status_count": 0,
        "urank": 14,
        "user_ability": 35652608,
        "credit_score": 80
    },
    {
        "reposts_count": 0,
        "uid": 5175742299,
        "bi_followers_count": 51,
        "text": "四水的2元一吨，塑料一吨价格是多少？拜托先了解下再发，免得丢人现眼",
        "user_description": "When Life Gives You Lemons, Make Lemonade",
        "user_avatar": "https://tvax2.sinaimg.cn/crop.0.0.1006.1006.50/005EgT0vly8fnvmvnkmvkj30ry0ryq43.jpg?KID=imgbed,tva&Expires=1584955540&ssig=ignidyOzQx",
        "id": "4077950943205462",
        "city": "1",
        "province": "21",
        "friends_count": 571,
        "user_location": "辽宁 沈阳",
        "mid": "4077950943205462",
        "verified_reason": "",
        "attitudes_count": 0,
        "followers_count": 194,
        "verified_type": -1,
        "statuses_count": 2018,
        "parent": "4077553368661453",
        "verified": false,
        "geo": null,
        "user_created_at": 1402381022,
        "favourites_count": 6,
        "screen_name": "哐当哐当睡不着",
        "gender": "m",
        "user_geo_enabled": true,
        "username": "哐当哐当睡不着",
        "comments_count": 0,
        "t": 1487742732,
        "video_status_count": 0,
        "urank": 29,
        "user_ability": 36701184,
        "credit_score": 80
    },
    {
        "reposts_count": 0,
        "uid": 2634464340,
        "bi_followers_count": 50,
        "text": "神经，紫菜成本那么低，比塑料袋还低好吧",
        "user_description": "有未来，才精彩！活着就是胜利✌！",
        "user_avatar": "https://tvax2.sinaimg.cn/crop.9.0.493.493.50/9d06bc54ly8fho6vj3nonj20e80dpmxo.jpg?KID=imgbed,tva&Expires=1584955540&ssig=TYCBkVmvVr",
        "id": "4077933661920688",
        "city": "1",
        "province": "51",
        "friends_count": 429,
        "user_location": "四川 成都",
        "mid": "4077933661920688",
        "verified_reason": "",
        "attitudes_count": 0,
        "followers_count": 103,
        "verified_type": -1,
        "statuses_count": 3811,
        "parent": "4077553368661453",
        "verified": false,
        "geo": null,
        "user_created_at": 1324866725,
        "favourites_count": 6,
        "screen_name": "问我重要吗-",
        "gender": "f",
        "user_geo_enabled": true,
        "username": "问我重要吗-",
        "comments_count": 0,
        "t": 1487738613,
        "video_status_count": 0,
        "urank": 29,
        "user_ability": 35651584,
        "credit_score": 80
    },
    {
        "reposts_count": 0,
        "uid": 3107948687,
        "bi_followers_count": 3,
        "text": "@微博辟谣",
        "user_description": "",
        "user_avatar": "https://tva4.sinaimg.cn/crop.0.0.180.180.50/b93f888fjw8f6fdaw0r7ej2050050aa3.jpg?KID=imgbed,tva&Expires=1584955540&ssig=iEvU9M%2BpVp",
        "id": "4077764086680527",
        "city": "5",
        "province": "35",
        "friends_count": 90,
        "user_location": "福建 泉州",
        "mid": "4077764086680527",
        "verified_reason": "",
        "attitudes_count": 0,
        "followers_count": 15,
        "verified_type": -1,
        "statuses_count": 5,
        "parent": "4077553368661453",
        "verified": false,
        "geo": null,
        "user_created_at": 1352819258,
        "favourites_count": 1,
        "screen_name": "4海8荒",
        "gender": "m",
        "user_geo_enabled": true,
        "username": "4海8荒",
        "comments_count": 0,
        "t": 1487698182,
        "video_status_count": 0,
        "urank": 7,
        "user_ability": 35651584,
        "credit_score": 80
    }
]