[
    {
        "reposts_count": 17,
        "uid": 1506590374,
        "bi_followers_count": 276,
        "text": "#调料造假窝点#这些人就该#侵猪笼##千刀万剐# http://t.cn/RJel0nA . ​",
        "user_description": "大家好，我是一个航拍爱好者，希望大家多多支持我，欢迎交流评论！！！",
        "user_avatar": "https://tva1.sinaimg.cn/crop.173.0.623.623.50/59ccbea6jw8fa7zh0hiu9j20qo0hrdh5.jpg?KID=imgbed,tva&Expires=1584955600&ssig=5qP0K4ltCP",
        "id": "4077570838539432",
        "city": "1000",
        "province": "41",
        "friends_count": 607,
        "user_location": "河南",
        "mid": "4077570838539432",
        "verified_reason": "视频自媒体",
        "attitudes_count": 22,
        "followers_count": 2567,
        "verified_type": 0,
        "statuses_count": 1519,
        "parent": null,
        "verified": true,
        "geo": null,
        "user_created_at": 1333013051,
        "favourites_count": 0,
        "screen_name": "我叫任小可",
        "gender": "m",
        "user_geo_enabled": true,
        "username": "我叫任小可",
        "comments_count": 16,
        "t": 1487652108,
        "video_status_count": 0,
        "urank": 34,
        "user_ability": 3410436,
        "credit_score": 80
    },
    {
        "reposts_count": 0,
        "uid": 5958573156,
        "bi_followers_count": 3,
        "text": "脑残，早辟谣了。还发",
        "user_description": "",
        "user_avatar": "https://tvax1.sinaimg.cn/crop.0.6.499.499.50/006vfz4Ely8fj8iamsouoj30dv0e80t0.jpg?KID=imgbed,tva&Expires=1584955600&ssig=bUuEPzu3rI",
        "id": "4080208249962521",
        "city": "1000",
        "province": "100",
        "friends_count": 92,
        "user_location": "其他",
        "mid": "4080208249962521",
        "verified_reason": "",
        "attitudes_count": 0,
        "followers_count": 47,
        "verified_type": -1,
        "statuses_count": 32,
        "parent": "4077570838539432",
        "verified": false,
        "geo": null,
        "user_created_at": 1466173543,
        "favourites_count": 0,
        "screen_name": "满脸坑大王",
        "gender": "m",
        "user_geo_enabled": true,
        "username": "满脸坑大王",
        "comments_count": 0,
        "t": 1488280916,
        "video_status_count": 0,
        "urank": 4,
        "user_ability": 2097152,
        "credit_score": 80
    },
    {
        "reposts_count": 0,
        "uid": 5593907927,
        "bi_followers_count": 1,
        "text": "智商去哪了，你见过一锅米全漂水上吗？",
        "user_description": "",
        "user_avatar": "https://tvax1.sinaimg.cn/crop.0.0.750.750.50/0066zsZply8fvs0puznyfj30ku0kut9e.jpg?KID=imgbed,tva&Expires=1584955600&ssig=rEUiBlqtGN",
        "id": "4080097839162147",
        "city": "1000",
        "province": "44",
        "friends_count": 152,
        "user_location": "广东",
        "mid": "4080097839162147",
        "verified_reason": "",
        "attitudes_count": 0,
        "followers_count": 31,
        "verified_type": -1,
        "statuses_count": 4,
        "parent": "4077570838539432",
        "verified": false,
        "geo": null,
        "user_created_at": 1429858346,
        "favourites_count": 5,
        "screen_name": "7月15世界末日",
        "gender": "m",
        "user_geo_enabled": true,
        "username": "7月15世界末日",
        "comments_count": 0,
        "t": 1488254592,
        "video_status_count": 0,
        "urank": 9,
        "user_ability": 0,
        "credit_score": 80
    },
    {
        "reposts_count": 0,
        "uid": 3888036712,
        "bi_followers_count": 8,
        "text": "此刻我只想知道如何鉴别大米的真假",
        "user_description": "脸一直向着阳光☀️，这样就不会见到阴影了",
        "user_avatar": "https://tvax4.sinaimg.cn/crop.0.0.512.512.50/e7bebb68ly8fsl1itu461j20e80e80t2.jpg?KID=imgbed,tva&Expires=1584955600&ssig=xdQErb3W1C",
        "id": "4079084399199802",
        "city": "1",
        "province": "61",
        "friends_count": 247,
        "user_location": "陕西 西安",
        "mid": "4079084399199802",
        "verified_reason": "",
        "attitudes_count": 0,
        "followers_count": 140,
        "verified_type": -1,
        "statuses_count": 365,
        "parent": "4077570838539432",
        "verified": false,
        "geo": null,
        "user_created_at": 1383661371,
        "favourites_count": 6,
        "screen_name": "Lucky鱼小倩",
        "gender": "f",
        "user_geo_enabled": true,
        "username": "Lucky鱼小倩",
        "comments_count": 0,
        "t": 1488012969,
        "video_status_count": 0,
        "urank": 9,
        "user_ability": 1310720,
        "credit_score": 80
    },
    {
        "reposts_count": 0,
        "uid": 5830949391,
        "bi_followers_count": 22,
        "text": "不清楚就别乱发",
        "user_description": "自由    勇敢",
        "user_avatar": "https://tvax2.sinaimg.cn/crop.0.0.996.996.50/006mC4iPly8forth7rg8lj30ro0roq4a.jpg?KID=imgbed,tva&Expires=1584955600&ssig=TO4eJheZrS",
        "id": "4078603207521960",
        "city": "1000",
        "province": "37",
        "friends_count": 51,
        "user_location": "山东",
        "mid": "4078603207521960",
        "verified_reason": "",
        "attitudes_count": 0,
        "followers_count": 1741,
        "verified_type": -1,
        "statuses_count": 210,
        "parent": "4077570838539432",
        "verified": false,
        "geo": null,
        "user_created_at": 1452903965,
        "favourites_count": 2,
        "screen_name": "在下白鸽警探",
        "gender": "m",
        "user_geo_enabled": true,
        "username": "在下白鸽警探",
        "comments_count": 0,
        "t": 1487898244,
        "video_status_count": 0,
        "urank": 14,
        "user_ability": 2359296,
        "credit_score": 80
    },
    {
        "reposts_count": 0,
        "uid": 5080851828,
        "bi_followers_count": 4,
        "text": "看完评论，长知识了",
        "user_description": "永远18，永远不想长大",
        "user_avatar": "https://tvax1.sinaimg.cn/crop.0.15.640.640.50/005xQJF2ly8ff4lq0owulj30hs0im3z4.jpg?KID=imgbed,tva&Expires=1584955600&ssig=71L40zDSWQ",
        "id": "4078435934579518",
        "city": "3",
        "province": "61",
        "friends_count": 270,
        "user_location": "陕西 宝鸡",
        "mid": "4078435934579518",
        "verified_reason": "",
        "attitudes_count": 0,
        "followers_count": 44,
        "verified_type": -1,
        "statuses_count": 930,
        "parent": "4077570838539432",
        "verified": false,
        "geo": null,
        "user_created_at": 1395474235,
        "favourites_count": 78,
        "screen_name": "用户lzp6d451fs",
        "gender": "f",
        "user_geo_enabled": true,
        "username": "用户lzp6d451fs",
        "comments_count": 0,
        "t": 1487858363,
        "video_status_count": 0,
        "urank": 14,
        "user_ability": 0,
        "credit_score": 80
    },
    {
        "reposts_count": 0,
        "uid": 6050486655,
        "bi_followers_count": 0,
        "text": "妈的，这些人真应该判死刑",
        "user_description": "简简单单，快快乐乐的活着",
        "user_avatar": "https://tvax3.sinaimg.cn/crop.0.0.960.960.50/006BtdYrly8fp6f48moqaj30qo0qoabo.jpg?KID=imgbed,tva&Expires=1584955600&ssig=QvpXwOgNNP",
        "id": "4078378015825368",
        "city": "6",
        "province": "15",
        "friends_count": 46,
        "user_location": "内蒙古 鄂尔多斯",
        "mid": "4078378015825368",
        "verified_reason": "",
        "attitudes_count": 0,
        "followers_count": 110,
        "verified_type": -1,
        "statuses_count": 10,
        "parent": "4077570838539432",
        "verified": false,
        "geo": null,
        "user_created_at": 1476881977,
        "favourites_count": 0,
        "screen_name": "答案给我关注我噫",
        "gender": "f",
        "user_geo_enabled": true,
        "username": "答案给我关注我噫",
        "comments_count": 0,
        "t": 1487844553,
        "video_status_count": 0,
        "urank": 4,
        "user_ability": 0,
        "credit_score": 80
    },
    {
        "reposts_count": 0,
        "uid": 5129261908,
        "bi_followers_count": 4,
        "text": "难道不是塑料科技吗",
        "user_description": "",
        "user_avatar": "https://tvax2.sinaimg.cn/crop.0.0.512.512.50/005B7RkMly8fwtzxgvf5nj30e80e8q3k.jpg?KID=imgbed,tva&Expires=1584955600&ssig=DuOA8sDYDW",
        "id": "4078351616858280",
        "city": "1000",
        "province": "32",
        "friends_count": 148,
        "user_location": "江苏",
        "mid": "4078351616858280",
        "verified_reason": "",
        "attitudes_count": 0,
        "followers_count": 72,
        "verified_type": -1,
        "statuses_count": 250,
        "parent": "4077570838539432",
        "verified": false,
        "geo": null,
        "user_created_at": 1399072221,
        "favourites_count": 8,
        "screen_name": "R-small静",
        "gender": "f",
        "user_geo_enabled": true,
        "username": "R-small静",
        "comments_count": 0,
        "t": 1487838260,
        "video_status_count": 0,
        "urank": 9,
        "user_ability": 2097152,
        "credit_score": 80
    },
    {
        "reposts_count": 0,
        "uid": 5341813972,
        "bi_followers_count": 2,
        "text": "没文化真可怕，这是塑料造粒，不是假大米[doge]",
        "user_description": "",
        "user_avatar": "https://tva2.sinaimg.cn/crop.0.0.438.438.50/005PvHPSjw8f8ajd1bzwtj30c60c6t8v.jpg?KID=imgbed,tva&Expires=1584955600&ssig=O1B9ypd%2FDf",
        "id": "4078298390469402",
        "city": "4",
        "province": "34",
        "friends_count": 75,
        "user_location": "安徽 淮南",
        "mid": "4078298390469402",
        "verified_reason": "",
        "attitudes_count": 0,
        "followers_count": 45,
        "verified_type": -1,
        "statuses_count": 17,
        "parent": "4077570838539432",
        "verified": false,
        "geo": null,
        "user_created_at": 1413995115,
        "favourites_count": 0,
        "screen_name": "青山楼外楼1314",
        "gender": "m",
        "user_geo_enabled": true,
        "username": "青山楼外楼1314",
        "comments_count": 0,
        "t": 1487825570,
        "video_status_count": 0,
        "urank": 4,
        "user_ability": 1024,
        "credit_score": 80
    },
    {
        "reposts_count": 0,
        "uid": 2028904541,
        "bi_followers_count": 35,
        "text": "这谣造的溜",
        "user_description": "北京小川建站工作室 工作电话 17600103166",
        "user_avatar": "https://tvax1.sinaimg.cn/crop.0.0.749.749.50/78eea05dly8fizjnjxkzlj20ku0kt3z4.jpg?KID=imgbed,tva&Expires=1584955600&ssig=iw7uXaqL40",
        "id": "4078288785856022",
        "city": "15",
        "province": "11",
        "friends_count": 374,
        "user_location": "北京 大兴区",
        "mid": "4078288785856022",
        "verified_reason": "",
        "attitudes_count": 0,
        "followers_count": 645,
        "verified_type": -1,
        "statuses_count": 5770,
        "parent": "4077570838539432",
        "verified": false,
        "geo": null,
        "user_created_at": 1300244556,
        "favourites_count": 68,
        "screen_name": "羊圈外的羊",
        "gender": "m",
        "user_geo_enabled": true,
        "username": "羊圈外的羊",
        "comments_count": 0,
        "t": 1487823280,
        "video_status_count": 0,
        "urank": 37,
        "user_ability": 11796480,
        "credit_score": 80
    },
    {
        "reposts_count": 0,
        "uid": 6051862585,
        "bi_followers_count": 4,
        "text": "不读书真可怕！",
        "user_description": "修地球！",
        "user_avatar": "https://tva2.sinaimg.cn/crop.0.0.996.996.50/006ByZURjw8fca1ky4zx3j30ro0ro7al.jpg?KID=imgbed,tva&Expires=1584955600&ssig=GIGswTuVJL",
        "id": "4078282217857099",
        "city": "4",
        "province": "64",
        "friends_count": 159,
        "user_location": "宁夏 固原",
        "mid": "4078282217857099",
        "verified_reason": "",
        "attitudes_count": 0,
        "followers_count": 27,
        "verified_type": -1,
        "statuses_count": 42,
        "parent": "4077570838539432",
        "verified": false,
        "geo": null,
        "user_created_at": 1477316323,
        "favourites_count": 0,
        "screen_name": "山沟沟里的小鱼",
        "gender": "m",
        "user_geo_enabled": true,
        "username": "山沟沟里的小鱼",
        "comments_count": 0,
        "t": 1487821714,
        "video_status_count": 0,
        "urank": 4,
        "user_ability": 0,
        "credit_score": 80
    },
    {
        "reposts_count": 0,
        "uid": 2780319491,
        "bi_followers_count": 7,
        "text": "无知真可怕",
        "user_description": "",
        "user_avatar": "https://tvax4.sinaimg.cn/crop.0.0.1080.1080.50/a5b84f03ly8gbg7lxrac8j20u00u0ac8.jpg?KID=imgbed,tva&Expires=1584955600&ssig=HLlX9D%2BlVV",
        "id": "4078213812344132",
        "city": "11",
        "province": "42",
        "friends_count": 113,
        "user_location": "湖北 黄冈",
        "mid": "4078213812344132",
        "verified_reason": "",
        "attitudes_count": 0,
        "followers_count": 322,
        "verified_type": -1,
        "statuses_count": 64,
        "parent": "4077570838539432",
        "verified": false,
        "geo": null,
        "user_created_at": 1337777753,
        "favourites_count": 21,
        "screen_name": "皮叔叔是个大胖子",
        "gender": "m",
        "user_geo_enabled": false,
        "username": "皮叔叔是个大胖子",
        "comments_count": 0,
        "t": 1487805405,
        "video_status_count": 0,
        "urank": 28,
        "user_ability": 0,
        "credit_score": 80
    },
    {
        "reposts_count": 0,
        "uid": 2127758075,
        "bi_followers_count": 75,
        "text": "真不懂还是要关注，可悲",
        "user_description": "暴雪全家桶玩家，坟头枢纽忠实用户，可攻可受双性取向，性格直爽的温柔小胖子，单身许久，欢迎来撩啊😉",
        "user_avatar": "https://tva4.sinaimg.cn/crop.0.0.1080.1080.50/7ed302fbjw8epeuktof9ej20u00u0404.jpg?KID=imgbed,tva&Expires=1584955600&ssig=yvebt6Ntfc",
        "id": "4078140730474322",
        "city": "2",
        "province": "11",
        "friends_count": 717,
        "user_location": "北京 西城区",
        "mid": "4078140730474322",
        "verified_reason": "",
        "attitudes_count": 0,
        "followers_count": 168,
        "verified_type": -1,
        "statuses_count": 3588,
        "parent": "4077570838539432",
        "verified": false,
        "geo": null,
        "user_created_at": 1305031230,
        "favourites_count": 133,
        "screen_name": "KID_Sylwia",
        "gender": "f",
        "user_geo_enabled": true,
        "username": "KID_Sylwia",
        "comments_count": 0,
        "t": 1487787982,
        "video_status_count": 0,
        "urank": 32,
        "user_ability": 2098176,
        "credit_score": 80
    },
    {
        "reposts_count": 0,
        "uid": 5398280768,
        "bi_followers_count": 27,
        "text": "sb吗，这是塑料造粒，造成的颗粒挤压可以做塑料制品",
        "user_description": "",
        "user_avatar": "https://tvax2.sinaimg.cn/crop.0.0.1002.1002.50/005TkDqEly8fugl1wel42j30ru0ruwhj.jpg?KID=imgbed,tva&Expires=1584955600&ssig=4cjIkfl8Rn",
        "id": "4078055162441911",
        "city": "1",
        "province": "37",
        "friends_count": 40,
        "user_location": "山东 济南",
        "mid": "4078055162441911",
        "verified_reason": "",
        "attitudes_count": 0,
        "followers_count": 159,
        "verified_type": -1,
        "statuses_count": 34,
        "parent": "4077570838539432",
        "verified": false,
        "geo": null,
        "user_created_at": 1417584752,
        "favourites_count": 11,
        "screen_name": "fantastic677",
        "gender": "m",
        "user_geo_enabled": true,
        "username": "fantastic677",
        "comments_count": 0,
        "t": 1487767580,
        "video_status_count": 0,
        "urank": 14,
        "user_ability": 35651584,
        "credit_score": 80
    },
    {
        "reposts_count": 0,
        "uid": 5404394225,
        "bi_followers_count": 7,
        "text": "稳如各国对外通报，没有从中国购入原料，请放心购买",
        "user_description": "不相信任何代购，别来",
        "user_avatar": "https://tvax4.sinaimg.cn/crop.0.0.512.512.50/005TKhONly8fitu898bnsj30e80e8dgi.jpg?KID=imgbed,tva&Expires=1584955600&ssig=hNuV8XUfP5",
        "id": "4078018697909657",
        "city": "1000",
        "province": "400",
        "friends_count": 338,
        "user_location": "海外",
        "mid": "4078018697909657",
        "verified_reason": "",
        "attitudes_count": 0,
        "followers_count": 131,
        "verified_type": -1,
        "statuses_count": 761,
        "parent": "4077570838539432",
        "verified": false,
        "geo": null,
        "user_created_at": 1418003525,
        "favourites_count": 96,
        "screen_name": "一只猫的报恩",
        "gender": "f",
        "user_geo_enabled": true,
        "username": "一只猫的报恩",
        "comments_count": 0,
        "t": 1487758886,
        "video_status_count": 0,
        "urank": 9,
        "user_ability": 0,
        "credit_score": 80
    }
]