[
    {
        "reposts_count": 0,
        "uid": 1728112623,
        "bi_followers_count": 2091,
        "text": "北京黑心的无沙紫菜！！黑塑料？ http://t.cn/R2Wxau6 http://t.cn/RJg5zdK . ​",
        "user_description": "箴言9:10 敬畏耶和华、是智慧的开端．认识至圣者、便是聪明。 2010年4月10日19点23分开通",
        "user_avatar": "https://tva4.sinaimg.cn/crop.0.0.180.180.50/6700e7efjw1e8qgp5bmzyj2050050aa8.jpg?KID=imgbed,tva&Expires=1584955828&ssig=4GOnSADjOG",
        "id": "4077361190388160",
        "city": "1000",
        "province": "14",
        "friends_count": 5017,
        "user_location": "山西",
        "mid": "4077361190388160",
        "verified_reason": "",
        "attitudes_count": 1,
        "followers_count": 8880,
        "verified_type": 220,
        "statuses_count": 118094,
        "parent": null,
        "verified": false,
        "geo": {
            "type": "Point",
            "coordinates": [
                37.90461,
                112.591431
            ]
        },
        "user_created_at": 1270898934,
        "favourites_count": 1066,
        "screen_name": "气球气象",
        "gender": "f",
        "user_geo_enabled": true,
        "username": "气球气象",
        "comments_count": 2,
        "t": 1487602124,
        "video_status_count": 0,
        "urank": 48,
        "user_ability": -2135687160,
        "credit_score": 76
    },
    {
        "reposts_count": 0,
        "uid": 2178755832,
        "bi_followers_count": 53,
        "text": "截图存证！请勿信谣传谣！各大媒体均已澄清不存在塑料紫菜！",
        "user_description": "处女天秤男。",
        "user_avatar": "https://tva3.sinaimg.cn/crop.0.0.180.180.50/81dd2cf8jw1e8qgp5bmzyj2050050aa8.jpg?KID=imgbed,tva&Expires=1584955828&ssig=JddYsjo4LU",
        "id": "4077391959579523",
        "city": "5",
        "province": "35",
        "friends_count": 174,
        "user_location": "福建 泉州",
        "mid": "4077391959579523",
        "verified_reason": "",
        "attitudes_count": 0,
        "followers_count": 182,
        "verified_type": -1,
        "statuses_count": 146,
        "parent": "4077361190388160",
        "verified": false,
        "geo": {
            "type": "Point",
            "coordinates": [
                37.90461,
                112.591431
            ]
        },
        "user_created_at": 1308293991,
        "favourites_count": 177,
        "screen_name": "牛先生SS",
        "gender": "m",
        "user_geo_enabled": true,
        "username": "牛先生SS",
        "comments_count": 0,
        "t": 1487609460,
        "video_status_count": 0,
        "urank": 25,
        "user_ability": 33554432,
        "credit_score": 80
    },
    {
        "reposts_count": 0,
        "uid": 1681940677,
        "bi_followers_count": 27,
        "text": "这都可以推荐出是塑料袋，第一次知道塑料袋遇水膨胀，缺水收缩的。。。老师以前要你读书，你都干嘛去了。。",
        "user_description": "苦逼..",
        "user_avatar": "https://tva1.sinaimg.cn/crop.0.0.180.180.50/644060c5jw1e8qgp5bmzyj2050050aa8.jpg?KID=imgbed,tva&Expires=1584955828&ssig=ehh2jnTiZM",
        "id": "4077367742052582",
        "city": "5",
        "province": "43",
        "friends_count": 580,
        "user_location": "湖南 邵阳",
        "mid": "4077367742052582",
        "verified_reason": "",
        "attitudes_count": 0,
        "followers_count": 300,
        "verified_type": -1,
        "statuses_count": 2108,
        "parent": "4077361190388160",
        "verified": false,
        "geo": {
            "type": "Point",
            "coordinates": [
                37.90461,
                112.591431
            ]
        },
        "user_created_at": 1282363921,
        "favourites_count": 6,
        "screen_name": "麻烦糖果",
        "gender": "f",
        "user_geo_enabled": true,
        "username": "麻烦糖果",
        "comments_count": 0,
        "t": 1487603686,
        "video_status_count": 0,
        "urank": 24,
        "user_ability": 1048576,
        "credit_score": 80
    }
]