[
    {
        "reposts_count": 0,
        "uid": 5884307835,
        "bi_followers_count": 6,
        "text": "[骷髅][骷髅][骷髅]再也不敢吃紫菜了[吐][吐][吐] http://t.cn/RJD0Y3M . ​",
        "user_description": "一名不爱“发脾气”的小学老师",
        "user_avatar": "https://tvax3.sinaimg.cn/crop.0.0.960.960.50/006qdXgTly8fmbdnfjntij30qo0qognq.jpg?KID=imgbed,tva&Expires=1584955608&ssig=GLUDKU2Gir",
        "id": "4077675389859619",
        "city": "1",
        "province": "43",
        "friends_count": 176,
        "user_location": "湖南 长沙",
        "mid": "4077675389859619",
        "verified_reason": "",
        "attitudes_count": 0,
        "followers_count": 71,
        "verified_type": -1,
        "statuses_count": 84,
        "parent": null,
        "verified": false,
        "geo": null,
        "user_created_at": 1458190755,
        "favourites_count": 3,
        "screen_name": "戈戈东人",
        "gender": "f",
        "user_geo_enabled": true,
        "username": "戈戈东人",
        "comments_count": 2,
        "t": 1487677035,
        "video_status_count": 0,
        "urank": 9,
        "user_ability": 33555456,
        "credit_score": 80
    },
    {
        "reposts_count": 0,
        "uid": 2381655891,
        "bi_followers_count": 32,
        "text": "快别吃了，就这智商，别吃东西了，可能你喝的水都是液态塑料[摊手]",
        "user_description": "舍悟离迷，六尘不改",
        "user_avatar": "https://tvax3.sinaimg.cn/crop.0.0.1006.1006.50/8df52f53ly8fqarxrerg7j20ry0rygpv.jpg?KID=imgbed,tva&Expires=1584955608&ssig=g0K2MsPunq",
        "id": "4077774740869302",
        "city": "1000",
        "province": "100",
        "friends_count": 115,
        "user_location": "其他",
        "mid": "4077774740869302",
        "verified_reason": "",
        "attitudes_count": 0,
        "followers_count": 129,
        "verified_type": -1,
        "statuses_count": 72,
        "parent": "4077675389859619",
        "verified": false,
        "geo": null,
        "user_created_at": 1317000021,
        "favourites_count": 311,
        "screen_name": "Lit荔枝粒粒",
        "gender": "m",
        "user_geo_enabled": true,
        "username": "Lit荔枝粒粒",
        "comments_count": 0,
        "t": 1487700722,
        "video_status_count": 0,
        "urank": 24,
        "user_ability": 0,
        "credit_score": 80
    }
]