[
    {
        "reposts_count": 2,
        "uid": 1025922391,
        "bi_followers_count": 109,
        "text": "去年底福建經特大颱風摧殘，源海地區種植紫菜被毀，季節性收成失收，引發紫菜價格猛長，而我家紫菜絕對良心出品，放一萬個心食用，在此小賣廣告一則[挤眼] http://t.cn/RJDMmjM . ​",
        "user_description": "「天外孤帆雲外樹 胸中熱血劍中霜」",
        "user_avatar": "https://tvax2.sinaimg.cn/crop.0.0.996.996.50/3d265557ly8gcqcqlxzi6j20ro0roq7r.jpg?KID=imgbed,tva&Expires=1584955294&ssig=0TS49YV7XV",
        "id": "4077651137856401",
        "city": "1000",
        "province": "81",
        "friends_count": 484,
        "user_location": "香港",
        "mid": "4077651137856401",
        "verified_reason": "",
        "attitudes_count": 4,
        "followers_count": 1612,
        "verified_type": -1,
        "statuses_count": 2844,
        "parent": null,
        "verified": false,
        "geo": null,
        "user_created_at": 1269322679,
        "favourites_count": 1,
        "screen_name": "獨斗演繹",
        "gender": "m",
        "user_geo_enabled": false,
        "username": "獨斗演繹",
        "comments_count": 3,
        "t": 1487671253,
        "video_status_count": 0,
        "urank": 39,
        "user_ability": 2359296,
        "credit_score": 80
    },
    {
        "reposts_count": 0,
        "uid": 5754809629,
        "bi_followers_count": 0,
        "text": "卧槽，真的假的？？",
        "user_description": "",
        "user_avatar": "https://tvax4.sinaimg.cn/crop.0.14.751.751.50/006hsAS9ly8fjzfaqvcf6j30kv0lomyt.jpg?KID=imgbed,tva&Expires=1584955294&ssig=evsSbjdpfb",
        "id": "4093331246276389",
        "city": "1000",
        "province": "100",
        "friends_count": 18,
        "user_location": "其他",
        "mid": "4093331246276389",
        "verified_reason": "",
        "attitudes_count": 0,
        "followers_count": 17,
        "verified_type": -1,
        "statuses_count": 5,
        "parent": "4077651137856401",
        "verified": false,
        "geo": null,
        "user_created_at": 1447112798,
        "favourites_count": 0,
        "screen_name": "余生请多指教971111",
        "gender": "m",
        "user_geo_enabled": true,
        "username": "余生请多指教971111",
        "comments_count": 0,
        "t": 1491409681,
        "video_status_count": 0,
        "urank": 9,
        "user_ability": 1024,
        "credit_score": 77
    },
    {
        "reposts_count": 0,
        "uid": 3139565665,
        "bi_followers_count": 21,
        "text": "卧槽",
        "user_description": "你能介绍一下自己吗",
        "user_avatar": "https://tva1.sinaimg.cn/crop.0.0.640.640.50/bb21f861jw8ev7xd20y2mj20hs0hswfd.jpg?KID=imgbed,tva&Expires=1584955294&ssig=5h8h%2FQyB1L",
        "id": "4089510709038985",
        "city": "1000",
        "province": "100",
        "friends_count": 1874,
        "user_location": "其他",
        "mid": "4089510709038985",
        "verified_reason": "",
        "attitudes_count": 0,
        "followers_count": 129,
        "verified_type": -1,
        "statuses_count": 418,
        "parent": "4077651137856401",
        "verified": false,
        "geo": null,
        "user_created_at": 1353815562,
        "favourites_count": 0,
        "screen_name": "四目相对都是泪",
        "gender": "f",
        "user_geo_enabled": true,
        "username": "四目相对都是泪",
        "comments_count": 0,
        "t": 1490498795,
        "video_status_count": 0,
        "urank": 14,
        "user_ability": 0,
        "credit_score": 80
    }
]