[
    {
        "reposts_count": 1,
        "uid": 2394312894,
        "bi_followers_count": 41,
        "text": "塑料大米制作流水线！这帮黑心商人是想下地狱吗？！震惊！@长春食品安全执法大队 http://t.cn/RJrVh7I . ​",
        "user_description": "人心惟危 道心惟微 惟精惟一 允执厥中",
        "user_avatar": "https://tva4.sinaimg.cn/crop.5.0.1231.1231.50/8eb650bejw8f8ey5546gij20yi0y7tbf.jpg?KID=imgbed,tva&Expires=1584955823&ssig=rN0PtfqI6V",
        "id": "4077213563286100",
        "city": "1000",
        "province": "22",
        "friends_count": 485,
        "user_location": "吉林",
        "mid": "4077213563286100",
        "verified_reason": "",
        "attitudes_count": 0,
        "followers_count": 20639,
        "verified_type": -1,
        "statuses_count": 387,
        "parent": null,
        "verified": false,
        "geo": null,
        "user_created_at": 1315966434,
        "favourites_count": 367,
        "screen_name": "吃喝玩乐的魔法团",
        "gender": "m",
        "user_geo_enabled": true,
        "username": "吃喝玩乐的魔法团",
        "comments_count": 2,
        "t": 1487566927,
        "video_status_count": 0,
        "urank": 23,
        "user_ability": 8,
        "credit_score": 80
    },
    {
        "reposts_count": 0,
        "uid": 1373127421,
        "bi_followers_count": 2,
        "text": "发微博之前用脑子想想，造谣传谣是要你自己负责任的。",
        "user_description": "想过平平淡淡的日子。希望找一位老师或者在学校工作的另一半，这样能有寒暑假外出旅游。",
        "user_avatar": "https://tvax3.sinaimg.cn/crop.0.0.996.996.50/51d842fdly8g6i67azo0kj20ro0roq4q.jpg?KID=imgbed,tva&Expires=1584955823&ssig=TDaHmRfqne",
        "id": "4104605882709800",
        "city": "1",
        "province": "44",
        "friends_count": 86,
        "user_location": "广东 广州",
        "mid": "4104605882709800",
        "verified_reason": "",
        "attitudes_count": 0,
        "followers_count": 116,
        "verified_type": -1,
        "statuses_count": 287,
        "parent": "4077213563286100",
        "verified": false,
        "geo": null,
        "user_created_at": 1286085984,
        "favourites_count": 8,
        "screen_name": "洛洛的洛洛_",
        "gender": "m",
        "user_geo_enabled": false,
        "username": "洛洛的洛洛_",
        "comments_count": 0,
        "t": 1494097766,
        "video_status_count": 0,
        "urank": 33,
        "user_ability": 33816576,
        "credit_score": 80
    },
    {
        "reposts_count": 0,
        "uid": 3563835733,
        "bi_followers_count": 1,
        "text": "已辟谣，这是工业用塑料粒",
        "user_description": "",
        "user_avatar": "https://tva1.sinaimg.cn/crop.0.0.749.749.50/d46bd155jw8f82rjkkyi1j20ku0ktdgj.jpg?KID=imgbed,tva&Expires=1584955823&ssig=yssyRH9Gj7",
        "id": "4077728846347848",
        "city": "6",
        "province": "45",
        "friends_count": 53,
        "user_location": "广西 防城港",
        "mid": "4077728846347848",
        "verified_reason": "",
        "attitudes_count": 0,
        "followers_count": 28,
        "verified_type": -1,
        "statuses_count": 182,
        "parent": "4077213563286100",
        "verified": false,
        "geo": null,
        "user_created_at": 1372449192,
        "favourites_count": 3,
        "screen_name": "知了又不知了",
        "gender": "f",
        "user_geo_enabled": true,
        "username": "知了又不知了",
        "comments_count": 0,
        "t": 1487689780,
        "video_status_count": 0,
        "urank": 14,
        "user_ability": 0,
        "credit_score": 80
    }
]