[
    {
        "reposts_count": 0,
        "uid": 6140835771,
        "bi_followers_count": 0,
        "text": "湖南省怀化市第一人民医院昨天凌晨5：20分，三名男女生感染sk5病毒死亡，最大的32岁，最小的5岁，参与抢救的医生已被隔离，中央1台电视新闻己播岀，暂时别吃魚，凉皮，冷面类，酸菜，特别是草魚，酸菜魚，水煮魚，目前大连有1314个已感染。收到马上发给你关心的人，最好是群发。为了您的健康，请转发。...全文： http://m.weibo.cn/6140835771/4077769631698521 ​",
        "user_description": "",
        "user_avatar": "https://tvax1.sinaimg.cn/default/images/default_avatar_female_50.gif?KID=imgbed,tva&Expires=1584955522&ssig=hJnGp5Axn3",
        "id": "4077769631698521",
        "city": "10",
        "province": "62",
        "friends_count": 63,
        "user_location": "甘肃 庆阳",
        "mid": "4077769631698521",
        "verified_reason": "",
        "attitudes_count": 0,
        "followers_count": 7,
        "verified_type": -1,
        "statuses_count": 5,
        "parent": null,
        "verified": false,
        "geo": null,
        "user_created_at": 1487564086,
        "favourites_count": 0,
        "screen_name": "善良李晓1986",
        "gender": "f",
        "user_geo_enabled": true,
        "username": "善良李晓1986",
        "comments_count": 1,
        "t": 1487699504,
        "video_status_count": 0,
        "urank": 6,
        "user_ability": 0,
        "credit_score": 80
    },
    {
        "reposts_count": 0,
        "uid": 5614424908,
        "bi_followers_count": 2,
        "text": "死全家",
        "user_description": "",
        "user_avatar": "https://tva2.sinaimg.cn/crop.0.0.1006.1006.50/0067Xyosjw8fal12dq0p6j30ry0ryjtq.jpg?KID=imgbed,tva&Expires=1584955522&ssig=qz6B3nC3IN",
        "id": "4125098686277922",
        "city": "1000",
        "province": "100",
        "friends_count": 14,
        "user_location": "其他",
        "mid": "4125098686277922",
        "verified_reason": "",
        "attitudes_count": 0,
        "followers_count": 41,
        "verified_type": -1,
        "statuses_count": 2,
        "parent": "4077769631698521",
        "verified": false,
        "geo": null,
        "user_created_at": 1432360296,
        "favourites_count": 1,
        "screen_name": "擘擘就是6",
        "gender": "m",
        "user_geo_enabled": true,
        "username": "擘擘就是6",
        "comments_count": 0,
        "t": 1498983630,
        "video_status_count": 0,
        "urank": 9,
        "user_ability": 0,
        "credit_score": 80
    }
]