[
    {
        "reposts_count": 0,
        "uid": 5748171853,
        "bi_followers_count": 7,
        "text": "☎☎☎紧急通知\n大家一定要互相转告。这批人在105国道(南站康洋加油站）下的车换的和尚服，拿着香皂，到处推销，到人家里去推销，说你闻这香皂，可香了，等你一闻，一两分钟的时间，就晕过去了，他就把值钱的东西都拿走了，大家一定要转发到群里，并且告诉我们的亲人和身边的人！ 一定先告诉你的老人和...全文： http://m.weibo.cn/5748171853/4078070099260065 ​",
        "user_description": "爱旅行   不爱穿秋裤",
        "user_avatar": "https://tvax1.sinaimg.cn/crop.0.0.996.996.50/006h0K5fly8fqbbl2ik8cj30ro0rowho.jpg?KID=imgbed,tva&Expires=1584955543&ssig=ZOtWKJqMiD",
        "id": "4078070099260065",
        "city": "8",
        "province": "37",
        "friends_count": 127,
        "user_location": "山东 济宁",
        "mid": "4078070099260065",
        "verified_reason": "",
        "attitudes_count": 0,
        "followers_count": 31,
        "verified_type": -1,
        "statuses_count": 189,
        "parent": null,
        "verified": false,
        "geo": {
            "type": "Point",
            "coordinates": [
                34.91239,
                116.39084
            ]
        },
        "user_created_at": 1446428966,
        "favourites_count": 18,
        "screen_name": "音小咘",
        "gender": "f",
        "user_geo_enabled": true,
        "username": "音小咘",
        "comments_count": 3,
        "t": 1487771141,
        "video_status_count": 0,
        "urank": 9,
        "user_ability": 35652608,
        "credit_score": 80
    },
    {
        "reposts_count": 0,
        "uid": 5695253869,
        "bi_followers_count": 4016,
        "text": "亲在线吗 您可以留个微信或手机号哦 ，小编安排客服把我们最新的活动套餐，客照和报价单发给您先参考一下哦~",
        "user_description": "唯一视觉·全球旅拍，全球200+旅拍目的地，遍及三亚、丽江、大理、青岛、上海、稻城、杭州、温州、大连、西藏、普吉岛、巴厘岛、马尔代夫、巴黎、布拉格、罗马、威尼斯、普罗旺斯、伦敦、瑞士，等蜜月胜地。客片比样片更美，所见即所得。",
        "user_avatar": "https://tvax1.sinaimg.cn/crop.0.0.800.800.50/006dqHHnly8g343h1pn0tj30m80m80za.jpg?KID=imgbed,tva&Expires=1584955543&ssig=%2Fm8kLdHkbl",
        "id": "4089592556523988",
        "city": "1000",
        "province": "31",
        "friends_count": 16024,
        "user_location": "上海",
        "mid": "4089592556523988",
        "verified_reason": "上海唯一视觉企业发展有限公司",
        "attitudes_count": 0,
        "followers_count": 120795,
        "verified_type": 2,
        "statuses_count": 5944,
        "parent": "4078070099260065",
        "verified": true,
        "geo": {
            "type": "Point",
            "coordinates": [
                34.91239,
                116.39084
            ]
        },
        "user_created_at": 1444360833,
        "favourites_count": 11,
        "screen_name": "唯一视觉婚纱摄影普吉岛站",
        "gender": "f",
        "user_geo_enabled": true,
        "username": "唯一视觉婚纱摄影普吉岛站",
        "comments_count": 0,
        "t": 1490518309,
        "video_status_count": 0,
        "urank": 41,
        "user_ability": 262152,
        "credit_score": 80
    },
    {
        "reposts_count": 0,
        "uid": 3194639507,
        "bi_followers_count": 325,
        "text": "您好，我是杭州网警巡查执法账号，您在微博发布的信息涉嫌谣言，请删除相关文章，消除影响.",
        "user_description": "杭州市公安局网警网上巡查执法账号，维护网上治安秩序，共建文明、和谐、清朗的网络空间。",
        "user_avatar": "https://tva2.sinaimg.cn/crop.0.0.750.750.50/be6a5493jw8esnqj8z61ej20ku0kuq4i.jpg?KID=imgbed,tva&Expires=1584955543&ssig=85WYMQhYgT",
        "id": "4079806569604048",
        "city": "1000",
        "province": "33",
        "friends_count": 672,
        "user_location": "浙江",
        "mid": "4079806569604048",
        "verified_reason": "杭州市公安局网络警察分局官方微博",
        "attitudes_count": 0,
        "followers_count": 43763,
        "verified_type": 1,
        "statuses_count": 8759,
        "parent": "4078070099260065",
        "verified": true,
        "geo": {
            "type": "Point",
            "coordinates": [
                34.91239,
                116.39084
            ]
        },
        "user_created_at": 1355735195,
        "favourites_count": 31,
        "screen_name": "杭州网警",
        "gender": "m",
        "user_geo_enabled": true,
        "username": "杭州网警",
        "comments_count": 0,
        "t": 1488185149,
        "video_status_count": 0,
        "urank": 39,
        "user_ability": 11796488,
        "credit_score": 80
    },
    {
        "reposts_count": 0,
        "uid": 2491857513,
        "bi_followers_count": 32,
        "text": "交警陈清洲  #清洲说警事#【六个“和尚服”推销香皂，一闻就晕？这是谣言！】近日，一则多年前的谣言又在微博、朋友圈里慌传：“紧急通知!xx汽车站下的车有六个和尚服，这几天都在杏林各乡镇，拿着香皂到处推销，到人家里去推销，说你闻这香皂，可香了，等你一闻，一两分钟的时间，就晕过去了，昨天就",
        "user_description": "随浪随风飘荡 随著一生里的浪 你我在重遇那一刹 顷刻各在一方 缘份随风飘荡 缘尽此生也守望 你我在回望那一刹 心中有泪飘降 纵是告别也交出真心意",
        "user_avatar": "https://tva4.sinaimg.cn/crop.17.128.212.212.50/9486ba69gw1ec9k3jkhvjj206k09uq3r.jpg?KID=imgbed,tva&Expires=1584955543&ssig=063JskBNjB",
        "id": "4078741624210429",
        "city": "1",
        "province": "44",
        "friends_count": 84,
        "user_location": "广东 广州",
        "mid": "4078741624210429",
        "verified_reason": "",
        "attitudes_count": 0,
        "followers_count": 492,
        "verified_type": 220,
        "statuses_count": 7,
        "parent": "4078070099260065",
        "verified": false,
        "geo": {
            "type": "Point",
            "coordinates": [
                34.91239,
                116.39084
            ]
        },
        "user_created_at": 1322215116,
        "favourites_count": 311,
        "screen_name": "袁紫桃",
        "gender": "f",
        "user_geo_enabled": false,
        "username": "袁紫桃",
        "comments_count": 0,
        "t": 1487931245,
        "video_status_count": 0,
        "urank": 24,
        "user_ability": 35651584,
        "credit_score": 80
    }
]