[
    {
        "reposts_count": 1,
        "uid": 5738158144,
        "bi_followers_count": 273,
        "text": "到底是紫菜还是塑料？食品安全谁作主？ http://t.cn/RihZwfm . ​",
        "user_description": "高危肿瘤早筛  健康减脂及体重管理  抗糖抗衰技术  中医养生常识",
        "user_avatar": "https://tvax2.sinaimg.cn/crop.0.0.1080.1080.50/006gkJ3Oly8gcawslll4qj30u00u00wp.jpg?KID=imgbed,tva&Expires=1584955583&ssig=6kZzvAaHi2",
        "id": "4078290584959945",
        "city": "1000",
        "province": "31",
        "friends_count": 646,
        "user_location": "上海",
        "mid": "4078290584959945",
        "verified_reason": "勇集实业（上海）有限公司总经理",
        "attitudes_count": 0,
        "followers_count": 18093,
        "verified_type": 0,
        "statuses_count": 5176,
        "parent": null,
        "verified": true,
        "geo": null,
        "user_created_at": 1445844184,
        "favourites_count": 15,
        "screen_name": "明月Hera",
        "gender": "f",
        "user_geo_enabled": true,
        "username": "明月Hera",
        "comments_count": 3,
        "t": 1487823709,
        "video_status_count": 0,
        "urank": 43,
        "user_ability": 10487816,
        "credit_score": 80
    },
    {
        "reposts_count": 0,
        "uid": 1807416191,
        "bi_followers_count": 542,
        "text": "谣言可耻 不信谣。用塑料烧一下就知道 塑料味道很重 而且塑料表面会附水滴 紫菜不会。 再说了 用塑料成本更高",
        "user_description": "",
        "user_avatar": "https://tvax2.sinaimg.cn/crop.0.0.512.512.50/6bbafb7fly8gawjt8zdjvj20e80e83z5.jpg?KID=imgbed,tva&Expires=1584955583&ssig=hyrhj37dMv",
        "id": "4078390732234859",
        "city": "1000",
        "province": "400",
        "friends_count": 1016,
        "user_location": "海外",
        "mid": "4078390732234859",
        "verified_reason": "",
        "attitudes_count": 0,
        "followers_count": 2089,
        "verified_type": -1,
        "statuses_count": 4680,
        "parent": "4078290584959945",
        "verified": false,
        "geo": null,
        "user_created_at": 1283319448,
        "favourites_count": 531,
        "screen_name": "明明虾米都不知道",
        "gender": "f",
        "user_geo_enabled": false,
        "username": "明明虾米都不知道",
        "comments_count": 0,
        "t": 1487847586,
        "video_status_count": 0,
        "urank": 39,
        "user_ability": 3407872,
        "credit_score": 80
    },
    {
        "reposts_count": 0,
        "uid": 5738158144,
        "bi_followers_count": 273,
        "text": "回复@睡梦中的你Zzzzz: 好的好的[赞]",
        "user_description": "高危肿瘤早筛  健康减脂及体重管理  抗糖抗衰技术  中医养生常识",
        "user_avatar": "https://tvax2.sinaimg.cn/crop.0.0.1080.1080.50/006gkJ3Oly8gcawslll4qj30u00u00wp.jpg?KID=imgbed,tva&Expires=1584955583&ssig=6kZzvAaHi2",
        "id": "4078314199568868",
        "city": "1000",
        "province": "31",
        "friends_count": 646,
        "user_location": "上海",
        "mid": "4078314199568868",
        "verified_reason": "勇集实业（上海）有限公司总经理",
        "attitudes_count": 0,
        "followers_count": 18092,
        "verified_type": 0,
        "statuses_count": 5176,
        "parent": "4078290584959945",
        "verified": true,
        "geo": null,
        "user_created_at": 1445844184,
        "favourites_count": 15,
        "screen_name": "明月Hera",
        "gender": "f",
        "user_geo_enabled": true,
        "username": "明月Hera",
        "comments_count": 0,
        "t": 1487829339,
        "video_status_count": 0,
        "urank": 43,
        "user_ability": 10487816,
        "credit_score": 80
    },
    {
        "reposts_count": 0,
        "uid": 2993373375,
        "bi_followers_count": 38,
        "text": "紫菜放火上烧，一烧就知道了。",
        "user_description": "不要太过相信，真相总会让你挫败。",
        "user_avatar": "https://tvax3.sinaimg.cn/crop.0.0.750.750.50/b26b40bfly8fvzlkw8vn4j20ku0ku3zp.jpg?KID=imgbed,tva&Expires=1584955583&ssig=Je1f%2FDGWdB",
        "id": "4078313036684652",
        "city": "10",
        "province": "31",
        "friends_count": 149,
        "user_location": "上海 杨浦区",
        "mid": "4078313036684652",
        "verified_reason": "",
        "attitudes_count": 0,
        "followers_count": 164,
        "verified_type": -1,
        "statuses_count": 116,
        "parent": "4078290584959945",
        "verified": false,
        "geo": null,
        "user_created_at": 1350049733,
        "favourites_count": 2,
        "screen_name": "不负春光Zzzzz",
        "gender": "f",
        "user_geo_enabled": true,
        "username": "不负春光Zzzzz",
        "comments_count": 0,
        "t": 1487829062,
        "video_status_count": 0,
        "urank": 31,
        "user_ability": 2097152,
        "credit_score": 80
    }
]