[
    {
        "reposts_count": 2,
        "uid": 1862071035,
        "bi_followers_count": 217,
        "text": "紫菜用塑料袋制作？ #全球搞笑微博##全球幽默搞笑视频# http://t.cn/RivBGf6 . ​",
        "user_description": "每天与您分享：搞笑视频、爆笑视频、奇葩视频、逗比视频、逗逼视频、搞笑图片、搞笑GIF图片、全球奇闻趣事、奇葩、逗比、逗逼。广告合作QQ：383274881",
        "user_avatar": "https://tvax3.sinaimg.cn/crop.0.0.1242.1242.50/6efcf2fbly8fj4cyp4fv7j20yi0yignp.jpg?KID=imgbed,tva&Expires=1584955598&ssig=5jN9%2BQ5shi",
        "id": "4078100226975276",
        "city": "1000",
        "province": "44",
        "friends_count": 1010,
        "user_location": "广东",
        "mid": "4078100226975276",
        "verified_reason": "知名搞笑幽默博主 搞笑视频自媒体",
        "attitudes_count": 1,
        "followers_count": 598570,
        "verified_type": 0,
        "statuses_count": 63958,
        "parent": null,
        "verified": true,
        "geo": null,
        "user_created_at": 1289673873,
        "favourites_count": 113,
        "screen_name": "搞笑逗比视频",
        "gender": "m",
        "user_geo_enabled": true,
        "username": "搞笑逗比视频",
        "comments_count": 1,
        "t": 1487778323,
        "video_status_count": 0,
        "urank": 47,
        "user_ability": 3410440,
        "credit_score": 80
    },
    {
        "reposts_count": 0,
        "uid": 1895996140,
        "bi_followers_count": 41,
        "text": "有专家证明，这是比较老的紫菜。燃烧会有蛋白质味道，泡发后方显微镜下也可证明。没有塑料袋干的时候是硬的，湿了以后就软了的。",
        "user_description": "发广告的，僵尸粉的，我不怕麻烦，挨个举报！",
        "user_avatar": "https://tva2.sinaimg.cn/crop.0.0.180.180.50/71029aecjw1e8qgp5bmzyj2050050aa8.jpg?KID=imgbed,tva&Expires=1584955598&ssig=nbBUsKTF23",
        "id": "4078121026492953",
        "city": "1",
        "province": "400",
        "friends_count": 580,
        "user_location": "海外 美国",
        "mid": "4078121026492953",
        "verified_reason": "",
        "attitudes_count": 0,
        "followers_count": 96,
        "verified_type": -1,
        "statuses_count": 3430,
        "parent": "4078100226975276",
        "verified": false,
        "geo": null,
        "user_created_at": 1292567716,
        "favourites_count": 1232,
        "screen_name": "妮大寨主",
        "gender": "f",
        "user_geo_enabled": false,
        "username": "妮大寨主",
        "comments_count": 0,
        "t": 1487783283,
        "video_status_count": 0,
        "urank": 37,
        "user_ability": 2097152,
        "credit_score": 80
    }
]