[
    {
        "reposts_count": 19,
        "uid": 2768306105,
        "bi_followers_count": 46,
        "text": "黑心塑料大米制作过程。 http://t.cn/RivMKlQ . ​",
        "user_description": "一切的狡辩都来自于你内心的虚伪！",
        "user_avatar": "https://tvax4.sinaimg.cn/crop.0.1.510.510.50/a500ffb9ly8fgepo44uupj20e60e8dg5.jpg?KID=imgbed,tva&Expires=1584955587&ssig=8PJV1jqlGH",
        "id": "4078071222442238",
        "city": "1000",
        "province": "41",
        "friends_count": 541,
        "user_location": "河南",
        "mid": "4078071222442238",
        "verified_reason": "",
        "attitudes_count": 16,
        "followers_count": 18079,
        "verified_type": -1,
        "statuses_count": 4406,
        "parent": null,
        "verified": false,
        "geo": null,
        "user_created_at": 1340767163,
        "favourites_count": 2,
        "screen_name": "尼古拉斯-谢尔顿",
        "gender": "m",
        "user_geo_enabled": true,
        "username": "尼古拉斯-谢尔顿",
        "comments_count": 17,
        "t": 1487771409,
        "video_status_count": 0,
        "urank": 34,
        "user_ability": 2097160,
        "credit_score": 80
    },
    {
        "reposts_count": 0,
        "uid": 1692667321,
        "bi_followers_count": 13,
        "text": "你完全是在误导消费者！根本不查清视频来源和到底是在做什么就随便报道。那根本不是什么塑料大米，那是制作塑料的一种再生材料，叫颗粒！跟大米没有一毛钱关系",
        "user_description": "努力过想要的生活",
        "user_avatar": "https://tvax1.sinaimg.cn/crop.0.0.512.512.50/64e40db9ly8gawgbe6qcaj20e80e8752.jpg?KID=imgbed,tva&Expires=1584955587&ssig=ldpM6D%2FYAZ",
        "id": "4088262203638569",
        "city": "1000",
        "province": "400",
        "friends_count": 107,
        "user_location": "海外",
        "mid": "4088262203638569",
        "verified_reason": "",
        "attitudes_count": 0,
        "followers_count": 160,
        "verified_type": -1,
        "statuses_count": 290,
        "parent": "4078071222442238",
        "verified": false,
        "geo": null,
        "user_created_at": 1284344791,
        "favourites_count": 11,
        "screen_name": "思念的琪琪",
        "gender": "f",
        "user_geo_enabled": true,
        "username": "思念的琪琪",
        "comments_count": 0,
        "t": 1490201128,
        "video_status_count": 0,
        "urank": 14,
        "user_ability": 0,
        "credit_score": 80
    },
    {
        "reposts_count": 0,
        "uid": 3889735444,
        "bi_followers_count": 7,
        "text": "写出这个标题，并认为用这种塑料制作大米的人，其实就是智障。",
        "user_description": "",
        "user_avatar": "https://tva2.sinaimg.cn/crop.0.0.640.640.50/e7d8a714jw8f5fdx269s9j20hs0hs0tr.jpg?KID=imgbed,tva&Expires=1584955587&ssig=4A5g6BlU%2FH",
        "id": "4084213270111388",
        "city": "8",
        "province": "45",
        "friends_count": 197,
        "user_location": "广西 贵港",
        "mid": "4084213270111388",
        "verified_reason": "",
        "attitudes_count": 0,
        "followers_count": 83,
        "verified_type": -1,
        "statuses_count": 1662,
        "parent": "4078071222442238",
        "verified": false,
        "geo": null,
        "user_created_at": 1383615194,
        "favourites_count": 8,
        "screen_name": "秋语海棠",
        "gender": "f",
        "user_geo_enabled": true,
        "username": "秋语海棠",
        "comments_count": 0,
        "t": 1489235787,
        "video_status_count": 0,
        "urank": 14,
        "user_ability": 35651584,
        "credit_score": 80
    },
    {
        "reposts_count": 0,
        "uid": 3247579965,
        "bi_followers_count": 3,
        "text": "聚乙烯之类的吧，冶盒原料",
        "user_description": "人类一定不要失去原本善良体贴的心。",
        "user_avatar": "https://tvax1.sinaimg.cn/crop.0.0.996.996.50/c192233dly8gab0ovdgaoj20ro0rodgm.jpg?KID=imgbed,tva&Expires=1584955587&ssig=JFH9MFvck7",
        "id": "4083420600455674",
        "city": "1000",
        "province": "11",
        "friends_count": 185,
        "user_location": "北京",
        "mid": "4083420600455674",
        "verified_reason": "",
        "attitudes_count": 0,
        "followers_count": 238,
        "verified_type": -1,
        "statuses_count": 138,
        "parent": "4078071222442238",
        "verified": false,
        "geo": null,
        "user_created_at": 1363788913,
        "favourites_count": 31,
        "screen_name": "苏州初见雨霖铃",
        "gender": "f",
        "user_geo_enabled": true,
        "username": "苏州初见雨霖铃",
        "comments_count": 0,
        "t": 1489046800,
        "video_status_count": 0,
        "urank": 30,
        "user_ability": 2359296,
        "credit_score": 80
    },
    {
        "reposts_count": 0,
        "uid": 3709513501,
        "bi_followers_count": 28,
        "text": "差点就信了",
        "user_description": "今天也要哈哈哈哈哈哈哈哈",
        "user_avatar": "https://tvax3.sinaimg.cn/crop.0.0.512.512.50/dd1aaf1dly8g7pf213x00j20e80e83z1.jpg?KID=imgbed,tva&Expires=1584955587&ssig=1RV2aJxC0y",
        "id": "4083065045249439",
        "city": "16",
        "province": "400",
        "friends_count": 176,
        "user_location": "海外 其他",
        "mid": "4083065045249439",
        "verified_reason": "",
        "attitudes_count": 0,
        "followers_count": 167,
        "verified_type": -1,
        "statuses_count": 1925,
        "parent": "4078071222442238",
        "verified": false,
        "geo": null,
        "user_created_at": 1376098482,
        "favourites_count": 7,
        "screen_name": "Linduangduang",
        "gender": "m",
        "user_geo_enabled": true,
        "username": "Linduangduang",
        "comments_count": 0,
        "t": 1488962029,
        "video_status_count": 0,
        "urank": 14,
        "user_ability": 2098176,
        "credit_score": 80
    },
    {
        "reposts_count": 0,
        "uid": 1827879482,
        "bi_followers_count": 70,
        "text": "一看这标题就知道有人在瞎bb了",
        "user_description": "biangbiangbiang",
        "user_avatar": "https://tvax2.sinaimg.cn/crop.0.0.996.996.50/6cf33a3aly8g7q10iaxtlj20ro0roabg.jpg?KID=imgbed,tva&Expires=1584955587&ssig=C5Rgbvk1tT",
        "id": "4082807976072913",
        "city": "4",
        "province": "44",
        "friends_count": 280,
        "user_location": "广东 珠海",
        "mid": "4082807976072913",
        "verified_reason": "",
        "attitudes_count": 0,
        "followers_count": 477,
        "verified_type": 220,
        "statuses_count": 94,
        "parent": "4078071222442238",
        "verified": false,
        "geo": null,
        "user_created_at": 1285373407,
        "favourites_count": 73,
        "screen_name": "GHzhang__涵涵",
        "gender": "m",
        "user_geo_enabled": true,
        "username": "GHzhang__涵涵",
        "comments_count": 0,
        "t": 1488900739,
        "video_status_count": 0,
        "urank": 35,
        "user_ability": 33555456,
        "credit_score": 80
    },
    {
        "reposts_count": 0,
        "uid": 5919037666,
        "bi_followers_count": 0,
        "text": "这个是一个玩具沙",
        "user_description": "",
        "user_avatar": "https://tvax2.sinaimg.cn/crop.0.0.996.996.50/006szG5sly8fiqiraov49j30ro0rp0uf.jpg?KID=imgbed,tva&Expires=1584955587&ssig=Sl%2B2vOPbse",
        "id": "4082741122901741",
        "city": "1000",
        "province": "31",
        "friends_count": 157,
        "user_location": "上海",
        "mid": "4082741122901741",
        "verified_reason": "",
        "attitudes_count": 0,
        "followers_count": 26,
        "verified_type": -1,
        "statuses_count": 164,
        "parent": "4078071222442238",
        "verified": false,
        "geo": null,
        "user_created_at": 1462013228,
        "favourites_count": 0,
        "screen_name": "莎罗丽",
        "gender": "f",
        "user_geo_enabled": true,
        "username": "莎罗丽",
        "comments_count": 0,
        "t": 1488884800,
        "video_status_count": 0,
        "urank": 8,
        "user_ability": 2097152,
        "credit_score": 80
    },
    {
        "reposts_count": 0,
        "uid": 3513131225,
        "bi_followers_count": 3,
        "text": "塑料吃在嘴里会吃不出？傻子？",
        "user_description": "--永远保持善良",
        "user_avatar": "https://tvax1.sinaimg.cn/crop.0.0.996.996.50/d16620d9ly8fdfyhasekvj20ro0rp0ur.jpg?KID=imgbed,tva&Expires=1584955587&ssig=EDqU2%2FZ8mA",
        "id": "4082740477616375",
        "city": "1",
        "province": "43",
        "friends_count": 88,
        "user_location": "湖南 长沙",
        "mid": "4082740477616375",
        "verified_reason": "",
        "attitudes_count": 0,
        "followers_count": 136,
        "verified_type": -1,
        "statuses_count": 2968,
        "parent": "4078071222442238",
        "verified": false,
        "geo": null,
        "user_created_at": 1370349974,
        "favourites_count": 6,
        "screen_name": "Hey猫猫喵喵",
        "gender": "f",
        "user_geo_enabled": true,
        "username": "Hey猫猫喵喵",
        "comments_count": 0,
        "t": 1488884646,
        "video_status_count": 0,
        "urank": 34,
        "user_ability": 33555456,
        "credit_score": 80
    },
    {
        "reposts_count": 0,
        "uid": 5514927647,
        "bi_followers_count": 11,
        "text": "塑料很贵的[二哈]",
        "user_description": "¥47元🧡爱岗敬业袁文静🌈",
        "user_avatar": "https://tvax4.sinaimg.cn/crop.0.0.1080.1080.50/0061e4BVly8g6q204gdxsj30u00u0tc3.jpg?KID=imgbed,tva&Expires=1584955587&ssig=v7Yls02sUw",
        "id": "4082288670988919",
        "city": "1",
        "province": "42",
        "friends_count": 339,
        "user_location": "湖北 武汉",
        "mid": "4082288670988919",
        "verified_reason": "",
        "attitudes_count": 0,
        "followers_count": 172,
        "verified_type": -1,
        "statuses_count": 316,
        "parent": "4078071222442238",
        "verified": false,
        "geo": null,
        "user_created_at": 1423454413,
        "favourites_count": 7,
        "screen_name": "47YUAN_SS",
        "gender": "f",
        "user_geo_enabled": true,
        "username": "47YUAN_SS",
        "comments_count": 0,
        "t": 1488776927,
        "video_status_count": 0,
        "urank": 35,
        "user_ability": 36963328,
        "credit_score": 76
    },
    {
        "reposts_count": 0,
        "uid": 5458594292,
        "bi_followers_count": 6,
        "text": "不懂就别瞎转，造谣者可耻。",
        "user_description": "",
        "user_avatar": "https://tva3.sinaimg.cn/crop.0.0.749.749.50/005XpHJqjw8fam0144u9hj30ku0ktt9w.jpg?KID=imgbed,tva&Expires=1584955587&ssig=svLrTt8RLG",
        "id": "4082249080691077",
        "city": "13",
        "province": "32",
        "friends_count": 64,
        "user_location": "江苏 宿迁",
        "mid": "4082249080691077",
        "verified_reason": "",
        "attitudes_count": 0,
        "followers_count": 17,
        "verified_type": -1,
        "statuses_count": 323,
        "parent": "4078071222442238",
        "verified": false,
        "geo": null,
        "user_created_at": 1423274091,
        "favourites_count": 2,
        "screen_name": "三木里也",
        "gender": "m",
        "user_geo_enabled": true,
        "username": "三木里也",
        "comments_count": 0,
        "t": 1488767488,
        "video_status_count": 0,
        "urank": 9,
        "user_ability": 2097152,
        "credit_score": 80
    },
    {
        "reposts_count": 0,
        "uid": 3857163934,
        "bi_followers_count": 12,
        "text": "麻烦你查查大米多少钱一斤塑料多少钱一斤",
        "user_description": "国家一级退堂鼓演奏艺术家",
        "user_avatar": "https://tvax3.sinaimg.cn/crop.0.0.750.750.50/e5e7a69ely8fmouohasf1j20ku0ku74v.jpg?KID=imgbed,tva&Expires=1584955587&ssig=zNVtDgLtWg",
        "id": "4082099717208361",
        "city": "1000",
        "province": "12",
        "friends_count": 203,
        "user_location": "天津",
        "mid": "4082099717208361",
        "verified_reason": "",
        "attitudes_count": 0,
        "followers_count": 96,
        "verified_type": -1,
        "statuses_count": 1321,
        "parent": "4078071222442238",
        "verified": false,
        "geo": null,
        "user_created_at": 1382444569,
        "favourites_count": 11,
        "screen_name": "豆肥_",
        "gender": "m",
        "user_geo_enabled": true,
        "username": "豆肥_",
        "comments_count": 0,
        "t": 1488731877,
        "video_status_count": 0,
        "urank": 14,
        "user_ability": 2360320,
        "credit_score": 80
    },
    {
        "reposts_count": 0,
        "uid": 6065751113,
        "bi_followers_count": 1,
        "text": "造谣生事，已举报。",
        "user_description": "一名建筑工人",
        "user_avatar": "https://tvax3.sinaimg.cn/crop.0.0.1002.1002.50/006CvgXnly8fj7vd9ehw8j30ru0ruabt.jpg?KID=imgbed,tva&Expires=1584955587&ssig=m%2FECqQo%2FIF",
        "id": "4079056225932304",
        "city": "6",
        "province": "37",
        "friends_count": 550,
        "user_location": "山东 烟台",
        "mid": "4079056225932304",
        "verified_reason": "",
        "attitudes_count": 0,
        "followers_count": 87,
        "verified_type": -1,
        "statuses_count": 9,
        "parent": "4078071222442238",
        "verified": false,
        "geo": null,
        "user_created_at": 1478570245,
        "favourites_count": 2,
        "screen_name": "胶东人厚道啊",
        "gender": "m",
        "user_geo_enabled": true,
        "username": "胶东人厚道啊",
        "comments_count": 0,
        "t": 1488006252,
        "video_status_count": 0,
        "urank": 9,
        "user_ability": 0,
        "credit_score": 80
    },
    {
        "reposts_count": 0,
        "uid": 2126414444,
        "bi_followers_count": 83,
        "text": "那个不是大米，是颗粒塑料。",
        "user_description": "人生~是一场席..........",
        "user_avatar": "https://tva3.sinaimg.cn/crop.242.42.614.614.50/7ebe826cgw1eaalb0bt1rj20sg0iyjun.jpg?KID=imgbed,tva&Expires=1584955587&ssig=RPQDgHj0wK",
        "id": "4079018338603073",
        "city": "8",
        "province": "43",
        "friends_count": 465,
        "user_location": "湖南 张家界",
        "mid": "4079018338603073",
        "verified_reason": "",
        "attitudes_count": 0,
        "followers_count": 221,
        "verified_type": -1,
        "statuses_count": 130,
        "parent": "4078071222442238",
        "verified": false,
        "geo": null,
        "user_created_at": 1304255431,
        "favourites_count": 2,
        "screen_name": "巷石过乾坤",
        "gender": "m",
        "user_geo_enabled": true,
        "username": "巷石过乾坤",
        "comments_count": 0,
        "t": 1487997219,
        "video_status_count": 0,
        "urank": 11,
        "user_ability": 0,
        "credit_score": 80
    },
    {
        "reposts_count": 0,
        "uid": 2574376231,
        "bi_followers_count": 37,
        "text": "这是塑料回收再生……少见多怪",
        "user_description": "一屋，三餐，四季",
        "user_avatar": "https://tvax3.sinaimg.cn/crop.0.0.1080.1080.50/9971dd27ly8gbx0gs77bsj20u00u0abf.jpg?KID=imgbed,tva&Expires=1584955587&ssig=lHzQzhlWD6",
        "id": "4078794438112940",
        "city": "1",
        "province": "33",
        "friends_count": 297,
        "user_location": "浙江 杭州",
        "mid": "4078794438112940",
        "verified_reason": "",
        "attitudes_count": 0,
        "followers_count": 127,
        "verified_type": -1,
        "statuses_count": 167,
        "parent": "4078071222442238",
        "verified": false,
        "geo": null,
        "user_created_at": 1326506517,
        "favourites_count": 102,
        "screen_name": "-阿绿食堂",
        "gender": "m",
        "user_geo_enabled": true,
        "username": "-阿绿食堂",
        "comments_count": 0,
        "t": 1487943836,
        "video_status_count": 0,
        "urank": 15,
        "user_ability": 33816576,
        "credit_score": 80
    },
    {
        "reposts_count": 0,
        "uid": 5312687731,
        "bi_followers_count": 1,
        "text": "国家就是有理由给你漂白，不行就给你扣屎盆子，判你违法，没办法，这是中国，可怜又可悲！",
        "user_description": "努力记词汇，疯狂练语法",
        "user_avatar": "https://tvax1.sinaimg.cn/default/images/default_avatar_male_50.gif?KID=imgbed,tva&Expires=1584955587&ssig=2VH%2FWwLz%2Ff",
        "id": "4078750834234713",
        "city": "1",
        "province": "41",
        "friends_count": 89,
        "user_location": "河南 郑州",
        "mid": "4078750834234713",
        "verified_reason": "",
        "attitudes_count": 0,
        "followers_count": 122,
        "verified_type": -1,
        "statuses_count": 4687,
        "parent": "4078071222442238",
        "verified": false,
        "geo": null,
        "user_created_at": 1412127024,
        "favourites_count": 2031,
        "screen_name": "以学识练气质",
        "gender": "m",
        "user_geo_enabled": true,
        "username": "以学识练气质",
        "comments_count": 0,
        "t": 1487933441,
        "video_status_count": 0,
        "urank": 9,
        "user_ability": 35651584,
        "credit_score": 80
    }
]