[
    {
        "reposts_count": 0,
        "uid": 5488269692,
        "bi_followers_count": 28,
        "text": "#新闻媒体传播#峨眉山索道断了，死亡无数血流成河】峨眉山索道断了，死亡无数血流成河，就在刚刚~朋友现场拍的 http://t.cn/RihbP5J ​",
        "user_description": "新闻媒体传播范围：民间新闻、腾讯微博、新浪微博、人民微博、金融市场、房产频道、商业新闻、企业动态、区域新闻、农业新闻、传播四万主流媒体传播！",
        "user_avatar": "https://tvax2.sinaimg.cn/crop.0.0.512.512.50/005ZqdEUly1fg2lzksxzyj30e80e8dg6.jpg?KID=imgbed,tva&Expires=1584955599&ssig=rMUAaSGKfX",
        "id": "4078299045435067",
        "city": "1000",
        "province": "100",
        "friends_count": 535,
        "user_location": "其他",
        "mid": "4078299045435067",
        "verified_reason": "头条文章作者",
        "attitudes_count": 0,
        "followers_count": 2167,
        "verified_type": 0,
        "statuses_count": 906,
        "parent": null,
        "verified": true,
        "geo": null,
        "user_created_at": 1421764638,
        "favourites_count": 5,
        "screen_name": "i柳明",
        "gender": "m",
        "user_geo_enabled": true,
        "username": "i柳明",
        "comments_count": 2,
        "t": 1487825726,
        "video_status_count": 0,
        "urank": 26,
        "user_ability": 10750468,
        "credit_score": 80
    },
    {
        "reposts_count": 0,
        "uid": 2525753467,
        "bi_followers_count": 169,
        "text": "你是脑残？",
        "user_description": "混得走心。",
        "user_avatar": "https://tva2.sinaimg.cn/crop.0.0.996.996.50/968bf07bjw8fbbgw9o7udj20ro0ron04.jpg?KID=imgbed,tva&Expires=1584955599&ssig=KG8KN1oXZ1",
        "id": "4078612238468854",
        "city": "11",
        "province": "51",
        "friends_count": 541,
        "user_location": "四川 乐山",
        "mid": "4078612238468854",
        "verified_reason": "",
        "attitudes_count": 0,
        "followers_count": 348,
        "verified_type": 220,
        "statuses_count": 1468,
        "parent": "4078299045435067",
        "verified": false,
        "geo": null,
        "user_created_at": 1323617116,
        "favourites_count": 11,
        "screen_name": "坐班朋克",
        "gender": "m",
        "user_geo_enabled": true,
        "username": "坐班朋克",
        "comments_count": 0,
        "t": 1487900397,
        "video_status_count": 0,
        "urank": 21,
        "user_ability": 35652608,
        "credit_score": 80
    },
    {
        "reposts_count": 0,
        "uid": 1702806611,
        "bi_followers_count": 1181,
        "text": "还在传谣！还是带V的。删了吧！",
        "user_description": "听民意 汇民智 服务博友 推介峨眉",
        "user_avatar": "https://tvax2.sinaimg.cn/crop.64.57.176.176.50/657ec453ly8fw5fvcmwanj208u08bta1.jpg?KID=imgbed,tva&Expires=1584955599&ssig=vaPby09xBc",
        "id": "4078318536407124",
        "city": "11",
        "province": "51",
        "friends_count": 2120,
        "user_location": "四川 乐山",
        "mid": "4078318536407124",
        "verified_reason": "峨眉山市人民政府新闻办公室",
        "attitudes_count": 0,
        "followers_count": 82248,
        "verified_type": 1,
        "statuses_count": 12887,
        "parent": "4078299045435067",
        "verified": true,
        "geo": null,
        "user_created_at": 1267431858,
        "favourites_count": 5,
        "screen_name": "峨眉微博",
        "gender": "m",
        "user_geo_enabled": true,
        "username": "峨眉微博",
        "comments_count": 0,
        "t": 1487830373,
        "video_status_count": 0,
        "urank": 41,
        "user_ability": 10747912,
        "credit_score": 80
    }
]