[
    {
        "reposts_count": 1,
        "uid": 5607273450,
        "bi_followers_count": 1,
        "text": "塑料袋做的紫菜，真可怕 http://t.cn/RihmuL5 . ​",
        "user_description": "女人不拽，注定被甩！",
        "user_avatar": "https://tvax1.sinaimg.cn/crop.0.0.996.996.50/0067txYmly8g6d43jxtd1j30ro0rowgt.jpg?KID=imgbed,tva&Expires=1584955579&ssig=9mAt56eu4M",
        "id": "4078362135758715",
        "city": "1000",
        "province": "14",
        "friends_count": 53,
        "user_location": "山西",
        "mid": "4078362135758715",
        "verified_reason": "",
        "attitudes_count": 0,
        "followers_count": 12,
        "verified_type": -1,
        "statuses_count": 196,
        "parent": null,
        "verified": false,
        "geo": null,
        "user_created_at": 1439684251,
        "favourites_count": 2,
        "screen_name": "彼岸花开_60426",
        "gender": "f",
        "user_geo_enabled": true,
        "username": "彼岸花开_60426",
        "comments_count": 10,
        "t": 1487840768,
        "video_status_count": 0,
        "urank": 9,
        "user_ability": 2359296,
        "credit_score": 80
    },
    {
        "reposts_count": 0,
        "uid": 5819527196,
        "bi_followers_count": 0,
        "text": "你是闲地吗，啥都转发，让你拿紫菜当米饭吃了？",
        "user_description": "",
        "user_avatar": "https://tvax4.sinaimg.cn/crop.0.0.996.996.50/006lQ8RSly8feisv1iou4j30ro0rowhj.jpg?KID=imgbed,tva&Expires=1584955579&ssig=F2vE8Anid%2B",
        "id": "4079381674381840",
        "city": "1",
        "province": "22",
        "friends_count": 141,
        "user_location": "吉林 长春",
        "mid": "4079381674381840",
        "verified_reason": "",
        "attitudes_count": 0,
        "followers_count": 46,
        "verified_type": -1,
        "statuses_count": 22,
        "parent": "4078362135758715",
        "verified": false,
        "geo": null,
        "user_created_at": 1451815650,
        "favourites_count": 48,
        "screen_name": "Sore李婷",
        "gender": "f",
        "user_geo_enabled": true,
        "username": "Sore李婷",
        "comments_count": 0,
        "t": 1488083845,
        "video_status_count": 0,
        "urank": 8,
        "user_ability": 33554432,
        "credit_score": 80
    },
    {
        "reposts_count": 0,
        "uid": 5855882148,
        "bi_followers_count": 32,
        "text": "回复@用户我是王八蛋:已经证明是谣言了 你还狡辩什么啊",
        "user_description": "",
        "user_avatar": "https://tvax3.sinaimg.cn/crop.8.0.495.495.50/006oiGs4ly8fepo6udjgfj30e80drdgb.jpg?KID=imgbed,tva&Expires=1584955579&ssig=h8gCTEjrX0",
        "id": "4078738377482649",
        "city": "1",
        "province": "23",
        "friends_count": 454,
        "user_location": "黑龙江 哈尔滨",
        "mid": "4078738377482649",
        "verified_reason": "",
        "attitudes_count": 0,
        "followers_count": 100,
        "verified_type": -1,
        "statuses_count": 230,
        "parent": "4078362135758715",
        "verified": false,
        "geo": null,
        "user_created_at": 1455614748,
        "favourites_count": 66,
        "screen_name": "利川熊本",
        "gender": "m",
        "user_geo_enabled": true,
        "username": "利川熊本",
        "comments_count": 0,
        "t": 1487930471,
        "video_status_count": 0,
        "urank": 14,
        "user_ability": 2097152,
        "credit_score": 80
    },
    {
        "reposts_count": 0,
        "uid": 6122820338,
        "bi_followers_count": 0,
        "text": "回复@進撃的淸湯蒶:不管真假多发这些东西出来是好的",
        "user_description": "第一眼看见我就心烦说的就是我",
        "user_avatar": "https://tva2.sinaimg.cn/crop.0.0.664.664.50/006GmJgKjw8fccy9sv8i8j30ig0ig75a.jpg?KID=imgbed,tva&Expires=1584955579&ssig=PoLEuvQjgG",
        "id": "4078612955678452",
        "city": "1000",
        "province": "45",
        "friends_count": 114,
        "user_location": "广西",
        "mid": "4078612955678452",
        "verified_reason": "",
        "attitudes_count": 0,
        "followers_count": 5,
        "verified_type": -1,
        "statuses_count": 8,
        "parent": "4078362135758715",
        "verified": false,
        "geo": null,
        "user_created_at": 1486077269,
        "favourites_count": 0,
        "screen_name": "用户我是王八蛋",
        "gender": "m",
        "user_geo_enabled": true,
        "username": "用户我是王八蛋",
        "comments_count": 0,
        "t": 1487900568,
        "video_status_count": 0,
        "urank": 4,
        "user_ability": 262144,
        "credit_score": 80
    },
    {
        "reposts_count": 0,
        "uid": 6122820338,
        "bi_followers_count": 0,
        "text": "回复@星辰的喃呢:吃一点不会死，是你做假会拿新的塑料去做吗",
        "user_description": "第一眼看见我就心烦说的就是我",
        "user_avatar": "https://tva2.sinaimg.cn/crop.0.0.664.664.50/006GmJgKjw8fccy9sv8i8j30ig0ig75a.jpg?KID=imgbed,tva&Expires=1584955579&ssig=PoLEuvQjgG",
        "id": "4078611944716511",
        "city": "1000",
        "province": "45",
        "friends_count": 114,
        "user_location": "广西",
        "mid": "4078611944716511",
        "verified_reason": "",
        "attitudes_count": 0,
        "followers_count": 5,
        "verified_type": -1,
        "statuses_count": 8,
        "parent": "4078362135758715",
        "verified": false,
        "geo": null,
        "user_created_at": 1486077269,
        "favourites_count": 0,
        "screen_name": "用户我是王八蛋",
        "gender": "m",
        "user_geo_enabled": true,
        "username": "用户我是王八蛋",
        "comments_count": 0,
        "t": 1487900327,
        "video_status_count": 0,
        "urank": 4,
        "user_ability": 262144,
        "credit_score": 80
    },
    {
        "reposts_count": 0,
        "uid": 1910859140,
        "bi_followers_count": 128,
        "text": "回复@用户我是王八蛋:良你麻痹，弱智",
        "user_description": "聊人生，聊理想，撩骚，就是别跟我聊二手车。",
        "user_avatar": "https://tvax1.sinaimg.cn/crop.0.0.751.751.50/71e56584ly8fyomcj52qrj20kv0kvt9y.jpg?KID=imgbed,tva&Expires=1584955579&ssig=jBedlCA9sz",
        "id": "4078607108038853",
        "city": "1000",
        "province": "400",
        "friends_count": 761,
        "user_location": "海外",
        "mid": "4078607108038853",
        "verified_reason": "",
        "attitudes_count": 0,
        "followers_count": 430,
        "verified_type": 220,
        "statuses_count": 176,
        "parent": "4078362135758715",
        "verified": false,
        "geo": null,
        "user_created_at": 1293633462,
        "favourites_count": 41,
        "screen_name": "清汤粉橙子味",
        "gender": "f",
        "user_geo_enabled": true,
        "username": "清汤粉橙子味",
        "comments_count": 0,
        "t": 1487899174,
        "video_status_count": 0,
        "urank": 35,
        "user_ability": 2359296,
        "credit_score": 80
    },
    {
        "reposts_count": 0,
        "uid": 2793735932,
        "bi_followers_count": 37,
        "text": "回复@用户我是王八蛋:塑料吃下去会死人的，而且塑料价格可比紫菜贵，拿塑料来造假除非那人疯了。不信就算了，果然是网络普及以后白痴多了好多！[摊手]",
        "user_description": "",
        "user_avatar": "https://tva3.sinaimg.cn/crop.0.12.640.640.50/a68506fcjw8fa99ob60ybj20hs0ihq40.jpg?KID=imgbed,tva&Expires=1584955579&ssig=I2AaJN9EBM",
        "id": "4078576145544148",
        "city": "1000",
        "province": "400",
        "friends_count": 369,
        "user_location": "海外",
        "mid": "4078576145544148",
        "verified_reason": "",
        "attitudes_count": 0,
        "followers_count": 106,
        "verified_type": -1,
        "statuses_count": 489,
        "parent": "4078362135758715",
        "verified": false,
        "geo": null,
        "user_created_at": 1336043998,
        "favourites_count": 2,
        "screen_name": "星辰的喃呢",
        "gender": "f",
        "user_geo_enabled": true,
        "username": "星辰的喃呢",
        "comments_count": 0,
        "t": 1487891792,
        "video_status_count": 0,
        "urank": 14,
        "user_ability": 2097152,
        "credit_score": 80
    },
    {
        "reposts_count": 0,
        "uid": 1762761487,
        "bi_followers_count": 8,
        "text": "#塑料紫菜#已经辟谣，请不要以讹传讹。塑料成本比紫菜高，没必要造假，撕不开要不是你用冷水泡要不是你的紫菜比较老。我不是水军，我是看不过去了，因为我真的超爱吃紫菜。你们传谣已经造成紫菜行业的损失啦~",
        "user_description": "",
        "user_avatar": "https://tvax2.sinaimg.cn/crop.0.0.828.828.50/69119b0fly8g7dg8rgz93j20n00n0my6.jpg?KID=imgbed,tva&Expires=1584955579&ssig=eemUDDzQa3",
        "id": "4078479086171053",
        "city": "1000",
        "province": "44",
        "friends_count": 611,
        "user_location": "广东",
        "mid": "4078479086171053",
        "verified_reason": "",
        "attitudes_count": 0,
        "followers_count": 486,
        "verified_type": 220,
        "statuses_count": 370,
        "parent": "4078362135758715",
        "verified": false,
        "geo": null,
        "user_created_at": 1277456743,
        "favourites_count": 56,
        "screen_name": "wowxiao7777",
        "gender": "f",
        "user_geo_enabled": false,
        "username": "wowxiao7777",
        "comments_count": 0,
        "t": 1487868651,
        "video_status_count": 0,
        "urank": 36,
        "user_ability": 2359296,
        "credit_score": 80
    },
    {
        "reposts_count": 0,
        "uid": 6122820338,
        "bi_followers_count": 0,
        "text": "回复@星辰的喃呢:看来三鹿和地沟油你没吃狗",
        "user_description": "第一眼看见我就心烦说的就是我",
        "user_avatar": "https://tva2.sinaimg.cn/crop.0.0.664.664.50/006GmJgKjw8fccy9sv8i8j30ig0ig75a.jpg?KID=imgbed,tva&Expires=1584955579&ssig=PoLEuvQjgG",
        "id": "4078466058364325",
        "city": "1000",
        "province": "45",
        "friends_count": 114,
        "user_location": "广西",
        "mid": "4078466058364325",
        "verified_reason": "",
        "attitudes_count": 0,
        "followers_count": 5,
        "verified_type": -1,
        "statuses_count": 8,
        "parent": "4078362135758715",
        "verified": false,
        "geo": null,
        "user_created_at": 1486077269,
        "favourites_count": 0,
        "screen_name": "用户我是王八蛋",
        "gender": "m",
        "user_geo_enabled": true,
        "username": "用户我是王八蛋",
        "comments_count": 0,
        "t": 1487865545,
        "video_status_count": 0,
        "urank": 4,
        "user_ability": 262144,
        "credit_score": 80
    },
    {
        "reposts_count": 0,
        "uid": 2793735932,
        "bi_followers_count": 37,
        "text": "回复@用户我是王八蛋:为啥这种谣言就是有人信呢？",
        "user_description": "",
        "user_avatar": "https://tva3.sinaimg.cn/crop.0.12.640.640.50/a68506fcjw8fa99ob60ybj20hs0ihq40.jpg?KID=imgbed,tva&Expires=1584955579&ssig=I2AaJN9EBM",
        "id": "4078392368120472",
        "city": "1000",
        "province": "400",
        "friends_count": 369,
        "user_location": "海外",
        "mid": "4078392368120472",
        "verified_reason": "",
        "attitudes_count": 0,
        "followers_count": 106,
        "verified_type": -1,
        "statuses_count": 489,
        "parent": "4078362135758715",
        "verified": false,
        "geo": null,
        "user_created_at": 1336043998,
        "favourites_count": 2,
        "screen_name": "星辰的喃呢",
        "gender": "f",
        "user_geo_enabled": true,
        "username": "星辰的喃呢",
        "comments_count": 0,
        "t": 1487847976,
        "video_status_count": 0,
        "urank": 14,
        "user_ability": 2097152,
        "credit_score": 80
    },
    {
        "reposts_count": 0,
        "uid": 6122820338,
        "bi_followers_count": 0,
        "text": "中国普遍现像，一分钱的东西都可以做假东西骗人，良心呢",
        "user_description": "第一眼看见我就心烦说的就是我",
        "user_avatar": "https://tva2.sinaimg.cn/crop.0.0.664.664.50/006GmJgKjw8fccy9sv8i8j30ig0ig75a.jpg?KID=imgbed,tva&Expires=1584955579&ssig=PoLEuvQjgG",
        "id": "4078367311967602",
        "city": "1000",
        "province": "45",
        "friends_count": 114,
        "user_location": "广西",
        "mid": "4078367311967602",
        "verified_reason": "",
        "attitudes_count": 0,
        "followers_count": 5,
        "verified_type": -1,
        "statuses_count": 8,
        "parent": "4078362135758715",
        "verified": false,
        "geo": null,
        "user_created_at": 1486077269,
        "favourites_count": 0,
        "screen_name": "用户我是王八蛋",
        "gender": "m",
        "user_geo_enabled": true,
        "username": "用户我是王八蛋",
        "comments_count": 0,
        "t": 1487842002,
        "video_status_count": 0,
        "urank": 4,
        "user_ability": 262144,
        "credit_score": 80
    }
]