[
    {
        "reposts_count": 0,
        "uid": 6107631647,
        "bi_followers_count": 0,
        "text": "四川省攀枝花市中心医院：昨天凌晨二点二十三分，三名男女生感染H7N9病毒死亡，最大的32岁，最小的5岁，参与抢救的医生已被隔离，中央1台电视新闻己播岀，暂时别吃魚，凉皮，冷面类，酸菜，特别是草魚，酸菜魚，鸡，鸭，水煮魚，目前大连有3167个已感染，邻水有1例，武胜2例。收到马上发给你关心的人，...全文： http://m.weibo.cn/6107631647/4078089367944131 ​",
        "user_description": "",
        "user_avatar": "https://tvax1.sinaimg.cn/default/images/default_avatar_male_50.gif?KID=imgbed,tva&Expires=1584955823&ssig=Nqd940nivu",
        "id": "4078089367944131",
        "city": "16",
        "province": "51",
        "friends_count": 125,
        "user_location": "四川 广安",
        "mid": "4078089367944131",
        "verified_reason": "",
        "attitudes_count": 8,
        "followers_count": 7,
        "verified_type": -1,
        "statuses_count": 19,
        "parent": null,
        "verified": false,
        "geo": null,
        "user_created_at": 1484103670,
        "favourites_count": 0,
        "screen_name": "用户513622830978",
        "gender": "m",
        "user_geo_enabled": true,
        "username": "用户513622830978",
        "comments_count": 22,
        "t": 1487775735,
        "video_status_count": 0,
        "urank": 4,
        "user_ability": 1310720,
        "credit_score": 80
    },
    {
        "reposts_count": 0,
        "uid": 2527163665,
        "bi_followers_count": 34,
        "text": "回复@小小瑞雪v:[doge][doge][doge][doge]",
        "user_description": "此时此刻的云，二十来岁的你。",
        "user_avatar": "https://tvax1.sinaimg.cn/crop.0.0.996.996.50/96a17511ly8gcmkjhsa35j20ro0rojth.jpg?KID=imgbed,tva&Expires=1584955823&ssig=jyo4ywcNBt",
        "id": "4078986600981943",
        "city": "11",
        "province": "51",
        "friends_count": 157,
        "user_location": "四川 乐山",
        "mid": "4078986600981943",
        "verified_reason": "",
        "attitudes_count": 0,
        "followers_count": 160,
        "verified_type": -1,
        "statuses_count": 82,
        "parent": "4078089367944131",
        "verified": false,
        "geo": null,
        "user_created_at": 1323736553,
        "favourites_count": 16,
        "screen_name": "山抹微云呀",
        "gender": "f",
        "user_geo_enabled": true,
        "username": "山抹微云呀",
        "comments_count": 0,
        "t": 1487989652,
        "video_status_count": 0,
        "urank": 22,
        "user_ability": 1024,
        "credit_score": 80
    },
    {
        "reposts_count": 0,
        "uid": 5372102251,
        "bi_followers_count": 16,
        "text": "回复@bety9:哈哈，太烦造谣了",
        "user_description": "耐人寻味",
        "user_avatar": "https://tvax2.sinaimg.cn/crop.0.0.750.750.50/005RyNcvly8g5o589kqlmj30ku0kujsz.jpg?KID=imgbed,tva&Expires=1584955823&ssig=iFB%2B7bDfFQ",
        "id": "4078642999047766",
        "city": "1",
        "province": "51",
        "friends_count": 94,
        "user_location": "四川 成都",
        "mid": "4078642999047766",
        "verified_reason": "",
        "attitudes_count": 0,
        "followers_count": 1233,
        "verified_type": -1,
        "statuses_count": 16,
        "parent": "4078089367944131",
        "verified": false,
        "geo": null,
        "user_created_at": 1417853985,
        "favourites_count": 45,
        "screen_name": "Specially-Woo",
        "gender": "f",
        "user_geo_enabled": true,
        "username": "Specially-Woo",
        "comments_count": 0,
        "t": 1487907731,
        "video_status_count": 0,
        "urank": 14,
        "user_ability": 3408896,
        "credit_score": 80
    },
    {
        "reposts_count": 0,
        "uid": 5372102251,
        "bi_followers_count": 16,
        "text": "回复@阿孙最温柔:太过分了 造谣",
        "user_description": "耐人寻味",
        "user_avatar": "https://tvax2.sinaimg.cn/crop.0.0.750.750.50/005RyNcvly8g5o589kqlmj30ku0kujsz.jpg?KID=imgbed,tva&Expires=1584955823&ssig=iFB%2B7bDfFQ",
        "id": "4078642952953729",
        "city": "1",
        "province": "51",
        "friends_count": 94,
        "user_location": "四川 成都",
        "mid": "4078642952953729",
        "verified_reason": "",
        "attitudes_count": 0,
        "followers_count": 1233,
        "verified_type": -1,
        "statuses_count": 16,
        "parent": "4078089367944131",
        "verified": false,
        "geo": null,
        "user_created_at": 1417853985,
        "favourites_count": 45,
        "screen_name": "Specially-Woo",
        "gender": "f",
        "user_geo_enabled": true,
        "username": "Specially-Woo",
        "comments_count": 0,
        "t": 1487907720,
        "video_status_count": 0,
        "urank": 14,
        "user_ability": 3408896,
        "credit_score": 80
    },
    {
        "reposts_count": 0,
        "uid": 5372102251,
        "bi_followers_count": 16,
        "text": "回复@山抹微昀:厉害了你[喵喵][喵喵]",
        "user_description": "耐人寻味",
        "user_avatar": "https://tvax2.sinaimg.cn/crop.0.0.750.750.50/005RyNcvly8g5o589kqlmj30ku0kujsz.jpg?KID=imgbed,tva&Expires=1584955823&ssig=iFB%2B7bDfFQ",
        "id": "4078641850053503",
        "city": "1",
        "province": "51",
        "friends_count": 94,
        "user_location": "四川 成都",
        "mid": "4078641850053503",
        "verified_reason": "",
        "attitudes_count": 0,
        "followers_count": 1233,
        "verified_type": -1,
        "statuses_count": 16,
        "parent": "4078089367944131",
        "verified": false,
        "geo": null,
        "user_created_at": 1417853985,
        "favourites_count": 45,
        "screen_name": "Specially-Woo",
        "gender": "f",
        "user_geo_enabled": true,
        "username": "Specially-Woo",
        "comments_count": 0,
        "t": 1487907457,
        "video_status_count": 0,
        "urank": 14,
        "user_ability": 3408896,
        "credit_score": 80
    },
    {
        "reposts_count": 0,
        "uid": 2527163665,
        "bi_followers_count": 34,
        "text": "回复@小小瑞雪v:[doge]lrx",
        "user_description": "此时此刻的云，二十来岁的你。",
        "user_avatar": "https://tvax1.sinaimg.cn/crop.0.0.996.996.50/96a17511ly8gcmkjhsa35j20ro0rojth.jpg?KID=imgbed,tva&Expires=1584955823&ssig=jyo4ywcNBt",
        "id": "4078317134509215",
        "city": "11",
        "province": "51",
        "friends_count": 157,
        "user_location": "四川 乐山",
        "mid": "4078317134509215",
        "verified_reason": "",
        "attitudes_count": 0,
        "followers_count": 160,
        "verified_type": -1,
        "statuses_count": 82,
        "parent": "4078089367944131",
        "verified": false,
        "geo": null,
        "user_created_at": 1323736553,
        "favourites_count": 16,
        "screen_name": "山抹微云呀",
        "gender": "f",
        "user_geo_enabled": true,
        "username": "山抹微云呀",
        "comments_count": 0,
        "t": 1487830039,
        "video_status_count": 0,
        "urank": 22,
        "user_ability": 1024,
        "credit_score": 80
    },
    {
        "reposts_count": 0,
        "uid": 2527163665,
        "bi_followers_count": 34,
        "text": "回复@小小瑞雪v:[笑cry][笑cry]卧槽竟然看到了你",
        "user_description": "此时此刻的云，二十来岁的你。",
        "user_avatar": "https://tvax1.sinaimg.cn/crop.0.0.996.996.50/96a17511ly8gcmkjhsa35j20ro0rojth.jpg?KID=imgbed,tva&Expires=1584955823&ssig=jyo4ywcNBt",
        "id": "4078316833611486",
        "city": "11",
        "province": "51",
        "friends_count": 157,
        "user_location": "四川 乐山",
        "mid": "4078316833611486",
        "verified_reason": "",
        "attitudes_count": 0,
        "followers_count": 160,
        "verified_type": -1,
        "statuses_count": 82,
        "parent": "4078089367944131",
        "verified": false,
        "geo": null,
        "user_created_at": 1323736553,
        "favourites_count": 16,
        "screen_name": "山抹微云呀",
        "gender": "f",
        "user_geo_enabled": true,
        "username": "山抹微云呀",
        "comments_count": 0,
        "t": 1487829967,
        "video_status_count": 0,
        "urank": 22,
        "user_ability": 1024,
        "credit_score": 80
    },
    {
        "reposts_count": 0,
        "uid": 3952724373,
        "bi_followers_count": 73,
        "text": "这是境外势力在捣乱吧",
        "user_description": "风声太大，听不清楚",
        "user_avatar": "https://tvax3.sinaimg.cn/crop.0.0.480.480.50/eb99c995ly8fxyh1t1prjj20dc0dcmyj.jpg?KID=imgbed,tva&Expires=1584955823&ssig=XX%2BWdpV9KY",
        "id": "4078308507549629",
        "city": "1000",
        "province": "100",
        "friends_count": 569,
        "user_location": "其他",
        "mid": "4078308507549629",
        "verified_reason": "",
        "attitudes_count": 0,
        "followers_count": 208,
        "verified_type": -1,
        "statuses_count": 2163,
        "parent": "4078089367944131",
        "verified": false,
        "geo": null,
        "user_created_at": 1387615320,
        "favourites_count": 49,
        "screen_name": "太阳能八宝粥",
        "gender": "m",
        "user_geo_enabled": true,
        "username": "太阳能八宝粥",
        "comments_count": 0,
        "t": 1487827982,
        "video_status_count": 0,
        "urank": 33,
        "user_ability": 2098176,
        "credit_score": 80
    },
    {
        "reposts_count": 0,
        "uid": 5579747773,
        "bi_followers_count": 9,
        "text": "回复@小小瑞雪v:好有画面感[笑cry]",
        "user_description": "略略略",
        "user_avatar": "https://tvax1.sinaimg.cn/crop.0.0.996.996.50/0065C3hPly8fwtnomcst9j30ro0rodh4.jpg?KID=imgbed,tva&Expires=1584955823&ssig=qrqfTKwyx9",
        "id": "4078284990236347",
        "city": "1000",
        "province": "100",
        "friends_count": 45,
        "user_location": "其他",
        "mid": "4078284990236347",
        "verified_reason": "",
        "attitudes_count": 0,
        "followers_count": 45,
        "verified_type": -1,
        "statuses_count": 6,
        "parent": "4078089367944131",
        "verified": false,
        "geo": null,
        "user_created_at": 1428060416,
        "favourites_count": 19,
        "screen_name": "algorithm1",
        "gender": "f",
        "user_geo_enabled": true,
        "username": "algorithm1",
        "comments_count": 0,
        "t": 1487822374,
        "video_status_count": 0,
        "urank": 9,
        "user_ability": 33555456,
        "credit_score": 80
    },
    {
        "reposts_count": 0,
        "uid": 3892019846,
        "bi_followers_count": 49,
        "text": "回复@小小瑞雪v:可以的[二哈][二哈]",
        "user_description": "",
        "user_avatar": "https://tvax4.sinaimg.cn/crop.0.0.1080.1080.50/e7fb8286ly8gcdmsbcem7j20u00u0gr7.jpg?KID=imgbed,tva&Expires=1584955823&ssig=rC66vHGdXX",
        "id": "4078281328926948",
        "city": "1",
        "province": "51",
        "friends_count": 143,
        "user_location": "四川 成都",
        "mid": "4078281328926948",
        "verified_reason": "",
        "attitudes_count": 0,
        "followers_count": 137,
        "verified_type": -1,
        "statuses_count": 33,
        "parent": "4078089367944131",
        "verified": false,
        "geo": null,
        "user_created_at": 1383707058,
        "favourites_count": 1,
        "screen_name": "阿嘟得很帅",
        "gender": "m",
        "user_geo_enabled": true,
        "username": "阿嘟得很帅",
        "comments_count": 0,
        "t": 1487821502,
        "video_status_count": 0,
        "urank": 26,
        "user_ability": 1024,
        "credit_score": 80
    },
    {
        "reposts_count": 0,
        "uid": 5372102251,
        "bi_followers_count": 16,
        "text": "你造谣嘛，我喊一车面包人来打你[喵喵][喵喵][喵喵]",
        "user_description": "耐人寻味",
        "user_avatar": "https://tvax2.sinaimg.cn/crop.0.0.750.750.50/005RyNcvly8g5o589kqlmj30ku0kujsz.jpg?KID=imgbed,tva&Expires=1584955823&ssig=iFB%2B7bDfFQ",
        "id": "4078276710282088",
        "city": "1",
        "province": "51",
        "friends_count": 94,
        "user_location": "四川 成都",
        "mid": "4078276710282088",
        "verified_reason": "",
        "attitudes_count": 0,
        "followers_count": 1233,
        "verified_type": -1,
        "statuses_count": 16,
        "parent": "4078089367944131",
        "verified": false,
        "geo": null,
        "user_created_at": 1417853985,
        "favourites_count": 45,
        "screen_name": "Specially-Woo",
        "gender": "f",
        "user_geo_enabled": true,
        "username": "Specially-Woo",
        "comments_count": 0,
        "t": 1487820401,
        "video_status_count": 0,
        "urank": 14,
        "user_ability": 3408896,
        "credit_score": 80
    },
    {
        "reposts_count": 0,
        "uid": 5372102251,
        "bi_followers_count": 16,
        "text": "mmp老子就是攀枝花人",
        "user_description": "耐人寻味",
        "user_avatar": "https://tvax2.sinaimg.cn/crop.0.0.750.750.50/005RyNcvly8g5o589kqlmj30ku0kujsz.jpg?KID=imgbed,tva&Expires=1584955823&ssig=iFB%2B7bDfFQ",
        "id": "4078276521393496",
        "city": "1",
        "province": "51",
        "friends_count": 94,
        "user_location": "四川 成都",
        "mid": "4078276521393496",
        "verified_reason": "",
        "attitudes_count": 0,
        "followers_count": 1233,
        "verified_type": -1,
        "statuses_count": 16,
        "parent": "4078089367944131",
        "verified": false,
        "geo": null,
        "user_created_at": 1417853985,
        "favourites_count": 45,
        "screen_name": "Specially-Woo",
        "gender": "f",
        "user_geo_enabled": true,
        "username": "Specially-Woo",
        "comments_count": 0,
        "t": 1487820356,
        "video_status_count": 0,
        "urank": 14,
        "user_ability": 3408896,
        "credit_score": 80
    },
    {
        "reposts_count": 0,
        "uid": 2609525144,
        "bi_followers_count": 119,
        "text": "网民您好！我是邻水网警，您于2017年2月22日 23时02分，在“新浪微博”发表的H7N9贴文内容，系谣言，攀支花市网警支队已于2017年2月15日在微博上发表贴文将类似信息进行辟谣，且邻水未发现禽流感病例，请勿传谣。建议你马上删除此贴。谢谢您的理解和配合。",
        "user_description": "这里是邻水县公安局网监大队的官方微博，是您与我们的网络沟通平台。如有需要，请联系我。",
        "user_avatar": "https://tva1.sinaimg.cn/crop.0.0.180.180.50/9b8a3198jw1e8qgp5bmzyj2050050aa8.jpg?KID=imgbed,tva&Expires=1584955823&ssig=Bnn2fIaU8m",
        "id": "4078248520894448",
        "city": "16",
        "province": "51",
        "friends_count": 263,
        "user_location": "四川 广安",
        "mid": "4078248520894448",
        "verified_reason": "邻水县公安局网络安全监察大队官方微博",
        "attitudes_count": 0,
        "followers_count": 2171,
        "verified_type": 1,
        "statuses_count": 645,
        "parent": "4078089367944131",
        "verified": true,
        "geo": null,
        "user_created_at": 1323915536,
        "favourites_count": 5,
        "screen_name": "邻水网警",
        "gender": "m",
        "user_geo_enabled": true,
        "username": "邻水网警",
        "comments_count": 0,
        "t": 1487813680,
        "video_status_count": 0,
        "urank": 26,
        "user_ability": 0,
        "credit_score": 80
    },
    {
        "reposts_count": 0,
        "uid": 6073544732,
        "bi_followers_count": 6,
        "text": "我就是邻水人，楼主帖子中说“邻水有1例”是在瞎说，是谣言。造谣、传谣是违法行为，请尽快删除。",
        "user_description": "",
        "user_avatar": "https://tvax1.sinaimg.cn/default/images/default_avatar_male_50.gif?KID=imgbed,tva&Expires=1584955823&ssig=Nqd940nivu",
        "id": "4078236881651471",
        "city": "16",
        "province": "51",
        "friends_count": 79,
        "user_location": "四川 广安",
        "mid": "4078236881651471",
        "verified_reason": "",
        "attitudes_count": 0,
        "followers_count": 20,
        "verified_type": -1,
        "statuses_count": 240,
        "parent": "4078089367944131",
        "verified": false,
        "geo": null,
        "user_created_at": 1479891393,
        "favourites_count": 0,
        "screen_name": "天山飞雪2016",
        "gender": "m",
        "user_geo_enabled": true,
        "username": "天山飞雪2016",
        "comments_count": 0,
        "t": 1487810905,
        "video_status_count": 0,
        "urank": 9,
        "user_ability": 0,
        "credit_score": 80
    },
    {
        "reposts_count": 0,
        "uid": 5737203144,
        "bi_followers_count": 175,
        "text": "回复@ChicChillgirl:是造谣的",
        "user_description": "退堂鼓资深艺术家  废天鹅本鹅",
        "user_avatar": "https://tvax3.sinaimg.cn/crop.0.0.996.996.50/006ggICAly8g4ff3jcoyzj30ro0romyj.jpg?KID=imgbed,tva&Expires=1584955823&ssig=7bAFhnAHwr",
        "id": "4078228626729496",
        "city": "1000",
        "province": "51",
        "friends_count": 471,
        "user_location": "四川",
        "mid": "4078228626729496",
        "verified_reason": "",
        "attitudes_count": 0,
        "followers_count": 1098,
        "verified_type": -1,
        "statuses_count": 292,
        "parent": "4078089367944131",
        "verified": false,
        "geo": null,
        "user_created_at": 1445699614,
        "favourites_count": 28,
        "screen_name": "榴月序三",
        "gender": "f",
        "user_geo_enabled": true,
        "username": "榴月序三",
        "comments_count": 0,
        "t": 1487808937,
        "video_status_count": 0,
        "urank": 27,
        "user_ability": 2360320,
        "credit_score": 80
    },
    {
        "reposts_count": 0,
        "uid": 5737203144,
        "bi_followers_count": 175,
        "text": "图片评论 http://t.cn/RiPIQn2",
        "user_description": "退堂鼓资深艺术家  废天鹅本鹅",
        "user_avatar": "https://tvax3.sinaimg.cn/crop.0.0.996.996.50/006ggICAly8g4ff3jcoyzj30ro0romyj.jpg?KID=imgbed,tva&Expires=1584955823&ssig=7bAFhnAHwr",
        "id": "4078228530354603",
        "city": "1000",
        "province": "51",
        "friends_count": 471,
        "user_location": "四川",
        "mid": "4078228530354603",
        "verified_reason": "",
        "attitudes_count": 0,
        "followers_count": 1098,
        "verified_type": -1,
        "statuses_count": 292,
        "parent": "4078089367944131",
        "verified": false,
        "geo": null,
        "user_created_at": 1445699614,
        "favourites_count": 28,
        "screen_name": "榴月序三",
        "gender": "f",
        "user_geo_enabled": true,
        "username": "榴月序三",
        "comments_count": 0,
        "t": 1487808914,
        "video_status_count": 0,
        "urank": 27,
        "user_ability": 2360320,
        "credit_score": 80
    },
    {
        "reposts_count": 0,
        "uid": 5966847084,
        "bi_followers_count": 3,
        "text": "@共青团中央@人民日报  需要辟谣了",
        "user_description": "单纯娱乐逛微博，",
        "user_avatar": "https://tva1.sinaimg.cn/crop.0.0.996.996.50/006vOhv6jw8f7ejjkokm8j30ro0rpq83.jpg?KID=imgbed,tva&Expires=1584955823&ssig=UUcaW93qGc",
        "id": "4078194396927905",
        "city": "1000",
        "province": "51",
        "friends_count": 31,
        "user_location": "四川",
        "mid": "4078194396927905",
        "verified_reason": "",
        "attitudes_count": 0,
        "followers_count": 37,
        "verified_type": -1,
        "statuses_count": 13,
        "parent": "4078089367944131",
        "verified": false,
        "geo": null,
        "user_created_at": 1466699723,
        "favourites_count": 9,
        "screen_name": "木易心兑万岁",
        "gender": "m",
        "user_geo_enabled": true,
        "username": "木易心兑万岁",
        "comments_count": 0,
        "t": 1487800776,
        "video_status_count": 0,
        "urank": 9,
        "user_ability": 1024,
        "credit_score": 80
    },
    {
        "reposts_count": 0,
        "uid": 5435305045,
        "bi_followers_count": 11,
        "text": "你要遭",
        "user_description": "",
        "user_avatar": "https://tva4.sinaimg.cn/crop.0.0.480.480.50/005VPZ8pjw8enecqh3famj30dc0dc3zv.jpg?KID=imgbed,tva&Expires=1584955823&ssig=nQ4RTAUMEG",
        "id": "4078128190445846",
        "city": "1",
        "province": "51",
        "friends_count": 506,
        "user_location": "四川 成都",
        "mid": "4078128190445846",
        "verified_reason": "",
        "attitudes_count": 0,
        "followers_count": 95,
        "verified_type": -1,
        "statuses_count": 836,
        "parent": "4078089367944131",
        "verified": false,
        "geo": null,
        "user_created_at": 1418922882,
        "favourites_count": 15,
        "screen_name": "正气霄云",
        "gender": "m",
        "user_geo_enabled": true,
        "username": "正气霄云",
        "comments_count": 0,
        "t": 1487784991,
        "video_status_count": 0,
        "urank": 9,
        "user_ability": 35652608,
        "credit_score": 80
    },
    {
        "reposts_count": 0,
        "uid": 2950310361,
        "bi_followers_count": 18,
        "text": "快删了吧",
        "user_description": "国家睡觉一级运动员",
        "user_avatar": "https://tvax4.sinaimg.cn/crop.0.0.512.512.50/afda29d9ly8fytxv2t13vj20e80e8aal.jpg?KID=imgbed,tva&Expires=1584955823&ssig=bMyuLQ9hJr",
        "id": "4078112037913679",
        "city": "1000",
        "province": "51",
        "friends_count": 68,
        "user_location": "四川",
        "mid": "4078112037913679",
        "verified_reason": "",
        "attitudes_count": 0,
        "followers_count": 134,
        "verified_type": -1,
        "statuses_count": 42,
        "parent": "4078089367944131",
        "verified": false,
        "geo": null,
        "user_created_at": 1394523625,
        "favourites_count": 7,
        "screen_name": "小梁的大锦鲤",
        "gender": "m",
        "user_geo_enabled": true,
        "username": "小梁的大锦鲤",
        "comments_count": 0,
        "t": 1487781139,
        "video_status_count": 0,
        "urank": 14,
        "user_ability": 33817600,
        "credit_score": 80
    },
    {
        "reposts_count": 0,
        "uid": 5881833969,
        "bi_followers_count": 0,
        "text": "谣言，劝早日删除。",
        "user_description": "一个可爱的大叔！",
        "user_avatar": "https://tvax4.sinaimg.cn/crop.0.0.1242.1242.50/006q3zHPly8fx15xgbv34j30yi0yignj.jpg?KID=imgbed,tva&Expires=1584955823&ssig=14Rj4J9%2BE0",
        "id": "4078109181354992",
        "city": "1000",
        "province": "100",
        "friends_count": 171,
        "user_location": "其他",
        "mid": "4078109181354992",
        "verified_reason": "",
        "attitudes_count": 0,
        "followers_count": 205,
        "verified_type": -1,
        "statuses_count": 0,
        "parent": "4078089367944131",
        "verified": false,
        "geo": null,
        "user_created_at": 1458150885,
        "favourites_count": 2,
        "screen_name": "一个三个五个九个",
        "gender": "m",
        "user_geo_enabled": true,
        "username": "一个三个五个九个",
        "comments_count": 0,
        "t": 1487780459,
        "video_status_count": 0,
        "urank": 9,
        "user_ability": 0,
        "credit_score": 80
    },
    {
        "reposts_count": 0,
        "uid": 3972565737,
        "bi_followers_count": 16,
        "text": "你是在造谣吗？",
        "user_description": "天真且沙雕反射弧超长😅",
        "user_avatar": "https://tvax4.sinaimg.cn/crop.0.0.996.996.50/ecc88ae9ly8gbduysxqdgj20ro0roacr.jpg?KID=imgbed,tva&Expires=1584955823&ssig=6TXwGhMOQ8",
        "id": "4078092748308246",
        "city": "1000",
        "province": "100",
        "friends_count": 105,
        "user_location": "其他",
        "mid": "4078092748308246",
        "verified_reason": "",
        "attitudes_count": 0,
        "followers_count": 108,
        "verified_type": -1,
        "statuses_count": 181,
        "parent": "4078089367944131",
        "verified": false,
        "geo": null,
        "user_created_at": 1389149671,
        "favourites_count": 5,
        "screen_name": "o请把小熊还给我",
        "gender": "f",
        "user_geo_enabled": true,
        "username": "o请把小熊还给我",
        "comments_count": 0,
        "t": 1487776540,
        "video_status_count": 0,
        "urank": 9,
        "user_ability": 2098176,
        "credit_score": 80
    }
]